geo_neighborhood,parcels,units,n_name_keys,hhi_parcels,hhi_units,top5_parcel_share,top5_unit_share,top10_parcel_share,top10_unit_share,top20_parcel_share,top20_unit_share,suppressed
Barrington 10011,177,177,172,0.0059689105940183215,0.0059689105940183215,0.05649717514124294,0.05649717514124294,0.0847457627118644,0.0847457627118644,0.14124293785310735,0.14124293785310735,false
Barrington 10012,1421,1571,1347,0.0009384714355542503,0.0028990604288988715,0.030260380014074596,0.06874602164226608,0.04081632653061225,0.08656906429026098,0.05489092188599578,0.109484404837683,false
Barrington 10014,126,126,126,0.007936507936507936,0.007936507936507936,0.03968253968253968,0.03968253968253968,0.07936507936507936,0.07936507936507936,0.15873015873015872,0.15873015873015872,false
Barrington 10021,799,799,772,0.0013518149251019343,0.0013518149251019343,0.017521902377972465,0.017521902377972465,0.030037546933667083,0.030037546933667083,0.05506883604505632,0.05506883604505632,false
Barrington 10022,118,118,118,0.00847457627118644,0.00847457627118644,0.0423728813559322,0.0423728813559322,0.0847457627118644,0.0847457627118644,0.1694915254237288,0.1694915254237288,false
Barrington 10023,735,735,730,0.0013790550233698919,0.0013790550233698919,0.013605442176870748,0.013605442176870748,0.02040816326530612,0.02040816326530612,0.03401360544217687,0.03401360544217687,false
Barrington 10024,786,786,735,0.0028488368328703976,0.0028488368328703976,0.06615776081424936,0.06615776081424936,0.07760814249363868,0.07760814249363868,0.09033078880407125,0.09033078880407125,false
Barrington 10025,44,44,44,0.022727272727272728,0.022727272727272728,0.11363636363636365,0.11363636363636365,0.2272727272727273,0.2272727272727273,0.4545454545454546,0.4545454545454546,false
Barrington 10030,130,130,128,0.007928994082840238,0.007928994082840238,0.05384615384615385,0.05384615384615385,0.09230769230769231,0.09230769230769231,0.16923076923076924,0.16923076923076924,false
Barrington 10031,950,950,887,0.002690304709141274,0.002690304709141274,0.06210526315789474,0.06210526315789474,0.0736842105263158,0.0736842105263158,0.08736842105263158,0.08736842105263158,false
Barrington 10040,737,737,729,0.00140840143675357,0.00140840143675357,0.017639077340569877,0.017639077340569877,0.024423337856173677,0.024423337856173677,0.037991858887381276,0.037991858887381276,false
Berwyn 11010,2542,4733,2426,0.0004961493486917814,0.0007999093266463372,0.016129032258064516,0.026832875554616522,0.022029897718332022,0.04141136699767589,0.031864673485444535,0.0595816606803296,false
Berwyn 11020,2727,3731,2640,0.0004301738082376872,0.0005783614376092689,0.0121012101210121,0.020637898686679174,0.016868353502016868,0.0300187617260788,0.0242024202420242,0.046636290538729565,false
Berwyn 11030,1622,1960,1585,0.0006689766633572595,0.0011057892544773012,0.012330456226880395,0.03826530612244898,0.01849568434032059,0.05714285714285715,0.030826140567200986,0.08826530612244898,false
Berwyn 11040,1666,2206,1590,0.0007241792275133342,0.0017010395287228683,0.01800720288115246,0.059383499546690845,0.02701080432172869,0.08612873980054397,0.039015606242496996,0.11831368993653672,false
Berwyn 11050,2122,2805,2059,0.0005143370337765752,0.0007487266499534509,0.010367577756833175,0.021033868092691622,0.017436380772855798,0.034581105169340466,0.026861451460885956,0.05953654188948307,false
Berwyn 11060,756,1365,706,0.0015922006662747402,0.004019375008385997,0.0291005291005291,0.07838827838827839,0.04497354497354497,0.12967032967032968,0.07142857142857142,0.19706959706959706,false
Berwyn 11070,2339,2756,2276,0.00047505712475102454,0.0007596567246867108,0.011543394613082514,0.031204644412191583,0.016246259085079092,0.04245283018867924,0.02479692176143651,0.056966618287373004,false
Bloom 12010,1645,1683,1538,0.0007328091942979093,0.000774230720754785,0.018237082066869303,0.0202020202020202,0.026747720364741642,0.035056446821152706,0.038905775075987845,0.0510992275698158,false
Bloom 12021,921,933,853,0.0021444377246560824,0.002199912922506775,0.06514657980456026,0.06538049303322616,0.07926167209554832,0.08896034297963558,0.09554831704668838,0.10718113612004287,false
Bloom 12022,1824,1824,1729,0.0006492382271468144,0.0006492382271468144,0.017543859649122806,0.017543859649122806,0.024671052631578948,0.024671052631578948,0.0356359649122807,0.0356359649122807,false
Bloom 12031,284,300,248,0.0077861535409640935,0.007933333333333334,0.10915492957746478,0.13,0.1443661971830986,0.16666666666666669,0.1971830985915493,0.23333333333333334,false
Bloom 12032,723,741,633,0.0030551203396023564,0.003170752584773467,0.08298755186721991,0.08367071524966262,0.11756569847856155,0.12280701754385966,0.1507607192254495,0.1659919028340081,false
Bloom 12033,933,1017,867,0.002367634743230529,0.003234105748006602,0.05680600214362272,0.08259587020648967,0.06859592711682744,0.11307767944936087,0.090032154340836,0.1543756145526057,false
Bloom 12041,208,217,206,0.004900147928994084,0.005840005096731721,0.03365384615384616,0.07373271889400922,0.057692307692307696,0.0967741935483871,0.10576923076923078,0.14285714285714285,false
Bloom 12042,685,690,644,0.0018477276359955244,0.001865154379332073,0.03357664233576642,0.036231884057971016,0.04817518248175182,0.050724637681159424,0.07737226277372262,0.07971014492753623,false
Bloom 12043,383,385,381,0.0026382346324536946,0.0026513745994265476,0.018276762402088774,0.023376623376623377,0.03133159268929504,0.03636363636363636,0.057441253263707574,0.06233766233766234,false
Bloom 12044,607,620,594,0.0017777222899234358,0.0019250780437044745,0.02471169686985173,0.040322580645161296,0.03789126853377265,0.056451612903225805,0.054365733113673806,0.07419354838709677,false
Bloom 12046,549,550,548,0.0018281293028224856,0.0018314049586776859,0.01092896174863388,0.012727272727272728,0.020036429872495445,0.02181818181818182,0.03825136612021858,0.04,false
Bloom 12051,467,467,455,0.002278886142813255,0.002278886142813255,0.02569593147751606,0.02569593147751606,0.047109207708779445,0.047109207708779445,0.06852248394004283,0.06852248394004283,false
Bloom 12052,229,229,227,0.004443088423180335,0.004443088423180335,0.03056768558951965,0.03056768558951965,0.05240174672489083,0.05240174672489083,0.09606986899563319,0.09606986899563319,false
Bloom 12053,212,212,212,0.0047169811320754715,0.0047169811320754715,0.023584905660377357,0.023584905660377357,0.04716981132075471,0.04716981132075471,0.09433962264150943,0.09433962264150943,false
Bloom 12054,143,143,138,0.007579832754657929,0.007579832754657929,0.06993006993006994,0.06993006993006994,0.1048951048951049,0.1048951048951049,0.17482517482517482,0.17482517482517482,false
Bloom 12061,2100,2141,2036,0.0005569160997732426,0.0008078307442972451,0.018095238095238095,0.031760859411489956,0.02380952380952381,0.039701074264362445,0.03333333333333333,0.04904250350303596,false
Bloom 12063,169,173,161,0.006617415356605161,0.0067827191018744355,0.07100591715976332,0.07514450867052022,0.10650887573964497,0.12716763005780346,0.16568047337278105,0.18497109826589594,false
Bloom 12064,132,132,132,0.007575757575757577,0.007575757575757577,0.03787878787878788,0.03787878787878788,0.07575757575757576,0.07575757575757576,0.15151515151515152,0.15151515151515152,false
Bloom 12065,166,166,166,0.006024096385542169,0.006024096385542169,0.030120481927710843,0.030120481927710843,0.060240963855421686,0.060240963855421686,0.12048192771084337,0.12048192771084337,false
Bloom 12071,900,909,722,0.015111111111111112,0.014865402931932357,0.17666666666666667,0.176017601760176,0.1922222222222222,0.19471947194719472,0.21444444444444444,0.21782178217821785,false
Bloom 12072,845,1014,775,0.001729631315430132,0.002135779559539232,0.04142011834319527,0.04536489151873767,0.06745562130177515,0.07001972386587771,0.09585798816568047,0.11045364891518737,false
Bloom 12073,630,630,600,0.002937767699672462,0.002937767699672462,0.05555555555555556,0.05555555555555556,0.06349206349206349,0.06349206349206349,0.07936507936507936,0.07936507936507936,false
Bloom 12081,166,172,163,0.0062418348091159825,0.007436452136289886,0.04819277108433735,0.08139534883720931,0.0783132530120482,0.11046511627906977,0.13855421686746988,0.1686046511627907,false
Bloom 12082,390,393,378,0.002735042735042735,0.002764666653717409,0.028205128205128206,0.03053435114503817,0.05384615384615385,0.05597964376590331,0.08205128205128205,0.089058524173028,false
Bloom 12084,699,852,648,0.001782640641341299,0.0035734752804778593,0.034334763948497854,0.08450704225352113,0.05293276108726752,0.11854460093896714,0.0815450643776824,0.1643192488262911,false
Bloom 12085,740,818,711,0.0015010956902848796,0.0017694777051787112,0.024324324324324326,0.034229828850855744,0.03783783783783784,0.05990220048899755,0.06486486486486487,0.09902200488997555,false
Bloom 12086,318,338,311,0.0032830979787191964,0.0037463674241098002,0.031446540880503145,0.05917159763313609,0.05345911949685535,0.09467455621301775,0.0849056603773585,0.1390532544378698,false
Bloom 12087,421,421,403,0.0025896942581005527,0.0025896942581005527,0.026128266033254157,0.026128266033254157,0.0498812351543943,0.0498812351543943,0.09026128266033255,0.09026128266033255,false
Bloom 12088,145,145,144,0.0069916765755053505,0.0069916765755053505,0.041379310344827586,0.041379310344827586,0.07586206896551724,0.07586206896551724,0.14482758620689656,0.14482758620689656,false
Bloom 12091,437,592,362,0.003230890877576989,0.006151844411979548,0.038901601830663615,0.10810810810810811,0.07322654462242563,0.16216216216216217,0.11899313501144164,0.23310810810810811,false
Bloom 12093,183,186,144,0.007972767177282092,0.008151231356226155,0.07103825136612021,0.08064516129032258,0.12568306010928962,0.13440860215053763,0.23497267759562843,0.24193548387096775,false
Bloom 12101,1199,1799,1037,0.0014322471951535927,0.002208317201731182,0.03919933277731443,0.06170094496942746,0.05504587155963303,0.09449694274596998,0.08006672226855713,0.1356309060589216,false
Bloom 12111,862,1181,755,0.0016499695845737263,0.00190068405984968,0.031322505800464036,0.03640982218458933,0.048723897911832945,0.05842506350550381,0.07424593967517401,0.09229466553767993,false
Bloom 12112,155,155,146,0.00753381893860562,0.00753381893860562,0.08387096774193548,0.08387096774193548,0.12258064516129033,0.12258064516129033,0.1870967741935484,0.1870967741935484,false
Bloom 12121,668,668,618,0.0019362472659471479,0.0019362472659471479,0.038922155688622756,0.038922155688622756,0.06437125748502993,0.06437125748502993,0.09730538922155689,0.09730538922155689,false
Bloom 12122,565,628,441,0.00434489779935782,0.010269179277049779,0.09557522123893805,0.1480891719745223,0.13451327433628318,0.1878980891719745,0.1893805309734513,0.24363057324840764,false
Bloom 12132,210,210,196,0.005487528344671202,0.005487528344671202,0.05714285714285715,0.05714285714285715,0.10476190476190476,0.10476190476190476,0.1619047619047619,0.1619047619047619,false
Bloom 12141,1007,1271,838,0.0016813783160379823,0.003114319866835124,0.04270109235352532,0.08025177025963807,0.06355511420059583,0.12431156569630213,0.09334657398212512,0.17938630999213218,false
Bloom 12142,1647,1787,1204,0.0010222630685071089,0.001227856849615563,0.020036429872495445,0.026860660324566313,0.03217972070431087,0.049244543928371576,0.05160898603521554,0.08505875769445999,false
Bloom 12150,366,368,359,0.0029263340201260116,0.0029389177693761813,0.032786885245901634,0.035326086956521736,0.046448087431693985,0.051630434782608696,0.07377049180327869,0.07880434782608696,false
Bloom 12151,263,264,261,0.0038601107432520345,0.0039026629935720847,0.026615969581749048,0.030303030303030304,0.045627376425855515,0.04924242424242424,0.08365019011406843,0.08712121212121213,false
Bloom 12162,2871,2949,2427,0.000813452872689712,0.0009683093429260467,0.035527690700104496,0.03967446592065107,0.05363984674329502,0.06171583587656833,0.0794148380355277,0.09155645981688708,false
Bloom 12190,188,188,185,0.005488909008601177,0.005488909008601177,0.0425531914893617,0.0425531914893617,0.06914893617021277,0.06914893617021277,0.12234042553191489,0.12234042553191489,false
Bloom 12191,99,99,95,0.010917253341495767,0.010917253341495767,0.09090909090909091,0.09090909090909091,0.14141414141414144,0.14141414141414144,0.24242424242424243,0.24242424242424243,false
Bremen 13010,1414,1607,1154,0.0013233996666993431,0.001924142548410443,0.036775106082036775,0.0640945861854387,0.053748231966053744,0.089607965152458,0.0785007072135785,0.1281891723708774,false
Bremen 13020,521,523,478,0.0024130474025663034,0.002423874616585444,0.04030710172744722,0.04015296367112811,0.0652591170825336,0.06692160611854685,0.1036468330134357,0.10516252390057361,false
Bremen 13032,2009,2356,1940,0.0005740717294821388,0.0010499508533643107,0.014932802389248382,0.03225806451612903,0.022399203583872575,0.05772495755517827,0.03334992533598805,0.08955857385398981,false
Bremen 13050,1924,2133,1587,0.0008331136189764049,0.0012512943192380843,0.02442827442827443,0.0473511486169714,0.035862785862785865,0.06516643225503985,0.05405405405405406,0.090014064697609,false
Bremen 13060,371,371,292,0.003930514890185338,0.003930514890185338,0.04043126684636119,0.04043126684636119,0.07008086253369272,0.07008086253369272,0.12398921832884098,0.12398921832884098,false
Bremen 13070,513,513,508,0.0019949158145526258,0.0019949158145526258,0.01949317738791423,0.01949317738791423,0.029239766081871343,0.029239766081871343,0.04873294346978557,0.04873294346978557,false
Bremen 13080,1448,1680,1375,0.0009071380604987637,0.0017283163265306124,0.02831491712707182,0.05952380952380952,0.03867403314917127,0.08630952380952381,0.052486187845303865,0.12380952380952381,false
Bremen 13090,428,428,404,0.004738405100882173,0.004738405100882173,0.06775700934579439,0.06775700934579439,0.0794392523364486,0.0794392523364486,0.102803738317757,0.102803738317757,false
Bremen 13100,1274,1292,1261,0.0008046450073810469,0.0008518724419864085,0.01020408163265306,0.018575851393188854,0.01805337519623234,0.02786377708978328,0.025902668759811617,0.039473684210526314,false
Bremen 13110,350,365,317,0.0035428571428571427,0.0038656408331769563,0.045714285714285714,0.057534246575342465,0.08,0.09863013698630137,0.13714285714285715,0.15890410958904108,false
Bremen 13120,1948,1959,1539,0.0009460553445011786,0.0009492711874697247,0.029774127310061602,0.029606942317508933,0.04620123203285421,0.045941807044410414,0.06570841889117043,0.06687085247575293,false
Bremen 13130,3740,3858,3678,0.00028653950641997197,0.0003241028518632286,0.008288770053475936,0.009590461378952825,0.01229946524064171,0.017366511145671334,0.01764705882352941,0.03291861067910835,false
Bremen 13140,1668,2034,1632,0.0006512775391197832,0.0014507550597560256,0.01498800959232614,0.04473942969518191,0.022781774580335732,0.07423795476892822,0.03357314148681055,0.1096361848574238,false
Bremen 13151,580,580,557,0.0019738406658739594,0.0019738406658739594,0.034482758620689655,0.034482758620689655,0.05172413793103448,0.05172413793103448,0.07413793103448275,0.07413793103448275,false
Bremen 13152,544,557,529,0.0020071907439446366,0.002414189892634626,0.03125,0.05026929982046679,0.04595588235294118,0.06822262118491922,0.06433823529411764,0.08617594254937164,false
Bremen 13160,126,132,125,0.008062484252960442,0.00883838383838384,0.047619047619047616,0.09090909090909091,0.0873015873015873,0.12878787878787878,0.16666666666666666,0.20454545454545456,false
Bremen 13170,2808,3222,2585,0.0006490917281515572,0.0008293771753089503,0.02849002849002849,0.030726256983240226,0.04772079772079772,0.049348230912476726,0.062321937321937325,0.07635009310986965,false
Bremen 13171,756,903,736,0.001455726323451191,0.003219243349043241,0.022486772486772486,0.07751937984496124,0.03571428571428571,0.132890365448505,0.05291005291005291,0.19601328903654486,false
Bremen 13180,515,564,500,0.0020623998491846544,0.0028859212313263917,0.021359223300970873,0.06205673758865248,0.040776699029126215,0.0851063829787234,0.06796116504854369,0.12056737588652483,false
Bremen 13182,258,258,257,0.003906015263505799,0.003906015263505799,0.023255813953488372,0.023255813953488372,0.04263565891472868,0.04263565891472868,0.08139534883720931,0.08139534883720931,false
Bremen 13210,2027,2117,1800,0.009731719955246501,0.00904636622487638,0.10508140108534782,0.10628247520075579,0.11001480019733596,0.1204534718941899,0.1198815984213123,0.14076523382144543,false
Bremen 13240,1935,1947,1765,0.00085438241558667,0.0009135253187380319,0.03307493540051679,0.0359527478171546,0.053229974160206715,0.05598356445814073,0.07286821705426356,0.07755521314843349,false
Bremen 13250,971,1001,932,0.0011932022472505967,0.0014021942093870165,0.025746652935118436,0.03696303696303696,0.03913491246138002,0.060939060939060936,0.05973223480947477,0.08391608391608392,false
Bremen 13260,2189,2189,1999,0.0007506697489273687,0.0007506697489273687,0.03015075376884422,0.03015075376884422,0.047053449063499314,0.047053449063499314,0.06532663316582915,0.06532663316582915,false
Bremen 13270,884,884,872,0.0011619336213427246,0.0011619336213427246,0.011312217194570137,0.011312217194570137,0.022624434389140274,0.022624434389140274,0.03619909502262444,0.03619909502262444,false
Bremen 13280,548,554,516,0.002104534072140231,0.0022155899334019733,0.03102189781021898,0.03790613718411552,0.051094890510948905,0.05956678700361011,0.08759124087591241,0.09566787003610108,false
Bremen 13310,1101,1106,1081,0.0009511623897356956,0.0009613843935266784,0.013623978201634877,0.015370705244122965,0.022706630336058128,0.02531645569620253,0.036330608537693,0.0406871609403255,false
Bremen 13312,928,1175,881,0.001291245541022592,0.005971933001358081,0.028017241379310345,0.13106382978723405,0.03987068965517242,0.1676595744680851,0.061422413793103446,0.2204255319148936,false
Bremen 13314,1534,1888,1427,0.0010088578912745266,0.008205818191611607,0.035202086049543675,0.1541313559322034,0.04954367666232073,0.17584745762711865,0.0651890482398957,0.2086864406779661,false
Bremen 13315,187,187,184,0.00551917412565415,0.00551917412565415,0.0427807486631016,0.0427807486631016,0.06951871657754011,0.06951871657754011,0.1229946524064171,0.1229946524064171,false
Bremen 13316,431,431,424,0.0024063177954468376,0.0024063177954468376,0.025522041763341066,0.025522041763341066,0.03944315545243619,0.03944315545243619,0.06264501160092807,0.06264501160092807,false
Bremen 13320,805,805,745,0.0016897496238571044,0.0016897496238571044,0.03975155279503106,0.03975155279503106,0.05838509316770186,0.05838509316770186,0.08322981366459627,0.08322981366459627,false
Bremen 13330,136,136,135,0.007461072664359861,0.007461072664359861,0.044117647058823525,0.044117647058823525,0.08088235294117647,0.08088235294117647,0.15441176470588236,0.15441176470588236,false
Bremen 13340,283,283,276,0.003733346651849817,0.003733346651849817,0.038869257950530034,0.038869257950530034,0.06007067137809187,0.06007067137809187,0.09540636042402827,0.09540636042402827,false
Bremen 13341,98,98,97,0.010412328196584754,0.010412328196584754,0.061224489795918366,0.061224489795918366,0.11224489795918366,0.11224489795918366,0.21428571428571427,0.21428571428571427,false
Bremen 13342,212,271,206,0.0054289782840868635,0.008891491128933428,0.05188679245283019,0.11070110701107011,0.07547169811320754,0.22140221402214022,0.12264150943396226,0.3136531365313653,false
Bremen 13344,112,112,111,0.009088010204081632,0.009088010204081632,0.05357142857142857,0.05357142857142857,0.09821428571428571,0.09821428571428571,0.1875,0.1875,false
Bremen 13345,271,271,266,0.003853433368282022,0.003853433368282022,0.03690036900369004,0.03690036900369004,0.055350553505535055,0.055350553505535055,0.09225092250922509,0.09225092250922509,false
Bremen 13400,68,68,67,0.015138408304498271,0.015138408304498271,0.08823529411764705,0.08823529411764705,0.16176470588235295,0.16176470588235295,0.3088235294117647,0.3088235294117647,false
Calumet 14010,583,975,519,0.003974827075898308,0.03258172255095332,0.08233276157804459,0.2994871794871795,0.10120068610634649,0.34974358974358977,0.13550600343053174,0.41435897435897434,false
Calumet 14020,1702,2696,1565,0.0007608384964947576,0.002153151388142891,0.021151586368977675,0.06899109792284866,0.03231492361927144,0.09829376854599406,0.0499412455934195,0.14020771513353117,false
Calumet 14030,2286,2990,2108,0.0007064952401509742,0.004849162761042941,0.027121609798775155,0.10234113712374582,0.03587051618547682,0.13812709030100334,0.04899387576552931,0.18361204013377927,false
Calumet 14040,553,636,447,0.007504684296407236,0.006961749930778055,0.13381555153707053,0.12578616352201258,0.1591320072332731,0.1761006289308176,0.1952983725135624,0.23270440251572327,false
Cicero 15015,995,1447,975,0.0010454281457538952,0.0016185812555013375,0.010050251256281409,0.031098825155494128,0.020100502512562818,0.055286800276434005,0.040201005025125636,0.10158949550794748,false
Cicero 15020,936,1876,887,0.0012738330046022357,0.0017343983706202464,0.028846153846153848,0.03997867803837953,0.03952991452991453,0.06396588486140725,0.0608974358974359,0.09968017057569296,false
Cicero 15025,223,400,219,0.0046451768585734675,0.0058125,0.04035874439461883,0.0775,0.06278026905829596,0.1275,0.10762331838565023,0.205,false
Cicero 15030,4125,6335,3913,0.00028368044077134983,0.0004577119758498314,0.008484848484848484,0.018626677190213103,0.012363636363636363,0.02983425414364641,0.019636363636363636,0.04561957379636938,false
Cicero 15040,990,1880,955,0.0011039689827568614,0.0015023766410140334,0.01717171717171717,0.03138297872340426,0.027272727272727275,0.050531914893617025,0.047474747474747475,0.08776595744680851,false
Cicero 15065,1175,2169,1142,0.0009148030783159801,0.0013257347497460444,0.01276595744680851,0.028123559243891195,0.02127659574468085,0.046104195481788846,0.03829787234042553,0.07837713231904103,false
Cicero 15071,1821,3277,1722,0.0006245399257729322,0.0008823204310305251,0.011532125205930808,0.021361000915471468,0.019769357495881386,0.03967043027158987,0.030752333882482153,0.0637778455904791,false
Cicero 15072,706,1039,682,0.0015247694789300935,0.0021870811220902602,0.01841359773371105,0.04716073147256977,0.03257790368271955,0.07410972088546679,0.06090651558073655,0.1126082771896054,false
Cicero 15080,1635,2071,1573,0.0006901775944785791,0.0015315778049218927,0.014067278287461774,0.04876871076774505,0.02018348623853211,0.08015451472718493,0.03241590214067278,0.11540318686624819,false
Cicero 15085,770,956,728,0.0014504975543936584,0.002989268395161149,0.015584415584415584,0.07740585774058578,0.02857142857142857,0.11297071129707113,0.05454545454545454,0.14748953974895398,false
Cicero 15090,804,1012,789,0.001299472785327096,0.002493789935790279,0.014925373134328358,0.06027667984189723,0.02736318407960199,0.09387351778656126,0.04353233830845771,0.12845849802371542,false
Elk Grove 16010,2439,2445,2419,0.0004207627152122279,0.00042672956369369484,0.006560065600656006,0.008588957055214725,0.01066010660106601,0.012678936605316974,0.016400164001640016,0.01881390593047035,false
Elk Grove 16011,3325,3487,3110,0.0008819944598337949,0.0016822695695733812,0.035789473684210524,0.06595927731574419,0.042706766917293235,0.07857757384571265,0.05142857142857143,0.09262976770863207,false
Elk Grove 16012,1598,1801,1541,0.0007189838361782015,0.0024019600437908367,0.016270337922403004,0.07051637978900611,0.025657071339173967,0.08828428650749584,0.039424280350438046,0.12159911160466408,false
Elk Grove 16030,2607,2670,2542,0.00041006708061812867,0.00047749302136374476,0.00805523590333717,0.017977528089887642,0.012658227848101266,0.028838951310861425,0.02032988108937476,0.03895131086142322,false
Elk Grove 16051,3798,3991,3693,0.0002863123824767393,0.0003254001533518068,0.006845708267509215,0.010022550739163118,0.011848341232227487,0.018291155098972688,0.019220642443391257,0.029817088449010272,false
Elk Grove 16061,3202,3216,3149,0.0003300560510080949,0.0003376308754733794,0.0074953154278575886,0.009639303482587064,0.011867582760774516,0.014925373134328358,0.01811367895065584,0.021766169154228857,false
Elk Grove 16062,3409,3599,3329,0.0003277607692301735,0.0008758723306256307,0.011733646230566148,0.04195609891636566,0.016133763567028454,0.05362600722422896,0.022587268993839834,0.06974159488746874,false
Elk Grove 16065,442,466,436,0.0023341045433140197,0.004310265431302842,0.0248868778280543,0.07296137339055794,0.03619909502262444,0.08583690987124463,0.05882352941176471,0.1072961373390558,false
Elk Grove 16070,538,1167,425,0.00838849656582966,0.00795439275888123,0.13568773234200743,0.13367609254498714,0.17657992565055763,0.19880034275921166,0.22304832713754646,0.2699228791773779,false
Elk Grove 16085,719,1142,656,0.002238079855153483,0.015419839836094233,0.048678720445062586,0.1733800350262697,0.06815020862308761,0.21716287215411556,0.09596662030598052,0.26970227670753066,false
Elk Grove 16091,150,162,149,0.006755555555555557,0.009907026367931716,0.04,0.1111111111111111,0.07333333333333333,0.1419753086419753,0.14,0.2037037037037037,false
Elk Grove 16094,301,301,301,0.0033222591362126247,0.0033222591362126247,0.016611295681063124,0.016611295681063124,0.03322259136212625,0.03322259136212625,0.0664451827242525,0.0664451827242525,false
Elk Grove 16095,99,99,98,0.010305070911131519,0.010305070911131519,0.06060606060606061,0.06060606060606061,0.11111111111111112,0.11111111111111112,0.21212121212121215,0.21212121212121215,false
Elk Grove 16096,273,273,272,0.0036898388546740195,0.0036898388546740195,0.021978021978021976,0.021978021978021976,0.040293040293040296,0.040293040293040296,0.07692307692307693,0.07692307692307693,false
Elk Grove 16100,4532,4958,4405,0.000384146783216184,0.0005107851495116462,0.01787290379523389,0.028035498184751918,0.02118270079435128,0.04013715207745058,0.02559576345984113,0.05506252521177894,false
Evanston 17011,839,840,692,0.020236645873613658,0.02019274376417234,0.14898688915375446,0.1488095238095238,0.1609058402860548,0.16071428571428573,0.18474374255065554,0.18452380952380953,false
Evanston 17013,1650,1804,1634,0.0006185491276400367,0.0009734465415607593,0.006666666666666666,0.034922394678492244,0.012727272727272728,0.05432372505543238,0.02181818181818182,0.0803769401330377,false
Evanston 17020,475,520,467,0.002202770083102493,0.005244082840236686,0.02526315789473684,0.09807692307692309,0.03789473684210526,0.11730769230769231,0.05894736842105263,0.14038461538461539,false
Evanston 17041,1619,2063,1535,0.0007107537461453151,0.0014607719182165096,0.014206300185299569,0.046049442559379546,0.024088943792464484,0.06592341250605914,0.04014823965410747,0.09985458070770722,false
Evanston 17042,678,748,666,0.0015314868474865342,0.0021304584060167575,0.016224188790560472,0.049465240641711226,0.030973451327433628,0.08823529411764705,0.0471976401179941,0.12032085561497326,false
Evanston 17043,1579,1911,1508,0.0007207486159581044,0.0018502590828224379,0.015832805573147563,0.05599162742019884,0.0253324889170361,0.07482993197278912,0.03799873337555415,0.11145996860282574,false
Evanston 17050,179,179,176,0.005773852251802379,0.005773852251802379,0.0446927374301676,0.0446927374301676,0.07262569832402235,0.07262569832402235,0.12849162011173185,0.12849162011173185,false
Evanston 17060,1064,1555,947,0.0014415738594606817,0.002504109758997529,0.03665413533834586,0.0707395498392283,0.05357142857142857,0.10418006430868168,0.08176691729323307,0.1504823151125402,false
Evanston 17071,1672,1999,1622,0.0006474496920858038,0.0013085582310915337,0.011961722488038277,0.04002001000500251,0.019138755980861243,0.06803401700850426,0.03110047846889952,0.10305152576288144,false
Evanston 17080,1344,1961,1282,0.0009411316609977322,0.0023021587972084927,0.027529761904761904,0.06323304436511984,0.03869047619047619,0.10198878123406425,0.054315476190476185,0.14074451810300867,false
Evanston 17090,1764,2087,1593,0.006077071796216597,0.005100826091837829,0.08333333333333334,0.09631049353138477,0.09126984126984128,0.12266411116435075,0.1026077097505669,0.1562050790608529,false
Evanston 17110,1188,1476,1159,0.0008870976884444897,0.0015624885246142434,0.0101010101010101,0.048102981029810296,0.018518518518518517,0.06978319783197832,0.03535353535353535,0.09688346883468835,false
Evanston 17112,917,1381,874,0.0012332186531159286,0.003205287859808375,0.020719738276990186,0.08037653874004344,0.03489640130861505,0.11440984793627806,0.05670665212649945,0.16509775524981896,false
Evanston 17120,1528,1703,1494,0.0006964241660042215,0.0011837077948520262,0.012434554973821989,0.041103934233705224,0.01963350785340314,0.06048150322959483,0.032722513089005235,0.08279506752789195,false
Evanston 17130,700,889,677,0.001526530612244898,0.002010575449722328,0.015714285714285715,0.04049493813273341,0.03,0.06974128233970754,0.05857142857142857,0.1046119235095613,false
Evanston 17140,891,930,851,0.0013289145350499636,0.0014360041623309055,0.02356902356902357,0.03655913978494624,0.03479236812570146,0.04731182795698925,0.05723905723905724,0.06881720430107527,false
Evanston 17200,305,335,294,0.003515184090298307,0.004143461795500111,0.03278688524590164,0.06567164179104477,0.06557377049180328,0.09850746268656717,0.10163934426229508,0.1582089552238806,false
Evanston 17210,569,839,558,0.0018377753960483194,0.0025528432878121265,0.0210896309314587,0.0464839094159714,0.03690685413005272,0.07270560190703218,0.05448154657293497,0.1203814064362336,false
Evanston 17220,1479,2138,1389,0.0008425370101410735,0.0026409721717839513,0.02231237322515213,0.07436856875584659,0.03718728870858688,0.10757717492984098,0.05341446923597025,0.166510757717493,false
Hanover 18010,4502,4514,4177,0.0009938817853006147,0.000998027305979978,0.04797867614393603,0.047851129818342934,0.054642381163927146,0.056712450155073105,0.061528209684584625,0.06380150642445724,false
Hanover 18011,3355,3570,3151,0.0004382541794283506,0.0011479101444499369,0.022354694485842028,0.04789915966386554,0.029806259314456036,0.06414565826330532,0.040238450074515646,0.08067226890756303,false
Hanover 18012,2421,2421,2361,0.0004560467655228646,0.0004560467655228646,0.012391573729863693,0.012391573729863693,0.017761255679471292,0.017761255679471292,0.026022304832713755,0.026022304832713755,false
Hanover 18013,2751,2751,2681,0.0003994449789316888,0.0003994449789316888,0.010541621228644129,0.010541621228644129,0.015994183933115233,0.015994183933115233,0.023627771719374774,0.023627771719374774,false
Hanover 18014,622,622,618,0.0016335645826656053,0.0016335645826656053,0.014469453376205789,0.014469453376205789,0.022508038585209004,0.022508038585209004,0.03858520900321544,0.03858520900321544,false
Hanover 18015,1484,1508,1432,0.0007837417629921318,0.001181145297581774,0.0215633423180593,0.03713527851458886,0.029649595687331536,0.04509283819628647,0.0431266846361186,0.058355437665782495,false
Hanover 18018,189,189,186,0.0054589737129419665,0.0054589737129419665,0.042328042328042326,0.042328042328042326,0.06878306878306878,0.06878306878306878,0.12169312169312169,0.12169312169312169,false
Hanover 18019,1496,1502,1466,0.0007426220366610425,0.0007579773794727315,0.01804812834224599,0.020639147802929428,0.024732620320855613,0.02796271637816245,0.03342245989304813,0.037283621837549935,false
Hanover 18020,5090,5091,4824,0.00027466313623924566,0.00027467099380549197,0.01355599214145383,0.013553329404832056,0.020235756385068762,0.02023178157532901,0.02986247544204322,0.029856609703398155,false
Hanover 18030,694,694,538,0.04066971737993007,0.04066971737993007,0.23198847262247838,0.23198847262247838,0.239193083573487,0.239193083573487,0.25360230547550433,0.25360230547550433,false
Hanover 18035,1076,1076,1062,0.0009829189756913254,0.0009829189756913254,0.015799256505576207,0.015799256505576207,0.022304832713754646,0.022304832713754646,0.031598513011152414,0.031598513011152414,false
Hanover 18040,565,576,542,0.00195786670843449,0.002025462962962963,0.02654867256637168,0.03298611111111111,0.04424778761061947,0.050347222222222224,0.07610619469026549,0.08506944444444445,false
Hanover 18050,1457,1637,1368,0.0008578094815033947,0.0017087293718227206,0.021276595744680854,0.05864386072083079,0.033630748112560054,0.08063530849114234,0.05078929306794784,0.11667684789248625,false
Hanover 18060,634,640,595,0.0018957298808824847,0.0019775390625000003,0.033123028391167195,0.0390625,0.055205047318611984,0.0625,0.08675078864353312,0.09375,false
Hanover 18070,1946,2294,1816,0.0006643928727228172,0.0013811094329698262,0.019527235354573482,0.04969485614646905,0.03134635149023638,0.07454228421970358,0.04881808838643371,0.1050566695727986,false
Hanover 18075,214,214,197,0.01135470346755175,0.01135470346755175,0.102803738317757,0.102803738317757,0.1261682242990654,0.1261682242990654,0.17289719626168223,0.17289719626168223,false
Hanover 18080,253,363,219,0.005858551141245762,0.024611251508321382,0.08300395256916995,0.2865013774104683,0.1383399209486166,0.3691460055096419,0.2134387351778656,0.4435261707988981,false
Hanover 18082,533,536,530,0.0018972927498072786,0.0019144018712408107,0.0150093808630394,0.020522388059701493,0.024390243902439025,0.029850746268656716,0.043151969981238276,0.048507462686567165,false
Hanover 18090,1951,1951,1909,0.0005714059028462844,0.0005714059028462844,0.015889287544848796,0.015889287544848796,0.023065094823167605,0.023065094823167605,0.03177857508969759,0.03177857508969759,false
Hyde Park 70010,8172,14539,6724,0.00043676711831213826,0.00085924322948159,0.023372491434165442,0.04236880115551276,0.03450807635829662,0.0657541784166724,0.0522515907978463,0.09120297131852259,false
Hyde Park 70020,7758,9917,7013,0.00031502047533399645,0.0009420023443751231,0.023717452951791698,0.04769587576888172,0.030420211394689353,0.06393062418069981,0.038669760247486466,0.08329131793889281,false
Hyde Park 70030,5242,10575,4766,0.0003301482566556244,0.0005320277875581935,0.017932086989698587,0.0242080378250591,0.024608927890118273,0.03631205673758865,0.0343380389164441,0.05408983451536643,false
Hyde Park 70070,4788,8638,4100,0.0005085290502781599,0.0008841916651553539,0.026733500417710943,0.039245195647140546,0.03884711779448621,0.06251447094234777,0.058688387635756054,0.0890252373234545,false
Hyde Park 70080,10404,16562,9487,0.00021124649511522272,0.00038080225813034004,0.016916570549788543,0.024453568409612367,0.022202998846597464,0.03417461659219901,0.030180699730872743,0.04926941190677454,false
Hyde Park 70083,2470,4177,2197,0.0006661312265403465,0.0013357345413730663,0.024291497975708502,0.04548719176442423,0.038866396761133605,0.06870960019152503,0.06032388663967611,0.10126885324395499,false
Hyde Park 70091,524,524,518,0.0019521006934327834,0.0019521006934327834,0.019083969465648856,0.019083969465648856,0.030534351145038167,0.030534351145038167,0.04961832061068702,0.04961832061068702,false
Hyde Park 70100,4236,7482,3905,0.00035042947673656535,0.0005469778988774699,0.016052880075542966,0.025260625501202887,0.0226628895184136,0.035551991446137396,0.03210576015108593,0.05306067896284416,false
Hyde Park 70101,829,1460,769,0.001668992391315419,0.0022321261024582473,0.033775633293124246,0.049315068493150684,0.04825090470446321,0.07328767123287672,0.07237635705669482,0.11164383561643836,false
Hyde Park 70111,5001,6065,4712,0.0002627348955323912,0.0004020473450235801,0.010997800439912019,0.018961253091508656,0.014197160567886422,0.030338004946413852,0.02019596080783843,0.043693322341302555,false
Hyde Park 70120,3909,8126,3586,0.00039429903154267914,0.0008288724070174834,0.01918649270913277,0.03384198867831652,0.027116909695574315,0.0495938961358602,0.03734970580711179,0.07272951021412749,false
Hyde Park 70121,1178,1670,1108,0.0010232877225650797,0.0018351321309476852,0.022071307300509338,0.041916167664670656,0.030560271646859084,0.07425149700598802,0.04753820033955857,0.11616766467065867,false
Hyde Park 70130,4516,5082,4266,0.00029429855151372035,0.000394552557265877,0.012843224092116917,0.018693427784336875,0.017050487156775908,0.029515938606847696,0.023693534100974314,0.043683589138134596,false
Hyde Park 70140,801,1754,726,0.0015850972800852867,0.002393616675486167,0.02871410736579276,0.052451539338654506,0.049937578027465665,0.08209806157354618,0.0749063670411985,0.12770809578107184,false
Hyde Park 70150,492,962,458,0.0036601890409148,0.021371363367205368,0.06707317073170732,0.17671517671517672,0.08739837398373984,0.2130977130977131,0.10975609756097562,0.28482328482328484,false
Hyde Park 70151,310,338,302,0.0033922996878251823,0.003693848254612934,0.03225806451612903,0.04437869822485207,0.05806451612903226,0.07396449704142012,0.09032258064516129,0.1331360946745562,false
Hyde Park 70170,868,887,844,0.001290110216823462,0.0013510954295352256,0.024193548387096774,0.029312288613303268,0.03571428571428571,0.04284103720405862,0.05069124423963134,0.0653889515219842,false
Hyde Park 70180,3871,4222,3432,0.0005734538451738683,0.0006360627970920408,0.029449754585378456,0.02984367598294647,0.04262464479462671,0.04263382283278067,0.05889950917075691,0.060634770251065846,false
Hyde Park 70210,2056,3279,1897,0.0007343033202622296,0.0009416991936543705,0.02237354085603113,0.026532479414455627,0.030155642023346304,0.03751143641354071,0.04474708171206226,0.05885940835620616,false
Hyde Park 70220,2856,3932,2750,0.00039966967179028476,0.0007457655007973805,0.011204481792717087,0.024160732451678536,0.016456582633053222,0.040946083418107834,0.023809523809523808,0.06358087487283826,false
Hyde Park 70230,1140,1521,974,0.0018775007694675286,0.00235623039446435,0.062280701754385964,0.05982905982905983,0.0868421052631579,0.10059171597633136,0.11578947368421053,0.14858645627876396,false
Hyde Park 70240,4725,5505,4363,0.00026100053190000283,0.0003497439781026414,0.007619047619047619,0.013805631244323342,0.012275132275132276,0.023796548592188917,0.019682539682539683,0.03814713896457766,false
Hyde Park 70241,482,482,478,0.0021091234655050703,0.0021091234655050703,0.01867219917012448,0.01867219917012448,0.029045643153526972,0.029045643153526972,0.049792531120331954,0.049792531120331954,false
Hyde Park 70250,543,575,525,0.0019705001543162772,0.002180718336483932,0.020257826887661142,0.034782608695652174,0.03867403314917127,0.05565217391304348,0.06998158379373849,0.09043478260869565,false
Hyde Park 70260,482,526,444,0.0030819028597992458,0.003520363168471425,0.06224066390041493,0.0741444866920152,0.08713692946058091,0.11787072243346007,0.12033195020746888,0.16730038022813687,false
Hyde Park 70280,2796,3340,2584,0.00046177760585835884,0.0006687224353687834,0.013948497854077254,0.02784431137724551,0.020743919885550785,0.03952095808383233,0.031473533619456366,0.058383233532934134,false
Hyde Park 70300,4,4,2,,,,,,,,,true
Jefferson 71010,3306,4557,3194,0.00036048776006813044,0.000532643136466292,0.01119177253478524,0.020188720649550143,0.014216575922565033,0.029844195742813256,0.02026618269812462,0.04520517884573184,false
Jefferson 71021,1205,1272,1161,0.0008959900828153785,0.0010729401526838338,0.010788381742738589,0.02751572327044025,0.01908713692946058,0.04795597484276729,0.03568464730290456,0.06918238993710692,false
Jefferson 71022,976,1012,930,0.0011946553345874766,0.001331843959443203,0.023565573770491805,0.03260869565217391,0.03381147540983607,0.04743083003952569,0.054303278688524595,0.07114624505928853,false
Jefferson 71030,1990,2085,1870,0.0005979646978611652,0.0007989004479869342,0.014572864321608042,0.02685851318944844,0.023115577889447236,0.03884892086330935,0.036180904522613064,0.05611510791366907,false
Jefferson 71041,3447,6252,3212,0.0004357080643191622,0.0006698304399278092,0.020597621119814332,0.023192578374920024,0.0278503046127067,0.03950735764555342,0.03800406150275602,0.06222008957133717,false
Jefferson 71042,3114,4743,2741,0.0005257298239578525,0.0015364031257222102,0.021515735388567755,0.05186590765338393,0.0340398201669878,0.07758802445709467,0.050417469492614,0.112797807294961,false
Jefferson 71050,2967,4402,2823,0.0004351881481602651,0.0008542851840712607,0.016514998314796088,0.034302589731940024,0.022581732389619143,0.05134029986369831,0.03201887428378834,0.07996365288505225,false
Jefferson 71060,1590,2200,1518,0.0007808235433724931,0.0010466942148760331,0.022641509433962263,0.03181818181818182,0.028930817610062894,0.05181818181818182,0.04150943396226415,0.075,false
Jefferson 71070,8688,16774,8073,0.00020956171633615853,0.00029644548745994713,0.014732965009208104,0.018838678907833552,0.02037292817679558,0.025932991534517707,0.02785451197053407,0.03660426851079051,false
Jefferson 71071,3306,4713,3166,0.0003637815568606311,0.0006238416082498899,0.012099213551119176,0.02631020581370677,0.018451300665456746,0.04010184595798855,0.02692075015124017,0.05686399321026947,false
Jefferson 71074,2428,3268,2273,0.0007117674359273604,0.0009350341353939914,0.030065897858319604,0.029375764993880046,0.04118616144975288,0.04712362301101591,0.05271828665568369,0.06976744186046512,false
Jefferson 71081,5269,9573,4908,0.0003082230650339861,0.0006875098078312698,0.019738090719301576,0.031651519899717956,0.02770924274055798,0.042097566071242036,0.03643955209717214,0.05693095163480623,false
Jefferson 71082,6842,11075,6454,0.00023467858177063944,0.00038753216576899754,0.013154048523823444,0.021399548532731377,0.017538731365097926,0.03214446952595937,0.02528500438468284,0.046681715575620765,false
Jefferson 71090,4030,5771,3907,0.00031907098744527704,0.00044189301961260966,0.012903225806451613,0.01767457979552937,0.017121588089330026,0.025992029111072606,0.02258064516129032,0.03829492289031364,false
Jefferson 71101,2153,3275,2077,0.000627992049892469,0.0008768719771575083,0.020436600092893636,0.026870229007633587,0.02647468648397585,0.03938931297709924,0.035764050162563864,0.06076335877862596,false
Jefferson 71110,4229,6783,3936,0.0004023049979588403,0.000629419113253905,0.023173327027666113,0.02889576883384933,0.032395365334594466,0.04452307238684948,0.04492787893118941,0.06575261683620817,false
Jefferson 71120,3939,6205,3717,0.00037503896854035985,0.000601344994191864,0.020563594821020565,0.02755842062852538,0.02741812642802742,0.04045124899274778,0.03554201574003554,0.057856567284448025,false
Jefferson 71140,1337,1592,1307,0.0007960531873175246,0.0012988939673240574,0.012715033657442034,0.03391959798994975,0.02019446522064323,0.058417085427135675,0.035153328347045626,0.09736180904522612,false
Jefferson 71150,10890,13955,10550,0.0001290979753288794,0.0002107865521065625,0.009274563820018365,0.016123253314224293,0.012213039485766759,0.022715872447151557,0.015335169880624425,0.03231816553206736,false
Jefferson 71171,2056,3501,1984,0.0005412648185438084,0.0008583665775992024,0.012159533073929961,0.025135675521279634,0.019455252918287938,0.037703513281919454,0.030642023346303504,0.05769780062839189,false
Jefferson 71180,5933,10735,5532,0.0002468431617526677,0.00035316661348066614,0.013483903590089332,0.01695388914764788,0.018877465026125063,0.023847228691197018,0.026799258385302546,0.03623660922217047,false
Jefferson 71200,8600,10884,8237,0.00016508923742563549,0.0003602690819535428,0.011511627906976744,0.023612642410878352,0.015465116279069768,0.03252480705622933,0.020232558139534885,0.045295847115031235,false
Jefferson 71210,2708,4561,2600,0.00047400448149691605,0.0006210245284739434,0.016617429837518464,0.022802017101512827,0.022156573116691287,0.034422275816706864,0.0310192023633678,0.04976978732734049,false
Jefferson 71250,1694,2373,1632,0.0006878921229033926,0.0009140262991666503,0.01770956316410862,0.02064896755162242,0.02538370720188902,0.035398230088495575,0.0371900826446281,0.060682680151706705,false
Jefferson 71260,4084,6992,3881,0.0003153655698499963,0.0005197178599668008,0.01395690499510284,0.02145308924485126,0.020078354554358472,0.032036613272311214,0.02840352595494613,0.05077231121281465,false
Jefferson 71270,1837,2799,1739,0.0006925328834585989,0.0009676553446779147,0.017419706042460535,0.029296177206145052,0.025585193249863906,0.04430153626295105,0.03810560696788241,0.06788138620936049,false
Jefferson 71280,1421,2558,1368,0.0007908912309130014,0.0010459451743781946,0.01688951442646024,0.0199374511336982,0.026038001407459536,0.033620015637216574,0.04011259676284307,0.06098514464425332,false
Jefferson 71361,1349,1477,1317,0.0007819536311937404,0.0012225370370964584,0.010378057820607857,0.03588354773188897,0.017790956263899184,0.056194989844278946,0.032616753150481834,0.09343263371699391,false
Jefferson 71362,2932,3450,2837,0.0003873613641820324,0.0007731148918294476,0.01227830832196453,0.030144927536231887,0.017394270122783082,0.04521739130434783,0.024215552523874487,0.06608695652173913,false
Jefferson 71371,6754,7835,6548,0.00017857567202194923,0.00026085231902891847,0.009327805744743855,0.014422463305679641,0.012881255552265325,0.02284620293554563,0.01732306781166716,0.03458838544990427,false
Jefferson 71390,4274,5687,3787,0.002071486427274951,0.0015566461027774776,0.05568554047730463,0.04888341832248989,0.0645765091249415,0.06242307016001407,0.07557323350491343,0.08545806224723053,false
Jefferson 71402,1963,2776,1897,0.0005649601686212765,0.0009335369449127557,0.012735608762098827,0.027377521613832854,0.019867549668874173,0.03998559077809798,0.030056036678553236,0.06520172910662825,false
Jefferson 71410,4133,5363,3986,0.0002959309234584472,0.0005567460054352011,0.011613839825792402,0.028715271303374975,0.01572707476409388,0.041394741749021066,0.021775949673360755,0.061346261420846544,false
Jefferson 71420,966,1012,952,0.0010780619746323231,0.0012127200862378726,0.013457556935817806,0.029644268774703556,0.02380952380952381,0.04150197628458498,0.035196687370600416,0.06126482213438735,false
Jefferson 71430,5580,6053,5394,0.00021614573296848706,0.000307297106737285,0.00842293906810036,0.018172806872625145,0.011111111111111112,0.028085246984966134,0.015591397849462365,0.041632248471832146,false
Jefferson 71440,4282,4477,4170,0.00026713171655197855,0.0002968040208887367,0.008640822045773003,0.0113915568461023,0.010976179355441382,0.019209291936564662,0.01564689397477814,0.030377484922939468,false
Jefferson 71461,2165,2265,2052,0.0005433918789902341,0.000630576631629217,0.012471131639722865,0.02163355408388521,0.018475750577367205,0.03443708609271523,0.02771362586605081,0.05077262693156733,false
Jefferson 71463,313,378,308,0.0033582051465259415,0.009350242154474959,0.03194888178913738,0.13756613756613756,0.04792332268370607,0.18518518518518517,0.07987220447284345,0.23809523809523808,false
Jefferson 71520,1055,2072,997,0.0011437299252038363,0.0021345462947779553,0.023696682464454978,0.05405405405405406,0.037914691943127965,0.07094594594594594,0.05781990521327014,0.10328185328185328,false
Jefferson 71560,728,755,702,0.0015132532302861977,0.001678873733608175,0.020604395604395604,0.03708609271523179,0.034340659340659344,0.052980132450331126,0.061813186813186816,0.07947019867549669,false
Jefferson 71580,50,51,50,0.02,0.020376778162245292,0.1,0.11764705882352941,0.2,0.21568627450980393,0.4,0.4117647058823529,false
Jefferson 71599,4,4,4,,,,,,,,,true
Jefferson 71600,1039,1074,1022,0.0009958120314472808,0.0010854148677562428,0.010587102983638113,0.0223463687150838,0.020211742059672765,0.0335195530726257,0.0356111645813282,0.0521415270018622,false
Lake 72030,14557,17692,13197,0.00011246010965915404,0.0001668717399117484,0.008312152229168097,0.01322631697942573,0.01133475303977468,0.018313361971512548,0.01593734972865288,0.02611349762604567,false
Lake 72040,5449,9768,5053,0.0002613196910466364,0.00033200639773121345,0.011928794274178749,0.016175266175266177,0.016700311983850247,0.024774774774774775,0.024041108460267937,0.03593366093366093,false
Lake 72051,1337,2356,1253,0.0009001051148235397,0.0012218199532458398,0.020942408376963352,0.030560271646859084,0.031413612565445025,0.046689303904923596,0.04637247569184742,0.07470288624787776,false
Lake 72052,1307,1991,1160,0.0014652430646820223,0.002139461832389399,0.051262433052792655,0.05775991963837268,0.06885998469778118,0.08488196885986941,0.09334353481254783,0.12355600200904068,false
Lake 72061,778,931,756,0.0013646486607939413,0.0016094402032394166,0.015424164524421594,0.024704618689581095,0.028277634961439587,0.04403866809881847,0.05398457583547558,0.07626208378088077,false
Lake 72070,5878,9169,5375,0.0002855498574218824,0.0006126163473561215,0.015651582170806397,0.036208964990729633,0.019564477713507996,0.0465699640091613,0.02636951343994556,0.06140255207765296,false
Lake 72071,2695,4392,2556,0.00045421845580870225,0.0007933782568737331,0.014100185528756956,0.02709471766848816,0.02077922077922078,0.04348816029143898,0.03191094619666048,0.06602914389799636,false
Lake 72080,2070,4533,1863,0.0006828630773180238,0.0009954697003697033,0.02077294685990338,0.03397308625634238,0.03188405797101449,0.04897418927862343,0.048792270531400964,0.07125523935583498,false
Lake 72091,3300,6060,2965,0.0006005509641873278,0.0007039614852574367,0.026363636363636363,0.029042904290429043,0.034545454545454546,0.04042904290429043,0.04666666666666667,0.056105610561056105,false
Lake 72092,2091,4219,1860,0.0011026281247705717,0.005532989650932381,0.04447632711621234,0.1234889784309078,0.059780009564801534,0.14885043849253377,0.07651841224294596,0.17753022043138186,false
Lake 72110,3762,4836,3483,0.000383108626204404,0.000566043480075338,0.015417331206804892,0.02357320099255583,0.02099946836788942,0.03577336641852771,0.029239766081871347,0.05479735318444996,false
Lake 72120,3465,4929,3219,0.000413368898217383,0.000580900439723481,0.01616161616161616,0.02231689997971191,0.021933621933621934,0.03509839724081964,0.03088023088023088,0.05112598904443092,false
Lake 72121,2525,2897,2344,0.0005823742770316636,0.0007221830541611077,0.02297029702970297,0.025543665861235763,0.03089108910891089,0.037625129444252677,0.04237623762376238,0.05833620987228167,false
Lake 72130,2469,4420,2275,0.0007226096098711918,0.0008534837534039025,0.025516403402187117,0.02850678733031674,0.03361684892669097,0.040271493212669686,0.04576751721344674,0.0581447963800905,false
Lake 72150,1930,3321,1840,0.0006566619238100351,0.0010282852335030761,0.01917098445595855,0.03553146642577537,0.027461139896373055,0.050888286660644384,0.038341968911917094,0.07347184582956941,false
Lake 72151,781,1022,764,0.0013558243887723967,0.002395441193929251,0.019206145966709345,0.053816046966731895,0.03201024327784891,0.08806262230919765,0.047375160051216385,0.14481409001956946,false
Lake 72170,2336,3813,2189,0.0006186667292174892,0.0008273626554950354,0.022688356164383562,0.023865722528193023,0.03125,0.03461841070023604,0.04409246575342465,0.05323891948596905,false
Lake 72171,1865,3098,1745,0.0007408951404811363,0.00099858256289799,0.02198391420911528,0.028082633957391866,0.03002680965147453,0.040348612007746934,0.04611260053619303,0.06294383473208522,false
Lake 72191,1112,1117,1094,0.0009380984421096218,0.0009577707265191887,0.011690647482014389,0.01521933751119069,0.02068345323741007,0.024171888988361683,0.0341726618705036,0.03849597135183527,false
Lake 72192,1198,1230,1166,0.0009266975287136882,0.0015136492828342917,0.020868113522537562,0.041463414634146344,0.030050083472454088,0.052845528455284556,0.04340567612687813,0.06829268292682927,false
Lake 72193,1679,1841,1662,0.0006090723760314236,0.0008293794465551838,0.00714711137581894,0.026072786529060293,0.013103037522334724,0.04345464421510049,0.0220369267421084,0.06789788158609451,false
Lake 72194,1552,1553,1470,0.0008627045913487087,0.0008636670648463457,0.026417525773195876,0.026400515132002575,0.035438144329896906,0.0360592401802962,0.04832474226804124,0.0489375402446877,false
Lake 72200,7099,7654,6672,0.0002648038077616824,0.0003642991851182673,0.019157627834906325,0.025999477397439248,0.023101845330328215,0.035536974131173245,0.029018171573461052,0.05003919519205644,false
Lake 72212,4140,5708,3936,0.00030934210833391676,0.0005406788392248993,0.012318840579710146,0.023651016117729504,0.016908212560386472,0.035914505956552205,0.024154589371980676,0.05378416257883672,false
Lake 72221,3442,6165,3270,0.00038742795443779727,0.000728572001770716,0.01568855316676351,0.026277372262773723,0.02062754212667054,0.041038118410381186,0.029343404997094712,0.06358475263584752,false
Lake 72222,447,916,436,0.0024173085296458115,0.0026434469213020345,0.03131991051454139,0.04039301310043668,0.04697986577181208,0.06222707423580786,0.06935123042505592,0.09497816593886463,false
Lake 72223,750,1023,718,0.0015751111111111111,0.0024261152820418738,0.024,0.0498533724340176,0.037333333333333336,0.08406647116324537,0.064,0.1466275659824047,false
Lake 72230,599,626,596,0.0017028938046438,0.0020567730608661923,0.01335559265442404,0.04952076677316294,0.021702838063439065,0.06389776357827476,0.038397328881469114,0.07987220447284345,false
Lake 72251,875,1605,807,0.0017175510204081633,0.0024693083335759554,0.045714285714285714,0.05669781931464175,0.061714285714285715,0.08037383177570093,0.08457142857142858,0.12398753894080997,false
Lake 72260,1083,1495,1066,0.000955759666942055,0.0015592666748694085,0.0110803324099723,0.028762541806020066,0.020313942751615882,0.05217391304347826,0.034164358264081256,0.09899665551839464,false
Lake 72271,3712,4030,3493,0.0003341330075802616,0.00047017098806100645,0.011045258620689655,0.02481389578163772,0.015086206896551723,0.03424317617866005,0.021821120689655173,0.05037220843672457,false
Lake 72274,2496,2995,2356,0.0006070610412557527,0.0012832740154012949,0.027644230769230768,0.05242070116861436,0.037259615384615384,0.07813021702838063,0.046875,0.10751252086811353,false
Lake 72281,2483,2902,2346,0.0004929209320114596,0.000749025957525431,0.015304067660088603,0.027911784975878703,0.02134514699959726,0.04583046175051688,0.031816351188078934,0.06995175740868366,false
Lake 72282,7676,9170,7167,0.00019144285729414935,0.0006454121768747124,0.012506513809275664,0.03587786259541985,0.017196456487754037,0.04416575790621592,0.02292860865033872,0.055179934569247545,false
Lake 72293,379,578,343,0.003265084481450282,0.004034913375079321,0.04221635883905013,0.05536332179930796,0.07387862796833773,0.10207612456747404,0.1266490765171504,0.17301038062283738,false
Lake 72300,1653,1842,1589,0.0008421140466160082,0.0011582793097716334,0.02238354506957048,0.04288816503800217,0.029038112522686024,0.06188925081433225,0.0411373260738052,0.09663409337676439,false
Lake 72310,1539,1584,1444,0.0009351827575098552,0.0009629119477604327,0.03313840155945419,0.03282828282828283,0.04483430799220273,0.045454545454545456,0.05912930474333983,0.06691919191919192,false
Lake 72312,2368,2635,2113,0.0006655462472607744,0.001169341336338661,0.024493243243243243,0.04554079696394687,0.03547297297297297,0.05844402277039848,0.05067567567567568,0.08083491461100568,false
Lake 72321,3791,4009,3601,0.0003396262413561782,0.00037848241307395105,0.013189132155104194,0.01671239710651035,0.017937219730941704,0.024195559990022448,0.02585069902400422,0.034921426789723126,false
Lake 72323,977,1011,962,0.0010675422119181292,0.0012865404389499871,0.015353121801432957,0.028684470820969338,0.0255885363357216,0.04253214638971316,0.03582395087001024,0.06231454005934718,false
Lake 72330,7098,8415,6280,0.0003242850307028732,0.0003750906005283692,0.01958298112144266,0.0219845513963161,0.02704987320371936,0.029946524064171122,0.03817976894899972,0.04183006535947712,false
Lake 72345,2094,2120,1936,0.0007293317241511426,0.0007333570665717337,0.029130850047755494,0.028773584905660374,0.03915950334288443,0.038679245283018866,0.054441260744985676,0.054245283018867926,false
Lake 72350,2908,3497,2773,0.0004070259153234733,0.0008192814315534481,0.012379642365887207,0.03460108664569631,0.01891334250343879,0.05519016299685445,0.028198074277854195,0.0792107520732056,false
Lake 72361,797,857,776,0.0013397165342430599,0.0015344836741557275,0.018820577164366373,0.03150525087514586,0.031367628607277286,0.050175029171528586,0.05144291091593475,0.08051341890315053,false
Lake 72380,14327,16182,13572,0.00010368652588017977,0.0002014380941570259,0.008375793955468697,0.019527870473365468,0.010958330425071544,0.026881720430107527,0.015006630836881413,0.03627487331603016,false
Lake 72420,148,148,148,0.006756756756756758,0.006756756756756758,0.033783783783783786,0.033783783783783786,0.06756756756756757,0.06756756756756757,0.13513513513513514,0.13513513513513514,false
Lake 72422,3227,3295,3159,0.00033081964817114354,0.0003605960196278446,0.006817477533312674,0.013050075872534143,0.009916330957545709,0.020030349013657057,0.016114037806011776,0.029438543247344462,false
Lake 72423,5782,6191,5438,0.00022715087711825524,0.0002881147311838421,0.011241784849533034,0.014860281053141657,0.014873746108612938,0.02406719431432725,0.020062262193012798,0.03602002907446293,false
Lake 72431,845,870,830,0.001253457511991877,0.0013845950587924427,0.016568047337278107,0.03218390804597701,0.028402366863905324,0.04597701149425287,0.04142011834319527,0.06896551724137931,false
Lake 72432,294,294,291,0.0034707760655282517,0.0034707760655282517,0.027210884353741496,0.027210884353741496,0.04421768707482993,0.04421768707482993,0.0782312925170068,0.0782312925170068,false
Lake View 73011,3334,4741,3110,0.0004159935859258862,0.000626460348654703,0.017096580683863227,0.020037966673697533,0.02459508098380324,0.0310061168529846,0.03809238152369526,0.045770934402024885,false
Lake View 73012,2846,4509,2674,0.000524462833017849,0.0012396291176056994,0.02319044272663387,0.05322687957418496,0.03689388615600843,0.0718562874251497,0.05340829234012649,0.09869150587713461,false
Lake View 73022,482,631,475,0.0021866014703603586,0.003172083654602033,0.024896265560165973,0.05546751188589541,0.035269709543568464,0.10301109350237718,0.05601659751037344,0.1600633914421553,false
Lake View 73031,12533,17025,11557,0.00016842156033054784,0.0002863302433796719,0.015558924439479774,0.019559471365638768,0.021223968722572407,0.029074889867841413,0.02872416819596266,0.04117474302496329,false
Lake View 73032,4307,7014,4016,0.0003233918854674134,0.0007645306559881175,0.014859530996052937,0.029797547761619615,0.023218017181332713,0.04519532363843741,0.03598792663106571,0.07043056743655546,false
Lake View 73034,365,564,353,0.003145055357477951,0.005300286705900105,0.0410958904109589,0.08687943262411348,0.06027397260273973,0.14893617021276595,0.08767123287671233,0.23404255319148937,false
Lake View 73041,1415,2481,1345,0.0009144826380651525,0.0016377593450652205,0.028268551236749116,0.04393389762192664,0.038869257950530034,0.06811769447803305,0.05300353356890459,0.09955663039097137,false
Lake View 73042,1961,3383,1764,0.0020103907897005375,0.001760554611837858,0.06680265170831208,0.05527638190954774,0.08108108108108109,0.07951522317469702,0.09535951045385008,0.1206030150753769,false
Lake View 73044,596,851,587,0.0017341561190937346,0.0031303464093532045,0.018456375838926172,0.04935370152761458,0.03187919463087248,0.09048178613396005,0.04865771812080537,0.1645123384253819,false
Lake View 73050,4293,6114,4011,0.00035144075244458056,0.0009027581822592421,0.019333799208013043,0.03663722603859994,0.027253668763102725,0.05789990186457311,0.03820172373631493,0.08848544324501145,false
Lake View 73060,9401,10177,8728,0.00019207094696837987,0.0002429919577453718,0.014041059461759388,0.01660607251645868,0.01797681097755558,0.024958239166748553,0.023508137432188065,0.034686056794733224,false
Lake View 73062,8180,9199,7455,0.000789121298892283,0.0008778255093519206,0.03581907090464548,0.04554842917708447,0.041075794621026895,0.057723665615827806,0.04731051344743276,0.07402978584628764,false
Lake View 73063,4495,5301,3696,0.0011434284293139949,0.0010926100833217054,0.04560622914349277,0.044519901905300883,0.053615127919911014,0.05810224485946048,0.06518353726362625,0.07772118468213544,false
Lake View 73070,3818,5911,3652,0.00031364211486435874,0.0004851470614372597,0.012048192771084338,0.018271020131957368,0.01702462022001048,0.027744882422601928,0.024882137244630696,0.04144814752156995,false
Lake View 73081,4487,6532,4212,0.0003210125539600845,0.0005113550924011011,0.017606418542455985,0.02112676056338028,0.025406730554936485,0.03368034292712799,0.035435703142411415,0.05373545621555419,false
Lake View 73084,7898,12794,7370,0.00017845919879578832,0.00042708486853486143,0.010888832615852113,0.022041581991558545,0.015573562927323373,0.03126465530717524,0.02279057989364396,0.04658433640769111,false
Lake View 73092,1629,2664,1532,0.000804554949218828,0.0020907732056380706,0.02578268876611418,0.055930930930930926,0.03867403314917127,0.08220720720720721,0.057704112952731736,0.12124624624624625,false
Lake View 73093,4625,6315,4287,0.0003124265887509131,0.0008101712106993053,0.015135135135135137,0.036737925574030085,0.02227027027027027,0.052256532066508314,0.034594594594594595,0.07458432304038004,false
Lake View 73110,1056,1516,984,0.0012142016758494032,0.002626339276390446,0.02840909090909091,0.07189973614775726,0.04734848484848485,0.09234828496042216,0.07481060606060606,0.1299472295514512,false
Lake View 73120,1381,2062,1270,0.0010471061436344387,0.0013608213283460072,0.03258508327299059,0.030552861299709022,0.049239681390296886,0.0533462657613967,0.07096307023895727,0.08680892337536372,false
Lake View 73150,2296,3443,2168,0.0005364578907113113,0.0009875783780144993,0.016986062717770034,0.03340110368864363,0.02613240418118467,0.04966598896311356,0.03919860627177701,0.07406331687481847,false
Lake View 73200,972,986,938,0.0012489627258717338,0.0013310073277404966,0.03189300411522634,0.03955375253549696,0.04218106995884774,0.05273833671399594,0.05555555555555556,0.06896551724137931,false
Lake View 99999,1,7,1,,,,,,,,,true
Lemont 19010,1456,1871,1249,0.00393502445356841,0.004337205671761258,0.08241758241758242,0.11117049706039552,0.09752747252747253,0.15072153928380547,0.11881868131868133,0.19187600213789419,false
Lemont 19011,309,310,261,0.022297629894952924,0.022185223725286158,0.16828478964401294,0.16774193548387095,0.1877022653721683,0.1903225806451613,0.22006472491909387,0.22258064516129034,false
Lemont 19020,862,865,593,0.08045822320077949,0.07992114671388956,0.302784222737819,0.3040462427745665,0.314385150812065,0.315606936416185,0.3352668213457076,0.3375722543352601,false
Lemont 19025,624,624,599,0.0022857084155161076,0.0022857084155161076,0.04807692307692308,0.04807692307692308,0.05608974358974359,0.05608974358974359,0.07211538461538462,0.07211538461538462,false
Lemont 19030,279,279,278,0.0036099227913310465,0.0036099227913310465,0.021505376344086023,0.021505376344086023,0.03942652329749104,0.03942652329749104,0.07526881720430108,0.07526881720430108,false
Lemont 19032,640,664,611,0.0019189453125000003,0.0022182101901582233,0.040624999999999994,0.05271084337349397,0.059375,0.0858433734939759,0.0765625,0.10993975903614457,false
Lemont 19038,123,123,84,0.11124330755502676,0.11124330755502676,0.35772357723577236,0.35772357723577236,0.3983739837398374,0.3983739837398374,0.4796747967479675,0.4796747967479675,false
Lemont 19040,320,321,314,0.0033007812500000008,0.003309362292679613,0.034375,0.037383177570093455,0.05,0.0529595015576324,0.08125,0.08411214953271028,false
Lemont 19050,437,437,433,0.0023302211353675205,0.0023302211353675205,0.020594965675057208,0.020594965675057208,0.032036613272311214,0.032036613272311214,0.054919908466819226,0.054919908466819226,false
Lemont 19060,2806,2808,2620,0.0008600854802025393,0.0008596216751487407,0.045972915181753386,0.045940170940170943,0.06200997861724876,0.06196581196581197,0.07056307911617962,0.07051282051282051,false
Lemont 19061,247,247,239,0.004737006015505909,0.004737006015505909,0.05263157894736842,0.05263157894736842,0.0728744939271255,0.0728744939271255,0.11336032388663968,0.11336032388663968,false
Lemont 19100,380,380,372,0.002894736842105263,0.002894736842105263,0.034210526315789476,0.034210526315789476,0.04736842105263158,0.04736842105263158,0.0736842105263158,0.0736842105263158,false
Leyden 20010,748,1003,631,0.0018909605650719208,0.004360795976974361,0.03208556149732621,0.0897308075772682,0.05213903743315508,0.1345962113659023,0.08556149732620322,0.19441674975074777,false
Leyden 20011,799,891,722,0.001787277902133612,0.002210658776315342,0.04130162703379224,0.04713804713804714,0.057571964956195244,0.08641975308641976,0.08260325406758448,0.13692480359147027,false
Leyden 20020,3455,4590,3197,0.00038661224216251535,0.001154731560985566,0.015629522431259046,0.044880174291938996,0.023444283646888567,0.0644880174291939,0.03328509406657019,0.09368191721132897,false
Leyden 20030,4262,4975,3746,0.0003528833265325761,0.0005927527082649429,0.015016424213984046,0.025527638190954775,0.01923979352416706,0.039597989949748745,0.02627874237447208,0.06391959798994976,false
Leyden 20040,810,816,773,0.0013595488492607834,0.0014117166474432912,0.01604938271604938,0.022058823529411766,0.028395061728395062,0.03431372549019608,0.05308641975308642,0.058823529411764705,false
Leyden 20050,4917,5256,4684,0.00031033769481259564,0.0008020115881190504,0.018303843807199512,0.04452054794520548,0.0229814927801505,0.05650684931506849,0.029082774049217004,0.06963470319634703,false
Leyden 20060,1213,1253,1193,0.0008923662249238634,0.0010312042797206895,0.01731244847485573,0.02873104549082203,0.0247320692497939,0.05027932960893855,0.03297609233305854,0.06384676775738228,false
Leyden 20070,1197,1219,1172,0.0008842769692261843,0.0009441701363629329,0.011695906432748537,0.022149302707136997,0.020050125313283207,0.031173092698933553,0.036758563074352546,0.04757998359310911,false
Leyden 20080,6541,8597,6170,0.0002171104185631301,0.00033802648897502313,0.014065127656321664,0.016052111201581946,0.019721755083320594,0.027451436547632893,0.027365846200886716,0.04234035128533209,false
Leyden 20081,3305,4825,3104,0.0003728820541928632,0.0009423716072914709,0.013313161875945537,0.033782383419689116,0.019969742813918306,0.052227979274611404,0.029046898638426626,0.07792746113989638,false
Leyden 20090,753,1215,652,0.0026084242049068,0.005436163186506122,0.07436918990703852,0.10041152263374485,0.09827357237715803,0.15637860082304528,0.1248339973439575,0.22633744855967078,false
Leyden 20091,92,451,82,0.013941398865784499,0.016779661850236726,0.13043478260869565,0.1796008869179601,0.21739130434782608,0.2638580931263858,0.32608695652173914,0.41685144124168516,false
Lyons 21011,358,358,331,0.003542336381511189,0.003542336381511189,0.05307262569832402,0.05307262569832402,0.08100558659217877,0.08100558659217877,0.13128491620111732,0.13128491620111732,false
Lyons 21012,1684,1729,1627,0.0006862125580424395,0.0007830895475107218,0.016033254156769594,0.02834008097165992,0.021971496437054632,0.038172353961827644,0.033847980997624705,0.04973973395026027,false
Lyons 21013,898,980,855,0.0018030664530433876,0.0023240316534777175,0.0378619153674833,0.06836734693877551,0.04899777282850779,0.08979591836734693,0.07015590200445435,0.11428571428571428,false
Lyons 21022,1143,1174,1102,0.0009407179308185777,0.0010027019261744383,0.010498687664041995,0.01788756388415673,0.01924759405074366,0.034071550255536626,0.03674540682414698,0.051959114139693355,false
Lyons 21031,1009,1080,997,0.0010205474809961094,0.0011882716049382716,0.011892963330029732,0.027777777777777776,0.02180376610505451,0.04537037037037037,0.031714568880079286,0.06851851851851852,false
Lyons 21032,1103,1314,1066,0.0009953896444954789,0.002398939879392747,0.01813236627379873,0.0730593607305936,0.027198549410698096,0.09969558599695585,0.04533091568449683,0.14687975646879756,false
Lyons 21041,343,452,310,0.0034934423582010897,0.005765917456339573,0.03206997084548105,0.09734513274336283,0.061224489795918366,0.1415929203539823,0.119533527696793,0.2168141592920354,false
Lyons 21042,2910,3874,2516,0.0004801549344008692,0.0009087228599170196,0.012714776632302405,0.029168817759421786,0.01958762886597938,0.05085183273102736,0.030584192439862545,0.08286009292720702,false
Lyons 21052,3105,3991,2891,0.00042059843222064046,0.0008925745668922704,0.01642512077294686,0.03532949135554999,0.02318840579710145,0.05762966675018792,0.03317230273752013,0.08844901027311451,false
Lyons 21053,47,47,46,0.022181982797645994,0.022181982797645994,0.1276595744680851,0.1276595744680851,0.23404255319148937,0.23404255319148937,0.44680851063829785,0.44680851063829785,false
Lyons 21061,384,384,369,0.002834743923611111,0.002834743923611111,0.03125,0.03125,0.057291666666666664,0.057291666666666664,0.09114583333333333,0.09114583333333333,false
Lyons 21062,938,938,894,0.0019526188733457294,0.0019526188733457294,0.046908315565031986,0.046908315565031986,0.057569296375266525,0.057569296375266525,0.06823027718550106,0.06823027718550106,false
Lyons 21064,697,697,676,0.001957559452377375,0.001957559452377375,0.035868005738880916,0.035868005738880916,0.04447632711621234,0.04447632711621234,0.058823529411764705,0.058823529411764705,false
Lyons 21065,966,966,944,0.0011273570549833042,0.0011273570549833042,0.021739130434782608,0.021739130434782608,0.032091097308488616,0.032091097308488616,0.043478260869565216,0.043478260869565216,false
Lyons 21067,407,407,407,0.002457002457002457,0.002457002457002457,0.012285012285012284,0.012285012285012284,0.02457002457002457,0.02457002457002457,0.04914004914004914,0.04914004914004914,false
Lyons 21071,2260,2261,2141,0.000525491424543817,0.0005256135369252801,0.01327433628318584,0.013268465280849183,0.01902654867256637,0.019018133569217163,0.027876106194690265,0.027863777089783284,false
Lyons 21082,1523,1815,1382,0.0008523282097356833,0.0018077089451995537,0.021011162179908074,0.05950413223140496,0.032829940906106365,0.08319559228650138,0.052527905449770186,0.12231404958677686,false
Lyons 21084,2070,2356,1991,0.0006455226493033676,0.005178772688883059,0.025120772946859903,0.11205432937181664,0.0323671497584541,0.12945670628183362,0.042028985507246375,0.15067911714770799,false
Lyons 21091,2537,3707,2339,0.00048738659949421786,0.0007266125541038909,0.013007489160425701,0.02158079309414621,0.020496649586125345,0.03345022929592663,0.03232163973196689,0.052872943080658215,false
Lyons 21101,1359,1507,1285,0.0009394216519634995,0.0011391211726387233,0.022810890360559236,0.0364963503649635,0.03384841795437822,0.050431320504313204,0.04856512141280353,0.07033842070338421,false
Lyons 21102,1818,2539,1760,0.0006190388015699259,0.0012861200638297774,0.014301430143014302,0.03347774714454509,0.019801980198019802,0.05710909807010634,0.030803080308030802,0.08467900748326113,false
Lyons 21111,2768,3244,2637,0.00043436132179491463,0.0006991946433214083,0.014812138728323699,0.02404438964241677,0.022760115606936415,0.03760789149198521,0.032153179190751446,0.05918618988902589,false
Lyons 21120,206,258,199,0.005278537091149024,0.007090920016825912,0.05825242718446602,0.09689922480620156,0.08252427184466019,0.17054263565891473,0.13106796116504854,0.2596899224806202,false
Lyons 21121,563,639,516,0.0036375797002230503,0.005649966570418862,0.07992895204262877,0.13302034428794993,0.09769094138543517,0.18779342723004697,0.11900532859680284,0.2237871674491393,false
Lyons 21131,270,270,269,0.0037311385459533612,0.0037311385459533612,0.022222222222222223,0.022222222222222223,0.040740740740740744,0.040740740740740744,0.07777777777777778,0.07777777777777778,false
Lyons 21132,799,810,774,0.0013486820979290446,0.001417466849565615,0.018773466833541926,0.025925925925925925,0.03128911138923655,0.03950617283950617,0.056320400500625784,0.06419753086419752,false
Lyons 21133,166,166,164,0.006169255334591378,0.006169255334591378,0.042168674698795185,0.042168674698795185,0.07228915662650603,0.07228915662650603,0.13253012048192772,0.13253012048192772,false
Lyons 21151,331,331,326,0.003130676061737297,0.003130676061737297,0.030211480362537766,0.030211480362537766,0.045317220543806644,0.045317220543806644,0.0755287009063444,0.0755287009063444,false
Lyons 21161,265,265,265,0.0037735849056603774,0.0037735849056603774,0.018867924528301886,0.018867924528301886,0.03773584905660377,0.03773584905660377,0.07547169811320754,0.07547169811320754,false
Lyons 21162,1320,1435,1133,0.0013383838383838385,0.0015680656557685538,0.04015151515151515,0.04738675958188153,0.053030303030303025,0.07177700348432056,0.075,0.1059233449477352,false
Lyons 21165,472,472,468,0.002163530594656708,0.002163530594656708,0.019067796610169493,0.019067796610169493,0.029661016949152543,0.029661016949152543,0.05084745762711865,0.05084745762711865,false
Lyons 21166,627,652,548,0.013952163284825082,0.013196770672588357,0.1291866028708134,0.13803680981595093,0.14194577352472088,0.1579754601226994,0.15789473684210525,0.18865030674846625,false
Lyons 21200,280,280,174,0.08885204081632654,0.08885204081632654,0.39285714285714285,0.39285714285714285,0.41428571428571426,0.41428571428571426,0.45,0.45,false
Maine 22010,546,561,537,0.0019052986085953119,0.00215746645441518,0.02197802197802198,0.0427807486631016,0.0347985347985348,0.06060606060606061,0.05311355311355311,0.0784313725490196,false
Maine 22022,383,383,382,0.0026246003449474737,0.0026246003449474737,0.01566579634464752,0.01566579634464752,0.028720626631853787,0.028720626631853787,0.05483028720626632,0.05483028720626632,false
Maine 22023,1618,1700,1586,0.0006463136439407713,0.0008968858131487889,0.00865265760197775,0.03294117647058824,0.014833127317676142,0.05176470588235294,0.027194066749072928,0.06647058823529411,false
Maine 22030,1154,1165,1130,0.0009341331034544902,0.0009512055849251229,0.01386481802426343,0.018025751072961373,0.022530329289428074,0.026609442060085836,0.038128249566724434,0.04377682403433476,false
Maine 22031,2054,2167,1939,0.0007674957263903808,0.000905685803050285,0.02921129503407984,0.03784033225657591,0.0365141187925998,0.0535302261190586,0.046251217137293084,0.07291185971389016,false
Maine 22040,2684,2796,2525,0.000435877674401043,0.0005692272426785864,0.010432190760059613,0.02503576537911302,0.01602086438152012,0.03791130185979971,0.02645305514157973,0.05221745350500715,false
Maine 22050,7500,8069,7026,0.0001771377777777778,0.00027877968680743286,0.008666666666666666,0.018961457429669103,0.013466666666666667,0.02689304746560912,0.020666666666666667,0.039162225802453834,false
Maine 22060,100,100,98,0.010400000000000001,0.010400000000000001,0.07,0.07,0.12,0.12,0.22,0.22,false
Maine 22070,905,905,898,0.001136717438417631,0.001136717438417631,0.013259668508287293,0.013259668508287293,0.01878453038674033,0.01878453038674033,0.029834254143646412,0.029834254143646412,false
Maine 22080,4382,4806,4184,0.00026164044811342863,0.0003723324759295714,0.007987220447284345,0.017270079067831876,0.011410314924691922,0.029754473574698292,0.017115472387037884,0.04307116104868914,false
Maine 22082,339,339,299,0.008814751002862836,0.008814751002862836,0.12389380530973451,0.12389380530973451,0.14749262536873156,0.14749262536873156,0.17699115044247787,0.17699115044247787,false
Maine 22085,4193,4951,4102,0.0002596516322588913,0.0004711492766457272,0.0076317672310994514,0.02100585740254494,0.01120915812067732,0.03312462128862856,0.015979012640114476,0.050898808321551206,false
Maine 22087,961,996,951,0.001062238974533335,0.0013628812438509054,0.010405827263267432,0.04116465863453815,0.020811654526534863,0.05120481927710843,0.03121748178980229,0.06526104417670682,false
Maine 22091,1469,1586,1028,0.06346778278198727,0.05491540894554972,0.27297481279782165,0.2686002522068096,0.2852280462899932,0.28940731399747793,0.3002042205582029,0.32723833543505676,false
Maine 22093,865,931,721,0.021064519362491232,0.023777027346638807,0.1653179190751445,0.22234156820622986,0.17687861271676303,0.23415682062298607,0.18959537572254337,0.24704618689581095,false
Maine 22100,333,333,325,0.0031653274896518142,0.0031653274896518142,0.03303303303303303,0.03303303303303303,0.05405405405405406,0.05405405405405406,0.08408408408408408,0.08408408408408408,false
Maine 22110,1467,1536,1428,0.0007216244309598721,0.0009731716579861111,0.00954328561690525,0.03125,0.016359918200409,0.04296875,0.0299931833674165,0.060546875,false
Maine 22111,3900,4220,3672,0.000295069033530572,0.0003761146425282451,0.006666666666666667,0.015639810426540286,0.010512820512820513,0.024170616113744076,0.01717948717948718,0.03933649289099526,false
Maine 22120,1081,1106,1054,0.0009832606085604433,0.0010562148269017589,0.012950971322849213,0.023508137432188065,0.022201665124884366,0.03616636528028933,0.04070305272895467,0.054249547920433995,false
Maine 22130,1023,1437,969,0.0011476031720095668,0.002993265274200242,0.02346041055718475,0.0709812108559499,0.03812316715542522,0.1092553931802366,0.05767350928641251,0.151009046624913,false
Maine 22140,80,80,79,0.012812500000000003,0.012812500000000003,0.07500000000000001,0.07500000000000001,0.1375,0.1375,0.2625,0.2625,false
Maine 22141,383,383,365,0.0028836518075656663,0.0028836518075656663,0.031331592689295036,0.031331592689295036,0.05744125326370757,0.05744125326370757,0.09921671018276762,0.09921671018276762,false
Maine 22142,73,73,66,0.017451679489585287,0.017451679489585287,0.1643835616438356,0.1643835616438356,0.2328767123287671,0.2328767123287671,0.3698630136986301,0.3698630136986301,false
Maine 22143,454,457,451,0.0022414562673446024,0.0022839467749426615,0.01762114537444934,0.024070021881838072,0.028634361233480177,0.0350109409190372,0.050660792951541855,0.05689277899343545,false
Maine 22145,24,24,23,0.04513888888888889,0.04513888888888889,0.25,0.25,0.4583333333333333,0.4583333333333333,0.875,0.875,false
Maine 22150,3636,3833,3495,0.000305283553657896,0.0003787804277584727,0.007700770077007701,0.012001043569006001,0.0121012101210121,0.021132272371510566,0.019801980198019802,0.038612053222019306,false
Maine 22180,5839,6564,5499,0.0002996721908283884,0.0005254595357165801,0.02038020208939887,0.029250457038391225,0.025860592567220415,0.04539914686166971,0.033224867271793114,0.06703229737964655,false
New Trier 23010,491,491,471,0.00275840899946491,0.00275840899946491,0.04480651731160896,0.04480651731160896,0.06109979633401222,0.06109979633401222,0.0814663951120163,0.0814663951120163,false
New Trier 23011,390,390,387,0.0026035502958579883,0.0026035502958579883,0.020512820512820513,0.020512820512820513,0.03333333333333333,0.03333333333333333,0.05897435897435897,0.05897435897435897,false
New Trier 23021,686,686,668,0.00165322272182509,0.00165322272182509,0.02478134110787172,0.02478134110787172,0.039358600583090375,0.039358600583090375,0.05539358600583091,0.05539358600583091,false
New Trier 23022,1694,1874,1651,0.0006481658300913426,0.001923758128134365,0.013577331759149942,0.0528281750266809,0.01948051948051948,0.07150480256136607,0.03128689492325856,0.1040554962646745,false
New Trier 23041,797,797,751,0.0014341736341896916,0.0014341736341896916,0.021329987452948555,0.021329987452948555,0.03513174404015056,0.03513174404015056,0.060225846925972396,0.060225846925972396,false
New Trier 23042,229,229,222,0.0046337789134455855,0.0046337789134455855,0.043668122270742356,0.043668122270742356,0.074235807860262,0.074235807860262,0.11790393013100436,0.11790393013100436,false
New Trier 23043,559,614,540,0.0019297173268134702,0.003411176776411421,0.023255813953488372,0.07980456026058631,0.04114490161001789,0.10912052117263843,0.06976744186046512,0.14169381107491857,false
New Trier 23044,656,745,639,0.001677758774538965,0.0033205711454438987,0.024390243902439025,0.08456375838926174,0.039634146341463415,0.1261744966442953,0.056402439024390245,0.16375838926174496,false
New Trier 23045,229,229,227,0.004443088423180335,0.004443088423180335,0.03056768558951965,0.03056768558951965,0.05240174672489083,0.05240174672489083,0.09606986899563319,0.09606986899563319,false
New Trier 23050,327,327,326,0.003076807975385536,0.003076807975385536,0.01834862385321101,0.01834862385321101,0.03363914373088685,0.03363914373088685,0.06422018348623854,0.06422018348623854,false
New Trier 23080,608,608,585,0.0019639456371191135,0.0019639456371191135,0.029605263157894735,0.029605263157894735,0.046052631578947366,0.046052631578947366,0.07072368421052631,0.07072368421052631,false
New Trier 23091,412,422,398,0.002603921198981996,0.0028862783854810095,0.02669902912621359,0.045023696682464455,0.050970873786407765,0.06872037914691943,0.08252427184466019,0.1042654028436019,false
New Trier 23092,1603,1645,1506,0.0007164514134251553,0.000779371957021831,0.011852776044915782,0.02006079027355623,0.021210230817217717,0.031610942249240125,0.03618215845290081,0.04984802431610942,false
New Trier 23093,1971,2116,1895,0.0006092913455145268,0.0007548929570720517,0.017757483510908167,0.024102079395085067,0.025367833587011668,0.04064272211720227,0.035514967021816335,0.0671077504725898,false
New Trier 23094,834,871,813,0.0012709257054787822,0.0018994491465660307,0.016786570743405275,0.04822043628013777,0.02877697841726619,0.06314580941446613,0.049160671462829736,0.08610792192881744,false
New Trier 23100,1123,1185,1062,0.0010569894118682545,0.00437323078566469,0.020480854853072127,0.070042194092827,0.031166518254674976,0.0810126582278481,0.048975957257346395,0.09789029535864979,false
New Trier 23110,490,490,480,0.0021241149521032906,0.0021241149521032906,0.020408163265306124,0.020408163265306124,0.04081632653061225,0.04081632653061225,0.06122448979591837,0.06122448979591837,false
New Trier 23120,2343,2384,2261,0.0004938384949565993,0.0005243288590604027,0.012804097311139564,0.018036912751677854,0.017072129748186088,0.02726510067114094,0.025608194622279132,0.03691275167785235,false
New Trier 23132,805,805,796,0.0012792716330388488,0.0012792716330388488,0.014906832298136646,0.014906832298136646,0.02360248447204969,0.02360248447204969,0.0360248447204969,0.0360248447204969,false
New Trier 23141,864,865,855,0.0011895576131687243,0.001190818269905443,0.013888888888888888,0.013872832369942197,0.02199074074074074,0.023121387283236997,0.03356481481481481,0.034682080924855495,false
New Trier 23150,2115,2157,2082,0.0004969568935164226,0.0006033122206295811,0.009456264775413711,0.021789522484932777,0.014184397163120567,0.0296708391284191,0.02364066193853428,0.03894297635605007,false
New Trier 23170,363,363,352,0.003028026318785147,0.003028026318785147,0.03856749311294766,0.03856749311294766,0.05785123966942149,0.05785123966942149,0.08539944903581267,0.08539944903581267,false
New Trier 23171,508,510,486,0.0023017546035092066,0.0023144944252210687,0.03937007874015748,0.0392156862745098,0.05905511811023622,0.060784313725490195,0.0826771653543307,0.08627450980392157,false
Niles 24013,1311,1463,1292,0.0007883769384327068,0.0013021119255604992,0.009916094584286803,0.03896103896103896,0.017543859649122806,0.06151742993848257,0.029748283752860413,0.10116199589883801,false
Niles 24021,65,65,65,0.015384615384615385,0.015384615384615385,0.07692307692307693,0.07692307692307693,0.15384615384615385,0.15384615384615385,0.3076923076923077,0.3076923076923077,false
Niles 24022,186,186,185,0.005434154237484104,0.005434154237484104,0.03225806451612903,0.03225806451612903,0.05913978494623656,0.05913978494623656,0.11290322580645162,0.11290322580645162,false
Niles 24023,346,346,342,0.0029569982291423034,0.0029569982291423034,0.02601156069364162,0.02601156069364162,0.04046242774566474,0.04046242774566474,0.06936416184971098,0.06936416184971098,false
Niles 24031,13484,16087,11749,0.000306217875063107,0.0003417847047405165,0.02336102046870365,0.02511344563933611,0.028626520320379708,0.032262074967364954,0.03329872441412044,0.04301609995648661,false
Niles 24032,595,689,500,0.0069345385212908695,0.007113652018764706,0.12605042016806722,0.14513788098693758,0.1495798319327731,0.20319303338171263,0.18319327731092439,0.24963715529753266,false
Niles 24051,3996,4219,3451,0.0003419335251167083,0.0005394955640633145,0.00950950950950951,0.030575965868689263,0.013763763763763764,0.03816070158805404,0.02127127127127127,0.04858971320218061,false
Niles 24052,1650,1768,1565,0.000739761248852158,0.0009616664277963188,0.019393939393939394,0.034502262443438916,0.027272727272727275,0.05429864253393665,0.0393939393939394,0.07692307692307693,false
Niles 24060,778,780,696,0.001599249278024861,0.0016009204470742932,0.02313624678663239,0.023076923076923078,0.037275064267352186,0.03717948717948718,0.06298200514138817,0.06282051282051282,false
Niles 24081,10352,10904,9384,0.00012927860485560511,0.00016449502064034874,0.006568778979907264,0.01256419662509171,0.008597372488408037,0.01705796038151137,0.0115919629057187,0.02347762289068232,false
Niles 24101,4660,4780,4100,0.00029545580135939136,0.0003048791162619702,0.009442060085836911,0.011297071129707112,0.013519313304721031,0.015690376569037656,0.019957081545064377,0.022594142259414224,false
Niles 24102,570,570,534,0.0020006155740227762,0.0020006155740227762,0.02456140350877193,0.02456140350877193,0.042105263157894736,0.042105263157894736,0.07719298245614035,0.07719298245614035,false
Niles 24103,619,619,582,0.0018242984019772371,0.0018242984019772371,0.0210016155088853,0.0210016155088853,0.03715670436187399,0.03715670436187399,0.06946688206785137,0.06946688206785137,false
Niles 24140,167,187,161,0.006705152569113271,0.017930166719094053,0.06586826347305388,0.1657754010695187,0.09580838323353294,0.1925133689839572,0.15568862275449102,0.2459893048128342,false
Niles 24150,432,433,429,0.0023469650205761314,0.002352137992095536,0.018518518518518517,0.020785219399538105,0.03009259259259259,0.03233256351039261,0.05324074074074074,0.05542725173210161,false
Niles 24160,88,88,88,0.011363636363636364,0.011363636363636364,0.05681818181818182,0.05681818181818182,0.11363636363636365,0.11363636363636365,0.2272727272727273,0.2272727272727273,false
North Chicago 74011,1907,2527,1711,0.0014884581932432853,0.0023203302238475826,0.056109071840587305,0.06885635140482786,0.06869428421604615,0.11476058567471309,0.08652333508127949,0.16541353383458646,false
North Chicago 74012,12286,16064,10804,0.00036894038440129855,0.00039611381416564817,0.028406316132182974,0.025522908366533863,0.03784795702425525,0.03741284860557769,0.04777795865212437,0.053971613545816734,false
North Chicago 74013,2045,2555,1702,0.002776406166868921,0.00716526054970684,0.0963325183374083,0.13111545988258316,0.1315403422982885,0.18943248532289628,0.1530562347188264,0.25518590998043056,false
North Chicago 74022,17974,19097,16037,0.00018701518453846685,0.00023002483148889874,0.021976187826861022,0.02372100329894748,0.02781795927450762,0.03356548148923915,0.03271392010682096,0.044771430067549876,false
North Chicago 74030,19640,20505,17265,0.00018114243760395884,0.00024365745182852792,0.020366598778004074,0.02321385028041941,0.029735234215885947,0.03521092416483784,0.037270875763747456,0.05101194830529139,false
Northfield 25010,1203,1203,1138,0.0031267080290407257,0.0031267080290407257,0.05486284289276808,0.05486284289276808,0.06234413965087282,0.06234413965087282,0.07065669160432253,0.07065669160432253,false
Northfield 25011,2701,3089,2605,0.0004565890209462098,0.0008600993447755436,0.015549796371714181,0.036257688572353515,0.021473528322843393,0.04791194561346714,0.029248426508700482,0.06733570734865653,false
Northfield 25021,1884,1884,1856,0.0005561415608476341,0.0005561415608476341,0.009554140127388535,0.009554140127388535,0.014861995753715499,0.014861995753715499,0.025477707006369428,0.025477707006369428,false
Northfield 25023,564,565,544,0.002200593531512499,0.002202208473647114,0.03723404255319149,0.03716814159292035,0.05319148936170213,0.05486725663716814,0.07092198581560284,0.07256637168141593,false
Northfield 25051,530,530,524,0.001950872196511214,0.001950872196511214,0.020754716981132074,0.020754716981132074,0.03018867924528302,0.03018867924528302,0.04905660377358491,0.04905660377358491,false
Northfield 25052,3417,3417,3367,0.0003174918843438817,0.0003174918843438817,0.007901668129938543,0.007901668129938543,0.010828211881767632,0.010828211881767632,0.016681299385425813,0.016681299385425813,false
Northfield 25061,594,599,583,0.0017685270210522734,0.001836672696006979,0.021885521885521883,0.028380634390651086,0.03535353535353535,0.04340567612687813,0.05218855218855219,0.06010016694490818,false
Northfield 25072,1811,1835,1764,0.0006174305680269756,0.0006530600123246887,0.014908890115958034,0.02125340599455041,0.020982882385422418,0.030517711171662125,0.03202650469353948,0.041961852861035424,false
Northfield 25082,152,152,148,0.006925207756232686,0.006925207756232686,0.05921052631578947,0.05921052631578947,0.09210526315789473,0.09210526315789473,0.15789473684210525,0.15789473684210525,false
Northfield 25090,704,711,659,0.0016020467458677686,0.0016557175666292794,0.014204545454545456,0.02109704641350211,0.02840909090909091,0.035161744022503515,0.05681818181818182,0.06329113924050633,false
Northfield 25100,879,901,869,0.0011738957678922033,0.0013168251825262597,0.01478953356086462,0.032186459489456164,0.022753128555176336,0.04439511653718091,0.034129692832764506,0.05771365149833518,false
Northfield 25102,2306,2306,2241,0.0005660410001737614,0.0005660410001737614,0.018647007805724196,0.018647007805724196,0.023417172593235037,0.023417172593235037,0.032090199479618386,0.032090199479618386,false
Northfield 25110,404,404,356,0.0030756788550142145,0.0030756788550142145,0.027227722772277228,0.027227722772277228,0.05198019801980198,0.05198019801980198,0.10148514851485149,0.10148514851485149,false
Northfield 25131,1153,1252,1140,0.0008898691072499133,0.0012657064989945797,0.010407632263660017,0.03354632587859425,0.019080659150043363,0.05990415335463259,0.028620988725065046,0.097444089456869,false
Northfield 25132,2603,2671,2454,0.0007372031060233848,0.0007789195795320064,0.030349596619285442,0.03481842006739049,0.0364963503649635,0.04679895170348184,0.04533230887437572,0.06140022463496818,false
Northfield 25140,346,346,329,0.005446222727120853,0.005446222727120853,0.06358381502890173,0.06358381502890173,0.07803468208092486,0.07803468208092486,0.1069364161849711,0.1069364161849711,false
Northfield 25160,2904,2962,2746,0.001236776100600293,0.0012499082458382364,0.039600550964187325,0.04490209318028359,0.044765840220385676,0.054692775151924375,0.05199724517906336,0.06515867656988521,false
Northfield 25180,735,735,721,0.001434587440418344,0.001434587440418344,0.019047619047619046,0.019047619047619046,0.03265306122448979,0.03265306122448979,0.04625850340136054,0.04625850340136054,false
Northfield 25190,189,189,176,0.006018868452730886,0.006018868452730886,0.05291005291005291,0.05291005291005291,0.10582010582010581,0.10582010582010581,0.1746031746031746,0.1746031746031746,false
Northfield 25200,2324,2330,2256,0.0004810241704462305,0.0004873915526165521,0.013769363166953529,0.015021459227467811,0.018502581755593803,0.020600858369098713,0.02710843373493976,0.029184549356223177,false
Northfield 25210,440,440,415,0.0056301652892561975,0.0056301652892561975,0.06818181818181818,0.06818181818181818,0.07954545454545454,0.07954545454545454,0.10227272727272727,0.10227272727272727,false
Northfield 25220,79,79,79,0.012658227848101266,0.012658227848101266,0.06329113924050633,0.06329113924050633,0.12658227848101267,0.12658227848101267,0.25316455696202533,0.25316455696202533,false
Northfield 25230,103,103,103,0.009708737864077669,0.009708737864077669,0.04854368932038834,0.04854368932038834,0.09708737864077668,0.09708737864077668,0.19417475728155337,0.19417475728155337,false
Northfield 25240,27,27,27,0.037037037037037035,0.037037037037037035,0.18518518518518517,0.18518518518518517,0.37037037037037035,0.37037037037037035,0.7407407407407407,0.7407407407407407,false
Northfield 25250,229,247,228,0.004404950325127285,0.006146634103165107,0.026200873362445413,0.09716599190283401,0.048034934497816595,0.11740890688259109,0.09170305676855894,0.15789473684210525,false
Northfield 25260,989,995,981,0.0010377039241566228,0.0010737102598419232,0.01314459049544995,0.019095477386934675,0.01820020222446916,0.02412060301507538,0.028311425682507586,0.034170854271356785,false
Northfield 25270,360,360,352,0.0030092592592592593,0.0030092592592592593,0.03611111111111111,0.03611111111111111,0.05,0.05,0.07777777777777778,0.07777777777777778,false
Northfield 25280,257,263,255,0.003951611682235916,0.0044673191747748265,0.027237354085603113,0.049429657794676805,0.04669260700389105,0.06844106463878327,0.08560311284046693,0.10646387832699619,false
Northfield 25300,103,103,103,0.009708737864077669,0.009708737864077669,0.04854368932038834,0.04854368932038834,0.09708737864077668,0.09708737864077668,0.19417475728155337,0.19417475728155337,false
Northfield 25310,13,13,13,0.07692307692307693,0.07692307692307693,0.38461538461538464,0.38461538461538464,0.7692307692307693,0.7692307692307693,1.0,1.0,false
Northfield 25320,81,81,80,0.012650510592897422,0.012650510592897422,0.07407407407407407,0.07407407407407407,0.13580246913580246,0.13580246913580246,0.25925925925925924,0.25925925925925924,false
Northfield 25350,341,341,341,0.002932551319648094,0.002932551319648094,0.01466275659824047,0.01466275659824047,0.02932551319648094,0.02932551319648094,0.05865102639296188,0.05865102639296188,false
Northfield 25400,201,201,201,0.004975124378109453,0.004975124378109453,0.02487562189054726,0.02487562189054726,0.04975124378109452,0.04975124378109452,0.09950248756218905,0.09950248756218905,false
Northfield 25420,97,97,97,0.010309278350515464,0.010309278350515464,0.05154639175257732,0.05154639175257732,0.10309278350515463,0.10309278350515463,0.20618556701030927,0.20618556701030927,false
Northfield 25430,1112,1606,1036,0.001061021686248124,0.0027411217895531854,0.01618705035971223,0.062266500622665005,0.029676258992805758,0.10336239103362391,0.054856115107913675,0.16064757160647572,false
Norwood Park 26010,7019,8102,6741,0.00018071154067985658,0.00035870106158817706,0.010400341929049723,0.023080720809676623,0.01438951417580852,0.03357195754134781,0.018806097734720046,0.049493952110589975,false
Norwood Park 26030,383,385,373,0.002883651807565666,0.002894248608534323,0.03655352480417755,0.03636363636363636,0.05221932114882506,0.05714285714285714,0.0783289817232376,0.08311688311688312,false
Norwood Park 26040,1483,1601,1441,0.000729781306594995,0.0012894033671179122,0.012137559002022926,0.05121798875702686,0.018880647336480108,0.07370393504059962,0.03236682400539447,0.09431605246720799,false
Norwood Park 26050,244,244,239,0.004266326256382694,0.004266326256382694,0.04098360655737705,0.04098360655737705,0.06147540983606557,0.06147540983606557,0.10245901639344263,0.10245901639344263,false
Oak Park 27010,1375,1500,1351,0.0008013223140495866,0.0017155555555555557,0.014545454545454545,0.064,0.02181818181818182,0.08466666666666667,0.032,0.10466666666666667,false
Oak Park 27020,2272,2728,2223,0.00047152412715731004,0.0008379485900534052,0.01056338028169014,0.031158357771260997,0.014964788732394367,0.044354838709677415,0.023767605633802816,0.07001466275659823,false
Oak Park 27030,1894,2255,1867,0.0005513994618698072,0.0009252658541501762,0.01003167898627244,0.028381374722838137,0.01583949313621964,0.04390243902439024,0.02481520591341077,0.07494456762749446,false
Oak Park 27040,1747,2253,1685,0.000665463306300866,0.0012823066310560128,0.018317115054378934,0.03994673768308921,0.027475672581568404,0.060363959165557035,0.040641099026903264,0.09143364403018198,false
Oak Park 27041,1179,1388,1138,0.0010611197799201607,0.0016122133727545283,0.02714164546225615,0.04178674351585014,0.03816793893129771,0.0670028818443804,0.05173876166242579,0.11743515850144093,false
Oak Park 27050,1718,2003,1667,0.0007989093092246581,0.0011034372056493392,0.022118742724097785,0.03794308537194209,0.027939464493597205,0.05541687468796805,0.03958090803259604,0.09036445332001997,false
Oak Park 27060,1780,2049,1744,0.0005996717586163364,0.0008805733420890478,0.010674157303370787,0.025866276232308444,0.016292134831460674,0.042947779404587605,0.027528089887640453,0.07662274280136652,false
Oak Park 27070,1132,1234,1120,0.0009052429172545543,0.0011360979697338247,0.01060070671378092,0.028363047001620748,0.019434628975265017,0.051863857374392225,0.028268551236749116,0.07455429497568881,false
Oak Park 27080,1051,1493,1015,0.0010383839956690246,0.0023925001200063344,0.015223596574690771,0.06095110515740121,0.029495718363463368,0.09979906229068988,0.048525214081826834,0.14668452779638314,false
Oak Park 27090,1277,1779,1220,0.00101365708220066,0.002240554896754687,0.028974158183241974,0.061832490163012926,0.03915426781519186,0.09893198426082069,0.0548159749412686,0.13884204609331086,false
Oak Park 27100,757,932,746,0.0013698654041800964,0.0023255171397520676,0.015852047556142668,0.0536480686695279,0.02774108322324967,0.09120171673819742,0.04095112285336856,0.13948497854077252,false
Orland 28011,1731,1731,1720,0.0005877128957425356,0.0005877128957425356,0.0075101097631426915,0.0075101097631426915,0.012131715771230503,0.012131715771230503,0.017908723281340265,0.017908723281340265,false
Orland 28012,358,358,351,0.0029181361380730938,0.0029181361380730938,0.030726256983240226,0.030726256983240226,0.04748603351955307,0.04748603351955307,0.07541899441340782,0.07541899441340782,false
Orland 28013,287,287,282,0.0036057254549648533,0.0036057254549648533,0.03484320557491289,0.03484320557491289,0.05226480836236934,0.05226480836236934,0.08710801393728224,0.08710801393728224,false
Orland 28014,433,433,430,0.002352137992095536,0.002352137992095536,0.018475750577367205,0.018475750577367205,0.03002309468822171,0.03002309468822171,0.053117782909930716,0.053117782909930716,false
Orland 28015,3926,3926,3893,0.0002614595176324925,0.0002614595176324925,0.005094243504839531,0.005094243504839531,0.007641365257259297,0.007641365257259297,0.012735608762098827,0.012735608762098827,false
Orland 28022,2003,2423,1906,0.0005899787363388268,0.0009019015559547731,0.015976035946080876,0.02269913330581923,0.026460309535696454,0.03879488237721832,0.03944083874188717,0.06727197688815517,false
Orland 28030,457,457,449,0.0022935230716929454,0.0022935230716929454,0.0262582056892779,0.0262582056892779,0.03938730853391685,0.03938730853391685,0.061269146608315096,0.061269146608315096,false
Orland 28031,1631,1655,1569,0.0012950343982939378,0.0014329916667427279,0.036174126302881665,0.048942598187311184,0.04291845493562232,0.056193353474320244,0.05027590435315757,0.06404833836858007,false
Orland 28032,904,904,899,0.0011257733573498316,0.0011257733573498316,0.011061946902654867,0.011061946902654867,0.0165929203539823,0.0165929203539823,0.02765486725663717,0.02765486725663717,false
Orland 28034,384,384,382,0.002644856770833333,0.002644856770833333,0.018229166666666664,0.018229166666666664,0.03125,0.03125,0.057291666666666664,0.057291666666666664,false
Orland 28036,4754,5270,4636,0.00023672025895337968,0.0004154409514310713,0.009886411442995372,0.01840607210626186,0.013462347496844763,0.029032258064516127,0.01851072780816155,0.043074003795066415,false
Orland 28037,153,153,153,0.006535947712418302,0.006535947712418302,0.032679738562091505,0.032679738562091505,0.06535947712418301,0.06535947712418301,0.13071895424836602,0.13071895424836602,false
Orland 28039,523,526,485,0.0022630141593761536,0.0022914889618181554,0.030592734225621414,0.03231939163498099,0.055449330783938815,0.05893536121673004,0.09369024856596558,0.09695817490494296,false
Orland 28040,1511,1512,1464,0.0007546687188283057,0.0007549830631841213,0.018530774321641297,0.018518518518518517,0.027134348113831898,0.027116402116402115,0.04037061548643282,0.04034391534391534,false
Orland 28043,3030,3035,2978,0.00037098759380888583,0.00037269744252257437,0.008580858085808581,0.009555189456342669,0.011881188118811881,0.012850082372322899,0.018481848184818482,0.01943986820428336,false
Orland 28045,1704,1704,1675,0.0006984394630694968,0.0006984394630694968,0.018192488262910797,0.018192488262910797,0.022887323943661973,0.022887323943661973,0.028755868544600938,0.028755868544600938,false
Orland 28046,1319,1583,1272,0.0017559883225339574,0.03508495388263407,0.03866565579984837,0.19898926089703095,0.043214556482183475,0.20277953253316489,0.05079605761940865,0.20909665192672142,false
Orland 28047,1175,1175,1170,0.0008612041647804437,0.0008612041647804437,0.00851063829787234,0.00851063829787234,0.01276595744680851,0.01276595744680851,0.02127659574468085,0.02127659574468085,false
Orland 28050,1808,1846,1772,0.0005971493460725193,0.000635616348310716,0.013827433628318585,0.01733477789815818,0.021017699115044246,0.027085590465872156,0.030973451327433628,0.04333694474539545,false
Orland 28061,1053,1162,1023,0.0010831441663983609,0.001743388602356315,0.024691358024691357,0.04647160068846816,0.037037037037037035,0.076592082616179,0.04748338081671415,0.12994836488812392,false
Orland 28088,866,866,857,0.001186736288528927,0.001186736288528927,0.013856812933025405,0.013856812933025405,0.021939953810623556,0.021939953810623556,0.03348729792147806,0.03348729792147806,false
Orland 28099,603,603,588,0.0018288876237936905,0.0018288876237936905,0.029850746268656716,0.029850746268656716,0.04145936981757877,0.04145936981757877,0.05804311774461028,0.05804311774461028,false
Orland 28100,3131,3144,2955,0.000702120469101752,0.0007162558514461086,0.03736825295432769,0.037531806615776084,0.05046311082721175,0.052480916030534355,0.0594059405940594,0.06329516539440204,false
Orland 28101,257,257,257,0.0038910505836575876,0.0038910505836575876,0.019455252918287938,0.019455252918287938,0.038910505836575876,0.038910505836575876,0.07782101167315175,0.07782101167315175,false
Orland 28102,93,93,93,0.010752688172043013,0.010752688172043013,0.05376344086021506,0.05376344086021506,0.10752688172043012,0.10752688172043012,0.21505376344086025,0.21505376344086025,false
Orland 28103,1966,1967,1941,0.0005505599256537123,0.0005507756477041495,0.012207527975584944,0.012201321809862735,0.017293997965412002,0.01728520589730554,0.02288911495422177,0.02338586680223691,false
Orland 28104,148,148,148,0.006756756756756758,0.006756756756756758,0.033783783783783786,0.033783783783783786,0.06756756756756757,0.06756756756756757,0.13513513513513514,0.13513513513513514,false
Palatine 29011,725,725,719,0.001413555291319857,0.001413555291319857,0.015172413793103447,0.015172413793103447,0.022068965517241378,0.022068965517241378,0.03586206896551724,0.03586206896551724,false
Palatine 29013,376,376,375,0.0026737211407876866,0.0026737211407876866,0.015957446808510637,0.015957446808510637,0.02925531914893617,0.02925531914893617,0.05585106382978723,0.05585106382978723,false
Palatine 29022,4572,5264,3786,0.0005773283151504575,0.001040069151245831,0.025809273840769902,0.03761398176291793,0.04505686789151356,0.05680091185410334,0.06911636045494313,0.08776595744680851,false
Palatine 29031,459,459,454,0.002226114362472174,0.002226114362472174,0.02178649237472767,0.02178649237472767,0.032679738562091505,0.032679738562091505,0.054466230936819175,0.054466230936819175,false
Palatine 29032,1035,1035,1030,0.0009755186818828911,0.0009755186818828911,0.00966183574879227,0.00966183574879227,0.014492753623188406,0.014492753623188406,0.024154589371980676,0.024154589371980676,false
Palatine 29033,2836,2836,2802,0.0003680266411501529,0.0003680266411501529,0.007404795486600847,0.007404795486600847,0.011283497884344146,0.011283497884344146,0.018335684062059238,0.018335684062059238,false
Palatine 29041,552,552,550,0.0018247216971224534,0.0018247216971224534,0.012681159420289856,0.012681159420289856,0.021739130434782608,0.021739130434782608,0.03985507246376812,0.03985507246376812,false
Palatine 29042,566,566,560,0.001804242779907353,0.001804242779907353,0.0176678445229682,0.0176678445229682,0.028268551236749116,0.028268551236749116,0.045936395759717315,0.045936395759717315,false
Palatine 29043,991,1418,924,0.0032777337103558667,0.053721942941945294,0.0686175580221998,0.2863187588152327,0.07769929364278506,0.31100141043723556,0.08779011099899092,0.3533145275035261,false
Palatine 29050,1611,1703,1536,0.0007494256009179597,0.0008782125701975271,0.020484171322160148,0.025836758661186142,0.031036623215394167,0.04286553141514973,0.04531346989447548,0.06635349383440986,false
Palatine 29060,5482,5917,5270,0.00021935075636746095,0.00033141117896206515,0.009120758847136081,0.020111543011661313,0.012951477562933236,0.031265844177792795,0.019700839109813937,0.044448200101402734,false
Palatine 29070,8054,8802,7696,0.00014987609400144754,0.0002511255084917234,0.007077228706232928,0.016246307657350603,0.010802085920039731,0.024539877300613498,0.016265209833623045,0.038173142467621,false
Palatine 29080,2302,2310,2251,0.0004759205344802728,0.00048312437922827533,0.011728931364031277,0.01341991341991342,0.016507384882710686,0.01904761904761905,0.02519548218940052,0.027705627705627706,false
Palatine 29082,987,1017,719,0.039218041222826835,0.03726327941223391,0.2502532928064843,0.2497541789577188,0.2684903748733536,0.2831858407079646,0.2887537993920973,0.30678466076696165,false
Palatine 29083,1556,1556,1531,0.000665803160169441,0.000665803160169441,0.008354755784061696,0.008354755784061696,0.014781491002570693,0.014781491002570693,0.027634961439588688,0.027634961439588688,false
Palatine 29084,1154,1154,1145,0.0008860748087430052,0.0008860748087430052,0.011265164644714038,0.011265164644714038,0.016464471403812825,0.016464471403812825,0.02512998266897747,0.02512998266897747,false
Palatine 29090,988,1038,972,0.0010633676998475635,0.0022182127330979615,0.015182186234817815,0.057803468208092484,0.025303643724696356,0.06840077071290944,0.03643724696356275,0.08285163776493257,false
Palatine 29100,3710,3726,3455,0.0011638973852267855,0.0011595413005014163,0.04501347708894879,0.04482018250134192,0.05175202156334232,0.05152979066022544,0.059568733153638816,0.061191626409017714,false
Palatine 29110,182,182,182,0.005494505494505496,0.005494505494505496,0.027472527472527476,0.027472527472527476,0.05494505494505495,0.05494505494505495,0.1098901098901099,0.1098901098901099,false
Palatine 29120,140,140,140,0.007142857142857142,0.007142857142857142,0.03571428571428571,0.03571428571428571,0.07142857142857142,0.07142857142857142,0.14285714285714285,0.14285714285714285,false
Palatine 29130,83,83,83,0.012048192771084338,0.012048192771084338,0.060240963855421686,0.060240963855421686,0.12048192771084337,0.12048192771084337,0.24096385542168675,0.24096385542168675,false
Palatine 29140,229,229,228,0.004404950325127285,0.004404950325127285,0.026200873362445413,0.026200873362445413,0.048034934497816595,0.048034934497816595,0.09170305676855894,0.09170305676855894,false
Palatine 29170,446,446,443,0.0022723159524623456,0.0022723159524623456,0.017937219730941704,0.017937219730941704,0.02914798206278027,0.02914798206278027,0.051569506726457395,0.051569506726457395,false
Palatine 29180,291,291,290,0.003460044165751467,0.003460044165751467,0.020618556701030927,0.020618556701030927,0.037800687285223365,0.037800687285223365,0.07216494845360824,0.07216494845360824,false
Palos 30010,1014,1015,988,0.001355772634789476,0.0013560144628600548,0.03057199211045365,0.03152709359605911,0.03550295857988165,0.03645320197044335,0.04536489151873767,0.04630541871921182,false
Palos 30011,1233,1240,1205,0.0010557203268589065,0.001077003121748179,0.0267639902676399,0.03064516129032258,0.030819140308191405,0.036290322580645164,0.038929440389294405,0.04435483870967742,false
Palos 30012,2867,3283,2752,0.00039162065620730905,0.0007551431427222395,0.010115102895012208,0.030155345720377702,0.015347052668294385,0.050868108437404816,0.024066968957098013,0.0767590618336887,false
Palos 30020,268,268,266,0.003787034974381822,0.003787034974381822,0.026119402985074626,0.026119402985074626,0.04477611940298507,0.04477611940298507,0.08208955223880597,0.08208955223880597,false
Palos 30022,999,1230,979,0.0010450891331772211,0.0018996628990680152,0.012012012012012012,0.041463414634146344,0.022022022022022022,0.06991869918699187,0.04004004004004004,0.12113821138211382,false
Palos 30030,1216,1599,1158,0.0009657418628808863,0.0036283621603714956,0.023026315789473683,0.0975609756097561,0.033717105263157895,0.1275797373358349,0.05016447368421052,0.17073170731707316,false
Palos 30031,227,227,227,0.004405286343612336,0.004405286343612336,0.022026431718061675,0.022026431718061675,0.04405286343612335,0.04405286343612335,0.0881057268722467,0.0881057268722467,false
Palos 30040,516,702,505,0.002133285259299321,0.008542950138391734,0.029069767441860465,0.12962962962962962,0.040697674418604654,0.1794871794871795,0.06007751937984496,0.2720797720797721,false
Palos 30041,369,369,355,0.00331225534477567,0.00331225534477567,0.051490514905149054,0.051490514905149054,0.06504065040650406,0.06504065040650406,0.0921409214092141,0.0921409214092141,false
Palos 30042,1671,1719,1651,0.0006206484325672461,0.0006534773216973083,0.008976660682226212,0.011634671320535195,0.014961101137043686,0.02036067481093659,0.023937761819269897,0.03781268179173938,false
Palos 30050,148,148,148,0.006756756756756758,0.006756756756756758,0.033783783783783786,0.033783783783783786,0.06756756756756757,0.06756756756756757,0.13513513513513514,0.13513513513513514,false
Palos 30051,683,683,679,0.0014855655760371627,0.0014855655760371627,0.013177159590043924,0.013177159590043924,0.020497803806734993,0.020497803806734993,0.03513909224011713,0.03513909224011713,false
Palos 30052,357,357,352,0.0028952757573617685,0.0028952757573617685,0.028011204481792718,0.028011204481792718,0.04201680672268907,0.04201680672268907,0.0700280112044818,0.0700280112044818,false
Palos 30053,1136,1222,1120,0.0009143771077167229,0.001139769795966474,0.011443661971830986,0.02618657937806874,0.020246478873239437,0.046644844517184945,0.03169014084507042,0.08019639934533553,false
Palos 30054,1231,1231,1224,0.0008255458600293922,0.0008255458600293922,0.00974817221770918,0.00974817221770918,0.01380991064175467,0.01380991064175467,0.021933387489845652,0.021933387489845652,false
Palos 30060,812,895,501,0.08952231308694704,0.07448331824849412,0.353448275862069,0.32849162011173183,0.3706896551724138,0.36312849162011174,0.395320197044335,0.42793296089385474,false
Palos 30061,686,895,654,0.001670222441329718,0.0027327486657719793,0.02769679300291545,0.03910614525139665,0.04227405247813411,0.07262569832402235,0.07142857142857142,0.13966480446927373,false
Palos 30062,607,607,597,0.0018537165252178727,0.0018537165252178727,0.02471169686985173,0.02471169686985173,0.032948929159802305,0.032948929159802305,0.04942339373970346,0.04942339373970346,false
Palos 30063,177,177,177,0.005649717514124294,0.005649717514124294,0.02824858757062147,0.02824858757062147,0.05649717514124294,0.05649717514124294,0.11299435028248588,0.11299435028248588,false
Palos 30070,1496,1496,1457,0.0007354728473791071,0.0007354728473791071,0.016042780748663103,0.016042780748663103,0.022727272727272728,0.022727272727272728,0.03609625668449198,0.03609625668449198,false
Palos 30071,448,450,431,0.0024513711734693877,0.0024691358024691358,0.03125,0.03333333333333333,0.05357142857142857,0.05555555555555556,0.08258928571428571,0.08666666666666667,false
Palos 30080,938,950,922,0.0011115606857579298,0.0011700831024930747,0.013859275053304903,0.023157894736842106,0.024520255863539446,0.03368421052631579,0.038379530916844345,0.05052631578947368,false
Palos 30082,19,19,19,0.05263157894736841,0.05263157894736841,0.2631578947368421,0.2631578947368421,0.5263157894736842,0.5263157894736842,1.0,1.0,false
Palos 30092,265,265,265,0.0037735849056603774,0.0037735849056603774,0.018867924528301886,0.018867924528301886,0.03773584905660377,0.03773584905660377,0.07547169811320754,0.07547169811320754,false
Palos 30100,39,39,39,0.025641025641025637,0.025641025641025637,0.1282051282051282,0.1282051282051282,0.2564102564102564,0.2564102564102564,0.5128205128205128,0.5128205128205128,false
Proviso 31010,651,789,620,0.0017814965042555351,0.005443993054049582,0.029185867895545316,0.10646387832699619,0.0445468509984639,0.1432192648922687,0.07526881720430108,0.1850443599493029,false
Proviso 31020,3398,3778,3248,0.0003469478462731773,0.0006120525591727875,0.01030017657445556,0.028851244044467973,0.015303119482048263,0.0463208046585495,0.023248969982342552,0.07093700370566437,false
Proviso 31021,151,151,146,0.007236524713828341,0.007236524713828341,0.06622516556291391,0.06622516556291391,0.09933774834437087,0.09933774834437087,0.16556291390728478,0.16556291390728478,false
Proviso 31030,1541,1732,1490,0.0007205178295526851,0.0013774141416296422,0.015574302401038288,0.04561200923787529,0.0227125243348475,0.0663972286374134,0.035691109669046074,0.10392609699769054,false
Proviso 31031,1262,1348,1195,0.0009041568611692255,0.0010995518143155263,0.01584786053882726,0.029673590504451036,0.02377179080824089,0.04896142433234421,0.039619651347068144,0.0741839762611276,false
Proviso 31032,1841,2247,1747,0.0006499903666883919,0.0010827867409228227,0.016295491580662683,0.03515798842901647,0.024443237370994023,0.05651980418335559,0.03530689842476915,0.08767245215843346,false
Proviso 31033,212,231,204,0.0050729797080811675,0.0059781488352916926,0.04716981132075471,0.0735930735930736,0.08490566037735849,0.1168831168831169,0.1320754716981132,0.20346320346320346,false
Proviso 31034,2264,3189,2090,0.0005751414051867298,0.0021022208967187987,0.01678445229681979,0.06302916274694262,0.026943462897526502,0.10379429288178112,0.04240282685512368,0.15741611790529947,false
Proviso 31040,841,1040,776,0.0014859723363132896,0.0024741124260355034,0.029726516052318668,0.06826923076923078,0.04518430439952437,0.09615384615384616,0.06896551724137931,0.13365384615384615,false
Proviso 31041,1229,1556,1160,0.0009738877586082474,0.0020767110976004652,0.021155410903173313,0.061053984575835475,0.030105777054515868,0.08290488431876607,0.046379170056956874,0.11889460154241645,false
Proviso 31042,1679,2926,1433,0.0008453229307413409,0.001277817049303181,0.019058963668850508,0.03315105946684894,0.030970815961882073,0.05673274094326726,0.048838594401429423,0.08920027341079972,false
Proviso 31050,1135,1298,1109,0.0009648935550854859,0.0017984287786591202,0.01762114537444934,0.054699537750385205,0.02643171806167401,0.08243451463790448,0.04052863436123348,0.13097072419106318,false
Proviso 31060,3028,4252,2790,0.0004875237545131394,0.0007423876230232866,0.019484808454425365,0.02845719661335842,0.027410832232496695,0.04397930385700847,0.0392998678996037,0.06655691439322671,false
Proviso 31080,3933,4460,3695,0.00031192445493544965,0.0007315650827484968,0.011187388761759471,0.03721973094170404,0.016526824307144673,0.05762331838565023,0.024663107042969742,0.08161434977578476,false
Proviso 31091,2852,3991,2701,0.00043374005889422837,0.0008325547817091086,0.014025245441795231,0.02430468554247056,0.020687237026647966,0.04184414933600601,0.03120617110799439,0.07541969431220245,false
Proviso 31092,1858,2669,1755,0.0007021682631531989,0.0013402004980374283,0.024219590958019375,0.037841888347695765,0.03390742734122713,0.06406893967778195,0.045748116254036596,0.10902959910078681,false
Proviso 31102,1189,1227,1142,0.0009146076205984064,0.0009491680332959377,0.011774600504625737,0.013854930725346373,0.020185029436501262,0.026079869600651995,0.03700588730025231,0.044009779951100246,false
Proviso 31103,792,1059,761,0.0014730639730639733,0.006083919388736859,0.02777777777777778,0.11425873465533523,0.04040404040404041,0.15864022662889518,0.06439393939393939,0.21718602455146366,false
Proviso 31104,2544,2650,2366,0.001039256259641628,0.001177928088287647,0.040880503144654086,0.04716981132075472,0.047562893081761,0.05886792452830188,0.05778301886792452,0.07849056603773585,false
Proviso 31110,2530,2835,2399,0.0004821197019169179,0.0007095732668924909,0.015810276679841896,0.028571428571428574,0.022134387351778657,0.043738977072310406,0.031225296442687747,0.06772486772486773,false
Proviso 31120,849,872,820,0.0012971680116980967,0.0015492172376062622,0.020023557126030624,0.04243119266055046,0.03180212014134275,0.05504587155963303,0.05535924617196702,0.0779816513761468,false
Proviso 31141,2127,2335,2028,0.0005956947735133104,0.0007584059718738679,0.019746121297602254,0.028693790149892935,0.026328161730136343,0.04582441113490364,0.035731076633756464,0.06809421841541756,false
Proviso 31150,884,899,860,0.0012873405540427102,0.0013053683427761164,0.026018099547511313,0.027808676307007788,0.03733031674208145,0.0389321468298109,0.0497737556561086,0.061179087875417135,false
Proviso 31151,333,337,328,0.0030931832733634536,0.0031258530056617567,0.03003003003003003,0.02967359050445104,0.04504504504504504,0.05637982195845698,0.07507507507507508,0.08605341246290801,false
Proviso 31152,287,289,253,0.004504121696269228,0.004513834843931466,0.05226480836236934,0.051903114186851215,0.08710801393728224,0.08650519031141868,0.156794425087108,0.15570934256055363,false
Proviso 31160,2335,2701,2211,0.0005258403679231873,0.0008615016501491831,0.015845824411134905,0.036653091447611995,0.022698072805139184,0.05109218807848945,0.03126338329764454,0.07515734912995187,false
Proviso 31161,566,618,475,0.002372360748667108,0.003843696651689865,0.026501766784452298,0.08414239482200647,0.045936395759717315,0.11650485436893203,0.0812720848056537,0.15048543689320387,false
Proviso 31170,563,824,531,0.0021043067303111664,0.005381633518710529,0.035523978685612786,0.10436893203883496,0.05328596802841919,0.1650485436893204,0.08880994671403197,0.24635922330097088,false
Proviso 31173,193,193,192,0.005235039866842063,0.005235039866842063,0.031088082901554404,0.031088082901554404,0.05699481865284974,0.05699481865284974,0.10880829015544041,0.10880829015544041,false
Proviso 31174,242,242,240,0.004200532750495185,0.004200532750495185,0.028925619834710745,0.028925619834710745,0.049586776859504134,0.049586776859504134,0.09090909090909091,0.09090909090909091,false
Proviso 31190,789,1101,710,0.001659381771859905,0.0033946515470619147,0.031685678073510776,0.08719346049046321,0.048162230671736375,0.12806539509536785,0.07351077313054499,0.17620345140781107,false
Proviso 31200,442,647,425,0.0025593251571425653,0.00503333659811423,0.03619909502262444,0.0973724884080371,0.05882352941176471,0.14837712519319937,0.08371040723981901,0.2117465224111283,false
Proviso 31210,757,784,720,0.0014920190071006144,0.0016431955435235316,0.021136063408190225,0.03443877551020408,0.034346103038309116,0.04846938775510204,0.0607661822985469,0.07397959183673469,false
Rich 32010,1266,1266,1195,0.0009683320480472386,0.0009683320480472386,0.022906793048973143,0.022906793048973143,0.04028436018957346,0.04028436018957346,0.05687203791469194,0.05687203791469194,false
Rich 32020,886,886,850,0.0012738918414870902,0.0012738918414870902,0.023702031602708805,0.023702031602708805,0.03724604966139955,0.03724604966139955,0.05981941309255079,0.05981941309255079,false
Rich 32040,199,199,195,0.0053281482790838615,0.0053281482790838615,0.04522613065326633,0.04522613065326633,0.07035175879396985,0.07035175879396985,0.12060301507537688,0.12060301507537688,false
Rich 32041,358,358,333,0.0034331013389095224,0.0034331013389095224,0.05307262569832402,0.05307262569832402,0.08100558659217877,0.08100558659217877,0.12569832402234637,0.12569832402234637,false
Rich 32042,157,157,157,0.006369426751592357,0.006369426751592357,0.03184713375796178,0.03184713375796178,0.06369426751592357,0.06369426751592357,0.12738853503184713,0.12738853503184713,false
Rich 32043,196,213,194,0.005206164098292377,0.006943066851815116,0.03571428571428571,0.107981220657277,0.061224489795918366,0.13615023474178403,0.11224489795918366,0.18309859154929578,false
Rich 32045,597,665,538,0.0024494330951238606,0.007649951947538016,0.055276381909547735,0.11729323308270675,0.08207705192629816,0.14887218045112782,0.11892797319932999,0.19849624060150375,false
Rich 32050,325,338,316,0.0032473372781065086,0.0035537971359546235,0.03076923076923077,0.05325443786982248,0.05846153846153846,0.08284023668639053,0.08923076923076922,0.1242603550295858,false
Rich 32055,548,615,530,0.002284351856785124,0.01717760592240069,0.041970802919708027,0.14471544715447154,0.051094890510948905,0.15447154471544716,0.06934306569343066,0.17073170731707318,false
Rich 32060,425,428,416,0.0024636678200692036,0.0025111363437854833,0.025882352941176467,0.03037383177570093,0.04470588235294117,0.0514018691588785,0.06823529411764706,0.07476635514018691,false
Rich 32061,126,126,122,0.008692365835222976,0.008692365835222976,0.07142857142857142,0.07142857142857142,0.1111111111111111,0.1111111111111111,0.19047619047619047,0.19047619047619047,false
Rich 32070,593,593,583,0.0017432155359463554,0.0017432155359463554,0.016863406408094434,0.016863406408094434,0.03372681281618887,0.03372681281618887,0.050590219224283306,0.050590219224283306,false
Rich 32075,156,156,155,0.006492439184746877,0.006492439184746877,0.038461538461538464,0.038461538461538464,0.07051282051282051,0.07051282051282051,0.1346153846153846,0.1346153846153846,false
Rich 32080,178,178,174,0.005870470900138871,0.005870470900138871,0.05056179775280899,0.05056179775280899,0.07865168539325842,0.07865168539325842,0.1348314606741573,0.1348314606741573,false
Rich 32090,416,416,414,0.002426960059171598,0.002426960059171598,0.01682692307692308,0.01682692307692308,0.028846153846153848,0.028846153846153848,0.05288461538461539,0.05288461538461539,false
Rich 32100,141,141,140,0.007192797143000854,0.007192797143000854,0.0425531914893617,0.0425531914893617,0.07801418439716312,0.07801418439716312,0.14893617021276595,0.14893617021276595,false
Rich 32110,603,603,587,0.0018398884516059835,0.0018398884516059835,0.02985074626865672,0.02985074626865672,0.04311774461028192,0.04311774461028192,0.05970149253731343,0.05970149253731343,false
Rich 32120,3296,3314,2941,0.0008032316311622206,0.0008163825747573706,0.03944174757281553,0.03952926976463488,0.05157766990291262,0.05371152685576343,0.06553398058252427,0.06910078455039227,false
Rich 32130,1324,1435,1205,0.0012242038681647665,0.0013641054280129662,0.04003021148036254,0.0397212543554007,0.05513595166163142,0.06411149825783972,0.0770392749244713,0.09895470383275262,false
Rich 32150,802,1035,770,0.0014769808645468622,0.0036546943919344675,0.032418952618453865,0.08985507246376812,0.046134663341645885,0.12753623188405797,0.06483790523690773,0.19130434782608696,false
Rich 32151,389,389,387,0.0026103448959496696,0.0026103448959496696,0.01799485861182519,0.01799485861182519,0.030848329048843187,0.030848329048843187,0.056555269922879174,0.056555269922879174,false
Rich 32160,553,553,494,0.004960612669999902,0.004960612669999902,0.10849909584086799,0.10849909584086799,0.12477396021699819,0.12477396021699819,0.14285714285714285,0.14285714285714285,false
Rich 32161,436,437,429,0.0023672249810622,0.00237211275128424,0.022935779816513763,0.02288329519450801,0.0389908256880734,0.041189931350114416,0.06192660550458716,0.06407322654462243,false
Rich 32170,403,403,389,0.002924714763344396,0.002924714763344396,0.04714640198511166,0.04714640198511166,0.05955334987593052,0.05955334987593052,0.08436724565756824,0.08436724565756824,false
Rich 32175,823,823,732,0.002605823757730733,0.002605823757730733,0.08140947752126367,0.08140947752126367,0.09842041312272173,0.09842041312272173,0.12272174969623328,0.12272174969623328,false
Rich 32180,384,550,361,0.003512912326388889,0.01668099173553719,0.059895833333333336,0.18727272727272726,0.0859375,0.24181818181818182,0.11197916666666667,0.35090909090909095,false
Rich 32181,1065,1085,973,0.0021080473451034845,0.0022688950710356985,0.06572769953051644,0.07557603686635944,0.08262910798122065,0.09769585253456221,0.10234741784037558,0.11889400921658987,false
Rich 32190,630,630,495,0.013267825648778028,0.013267825648778028,0.1634920634920635,0.1634920634920635,0.19365079365079366,0.19365079365079366,0.23333333333333334,0.23333333333333334,false
Rich 32200,520,520,506,0.0021449704142011837,0.0021449704142011837,0.03076923076923077,0.03076923076923077,0.046153846153846156,0.046153846153846156,0.06538461538461539,0.06538461538461539,false
Rich 32201,188,188,188,0.005319148936170213,0.005319148936170213,0.026595744680851064,0.026595744680851064,0.05319148936170213,0.05319148936170213,0.10638297872340426,0.10638297872340426,false
Rich 32220,953,1115,883,0.002275907858213253,0.029808763498160033,0.057712486883525704,0.1946188340807175,0.07345225603357818,0.20807174887892377,0.0944386149003148,0.2260089686098655,false
Rich 32222,615,615,605,0.001678894837728865,0.001678894837728865,0.016260162601626015,0.016260162601626015,0.03252032520325203,0.03252032520325203,0.04878048780487805,0.04878048780487805,false
Rich 32224,465,496,457,0.0023632789917909587,0.0029185093652445366,0.02795698924731183,0.0625,0.03870967741935484,0.09879032258064516,0.06021505376344086,0.1189516129032258,false
Rich 32226,936,937,892,0.0014108042954196803,0.0014112115575834682,0.03632478632478633,0.03628601921024546,0.04700854700854701,0.04695837780149413,0.06837606837606838,0.06830309498399147,false
Rich 32227,97,97,97,0.010309278350515464,0.010309278350515464,0.05154639175257732,0.05154639175257732,0.10309278350515463,0.10309278350515463,0.20618556701030927,0.20618556701030927,false
Rich 32230,1471,1473,1467,0.0006835067826148039,0.0006853390446456677,0.006118286879673691,0.00746775288526816,0.009517335146159074,0.010862186014935505,0.01631543167912984,0.017651052274270197,false
Rich 32232,277,277,215,0.005382580249970677,0.005382580249970677,0.05415162454873646,0.05415162454873646,0.09025270758122744,0.09025270758122744,0.1624548736462094,0.1624548736462094,false
Rich 32250,471,471,470,0.0021321577165627635,0.0021321577165627635,0.012738853503184714,0.012738853503184714,0.023354564755838643,0.023354564755838643,0.044585987261146494,0.044585987261146494,false
Rich 32255,455,487,444,0.002400676246830093,0.0032761448587294295,0.03076923076923077,0.07802874743326489,0.046153846153846156,0.1026694045174538,0.06813186813186813,0.1293634496919918,false
Rich 32257,94,94,94,0.010638297872340425,0.010638297872340425,0.05319148936170213,0.05319148936170213,0.10638297872340426,0.10638297872340426,0.2127659574468085,0.2127659574468085,false
Rich 32262,147,147,146,0.00689527511684946,0.00689527511684946,0.04081632653061224,0.04081632653061224,0.07482993197278912,0.07482993197278912,0.14285714285714285,0.14285714285714285,false
Rich 32270,307,307,307,0.003257328990228013,0.003257328990228013,0.016286644951140065,0.016286644951140065,0.03257328990228013,0.03257328990228013,0.06514657980456026,0.06514657980456026,false
Rich 32275,91,91,91,0.010989010989010992,0.010989010989010992,0.05494505494505495,0.05494505494505495,0.1098901098901099,0.1098901098901099,0.2197802197802198,0.2197802197802198,false
Rich 32300,217,217,212,0.004948077045594513,0.004948077045594513,0.04608294930875576,0.04608294930875576,0.06912442396313365,0.06912442396313365,0.1152073732718894,0.1152073732718894,false
Rich 32310,304,304,291,0.004111842105263158,0.004111842105263158,0.05921052631578947,0.05921052631578947,0.0756578947368421,0.0756578947368421,0.10855263157894736,0.10855263157894736,false
Rich 32320,317,317,317,0.0031545741324921135,0.0031545741324921135,0.015772870662460567,0.015772870662460567,0.031545741324921134,0.031545741324921134,0.06309148264984227,0.06309148264984227,false
Rich 32330,146,146,145,0.006943141302308125,0.006943141302308125,0.0410958904109589,0.0410958904109589,0.07534246575342465,0.07534246575342465,0.14383561643835616,0.14383561643835616,false
Rich 32340,199,199,197,0.005126133178455089,0.005126133178455089,0.035175879396984924,0.035175879396984924,0.06030150753768844,0.06030150753768844,0.11055276381909548,0.11055276381909548,false
Rich 32350,191,191,190,0.005290425152819277,0.005290425152819277,0.03141361256544503,0.03141361256544503,0.05759162303664922,0.05759162303664922,0.1099476439790576,0.1099476439790576,false
Rich 32360,148,148,147,0.0068480642804967145,0.0068480642804967145,0.04054054054054054,0.04054054054054054,0.07432432432432433,0.07432432432432433,0.14189189189189189,0.14189189189189189,false
River Forest 33015,962,1095,925,0.0011518795302579087,0.0018923708846771334,0.018711018711018712,0.05114155251141553,0.029106029106029108,0.07945205479452055,0.0498960498960499,0.12694063926940638,false
River Forest 33020,563,577,542,0.0019087040057545062,0.0020995467502080024,0.017761989342806393,0.03466204506065858,0.035523978685612786,0.05199306759098787,0.07104795737122557,0.08665511265164645,false
River Forest 33030,851,866,842,0.0011999431097167775,0.0012454063971753008,0.011750881316098707,0.016166281755196306,0.022326674500587545,0.027713625866050806,0.03407755581668625,0.050808314087759814,false
River Forest 33040,1183,1273,1159,0.0009782141910368713,0.00115085876278672,0.019442096365173286,0.03220738413197172,0.027895181741335588,0.05420267085624509,0.037193575655114115,0.0769835035349568,false
River Forest 33050,439,440,432,0.002371303594315098,0.0023760330578512395,0.02733485193621868,0.02727272727272727,0.03872437357630979,0.04090909090909091,0.06150341685649202,0.06363636363636363,false
Riverside 34010,1834,2240,1759,0.0006219608057662784,0.0018447066326530612,0.014721919302071973,0.065625,0.022900763358778626,0.09285714285714286,0.03435114503816794,0.13169642857142858,false
Riverside 34020,2017,2242,1964,0.0005341311789796643,0.0009978983655634347,0.010411502231036193,0.04103479036574487,0.017352503718393655,0.059322033898305086,0.027268220128904314,0.08652988403211419,false
Riverside 34040,61,112,57,0.019080892233270627,0.02630739795918367,0.14754098360655737,0.23214285714285715,0.22950819672131148,0.39285714285714285,0.39344262295081966,0.6428571428571428,false
Riverside 34050,688,692,678,0.0015126419686316925,0.001532794279795516,0.0188953488372093,0.02167630057803468,0.029069767441860465,0.03468208092485549,0.0436046511627907,0.04913294797687861,false
Riverside 34070,589,656,523,0.002130167963311532,0.0027002156454491374,0.027164685908319185,0.05335365853658537,0.04753820033955858,0.08689024390243903,0.08149405772495756,0.13719512195121952,false
Riverside 34080,425,643,412,0.0026851211072664357,0.005633101059622832,0.04,0.1026438569206843,0.05411764705882353,0.15707620528771385,0.0776470588235294,0.23483670295489892,false
Rogers Park 75010,1832,2036,1746,0.000625703171182853,0.0008597697245263064,0.012008733624454149,0.026522593320235755,0.017467248908296942,0.043713163064833006,0.028384279475982533,0.0756385068762279,false
Rogers Park 75021,1777,3045,1649,0.0008027921332071245,0.0014834947058490458,0.028700056274620148,0.04466338259441708,0.04276871131119865,0.06732348111658457,0.05965109735509285,0.09983579638752052,false
Rogers Park 75022,3147,4644,2926,0.00044397956340966213,0.0007776791073067339,0.01747696218620909,0.02540913006029285,0.026374324753733715,0.040482342807924204,0.03813155386081983,0.06244616709732989,false
Rogers Park 75023,511,594,503,0.0020182214375710876,0.0027038057341087643,0.019569471624266144,0.05387205387205388,0.03522504892367906,0.08922558922558922,0.0547945205479452,0.13804713804713806,false
Rogers Park 75031,6105,9126,5615,0.0002762199322395883,0.0005668564224844675,0.016543816543816543,0.023997370151216304,0.024406224406224405,0.03550295857988166,0.03505323505323505,0.05226824457593688,false
Rogers Park 75032,1243,2071,1107,0.0013546495936374832,0.0038257969555432086,0.04344328238133548,0.08788025108643167,0.06677393403057119,0.1202317720907774,0.09412711182622686,0.16079188797682278,false
Rogers Park 75033,1454,2057,1350,0.0009838627587133346,0.002962954910004115,0.03370013755158184,0.07146329606222654,0.04607977991746905,0.10209042294603793,0.06258596973865199,0.13660670879922218,false
Rogers Park 75040,2755,3097,2582,0.0005421589520456124,0.0008241750508189151,0.022867513611615244,0.03971585405230869,0.028312159709618874,0.05230868582499193,0.037749546279491834,0.07491120439134646,false
Rogers Park 75060,1044,1863,979,0.001141351418798902,0.0022833556482727605,0.020114942528735632,0.04938271604938271,0.037356321839080456,0.07890499194847021,0.06226053639846743,0.11647879763821793,false
Schaumburg 35011,1374,1374,1327,0.001335892823469338,0.001335892823469338,0.03711790393013101,0.03711790393013101,0.04148471615720524,0.04148471615720524,0.0487627365356623,0.0487627365356623,false
Schaumburg 35012,2254,2296,2050,0.0007534667738473809,0.0009173657565346187,0.028393966282165038,0.03876306620209059,0.0417036379769299,0.0544425087108014,0.06832298136645962,0.08057491289198607,false
Schaumburg 35020,3897,3899,3710,0.0003457651408553417,0.00034593674955356784,0.01565306646138055,0.015645037189022826,0.02155504234026174,0.021543985637342906,0.030792917628945343,0.030777122339061297,false
Schaumburg 35030,3625,3638,3495,0.0003305017835909632,0.00034287759073562584,0.012413793103448277,0.014843320505772402,0.017931034482758623,0.02061572292468389,0.025379310344827585,0.028587135788894998,false
Schaumburg 35031,552,552,546,0.0018509766855702584,0.0018509766855702584,0.018115942028985508,0.018115942028985508,0.028985507246376812,0.028985507246376812,0.04710144927536232,0.04710144927536232,false
Schaumburg 35032,546,546,539,0.0018985898106777229,0.0018985898106777229,0.021978021978021976,0.021978021978021976,0.031135531135531136,0.031135531135531136,0.04945054945054945,0.04945054945054945,false
Schaumburg 35035,94,94,94,0.010638297872340425,0.010638297872340425,0.05319148936170213,0.05319148936170213,0.10638297872340426,0.10638297872340426,0.2127659574468085,0.2127659574468085,false
Schaumburg 35040,6686,6929,6500,0.00019417216843513967,0.0002390075232903198,0.011067903081064912,0.016452590561408572,0.014059228238109484,0.02511184875162361,0.018695782231528565,0.033915427911675566,false
Schaumburg 35060,237,239,197,0.005750502946465131,0.005864743264298594,0.05485232067510548,0.06276150627615062,0.0970464135021097,0.10460251046025104,0.18143459915611812,0.18828451882845187,false
Schaumburg 35065,637,637,628,0.001629005665785213,0.001629005665785213,0.01883830455259027,0.01883830455259027,0.029827315541601257,0.029827315541601257,0.04552590266875981,0.04552590266875981,false
Schaumburg 35071,744,744,740,0.001362151693837438,0.001362151693837438,0.012096774193548387,0.012096774193548387,0.01881720430107527,0.01881720430107527,0.03225806451612903,0.03225806451612903,false
Schaumburg 35072,1695,1696,1528,0.007590953785644051,0.007583047792808828,0.09380530973451327,0.09375,0.09970501474926254,0.09964622641509434,0.11032448377581121,0.11084905660377359,false
Schaumburg 35074,1032,1038,1013,0.0010272068986238807,0.0010599158749781891,0.01744186046511628,0.02119460500963391,0.027131782945736434,0.031791907514450865,0.0377906976744186,0.04335260115606936,false
Schaumburg 35075,599,599,596,0.0016861714432234024,0.0016861714432234024,0.01335559265442404,0.01335559265442404,0.021702838063439065,0.021702838063439065,0.038397328881469114,0.038397328881469114,false
Schaumburg 35080,1107,1115,1079,0.0010045297682726901,0.001033602123509421,0.01987353206865402,0.024215246636771298,0.028906955736224028,0.03318385650224215,0.04336043360433604,0.05022421524663677,false
Schaumburg 35085,288,288,288,0.003472222222222222,0.003472222222222222,0.017361111111111112,0.017361111111111112,0.034722222222222224,0.034722222222222224,0.06944444444444445,0.06944444444444445,false
Schaumburg 35090,2288,2294,2254,0.00046609858672795737,0.0004727848471696378,0.010052447552447552,0.011769834350479512,0.014423076923076924,0.016564952048823016,0.023164335664335664,0.025283347863993028,false
Schaumburg 35091,218,218,196,0.005555087955559297,0.005555087955559297,0.05045871559633028,0.05045871559633028,0.0963302752293578,0.0963302752293578,0.18807339449541285,0.18807339449541285,false
Schaumburg 35100,526,550,429,0.014522401653920108,0.013917355371900827,0.17110266159695817,0.17272727272727273,0.19961977186311786,0.22181818181818183,0.2224334600760456,0.25636363636363635,false
Schaumburg 35101,3833,3845,3684,0.0003236479665752988,0.00032812444513588145,0.013827289329506913,0.01482444733420026,0.01904513435950952,0.020546163849154746,0.026871901904513436,0.028868660598179455,false
Schaumburg 35102,192,192,191,0.005262586805555555,0.005262586805555555,0.03125,0.03125,0.057291666666666664,0.057291666666666664,0.109375,0.109375,false
Schaumburg 35103,372,396,365,0.0028326974216672453,0.007397204366901336,0.03225806451612903,0.09090909090909091,0.0456989247311828,0.10353535353535354,0.07258064516129033,0.12878787878787878,false
Schaumburg 35104,197,197,196,0.005127676569867814,0.005127676569867814,0.03045685279187817,0.03045685279187817,0.055837563451776644,0.055837563451776644,0.10659898477157359,0.10659898477157359,false
Schaumburg 35105,594,594,590,0.0017231801743586253,0.0017231801743586253,0.015151515151515152,0.015151515151515152,0.023569023569023566,0.023569023569023566,0.0404040404040404,0.0404040404040404,false
Schaumburg 35106,132,132,132,0.007575757575757577,0.007575757575757577,0.03787878787878788,0.03787878787878788,0.07575757575757576,0.07575757575757576,0.15151515151515152,0.15151515151515152,false
Schaumburg 35107,280,280,279,0.003596938775510204,0.003596938775510204,0.02142857142857143,0.02142857142857143,0.039285714285714285,0.039285714285714285,0.075,0.075,false
Schaumburg 35108,651,651,634,0.001743742935953431,0.001743742935953431,0.029185867895545316,0.029185867895545316,0.041474654377880185,0.041474654377880185,0.05683563748079877,0.05683563748079877,false
Schaumburg 35109,3615,3633,3459,0.0003520753583596854,0.00035950540239261644,0.01272475795297372,0.014588494357280483,0.018257261410788383,0.02064409578860446,0.026832641770401105,0.030002752546105148,false
Schaumburg 35110,625,625,611,0.0016768,0.0016768,0.0176,0.0176,0.033600000000000005,0.033600000000000005,0.054400000000000004,0.054400000000000004,false
Schaumburg 35111,83,83,83,0.012048192771084338,0.012048192771084338,0.060240963855421686,0.060240963855421686,0.12048192771084337,0.12048192771084337,0.24096385542168675,0.24096385542168675,false
Schaumburg 35112,809,821,797,0.0012849876467002095,0.0015325477233580744,0.016069221260815822,0.030450669914738125,0.027194066749072928,0.04141291108404385,0.03955500618046971,0.0535931790499391,false
Schaumburg 35113,578,578,565,0.0018318746183594544,0.0018318746183594544,0.02249134948096886,0.02249134948096886,0.039792387543252594,0.039792387543252594,0.05709342560553633,0.05709342560553633,false
Schaumburg 35114,390,390,388,0.0025904010519395134,0.0025904010519395134,0.017948717948717947,0.017948717948717947,0.03076923076923077,0.03076923076923077,0.05641025641025641,0.05641025641025641,false
Schaumburg 35115,251,251,251,0.00398406374501992,0.00398406374501992,0.0199203187250996,0.0199203187250996,0.0398406374501992,0.0398406374501992,0.0796812749003984,0.0796812749003984,false
Schaumburg 35116,566,566,555,0.0018978885989336862,0.0018978885989336862,0.02473498233215548,0.02473498233215548,0.037102473498233215,0.037102473498233215,0.054770318021201414,0.054770318021201414,false
Schaumburg 35117,267,273,256,0.004643072563789645,0.005085268821532558,0.0599250936329588,0.07692307692307693,0.07865168539325842,0.0989010989010989,0.11610486891385768,0.13553113553113552,false
Schaumburg 35140,96,96,96,0.010416666666666666,0.010416666666666666,0.05208333333333333,0.05208333333333333,0.10416666666666666,0.10416666666666666,0.20833333333333331,0.20833333333333331,false
Schaumburg 35150,206,206,206,0.0048543689320388345,0.0048543689320388345,0.02427184466019417,0.02427184466019417,0.04854368932038834,0.04854368932038834,0.09708737864077668,0.09708737864077668,false
Schaumburg 35151,105,105,105,0.009523809523809525,0.009523809523809525,0.04761904761904762,0.04761904761904762,0.09523809523809525,0.09523809523809525,0.1904761904761905,0.1904761904761905,false
Schaumburg 35160,120,120,119,0.008472222222222223,0.008472222222222223,0.05,0.05,0.09166666666666667,0.09166666666666667,0.175,0.175,false
Schaumburg 35170,1597,1652,1527,0.0008261420031061684,0.0011073231360915524,0.025046963055729492,0.046610169491525424,0.03318722604884158,0.06234866828087167,0.045710707576706325,0.07566585956416465,false
South Chicago 76010,12811,13490,10872,0.0018893842820475908,0.0018099891141943544,0.07985325111232534,0.07620459599703484,0.0886737959565998,0.09347664936990363,0.09562095074545313,0.11141586360266865,false
South Chicago 76011,9007,9412,8116,0.00041474964471645845,0.000529611175360225,0.03308537803930277,0.03633659158521037,0.044742977684023535,0.05620484487887803,0.054957255467969354,0.07479813004674883,false
South Chicago 76012,2818,2827,2681,0.0005082403951883889,0.0005128924443648085,0.020227111426543647,0.020870180403254335,0.026259758694109295,0.02794481782808631,0.03619588360539389,0.03855677396533428,false
South Chicago 76030,6454,10873,5773,0.00025164379913860134,0.00036538844601588933,0.015494267121165169,0.017474478064931482,0.022311744654477845,0.02786719396670652,0.030988534242330338,0.041938747355835554,false
South Chicago 76040,1387,1662,1122,0.003824263723971017,0.005063998690919411,0.10165825522710886,0.12394705174488567,0.1232876712328767,0.1859205776173285,0.14780100937274693,0.2509025270758123,false
South Chicago 76041,1390,2643,1178,0.0017514621396408053,0.012058351581981343,0.06115107913669065,0.22512296632614454,0.08920863309352518,0.2796065077563375,0.12014388489208633,0.3276579644343549,false
South Chicago 76042,877,980,597,0.04370268186481071,0.036972094960433154,0.2759407069555302,0.2816326530612245,0.2976054732041049,0.326530612244898,0.322690992018244,0.3714285714285714,false
South Chicago 76050,4001,6612,3652,0.00047107693209164596,0.0005818126056531069,0.028492876780804796,0.025408348457350273,0.03599100224943764,0.038868723532970356,0.04648837790552362,0.05837870538415003,false
South Chicago 76060,5217,8068,4744,0.00043226518456841576,0.00041436338470546215,0.0314356910101591,0.02330193356470005,0.038719570634464254,0.031110560237977196,0.047345217557983515,0.04201784828953892,false
Stickney 36012,2369,2722,2200,0.0005418590093905003,0.0011102287346523632,0.017306880540312368,0.044452608376193976,0.02448290417897847,0.07016899338721529,0.033769523005487544,0.10102865540044086,false
Stickney 36021,954,1021,806,0.0014108091715781285,0.00158953840073443,0.01886792452830189,0.031341821743388835,0.03459119496855346,0.050930460333006855,0.05555555555555556,0.0842311459353575,false
Stickney 36022,340,349,319,0.0034256055363321796,0.0035878194760305747,0.041176470588235294,0.054441260744985676,0.07058823529411765,0.0830945558739255,0.12058823529411765,0.14040114613180515,false
Stickney 36036,80,80,80,0.012500000000000002,0.012500000000000002,0.0625,0.0625,0.125,0.125,0.25,0.25,false
Stickney 36041,4290,4737,4014,0.00029080476632924185,0.00045861769658225756,0.011421911421911422,0.024276968545492928,0.016317016317016316,0.034409964112307366,0.023310023310023312,0.04918724931391176,false
Stickney 36050,4594,5051,4146,0.00028988616637437976,0.0003777349083302012,0.01066608619939051,0.015442486636309642,0.01501959077057031,0.025341516531379924,0.021767522855899,0.03920015838447832,false
Stickney 36060,277,299,273,0.0037404371228609784,0.005022315186631022,0.03249097472924188,0.09364548494983277,0.05054151624548737,0.12040133779264213,0.08664259927797834,0.15384615384615385,false
Thornton 37010,1160,1219,950,0.0012633769322235435,0.0013035335382287961,0.021551724137931036,0.022969647251845776,0.03706896551724138,0.03937653814602133,0.06293103448275862,0.06480721903199343,false
Thornton 37011,257,443,233,0.004708625414465018,0.01140897533235838,0.04669260700389105,0.16252821670428894,0.08560311284046693,0.23024830699774265,0.16342412451361868,0.3656884875846501,false
Thornton 37021,4110,4373,3694,0.00043771940729690214,0.0004947412110225267,0.02262773722627737,0.024925680310999312,0.030656934306569343,0.03590212668648525,0.04111922141119222,0.0505373885204665,false
Thornton 37022,660,844,558,0.0026538108356290173,0.0056097122706138675,0.048484848484848485,0.11018957345971564,0.06666666666666667,0.16350710900473933,0.09696969696969697,0.22393364928909953,false
Thornton 37023,1559,1946,1414,0.0009195710643284188,0.0014396939356457867,0.02501603592046183,0.04162384378211716,0.03527902501603592,0.07399794450154162,0.05003207184092367,0.11099691675231244,false
Thornton 37024,3800,4824,3393,0.0004462603878116343,0.0015618597174437375,0.021052631578947368,0.0607379767827529,0.030526315789473683,0.08271144278606965,0.042368421052631576,0.11422056384742951,false
Thornton 37033,3701,4177,3435,0.0004309576685387249,0.0005726377945873549,0.02242637125101324,0.02681350251376586,0.030262091326668468,0.04045966004309313,0.041340178330181034,0.058893943021307155,false
Thornton 37051,1479,2258,1333,0.0012960349559142394,0.007686477996549618,0.04192021636240703,0.1133746678476528,0.05341446923597025,0.1403897254207263,0.07234617985125084,0.17449069973427814,false
Thornton 37052,1065,1577,1008,0.0011928850095880446,0.005114339814285008,0.03192488262910798,0.11794546607482562,0.04507042253521126,0.14267596702599875,0.06384976525821597,0.18199112238427395,false
Thornton 37053,2708,3390,2560,0.0004879137039113825,0.0010523751098580763,0.017725258493353026,0.045722713864306784,0.024741506646971934,0.0705014749262537,0.03581979320531758,0.09705014749262536,false
Thornton 37054,291,403,272,0.004947981247269163,0.04086596186171949,0.06529209621993126,0.27791563275434245,0.09965635738831614,0.3176178660049628,0.13402061855670103,0.36724565756823824,false
Thornton 37061,3709,4414,3304,0.00041078222283412696,0.0005314268621343014,0.01752493933674845,0.020616221114635253,0.02453491507144783,0.032623470774807435,0.03316257751415476,0.04984141368373358,false
Thornton 37063,200,269,182,0.0061,0.01833860781360125,0.065,0.24535315985130113,0.115,0.2936802973977695,0.19,0.3680297397769517,false
Thornton 37070,4426,5417,3667,0.0008193174743418354,0.001342119308044002,0.03185720741075463,0.04467417389699095,0.03976502485314053,0.0579656636514676,0.0508359692724808,0.08030275059996309,false
Thornton 37075,755,828,600,0.0028718038682513927,0.003564843987024201,0.06622516556291391,0.07971014492753624,0.09271523178807947,0.10869565217391304,0.13245033112582782,0.15338164251207728,false
Thornton 37092,3046,3080,2846,0.0005615364153670852,0.0005696576151121605,0.029875246224556794,0.029545454545454545,0.038739330269205514,0.039935064935064934,0.04924491135915955,0.05292207792207792,false
Thornton 37101,2232,2405,2027,0.000708977274187125,0.0015990594784773581,0.026881720430107527,0.05945945945945946,0.04256272401433692,0.08357588357588358,0.06362007168458782,0.11476091476091477,false
Thornton 37102,1040,1152,939,0.0013110207100591718,0.002989969135802469,0.03173076923076923,0.0859375,0.04807692307692308,0.11197916666666666,0.07115384615384615,0.1467013888888889,false
Thornton 37103,356,359,345,0.003045701300340866,0.003111397335526571,0.03651685393258427,0.04178272980501393,0.05898876404494382,0.06685236768802229,0.08707865168539325,0.0947075208913649,false
Thornton 37121,2526,2685,2189,0.0008328271173775317,0.0009258970277665075,0.03444180522565321,0.03687150837988827,0.04433887569279493,0.05065176908752328,0.05819477434679335,0.07150837988826815,false
Thornton 37130,1793,1979,1445,0.0009969364035449255,0.0013290127439683122,0.03234802007808143,0.04648812531581607,0.04294478527607362,0.06670035371399696,0.05967651979921919,0.08893380495199596,false
Thornton 37134,218,239,204,0.005218415958252672,0.00554962273069449,0.05045871559633028,0.05439330543933054,0.0963302752293578,0.09623430962343095,0.1559633027522936,0.1799163179916318,false
Thornton 37150,2166,2167,2105,0.000547366374823193,0.000547500164505592,0.019852262234533704,0.01984310106137517,0.02677746999076639,0.0267651130595293,0.036011080332409975,0.03599446239040147,false
Thornton 37161,374,510,343,0.005075924390174154,0.04709727028066128,0.07219251336898395,0.2450980392156863,0.09893048128342245,0.27450980392156865,0.13636363636363635,0.33333333333333337,false
Thornton 37162,1306,1476,1252,0.0009814520800452149,0.0014257019263959577,0.029862174578866772,0.04065040650406504,0.03981623277182236,0.06436314363143632,0.0551301684532925,0.10772357723577236,false
Thornton 37163,849,941,827,0.0013249149210392325,0.0016657613206833347,0.02237926972909305,0.03719447396386823,0.03415783274440518,0.05844845908607864,0.04946996466431095,0.10095642933049946,false
Thornton 37164,307,307,293,0.0037029570605523667,0.0037029570605523667,0.04560260586319218,0.04560260586319218,0.07817589576547232,0.07817589576547232,0.11074918566775244,0.11074918566775244,false
Thornton 37171,1028,1098,958,0.001205544368574846,0.0019210287955248987,0.026264591439688716,0.05919854280510019,0.042801556420233464,0.08105646630236794,0.06809338521400779,0.11020036429872496,false
Thornton 37180,195,230,188,0.00549638395792242,0.008809073724007561,0.05128205128205128,0.14347826086956522,0.08717948717948718,0.19565217391304346,0.13846153846153847,0.26956521739130435,false
Thornton 37181,4642,5512,4026,0.0003605875656041972,0.0008198894719214022,0.01852649719948298,0.04045718432510885,0.028005170185264973,0.05932510885341074,0.037483843171046964,0.08563134978229317,false
Thornton 37183,768,966,735,0.0015292697482638888,0.00291269626943405,0.028645833333333332,0.06832298136645963,0.041666666666666664,0.10973084886128365,0.06770833333333333,0.17598343685300208,false
Thornton 37185,610,663,561,0.0019134641225477024,0.0024000782584759164,0.019672131147540985,0.0497737556561086,0.036065573770491806,0.08446455505279035,0.06885245901639345,0.1191553544494721,false
Thornton 37190,977,994,956,0.0010989713251247475,0.001273232959122947,0.019447287615148412,0.030181086519114688,0.02968270214943705,0.04225352112676056,0.04196519959058342,0.05835010060362173,false
Thornton 37200,1438,1442,1406,0.0007766543317581016,0.0007781225413155176,0.015994436717663423,0.0159500693481276,0.022948539638386646,0.02288488210818308,0.03616133518776078,0.036754507628294034,false
West Chicago 77011,2688,4475,2615,0.00045783287273242623,0.000686070971567679,0.013392857142857144,0.02100558659217877,0.01711309523809524,0.0335195530726257,0.024553571428571428,0.05094972067039106,false
West Chicago 77013,7108,13481,6417,0.00027741455964080513,0.000459602800108889,0.017445132245357344,0.02559157332542096,0.02405740011254924,0.037460129070543725,0.033202025886325266,0.05400192864030858,false
West Chicago 77020,4169,7795,3868,0.00034607628603012294,0.00047709074870365165,0.015351403214200048,0.017447081462475946,0.022307507795634444,0.026170622193713917,0.0316622691292876,0.03964079538165491,false
West Chicago 77030,9718,17756,8534,0.0002953636233914097,0.00040429397604766897,0.02171228647869932,0.02432980400991214,0.028092200041160732,0.035987835097995045,0.03745626672154764,0.053052489299391756,false
West Chicago 77040,1628,3048,1534,0.0007817735090462362,0.0009622935912538491,0.020884520884520884,0.023950131233595802,0.030098280098280097,0.03641732283464567,0.04238329238329239,0.059383202099737534,false
West Chicago 77051,2747,4383,2472,0.0005792465924702714,0.0008790418709084302,0.022934109938114306,0.028747433264887066,0.03749544958136149,0.04540269221994068,0.05642519111758282,0.06958704083960757,false
West Chicago 77052,1729,3600,1598,0.0007884417187025935,0.0013260802469135804,0.024869866975130134,0.036944444444444446,0.038172353961827644,0.057777777777777775,0.055523423944476576,0.08861111111111111,false
West Chicago 77060,2814,4445,2571,0.0007642768995917963,0.001068072340226313,0.03624733475479744,0.0407199100112486,0.04868514570007108,0.06164229471316085,0.06396588486140725,0.09111361079865017,false
West Chicago 77080,1656,3029,1586,0.0006986744148054796,0.0011752792228224992,0.01570048309178744,0.03697589963684384,0.024154589371980676,0.05249257180587653,0.036231884057971016,0.07560250907890392,false
West Chicago 77085,325,645,303,0.003720710059171597,0.009703743765398714,0.04923076923076923,0.14883720930232558,0.08,0.20775193798449612,0.12923076923076923,0.3054263565891473,false
West Chicago 77091,4388,10291,3770,0.00047552411524261494,0.0009202709368436699,0.02415679124886053,0.0406180157419104,0.036690975387420235,0.06034398989408221,0.05355515041020966,0.08317947721309883,false
West Chicago 77092,638,1210,604,0.0018228987529603678,0.0022471142681510826,0.03134796238244514,0.0371900826446281,0.04702194357366771,0.06611570247933884,0.07836990595611285,0.11074380165289256,false
West Chicago 77101,1582,3129,1403,0.001052453246942132,0.0024450901631466212,0.0347661188369153,0.07510386705017577,0.05120101137800252,0.09811441355065516,0.07395701643489254,0.12623841482901885,false
West Chicago 77102,6365,13707,5366,0.0003993017095035016,0.0007657951034961339,0.02152395915161037,0.041438680965929814,0.03346425765907306,0.0614284672065368,0.051688923802042416,0.08470124753775443,false
West Chicago 77103,1521,2586,1264,0.0018980384630513595,0.0036857395614077588,0.06771860618014464,0.09358081979891725,0.09270216962524655,0.12451662799690642,0.12097304404996713,0.16511987625676722,false
West Chicago 77104,181,391,148,0.02390036934159519,0.17026968688064573,0.2099447513812155,0.6342710997442456,0.23756906077348067,0.6470588235294118,0.292817679558011,0.6726342710997443,false
West Chicago 77115,8451,16997,7430,0.00019276274803816962,0.00024235888728468184,0.011241273222103892,0.012119785844560806,0.014909478168264111,0.017650173560040006,0.021180925334279968,0.02718126728246161,false
West Chicago 77120,9106,15021,7920,0.00031112201757382325,0.0005766287537416106,0.022951899846255217,0.03215498302376673,0.03338458159455304,0.04626855735303908,0.04645288820557874,0.0668397576725917,false
West Chicago 77131,12071,14322,10573,0.00030085298550554593,0.0005859505906805122,0.024604423825697955,0.029465158497416565,0.03901913677408665,0.05062142158916352,0.05442796785684699,0.08232090490155007,false
West Chicago 77132,4445,6656,4014,0.0003876399589533873,0.0009425688072069157,0.018222722159730035,0.04221754807692307,0.027446569178852645,0.06700721153846154,0.04184476940382452,0.09540264423076923,false
West Chicago 77141,5526,12969,4717,0.0004888547790859751,0.0007602189699369175,0.028773072747014114,0.03446680545917187,0.035830618892508145,0.043873853034158375,0.04668838219326819,0.0590639216593415,false
West Chicago 77150,4258,6929,3898,0.000628110631307443,0.0007146064589601379,0.03147017379051198,0.036946168278250834,0.04109910756223579,0.048636166835041135,0.053311413809300136,0.06537739933612353,false
West Chicago 77151,857,1717,823,0.0013030176363505155,0.002108145310402773,0.022170361726954493,0.04309842748980781,0.0338389731621937,0.0634828188701223,0.05717619603267211,0.10425160163075131,false
West Chicago 77152,800,1325,731,0.0020125,0.0032062655749377,0.04875,0.07169811320754717,0.06875,0.10943396226415095,0.095,0.16226415094339625,false
West Chicago 77170,4581,7347,4249,0.0003245564891021975,0.0007890006539466548,0.017245142981881685,0.032666394446712946,0.024230517354289455,0.0484551517626242,0.03339882121807466,0.07104940792160065,false
Wheeling 38010,3583,3595,3548,0.00028937779412175946,0.00030230520290698917,0.006419201786212671,0.009457579972183588,0.00948925481440134,0.012795549374130738,0.015071169411108011,0.01835883171070932,false
Wheeling 38011,1065,1065,1046,0.0009848134188542837,0.0009848134188542837,0.013145539906103287,0.013145539906103287,0.02253521126760563,0.02253521126760563,0.036619718309859155,0.036619718309859155,false
Wheeling 38012,2128,2134,2082,0.0005056991633218383,0.0005133997781269735,0.011278195488721804,0.013120899718837863,0.01738721804511278,0.019681349578256794,0.026785714285714284,0.029053420805998126,false
Wheeling 38013,5095,5489,4530,0.0016417796893373306,0.0016537156858973748,0.06575073601570167,0.06922936782656221,0.07850834151128558,0.08854071779923484,0.08773307163886164,0.11022044088176353,false
Wheeling 38014,1056,1062,1008,0.001463498622589532,0.0014895677061721301,0.035037878787878785,0.038606403013182675,0.045454545454545456,0.04990583804143126,0.06439393939393939,0.0687382297551789,false
Wheeling 38015,212,212,212,0.0047169811320754715,0.0047169811320754715,0.023584905660377357,0.023584905660377357,0.04716981132075471,0.04716981132075471,0.09433962264150943,0.09433962264150943,false
Wheeling 38022,1192,1204,1150,0.0009318273951623801,0.0009795697619231576,0.018456375838926176,0.024086378737541526,0.02768456375838926,0.03571428571428571,0.044463087248322146,0.05232558139534884,false
Wheeling 38023,1575,2008,1486,0.0008211640211640212,0.0018615775940064444,0.025396825396825397,0.055776892430278883,0.03619047619047619,0.08764940239043825,0.05142857142857143,0.1254980079681275,false
Wheeling 38026,450,451,437,0.0023506172839506175,0.0023549540071091096,0.022222222222222223,0.022172949002217293,0.044444444444444446,0.044345898004434586,0.07333333333333333,0.07538802660753881,false
Wheeling 38027,550,602,546,0.0018512396694214876,0.0019756956324985375,0.016363636363636365,0.018272425249169437,0.025454545454545455,0.03488372093023256,0.04363636363636364,0.0681063122923588,false
Wheeling 38031,4564,4612,4410,0.00025693592578737994,0.00028433687450588947,0.010955302366345312,0.013660017346053772,0.016652059596844872,0.02189939288811795,0.023882559158632778,0.03230702515177797,false
Wheeling 38032,811,817,774,0.001372922561390012,0.0014247425800275359,0.01972872996300863,0.024479804161566705,0.03452527743526511,0.04039167686658507,0.059186189889025895,0.06487148102815177,false
Wheeling 38040,5729,5808,5652,0.00018643300883711966,0.00024682161585805464,0.006283819165648455,0.015668044077134985,0.008902077151335312,0.019800275482093663,0.012393087798917788,0.02393250688705234,false
Wheeling 38041,625,625,623,0.00161024,0.00161024,0.0112,0.0112,0.019200000000000002,0.019200000000000002,0.0352,0.0352,false
Wheeling 38045,603,603,598,0.0016913772761400297,0.0016913772761400297,0.01658374792703151,0.01658374792703151,0.024875621890547265,0.024875621890547265,0.04145936981757877,0.04145936981757877,false
Wheeling 38048,272,272,270,0.0037575692041522495,0.0037575692041522495,0.025735294117647058,0.025735294117647058,0.044117647058823525,0.044117647058823525,0.08088235294117647,0.08088235294117647,false
Wheeling 38050,2314,2361,2294,0.0004414898901803236,0.0005423082022007703,0.006050129645635264,0.023295213892418468,0.010371650821089023,0.029224904701397714,0.01728608470181504,0.036848792884371026,false
Wheeling 38051,1684,1809,1662,0.0006149818608561225,0.0009072627159638207,0.008907363420427554,0.03316749585406302,0.01484560570071259,0.04975124378109453,0.02494061757719715,0.08291873963515754,false
Wheeling 38052,1363,1490,1285,0.0008348723657246946,0.0013557947840187377,0.013939838591342627,0.0436241610738255,0.02347762289068232,0.07248322147651007,0.03815113719735877,0.10604026845637583,false
Wheeling 38053,1254,1276,1242,0.0008152540260321676,0.0009458436925737757,0.009569377990430622,0.024294670846394986,0.017543859649122806,0.03213166144200627,0.025518341307814992,0.04231974921630094,false
Wheeling 38055,54,54,54,0.018518518518518517,0.018518518518518517,0.09259259259259259,0.09259259259259259,0.18518518518518517,0.18518518518518517,0.37037037037037035,0.37037037037037035,false
Wheeling 38056,1474,1619,1448,0.0007189290994147309,0.0011105765727477252,0.012211668928086838,0.0339715873996294,0.018995929443690638,0.052501544163063615,0.031207598371777473,0.08956145768993205,false
Wheeling 38070,4869,5232,4660,0.00024967139675644836,0.0004010400592916795,0.010885192031217909,0.023509174311926603,0.014787430683918669,0.03765290519877676,0.020538098172109262,0.053516819571865444,false
Wheeling 38071,1314,1314,1300,0.0007807269332258384,0.0007807269332258384,0.0091324200913242,0.0091324200913242,0.0167427701674277,0.0167427701674277,0.0258751902587519,0.0258751902587519,false
Wheeling 38072,1691,1784,1612,0.000655713396941613,0.0008514900762130748,0.010053222945002957,0.027466367713004487,0.018332347723240685,0.04596412556053812,0.03015966883500887,0.06614349775784753,false
Wheeling 38080,2047,2078,2013,0.0005329089790031954,0.0006011925659621258,0.01172447484123107,0.023580365736284886,0.016609672691744015,0.02983638113570741,0.026380068392769906,0.03946102021174206,false
Wheeling 38081,2751,2852,2716,0.00037671770920749085,0.0005200454787762432,0.006543075245365322,0.02208976157082749,0.010178117048346057,0.034361851332398316,0.017448200654307525,0.04838709677419355,false
Wheeling 38082,1042,1042,1040,0.0009633769401085319,0.0009633769401085319,0.0067178502879078695,0.0067178502879078695,0.011516314779270634,0.011516314779270634,0.02111324376199616,0.02111324376199616,false
Wheeling 38090,2343,2941,2153,0.0005812757791982694,0.0014510697231429263,0.018779342723004695,0.048622917375042506,0.02987622705932565,0.0717443046582795,0.04737516005121639,0.11254675280516832,false
Wheeling 38100,274,274,274,0.0036496350364963502,0.0036496350364963502,0.01824817518248175,0.01824817518248175,0.0364963503649635,0.0364963503649635,0.072992700729927,0.072992700729927,false
Wheeling 38110,421,433,418,0.0024091491246382045,0.0033015270229186777,0.019002375296912115,0.046189376443418015,0.030878859857482188,0.05773672055427252,0.05463182897862233,0.08083140877598152,false
Worth 39010,2934,3004,2839,0.0003951974105160149,0.0004312935615362385,0.011247443762781187,0.015312916111850865,0.016019086571233812,0.02563249001331558,0.02283571915473756,0.03794940079893475,false
Worth 39020,663,718,657,0.0015401450056760147,0.0024208378271428684,0.016591251885369532,0.06406685236768803,0.024132730015082957,0.09610027855153204,0.0392156862745098,0.11281337047353761,false
Worth 39030,863,899,696,0.0016528614912811892,0.001872059054616364,0.022016222479721903,0.03781979977753059,0.03592120509849363,0.05895439377085651,0.05909617612977984,0.08453837597330367,false
Worth 39040,1757,2128,1588,0.0007149222445124779,0.0013854832099044602,0.015367103016505406,0.042763157894736836,0.024473534433693798,0.07142857142857142,0.0398406374501992,0.10432330827067668,false
Worth 39050,2754,2879,2344,0.0005189520333268464,0.0006096294917345316,0.015250544662309368,0.024313997915943034,0.022875816993464054,0.03647099687391455,0.03376906318082789,0.05314345258770406,false
Worth 39060,1644,1651,1484,0.0032537399139242608,0.0033263616823091635,0.07238442822384428,0.07631738340399757,0.08454987834549879,0.0884312537855845,0.09854014598540146,0.10236220472440945,false
Worth 39071,3615,4109,3408,0.0003693692142582485,0.0006138991384741459,0.016597510373443983,0.025797030907763446,0.02268326417704011,0.04380627889997567,0.031258644536652835,0.06814310051107325,false
Worth 39080,6628,7308,6022,0.00020527933468553338,0.00033194235108056523,0.010561255280627641,0.017104542966611933,0.014031382015691008,0.029556650246305417,0.019915509957754977,0.047619047619047616,false
Worth 39081,454,454,449,0.002251159541229211,0.002251159541229211,0.022026431718061675,0.022026431718061675,0.03303964757709252,0.03303964757709252,0.05506607929515419,0.05506607929515419,false
Worth 39082,824,923,811,0.0012577764162503534,0.00224783990215147,0.014563106796116505,0.05417118093174431,0.02669902912621359,0.09209100758396534,0.040048543689320384,0.13759479956663057,false
Worth 39100,3054,3345,2663,0.00045352611731466226,0.0007020272096987897,0.014079895219384414,0.02929745889387145,0.019646365422396856,0.04783258594917788,0.0275049115913556,0.07055306427503737,false
Worth 39101,335,335,280,0.004125640454444197,0.004125640454444197,0.04776119402985075,0.04776119402985075,0.08358208955223881,0.08358208955223881,0.14328358208955225,0.14328358208955225,false
Worth 39110,2851,2974,2559,0.00045262168098451303,0.000539533613215453,0.012977902490354262,0.01983860121049092,0.01999298491757278,0.03160726294552791,0.03051560855840056,0.05077336919973101,false
Worth 39122,2238,2239,2140,0.0004903522789800992,0.0004905127963198973,0.007596067917783735,0.007592675301473872,0.012064343163538873,0.01205895489057615,0.02100089365504915,0.020991514068780706,false
Worth 39130,957,1182,737,0.0018638443673575015,0.0035873694818784876,0.038662486938349006,0.08883248730964467,0.05433646812957158,0.1260575296108291,0.07836990595611286,0.18020304568527917,false
Worth 39131,1792,2258,1552,0.0008370535714285714,0.0019852648706576988,0.025669642857142856,0.061558901682905225,0.03404017857142857,0.08060230292294066,0.049107142857142856,0.11116031886625333,false
Worth 39132,902,1173,839,0.0013151361104419348,0.0018845449147448742,0.02328159645232816,0.040920716112531966,0.03436807095343681,0.07075873827791987,0.0565410199556541,0.11423699914748509,false
Worth 39133,321,433,307,0.0034452305392998904,0.004314919808628773,0.037383177570093455,0.05542725173210161,0.06853582554517133,0.10161662817551963,0.1059190031152648,0.17782909930715934,false
Worth 39140,1308,2543,1182,0.00104625499162996,0.002670697893208887,0.02522935779816514,0.05977192292567833,0.04281345565749235,0.09555642941407785,0.06880733944954129,0.1513959889893826,false
Worth 39151,2944,3273,2797,0.00046266725248109635,0.0006217952828879156,0.020040760869565216,0.025358997861289336,0.026154891304347824,0.039718912312862814,0.034307065217391304,0.0614115490375802,false
Worth 39160,2525,2896,2248,0.0011325948436427802,0.0012684193858551326,0.04514851485148515,0.04419889502762431,0.06376237623762376,0.06698895027624309,0.08356435643564357,0.09599447513812154,false
Worth 39180,767,767,764,0.0013139800336229301,0.0013139800336229301,0.010430247718383311,0.010430247718383311,0.01694915254237288,0.01694915254237288,0.02998696219035202,0.02998696219035202,false
Worth 39200,717,722,692,0.0015853286104157063,0.001596058962101273,0.02789400278940028,0.029085872576177285,0.04184100418410042,0.04293628808864266,0.06276150627615062,0.06925207756232687,false
Worth 39210,3186,3858,3011,0.0004005676119904684,0.0011537094055131347,0.015065913370998116,0.04950751684810783,0.021657250470809793,0.06972524624157594,0.03232893910860012,0.09901503369621566,false
Worth 39211,2076,2387,2027,0.0005406313460374738,0.0019247884566748845,0.015414258188824663,0.0611646418098031,0.02167630057803468,0.0825303728529535,0.0313102119460501,0.11143695014662756,false
Worth 39220,365,396,331,0.0035203602927378493,0.004680644832159984,0.0547945205479452,0.0808080808080808,0.08493150684931507,0.11868686868686869,0.13972602739726028,0.1717171717171717,false
Worth 39250,1376,1602,1282,0.0008756844916170902,0.0026410494996111293,0.018168604651162792,0.08302122347066168,0.03125,0.11485642946317104,0.04941860465116279,0.15730337078651685,false
Worth 39260,857,860,853,0.001177753662950048,0.0011817198485667927,0.010501750291715285,0.011627906976744186,0.01633605600933489,0.019767441860465116,0.028004667444574093,0.031395348837209305,false
Worth 39270,500,500,495,0.002048,0.002048,0.02,0.02,0.03,0.03,0.05,0.05,false
Worth 39280,79,79,79,0.012658227848101266,0.012658227848101266,0.06329113924050633,0.06329113924050633,0.12658227848101267,0.12658227848101267,0.25316455696202533,0.25316455696202533,false
Worth 39290,441,441,439,0.002288141258014922,0.002288141258014922,0.015873015873015872,0.015873015873015872,0.0272108843537415,0.0272108843537415,0.049886621315192746,0.049886621315192746,false
Worth 39300,84,84,84,0.011904761904761902,0.011904761904761902,0.05952380952380952,0.05952380952380952,0.11904761904761904,0.11904761904761904,0.23809523809523808,0.23809523809523808,false
Worth 39310,1523,1600,1372,0.000853190453751602,0.00107890625,0.021667760998030205,0.034375,0.03217334208798424,0.055625,0.04530531845042679,0.0825,false
Worth 39330,354,409,353,0.0028408184110568484,0.0037960079148259517,0.01694915254237288,0.05134474327628362,0.031073446327683614,0.10024449877750612,0.059322033898305086,0.18581907090464547,false
Worth 39340,74,74,74,0.013513513513513516,0.013513513513513516,0.06756756756756757,0.06756756756756757,0.13513513513513514,0.13513513513513514,0.2702702702702703,0.2702702702702703,false
Worth 39400,378,378,375,0.0026874947509868143,0.0026874947509868143,0.021164021164021163,0.021164021164021163,0.03439153439153439,0.03439153439153439,0.06084656084656084,0.06084656084656084,false
Worth 39410,385,385,384,0.002610895597908585,0.002610895597908585,0.015584415584415584,0.015584415584415584,0.02857142857142857,0.02857142857142857,0.05454545454545454,0.05454545454545454,false
