geo_neighborhood,building_type,owner_class,class_parcels,class_units,parcels,units,parcel_share,unit_share,suppressed
Worth 39140,small_mf,individual,150,894,191,1156,0.7853403141361257,0.773356401384083,false
River Forest 33030,sfr_1_4,corp,1,1,636,646,0.0015723270440251573,0.0015479876160990713,false
North Chicago 74030,condo_unit,trust,557,557,19344,19344,0.028794458229942102,0.028794458229942102,false
Hyde Park 70260,small_mf,individual,1,7,2,14,0.5,0.5,false
Rich 32181,sfr_1_4,partnership,18,18,961,961,0.018730489073881373,0.018730489073881373,false
Jefferson 71082,mixed_use_res,partnership,1,3,185,629,0.005405405405405406,0.0047694753577106515,false
New Trier 23141,sfr_1_4,corp,1,1,809,810,0.0012360939431396785,0.0012345679012345679,false
Lyons 21062,sfr_1_4,corp,1,1,550,550,0.0018181818181818182,0.0018181818181818182,false
Lake View 73092,small_mf,unknown,36,250,134,912,0.26865671641791045,0.2741228070175439,false
Thornton 37130,sfr_1_4,trust,7,8,1754,1839,0.003990877993158495,0.004350190320826536,false
Jefferson 71461,sfr_1_4,llc,4,4,2106,2162,0.001899335232668566,0.0018501387604070306,false
Lemont 19010,small_mf,corp,2,14,34,223,0.058823529411764705,0.06278026905829596,false
Oak Park 27100,mixed_use_res,llc,1,5,14,44,0.07142857142857142,0.11363636363636363,false
West Chicago 77141,condo_unit,corp,22,22,839,839,0.026221692491060787,0.026221692491060787,false
Wheeling 38026,sfr_1_4,unknown,9,9,449,449,0.0200445434298441,0.0200445434298441,false
Wheeling 38010,sfr_1_4,llc,3,3,3311,3311,0.000906070673512534,0.000906070673512534,false
Jefferson 71030,sfr_1_4,unknown,51,52,1908,1963,0.026729559748427674,0.026490066225165563,false
Worth 39133,sfr_1_4,individual,281,349,300,376,0.9366666666666666,0.9281914893617021,false
Rich 32043,condo_unit,individual,82,82,90,90,0.9111111111111111,0.9111111111111111,false
Lake 72422,mixed_use_res,individual,13,48,14,50,0.9285714285714286,0.96,false
Schaumburg 35113,condo_unit,unknown,10,10,180,180,0.05555555555555555,0.05555555555555555,false
North Chicago 74013,condo_unit,individual,1559,1559,1796,1796,0.8680400890868597,0.8680400890868597,false
Rich 32222,sfr_1_4,partnership,2,2,551,551,0.003629764065335753,0.003629764065335753,false
West Chicago 77030,small_mf,corp,28,184,516,3329,0.05426356589147287,0.05527185340943226,false
Palatine 29083,condo_unit,unknown,13,13,422,422,0.030805687203791468,0.030805687203791468,false
Hyde Park 70020,other_res,individual,1,1,1,1,,,true
Lyons 21067,sfr_1_4,lender_reo,2,2,407,407,0.004914004914004914,0.004914004914004914,false
River Forest 33040,condo_unit,unknown,11,11,471,471,0.02335456475583864,0.02335456475583864,false
Schaumburg 35085,sfr_1_4,unknown,7,7,288,288,0.024305555555555556,0.024305555555555556,false
Proviso 31020,small_mf,unknown,11,64,50,313,0.22,0.20447284345047922,false
Wheeling 38090,condo_unit,individual,1958,1958,2204,2204,0.8883847549909256,0.8883847549909256,false
Orland 28036,small_mf,llc,10,60,99,607,0.10101010101010101,0.09884678747940692,false
Schaumburg 35040,small_mf,unknown,6,36,48,291,0.125,0.12371134020618557,false
Wheeling 38014,condo_unit,llc,7,7,578,578,0.012110726643598616,0.012110726643598616,false
Lyons 21084,condo_unit,llc,11,11,346,346,0.031791907514450865,0.031791907514450865,false
Thornton 37183,sfr_1_4,lender_reo,2,2,495,579,0.00404040404040404,0.0034542314335060447,false
West Chicago 77141,sfr_1_4,unknown,237,545,3753,7688,0.06314948041566747,0.07088969823100937,false
Lake 72230,sfr_1_4,llc,1,1,583,587,0.0017152658662092624,0.0017035775127768314,false
Bloom 12054,sfr_1_4,trust,1,1,143,143,0.006993006993006993,0.006993006993006993,false
West Chicago 77052,small_mf,trust,3,17,153,946,0.0196078431372549,0.017970401691331923,false
Bloom 12022,condo_unit,llc,1,1,226,226,0.004424778761061947,0.004424778761061947,false
West Chicago 77051,other_res,llc,1,1,1,1,,,true
Lake View 73063,mixed_use_res,individual,14,55,28,107,0.5,0.514018691588785,false
West Chicago 77011,mixed_use_res,individual,55,207,66,255,0.8333333333333334,0.8117647058823529,false
Norwood Park 26040,sfr_1_4,partnership,1,1,1447,1453,0.000691085003455425,0.0006882312456985547,false
Jefferson 71402,small_mf,individual,25,155,45,282,0.5555555555555556,0.549645390070922,false
Elk Grove 16012,small_mf,llc,7,46,38,237,0.18421052631578946,0.1940928270042194,false
Lake 72110,small_mf,individual,32,212,56,373,0.5714285714285714,0.5683646112600537,false
Berwyn 11010,sfr_1_4,partnership,2,2,2228,3617,0.0008976660682226212,0.000552944429084877,false
Palos 30050,sfr_1_4,lender_reo,1,1,148,148,0.006756756756756757,0.006756756756756757,false
West Chicago 77103,sfr_1_4,individual,768,1346,951,1702,0.807570977917981,0.790834312573443,false
Hanover 18075,sfr_1_4,individual,167,167,214,214,0.780373831775701,0.780373831775701,false
Wheeling 38050,condo_unit,unknown,16,16,490,490,0.0326530612244898,0.0326530612244898,false
Northfield 25430,small_mf,individual,73,438,98,592,0.7448979591836735,0.7398648648648649,false
Hyde Park 70140,condo_unit,individual,33,33,35,35,0.9428571428571428,0.9428571428571428,false
Berwyn 11020,sfr_1_4,trust,3,4,2492,3314,0.001203852327447833,0.0012070006035003018,false
Northfield 25010,condo_unit,llc,1,1,781,781,0.0012804097311139564,0.0012804097311139564,false
Cicero 15080,sfr_1_4,individual,1523,1642,1565,1689,0.9731629392971246,0.9721728833629366,false
Bremen 13140,sfr_1_4,llc,6,6,1186,1186,0.00505902192242833,0.00505902192242833,false
Oak Park 27090,condo_unit,llc,8,8,468,468,0.017094017094017096,0.017094017094017096,false
Worth 39211,sfr_1_4,individual,1568,1589,1645,1666,0.9531914893617022,0.9537815126050421,false
Bremen 13140,condo_unit,corp,1,1,408,408,0.0024509803921568627,0.0024509803921568627,false
Palos 30042,sfr_1_4,llc,1,3,460,504,0.002173913043478261,0.005952380952380952,false
West Chicago 77150,mixed_use_res,unknown,10,32,126,422,0.07936507936507936,0.07582938388625593,false
Palos 30053,sfr_1_4,individual,882,932,924,974,0.9545454545454546,0.9568788501026694,false
Lyons 21011,sfr_1_4,unknown,13,13,358,358,0.036312849162011177,0.036312849162011177,false
Rich 32043,small_mf,unknown,1,5,2,12,0.5,0.4166666666666667,false
Northfield 25011,mixed_use_res,individual,1,2,2,5,,,true
Lake View 73092,small_mf,llc,43,299,134,912,0.3208955223880597,0.32785087719298245,false
Maine 22150,sfr_1_4,unknown,81,85,3078,3116,0.02631578947368421,0.027278562259306804,false
New Trier 23094,sfr_1_4,trust,17,17,806,812,0.02109181141439206,0.020935960591133004,false
Evanston 17020,coop_building,coop_corp,2,2,2,2,,,true
Thornton 37051,sfr_1_4,corp,16,31,1219,1551,0.013125512715340444,0.019987105093488073,false
Jefferson 71081,other_res,individual,1,1,1,1,,,true
Elk Grove 16091,sfr_1_4,corp,1,1,148,148,0.006756756756756757,0.006756756756756757,false
Proviso 31170,small_mf,corp,4,25,45,262,0.08888888888888889,0.09541984732824428,false
Bremen 13270,condo_unit,unknown,4,4,126,126,0.031746031746031744,0.031746031746031744,false
Rich 32320,sfr_1_4,individual,310,310,317,317,0.9779179810725552,0.9779179810725552,false
Lyons 21111,condo_unit,llc,1,1,340,340,0.0029411764705882353,0.0029411764705882353,false
Lake 72194,condo_unit,individual,364,364,443,443,0.8216704288939052,0.8216704288939052,false
Orland 28103,sfr_1_4,corp,1,1,1673,1673,0.0005977286312014345,0.0005977286312014345,false
Stickney 36012,sfr_1_4,partnership,1,1,2156,2226,0.00046382189239332097,0.0004492362982929021,false
Proviso 31161,sfr_1_4,unknown,18,18,550,556,0.03272727272727273,0.03237410071942446,false
Lemont 19010,small_mf,llc,16,106,34,223,0.47058823529411764,0.47533632286995514,false
Oak Park 27030,condo_unit,partnership,5,5,230,230,0.021739130434782608,0.021739130434782608,false
Hyde Park 70121,condo_unit,unknown,3,3,49,49,0.061224489795918366,0.061224489795918366,false
Orland 28100,sfr_1_4,lender_reo,8,8,3062,3062,0.002612671456564337,0.002612671456564337,false
North Chicago 74012,mixed_use_res,partnership,3,11,216,786,0.013888888888888888,0.013994910941475827,false
Rich 32043,sfr_1_4,llc,1,1,102,102,0.00980392156862745,0.00980392156862745,false
South Chicago 76060,small_mf,individual,34,211,58,364,0.5862068965517241,0.5796703296703297,false
Hyde Park 70083,mixed_use_res,individual,6,15,8,25,0.75,0.6,false
Jefferson 71081,condo_unit,llc,113,113,1941,1941,0.05821741370427615,0.05821741370427615,false
Maine 22010,small_mf,unknown,1,7,2,14,0.5,0.5,false
Jefferson 71362,sfr_1_4,trust,31,35,2115,2268,0.014657210401891253,0.015432098765432098,false
Thornton 37121,small_mf,llc,1,7,4,28,0.25,0.25,false
Wheeling 38027,sfr_1_4,llc,1,2,493,544,0.002028397565922921,0.003676470588235294,false
Orland 28088,sfr_1_4,trust,7,7,550,550,0.012727272727272728,0.012727272727272728,false
Hyde Park 70170,sfr_1_4,individual,791,801,863,874,0.9165701042873696,0.9164759725400458,false
Lake 72052,sfr_1_4,corp,12,22,1267,1831,0.009471191791633781,0.012015292190060076,false
Maine 22110,condo_unit,individual,34,34,40,40,0.85,0.85,false
Lemont 19011,sfr_1_4,corp,1,1,279,280,0.0035842293906810036,0.0035714285714285713,false
Jefferson 71171,sfr_1_4,unknown,42,67,1812,2737,0.023178807947019868,0.024479356960175374,false
Hyde Park 70280,sfr_1_4,lender_reo,4,6,2707,3058,0.0014776505356483192,0.001962066710268149,false
Bloom 12085,mixed_use_res,individual,2,4,4,13,0.5,0.3076923076923077,false
Lake View 73062,mixed_use_res,corp,1,3,6,18,0.16666666666666666,0.16666666666666666,false
Schaumburg 35104,sfr_1_4,trust,2,2,197,197,0.01015228426395939,0.01015228426395939,false
Oak Park 27040,small_mf,llc,14,96,58,398,0.2413793103448276,0.24120603015075376,false
Hyde Park 70080,small_mf,trust,4,24,606,4070,0.006600660066006601,0.005896805896805897,false
Lyons 21102,mixed_use_res,unknown,2,6,13,38,0.15384615384615385,0.15789473684210525,false
Hyde Park 70111,condo_unit,llc,2,2,52,52,0.038461538461538464,0.038461538461538464,false
Thornton 37061,small_mf,unknown,5,32,35,216,0.14285714285714285,0.14814814814814814,false
Hanover 18019,sfr_1_4,corp,6,6,1226,1226,0.004893964110929853,0.004893964110929853,false
Lake 72281,sfr_1_4,corp,22,23,2390,2593,0.009205020920502092,0.00887003470883147,false
Proviso 31080,small_mf,lender_reo,1,7,65,429,0.015384615384615385,0.016317016317016316,false
Maine 22031,small_mf,individual,2,14,5,35,0.4,0.4,false
Northfield 25300,sfr_1_4,individual,98,98,103,103,0.9514563106796117,0.9514563106796117,false
Palos 30020,sfr_1_4,individual,187,187,193,193,0.9689119170984456,0.9689119170984456,false
Palatine 29022,condo_unit,trust,24,24,3531,3531,0.006796941376380629,0.006796941376380629,false
West Chicago 77141,condo_unit,llc,95,95,839,839,0.11323003575685339,0.11323003575685339,false
Worth 39080,small_mf,llc,21,135,80,519,0.2625,0.26011560693641617,false
Bloom 12072,condo_unit,lender_reo,3,3,247,247,0.012145748987854251,0.012145748987854251,false
Proviso 31161,mixed_use_res,individual,2,5,5,20,0.4,0.25,false
Orland 28100,sfr_1_4,llc,32,32,3062,3062,0.010450685826257348,0.010450685826257348,false
Wheeling 38012,sfr_1_4,llc,9,9,1122,1122,0.008021390374331552,0.008021390374331552,false
Proviso 31020,small_mf,individual,25,156,50,313,0.5,0.4984025559105431,false
Proviso 31092,mixed_use_res,llc,1,3,20,63,0.05,0.047619047619047616,false
Worth 39310,sfr_1_4,partnership,2,2,1480,1499,0.0013513513513513514,0.00133422281521014,false
Jefferson 71070,mixed_use_res,unknown,16,63,300,1041,0.05333333333333334,0.06051873198847262,false
Wheeling 38013,condo_unit,individual,3088,3088,3416,3416,0.9039812646370023,0.9039812646370023,false
Jefferson 71560,condo_unit,individual,3,3,3,3,,,true
Palatine 29041,sfr_1_4,trust,11,11,376,376,0.02925531914893617,0.02925531914893617,false
North Chicago 74011,sfr_1_4,trust,11,11,473,616,0.023255813953488372,0.017857142857142856,false
Oak Park 27020,condo_unit,trust,23,23,842,842,0.027315914489311165,0.027315914489311165,false
Thornton 37121,mixed_use_res,individual,7,24,9,30,0.7777777777777778,0.8,false
Northfield 25100,sfr_1_4,individual,648,651,678,681,0.9557522123893806,0.9559471365638766,false
Evanston 17043,sfr_1_4,individual,460,484,486,518,0.9465020576131687,0.9343629343629344,false
Oak Park 27100,small_mf,llc,8,56,12,82,0.6666666666666666,0.6829268292682927,false
Jefferson 71210,small_mf,unknown,5,34,47,315,0.10638297872340426,0.10793650793650794,false
Proviso 31040,mixed_use_res,trust,1,6,16,55,0.0625,0.10909090909090909,false
West Chicago 77151,small_mf,unknown,5,32,50,326,0.1,0.09815950920245399,false
Lake View 73092,condo_unit,individual,1186,1186,1318,1318,0.8998482549317147,0.8998482549317147,false
Maine 22031,sfr_1_4,lender_reo,2,2,1930,2009,0.0010362694300518134,0.0009955201592832255,false
Hyde Park 70220,sfr_1_4,lender_reo,12,16,2723,3175,0.0044069041498347415,0.005039370078740157,false
Lyons 21022,sfr_1_4,unknown,29,35,1143,1174,0.02537182852143482,0.029812606473594547,false
Palos 30030,sfr_1_4,corp,3,3,749,783,0.004005340453938585,0.0038314176245210726,false
Thornton 37200,sfr_1_4,trust,4,4,861,863,0.004645760743321719,0.004634994206257242,false
Lake View 73081,small_mf,unknown,17,112,121,801,0.14049586776859505,0.13982521847690388,false
Rich 32200,sfr_1_4,llc,3,3,520,520,0.0057692307692307696,0.0057692307692307696,false
Northfield 25052,sfr_1_4,corp,3,3,2921,2921,0.0010270455323519343,0.0010270455323519343,false
Leyden 20050,sfr_1_4,corp,17,17,4790,4833,0.0035490605427974946,0.0035174839644113386,false
Palos 30040,condo_unit,individual,66,66,74,74,0.8918918918918919,0.8918918918918919,false
Wheeling 38082,sfr_1_4,trust,3,3,289,289,0.010380622837370242,0.010380622837370242,false
Schaumburg 35071,sfr_1_4,unknown,18,18,744,744,0.024193548387096774,0.024193548387096774,false
Schaumburg 35108,sfr_1_4,unknown,21,21,651,651,0.03225806451612903,0.03225806451612903,false
Jefferson 71120,mixed_use_res,llc,3,10,45,164,0.06666666666666667,0.06097560975609756,false
Evanston 17110,sfr_1_4,individual,1070,1257,1104,1308,0.9692028985507246,0.9610091743119266,false
Cicero 15030,condo_unit,llc,1,1,70,70,0.014285714285714285,0.014285714285714285,false
Jefferson 71520,mixed_use_res,individual,54,174,62,200,0.8709677419354839,0.87,false
Elk Grove 16051,condo_unit,corp,3,3,695,695,0.004316546762589928,0.004316546762589928,false
Lyons 21084,small_mf,corp,1,6,23,154,0.043478260869565216,0.03896103896103896,false
Palos 30030,small_mf,corp,1,7,56,348,0.017857142857142856,0.020114942528735632,false
Palatine 29083,sfr_1_4,corp,4,4,1134,1134,0.003527336860670194,0.003527336860670194,false
Bremen 13140,sfr_1_4,individual,1134,1134,1186,1186,0.9561551433389545,0.9561551433389545,false
Orland 28046,sfr_1_4,trust,3,3,1259,1259,0.0023828435266084196,0.0023828435266084196,false
Northfield 25200,condo_unit,corp,1,1,1062,1062,0.0009416195856873823,0.0009416195856873823,false
Evanston 17140,small_mf,individual,1,7,1,7,,,true
Schaumburg 35112,sfr_1_4,llc,2,2,667,667,0.0029985007496251873,0.0029985007496251873,false
Jefferson 71180,sfr_1_4,partnership,3,8,4644,7802,0.0006459948320413437,0.0010253781081773904,false
Stickney 36022,sfr_1_4,corp,2,2,340,349,0.0058823529411764705,0.0057306590257879654,false
Lake 72092,coop_building,coop_corp,1,1,1,1,,,true
Evanston 17220,condo_unit,llc,23,23,607,607,0.03789126853377265,0.03789126853377265,false
Worth 39071,condo_unit,trust,9,9,1323,1323,0.006802721088435374,0.006802721088435374,false
Leyden 20081,sfr_1_4,corp,13,16,2403,2598,0.005409904286308781,0.006158583525789068,false
Northfield 25160,condo_unit,individual,964,964,1050,1050,0.9180952380952381,0.9180952380952381,false
Northfield 25090,sfr_1_4,unknown,17,17,600,602,0.028333333333333332,0.02823920265780731,false
Jefferson 71120,condo_unit,lender_reo,2,2,251,251,0.00796812749003984,0.00796812749003984,false
Wheeling 38100,sfr_1_4,trust,9,9,274,274,0.032846715328467155,0.032846715328467155,false
Northfield 25090,small_mf,llc,1,6,1,6,,,true
Elk Grove 16096,sfr_1_4,individual,116,116,121,121,0.9586776859504132,0.9586776859504132,false
Wheeling 38040,small_mf,individual,2,14,11,77,0.18181818181818182,0.18181818181818182,false
Proviso 31030,condo_unit,unknown,2,2,72,72,0.027777777777777776,0.027777777777777776,false
West Chicago 77132,small_mf,trust,5,33,173,1119,0.028901734104046242,0.029490616621983913,false
Hyde Park 70020,small_mf,unknown,64,438,326,2221,0.19631901840490798,0.19720846465556055,false
Hanover 18030,sfr_1_4,llc,138,138,428,428,0.32242990654205606,0.32242990654205606,false
West Chicago 77040,mixed_use_res,corp,2,6,69,251,0.028985507246376812,0.02390438247011952,false
Hyde Park 70030,sfr_1_4,unknown,299,535,4700,7901,0.06361702127659574,0.06771294772813567,false
Palos 30030,sfr_1_4,trust,7,7,749,783,0.009345794392523364,0.008939974457215836,false
Palatine 29022,small_mf,unknown,17,106,130,786,0.13076923076923078,0.13486005089058525,false
Lake 72300,mixed_use_res,llc,1,4,6,23,0.16666666666666666,0.17391304347826086,false
Bloom 12043,sfr_1_4,unknown,4,4,300,302,0.013333333333333334,0.013245033112582781,false
Palatine 29070,condo_unit,llc,70,70,3516,3516,0.019908987485779295,0.019908987485779295,false
Palatine 29043,condo_unit,corp,1,1,413,413,0.002421307506053269,0.002421307506053269,false
West Chicago 77011,sfr_1_4,trust,7,12,2531,3687,0.002765705254839984,0.0032546786004882017,false
Proviso 31092,sfr_1_4,trust,9,12,1569,1948,0.0057361376673040155,0.006160164271047228,false
West Chicago 77060,mixed_use_res,individual,64,225,131,473,0.48854961832061067,0.47568710359408034,false
Jefferson 71180,mixed_use_res,llc,28,104,251,863,0.11155378486055777,0.1205098493626883,false
Proviso 31034,small_mf,individual,88,548,130,809,0.676923076923077,0.6773794808405439,false
West Chicago 77131,condo_unit,unknown,453,453,10908,10908,0.04152915291529153,0.04152915291529153,false
Hyde Park 70030,small_mf,llc,100,665,346,2277,0.28901734104046245,0.2920509442248573,false
Palatine 29082,condo_unit,individual,525,525,566,566,0.9275618374558304,0.9275618374558304,false
Lake View 73031,condo_unit,partnership,6,6,10096,10096,0.0005942947702060222,0.0005942947702060222,false
Lake View 73081,mixed_use_res,unknown,16,56,112,384,0.14285714285714285,0.14583333333333334,false
Leyden 20011,sfr_1_4,trust,4,4,480,506,0.008333333333333333,0.007905138339920948,false
Lake 72121,mixed_use_res,llc,1,6,22,75,0.045454545454545456,0.08,false
Northfield 25132,condo_unit,trust,8,8,397,397,0.020151133501259445,0.020151133501259445,false
Thornton 37010,sfr_1_4,individual,1065,1103,1161,1206,0.917312661498708,0.9145936981757877,false
Rich 32181,sfr_1_4,unknown,82,82,961,961,0.08532778355879292,0.08532778355879292,false
Hanover 18015,condo_unit,trust,3,3,559,559,0.005366726296958855,0.005366726296958855,false
Schaumburg 35105,condo_unit,individual,349,349,360,360,0.9694444444444444,0.9694444444444444,false
Thornton 37021,sfr_1_4,llc,168,174,3938,4092,0.04266124936515998,0.04252199413489736,false
Proviso 31120,sfr_1_4,unknown,35,35,844,845,0.041469194312796206,0.04142011834319527,false
Proviso 31120,sfr_1_4,llc,8,8,844,845,0.009478672985781991,0.009467455621301775,false
Cicero 15030,sfr_1_4,llc,19,36,3863,5396,0.004918457157649495,0.006671608598962194,false
Worth 39050,sfr_1_4,llc,16,29,2643,2706,0.006053726825576996,0.010716925351071693,false
Elk Grove 16070,condo_unit,lender_reo,1,1,396,396,0.0025252525252525255,0.0025252525252525255,false
Lyons 21042,mixed_use_res,llc,1,5,47,165,0.02127659574468085,0.030303030303030304,false
Bloom 12010,condo_unit,trust,1,1,139,139,0.007194244604316547,0.007194244604316547,false
Niles 24051,small_mf,individual,5,35,18,126,0.2777777777777778,0.2777777777777778,false
Northfield 25230,sfr_1_4,trust,3,3,103,103,0.02912621359223301,0.02912621359223301,false
Lake 72040,sfr_1_4,unknown,144,250,5166,8752,0.027874564459930314,0.02856489945155393,false
Lyons 21052,small_mf,corp,1,7,86,569,0.011627906976744186,0.012302284710017574,false
Wheeling 38071,sfr_1_4,llc,7,7,1314,1314,0.00532724505327245,0.00532724505327245,false
Schaumburg 35040,condo_unit,individual,894,894,950,950,0.9410526315789474,0.9410526315789474,false
Bremen 13130,sfr_1_4,trust,15,15,3420,3422,0.0043859649122807015,0.004383401519579193,false
South Chicago 76030,condo_unit,individual,1256,1256,1380,1380,0.9101449275362319,0.9101449275362319,false
Rogers Park 75022,small_mf,lender_reo,1,7,141,953,0.0070921985815602835,0.007345225603357817,false
Northfield 25100,condo_unit,trust,1,1,197,197,0.005076142131979695,0.005076142131979695,false
Hyde Park 70080,small_mf,individual,237,1554,606,4070,0.3910891089108911,0.38181818181818183,false
Maine 22080,small_mf,lender_reo,1,6,41,253,0.024390243902439025,0.023715415019762844,false
New Trier 23093,small_mf,trust,1,7,12,82,0.08333333333333333,0.08536585365853659,false
Leyden 20070,condo_unit,individual,245,245,257,257,0.953307392996109,0.953307392996109,false
West Chicago 77091,small_mf,llc,87,573,313,2027,0.2779552715654952,0.28268376911692156,false
Worth 39151,mixed_use_res,corp,2,8,37,104,0.05405405405405406,0.07692307692307693,false
Bremen 13130,small_mf,corp,2,12,22,134,0.09090909090909091,0.08955223880597014,false
Rich 32255,condo_unit,unknown,4,4,54,54,0.07407407407407407,0.07407407407407407,false
Rich 32270,sfr_1_4,llc,2,2,307,307,0.006514657980456026,0.006514657980456026,false
Stickney 36060,sfr_1_4,corp,1,1,266,270,0.0037593984962406013,0.003703703703703704,false
Worth 39160,condo_unit,trust,5,5,1152,1152,0.004340277777777778,0.004340277777777778,false
Hyde Park 70080,small_mf,unknown,143,973,606,4070,0.23597359735973597,0.23906633906633906,false
Wheeling 38056,condo_unit,individual,338,338,376,376,0.898936170212766,0.898936170212766,false
Lake View 73011,small_mf,trust,3,21,131,866,0.022900763358778626,0.02424942263279446,false
Hyde Park 70220,sfr_1_4,individual,2504,2905,2723,3175,0.919573999265516,0.9149606299212598,false
Orland 28045,sfr_1_4,trust,11,11,1518,1518,0.007246376811594203,0.007246376811594203,false
Barrington 10012,sfr_1_4,corp,2,2,1159,1208,0.001725625539257981,0.0016556291390728477,false
Evanston 17120,small_mf,corp,4,28,13,90,0.3076923076923077,0.3111111111111111,false
Riverside 34010,sfr_1_4,lender_reo,5,8,1701,1758,0.0029394473838918285,0.004550625711035267,false
Thornton 37183,condo_unit,corp,4,4,252,252,0.015873015873015872,0.015873015873015872,false
Maine 22120,sfr_1_4,llc,7,7,1075,1078,0.0065116279069767444,0.006493506493506494,false
West Chicago 77051,small_mf,trust,1,6,102,648,0.00980392156862745,0.009259259259259259,false
Proviso 31042,condo_unit,individual,8,8,8,8,,,true
Lake 72030,sfr_1_4,corp,23,30,13815,15814,0.0016648570394498733,0.0018970532439610472,false
Worth 39040,small_mf,individual,42,256,60,374,0.7,0.6844919786096256,false
Thornton 37102,mixed_use_res,individual,6,19,7,23,0.8571428571428571,0.8260869565217391,false
Cicero 15040,sfr_1_4,individual,864,1517,889,1565,0.9718785151856018,0.9693290734824281,false
Schaumburg 35110,condo_unit,llc,6,6,364,364,0.016483516483516484,0.016483516483516484,false
Bremen 13090,sfr_1_4,unknown,1,1,31,31,0.03225806451612903,0.03225806451612903,false
Lake View 73031,condo_unit,lender_reo,40,40,10096,10096,0.003961965134706815,0.003961965134706815,false
Leyden 20050,condo_unit,llc,1,1,60,60,0.016666666666666666,0.016666666666666666,false
Jefferson 71560,mixed_use_res,individual,1,4,1,4,,,true
New Trier 23043,mixed_use_res,individual,5,15,6,18,0.8333333333333334,0.8333333333333334,false
Jefferson 71180,small_mf,lender_reo,3,19,186,1208,0.016129032258064516,0.015728476821192054,false
Lyons 21012,sfr_1_4,unknown,42,44,1658,1673,0.025331724969843185,0.02630005977286312,false
Rich 32181,condo_unit,llc,1,1,100,100,0.01,0.01,false
West Chicago 77091,condo_unit,llc,15,15,135,135,0.1111111111111111,0.1111111111111111,false
Wheeling 38070,condo_unit,llc,13,13,684,684,0.019005847953216373,0.019005847953216373,false
Lake 72091,sfr_1_4,unknown,155,268,3153,5390,0.04915953060577228,0.04972170686456401,false
Hyde Park 70020,small_mf,partnership,2,14,326,2221,0.006134969325153374,0.006303466906798739,false
Lake 72071,sfr_1_4,llc,43,75,2530,3498,0.01699604743083004,0.02144082332761578,false
South Chicago 76041,small_mf,unknown,86,598,151,1035,0.5695364238410596,0.5777777777777777,false
Barrington 10012,condo_unit,corp,15,15,237,237,0.06329113924050633,0.06329113924050633,false
Lake 72230,sfr_1_4,unknown,19,19,583,587,0.032590051457975985,0.03236797274275979,false
Jefferson 71260,small_mf,individual,105,686,175,1162,0.6,0.5903614457831325,false
Worth 39040,sfr_1_4,trust,5,5,863,900,0.005793742757821553,0.005555555555555556,false
Lyons 21032,condo_unit,lender_reo,1,1,148,148,0.006756756756756757,0.006756756756756757,false
Bremen 13182,sfr_1_4,unknown,5,5,258,258,0.01937984496124031,0.01937984496124031,false
Lake View 73110,condo_unit,lender_reo,1,1,514,514,0.0019455252918287938,0.0019455252918287938,false
River Forest 33015,small_mf,individual,8,51,15,93,0.5333333333333333,0.5483870967741935,false
Leyden 20030,small_mf,unknown,11,72,81,522,0.13580246913580246,0.13793103448275862,false
Cicero 15020,mixed_use_res,trust,2,8,20,67,0.1,0.11940298507462686,false
Thornton 37023,mixed_use_res,individual,4,13,5,19,0.8,0.6842105263157895,false
Hyde Park 70220,small_mf,coop_corp,1,7,111,714,0.009009009009009009,0.00980392156862745,false
Northfield 25280,small_mf,individual,1,7,1,7,,,true
Lake 72170,sfr_1_4,lender_reo,13,16,2220,3166,0.005855855855855856,0.00505369551484523,false
Northfield 25102,sfr_1_4,llc,18,18,1727,1727,0.010422698320787493,0.010422698320787493,false
Palatine 29041,sfr_1_4,unknown,5,5,376,376,0.013297872340425532,0.013297872340425532,false
West Chicago 77132,sfr_1_4,lender_reo,1,4,1698,2676,0.0005889281507656066,0.0014947683109118087,false
West Chicago 77150,sfr_1_4,individual,2263,3680,2463,4054,0.9187982135606984,0.9077454366058214,false
Jefferson 71150,mixed_use_res,individual,100,331,141,475,0.7092198581560284,0.6968421052631579,false
Jefferson 71070,small_mf,individual,187,1196,380,2476,0.4921052631578947,0.48303715670436187,false
Riverside 34080,sfr_1_4,llc,3,6,246,349,0.012195121951219513,0.017191977077363897,false
West Chicago 77092,sfr_1_4,trust,4,8,615,1110,0.0065040650406504065,0.007207207207207207,false
Cicero 15090,small_mf,corp,1,7,13,89,0.07692307692307693,0.07865168539325842,false
North Chicago 74013,small_mf,unknown,10,70,80,553,0.125,0.12658227848101267,false
Lemont 19010,condo_unit,llc,10,10,156,156,0.0641025641025641,0.0641025641025641,false
Hyde Park 70250,mixed_use_res,unknown,1,2,5,11,0.2,0.18181818181818182,false
Lake View 73050,sfr_1_4,unknown,11,23,213,395,0.051643192488262914,0.05822784810126582,false
Oak Park 27080,small_mf,individual,25,168,44,298,0.5681818181818182,0.5637583892617449,false
Lake 72222,sfr_1_4,lender_reo,1,3,444,897,0.0022522522522522522,0.0033444816053511705,false
Bremen 13210,condo_unit,individual,540,540,570,570,0.9473684210526315,0.9473684210526315,false
Bloom 12081,sfr_1_4,llc,1,1,165,165,0.006060606060606061,0.006060606060606061,false
Maine 22150,coop_building,coop_corp,1,1,1,1,,,true
West Chicago 77132,small_mf,llc,37,246,173,1119,0.2138728323699422,0.21983914209115282,false
Elk Grove 16030,sfr_1_4,partnership,1,1,1600,1607,0.000625,0.0006222775357809583,false
Schaumburg 35032,sfr_1_4,individual,531,531,546,546,0.9725274725274725,0.9725274725274725,false
Lake View 73070,small_mf,unknown,10,68,71,464,0.14084507042253522,0.14655172413793102,false
West Chicago 77060,sfr_1_4,llc,56,137,934,1612,0.059957173447537475,0.08498759305210918,false
Worth 39110,sfr_1_4,llc,12,15,2508,2532,0.004784688995215311,0.005924170616113744,false
Hyde Park 70080,mixed_use_res,llc,5,24,58,196,0.08620689655172414,0.12244897959183673,false
Orland 28050,small_mf,llc,1,7,1,7,,,true
Stickney 36041,condo_unit,trust,1,1,92,92,0.010869565217391304,0.010869565217391304,false
Wheeling 38071,sfr_1_4,corp,8,8,1314,1314,0.0060882800608828,0.0060882800608828,false
Jefferson 71361,small_mf,unknown,1,6,21,130,0.047619047619047616,0.046153846153846156,false
Jefferson 71600,mixed_use_res,individual,1,2,1,2,,,true
Thornton 37200,mixed_use_res,individual,1,2,2,4,,,true
Elk Grove 16065,small_mf,llc,1,7,4,28,0.25,0.25,false
Thornton 37063,small_mf,unknown,2,14,10,66,0.2,0.21212121212121213,false
Niles 24101,condo_unit,unknown,14,14,459,459,0.030501089324618737,0.030501089324618737,false
Evanston 17071,sfr_1_4,corp,2,2,380,433,0.005263157894736842,0.004618937644341801,false
Wheeling 38072,mixed_use_res,individual,5,18,7,22,0.7142857142857143,0.8181818181818182,false
Hyde Park 70020,condo_unit,lender_reo,8,8,5464,5464,0.0014641288433382138,0.0014641288433382138,false
West Chicago 77115,condo_unit,corp,2,2,32,32,0.0625,0.0625,false
North Chicago 74012,condo_unit,lender_reo,13,13,8283,8283,0.0015694796571290594,0.0015694796571290594,false
Schaumburg 35031,sfr_1_4,llc,1,1,344,344,0.0029069767441860465,0.0029069767441860465,false
Niles 24051,sfr_1_4,corp,10,10,3685,3793,0.0027137042062415195,0.002636435539151068,false
Lake 72051,mixed_use_res,llc,1,3,59,214,0.01694915254237288,0.014018691588785047,false
Hyde Park 70020,sfr_1_4,lender_reo,2,2,1933,2183,0.0010346611484738748,0.0009161704076958314,false
Bremen 13090,condo_unit,unknown,18,18,397,397,0.04534005037783375,0.04534005037783375,false
Wheeling 38012,sfr_1_4,trust,4,4,1122,1122,0.0035650623885918,0.0035650623885918,false
West Chicago 77011,small_mf,corp,2,14,79,521,0.02531645569620253,0.026871401151631478,false
Bloom 12052,sfr_1_4,trust,4,4,229,229,0.017467248908296942,0.017467248908296942,false
Jefferson 71090,condo_unit,corp,3,3,515,515,0.005825242718446602,0.005825242718446602,false
West Chicago 77020,small_mf,llc,36,237,131,834,0.2748091603053435,0.2841726618705036,false
Orland 28040,mixed_use_res,individual,1,2,1,2,,,true
Thornton 37054,sfr_1_4,unknown,12,13,265,275,0.045283018867924525,0.04727272727272727,false
Bloom 12084,sfr_1_4,lender_reo,6,8,688,785,0.00872093023255814,0.01019108280254777,false
Palatine 29042,sfr_1_4,llc,5,5,503,503,0.009940357852882704,0.009940357852882704,false
Stickney 36021,sfr_1_4,unknown,21,26,952,1009,0.022058823529411766,0.02576808721506442,false
Wheeling 38041,sfr_1_4,individual,195,195,201,201,0.9701492537313433,0.9701492537313433,false
Berwyn 11020,mixed_use_res,llc,6,19,46,142,0.13043478260869565,0.13380281690140844,false
Lake 72323,sfr_1_4,individual,916,930,971,988,0.9433573635427395,0.9412955465587044,false
Bremen 13240,sfr_1_4,individual,1636,1636,1909,1909,0.856993190151912,0.856993190151912,false
Elk Grove 16011,small_mf,llc,17,119,27,189,0.6296296296296297,0.6296296296296297,false
Stickney 36041,sfr_1_4,lender_reo,19,23,4145,4356,0.004583835946924005,0.005280073461891644,false
Lake 72080,sfr_1_4,lender_reo,7,17,1852,3577,0.003779697624190065,0.004752585965893207,false
Cicero 15030,mixed_use_res,corp,1,2,112,361,0.008928571428571428,0.00554016620498615,false
Worth 39050,sfr_1_4,individual,2492,2538,2643,2706,0.9428679530836171,0.9379157427937915,false
Lyons 21052,sfr_1_4,partnership,1,1,2626,2913,0.0003808073115003808,0.00034328870580157915,false
Hyde Park 70151,sfr_1_4,individual,290,316,302,330,0.9602649006622517,0.9575757575757575,false
Lake View 73093,mixed_use_res,lender_reo,1,6,81,299,0.012345679012345678,0.020066889632107024,false
West Chicago 77091,sfr_1_4,trust,22,49,3814,7645,0.0057682223387519665,0.006409417920209287,false
Lake 72080,mixed_use_res,individual,131,479,149,546,0.8791946308724832,0.8772893772893773,false
Bloom 12190,sfr_1_4,individual,180,180,188,188,0.9574468085106383,0.9574468085106383,false
Thornton 37061,condo_unit,llc,2,2,87,87,0.022988505747126436,0.022988505747126436,false
Proviso 31031,sfr_1_4,unknown,69,72,1251,1292,0.05515587529976019,0.05572755417956656,false
New Trier 23141,condo_unit,individual,53,53,55,55,0.9636363636363636,0.9636363636363636,false
Hanover 18013,sfr_1_4,lender_reo,2,2,2110,2110,0.0009478672985781991,0.0009478672985781991,false
Jefferson 71440,sfr_1_4,trust,52,52,3975,4100,0.013081761006289308,0.012682926829268294,false
Orland 28030,sfr_1_4,lender_reo,3,3,457,457,0.006564551422319475,0.006564551422319475,false
Palatine 29013,sfr_1_4,llc,1,1,375,375,0.0026666666666666666,0.0026666666666666666,false
Lake View 73032,small_mf,partnership,1,7,306,2045,0.0032679738562091504,0.0034229828850855745,false
Bloom 12111,sfr_1_4,lender_reo,5,9,841,1110,0.005945303210463734,0.008108108108108109,false
Hyde Park 70020,coop_building,coop_corp,29,29,29,29,1.0,1.0,false
Niles 24081,condo_unit,lender_reo,1,1,715,715,0.0013986013986013986,0.0013986013986013986,false
Jefferson 71390,sfr_1_4,lender_reo,7,8,1307,1711,0.005355776587605203,0.004675628287551139,false
Hyde Park 70083,sfr_1_4,unknown,38,86,743,1215,0.05114401076716016,0.07078189300411522,false
Bremen 13342,small_mf,individual,11,65,12,71,0.9166666666666666,0.9154929577464789,false
Rogers Park 75060,condo_unit,unknown,15,15,617,617,0.024311183144246355,0.024311183144246355,false
Thornton 37163,condo_unit,trust,2,2,678,678,0.0029498525073746312,0.0029498525073746312,false
Hanover 18070,small_mf,individual,29,192,48,312,0.6041666666666666,0.6153846153846154,false
Worth 39060,sfr_1_4,llc,27,30,1547,1550,0.017453135100193924,0.01935483870967742,false
Maine 22050,sfr_1_4,trust,6,6,2482,2509,0.0024174053182917004,0.0023913909924272616,false
Lake View 73093,small_mf,trust,2,12,126,823,0.015873015873015872,0.014580801944106925,false
Lake 72110,mixed_use_res,individual,56,175,65,199,0.8615384615384616,0.8793969849246231,false
Barrington 10025,sfr_1_4,unknown,2,2,44,44,0.045454545454545456,0.045454545454545456,false
Jefferson 71430,small_mf,trust,3,20,42,261,0.07142857142857142,0.07662835249042145,false
Lake 72223,sfr_1_4,individual,624,753,724,867,0.861878453038674,0.8685121107266436,false
West Chicago 77020,mixed_use_res,trust,4,15,141,520,0.028368794326241134,0.028846153846153848,false
Orland 28022,condo_unit,trust,8,8,589,589,0.013582342954159592,0.013582342954159592,false
Lake 72130,sfr_1_4,corp,51,88,2338,3779,0.021813515825491875,0.02328658375231543,false
Schaumburg 35112,sfr_1_4,trust,6,6,667,667,0.008995502248875561,0.008995502248875561,false
West Chicago 77103,condo_unit,unknown,26,26,492,492,0.052845528455284556,0.052845528455284556,false
New Trier 23171,sfr_1_4,corp,1,1,190,192,0.005263157894736842,0.005208333333333333,false
West Chicago 77150,mixed_use_res,llc,28,90,126,422,0.2222222222222222,0.2132701421800948,false
Lyons 21013,sfr_1_4,unknown,20,21,848,879,0.02358490566037736,0.023890784982935155,false
Rogers Park 75023,sfr_1_4,lender_reo,1,1,447,502,0.0022371364653243847,0.00199203187250996,false
Jefferson 71110,condo_unit,trust,8,8,1469,1469,0.005445881552076242,0.005445881552076242,false
Hanover 18090,coop_building,coop_corp,1,1,1,1,,,true
West Chicago 77103,sfr_1_4,trust,11,25,951,1702,0.011566771819137749,0.014688601645123384,false
Orland 28032,sfr_1_4,llc,3,3,876,876,0.003424657534246575,0.003424657534246575,false
Thornton 37033,condo_unit,lender_reo,2,2,77,77,0.025974025974025976,0.025974025974025976,false
Lake 72051,condo_unit,unknown,2,2,171,171,0.011695906432748537,0.011695906432748537,false
Oak Park 27080,small_mf,corp,4,28,44,298,0.09090909090909091,0.09395973154362416,false
Lake 72380,sfr_1_4,llc,45,55,13000,13727,0.0034615384615384616,0.004006702119909667,false
Hyde Park 70140,small_mf,individual,12,78,26,167,0.46153846153846156,0.46706586826347307,false
Worth 39330,mixed_use_res,corp,1,2,1,2,,,true
Proviso 31034,sfr_1_4,lender_reo,6,6,2110,2329,0.002843601895734597,0.0025762129669386004,false
Palos 30060,sfr_1_4,llc,2,2,89,96,0.02247191011235955,0.020833333333333332,false
Oak Park 27041,sfr_1_4,individual,404,475,436,514,0.926605504587156,0.9241245136186771,false
New Trier 23141,condo_unit,trust,1,1,55,55,0.01818181818181818,0.01818181818181818,false
Leyden 20090,small_mf,individual,38,252,63,422,0.6031746031746031,0.5971563981042654,false
Thornton 37053,sfr_1_4,llc,33,43,2636,2957,0.01251896813353566,0.014541765302671627,false
Worth 39082,condo_unit,individual,152,152,160,160,0.95,0.95,false
Rich 32181,sfr_1_4,trust,3,3,961,961,0.003121748178980229,0.003121748178980229,false
Hanover 18013,condo_unit,corp,2,2,641,641,0.0031201248049922,0.0031201248049922,false
Bloom 12162,small_mf,unknown,7,42,13,79,0.5384615384615384,0.5316455696202531,false
Palos 30054,condo_unit,llc,1,1,678,678,0.0014749262536873156,0.0014749262536873156,false
Bremen 13100,condo_unit,llc,5,5,454,454,0.011013215859030838,0.011013215859030838,false
Evanston 17220,small_mf,trust,1,7,85,568,0.011764705882352941,0.01232394366197183,false
Maine 22110,small_mf,llc,2,10,6,38,0.3333333333333333,0.2631578947368421,false
Lemont 19100,sfr_1_4,trust,5,5,380,380,0.013157894736842105,0.013157894736842105,false
Evanston 17011,sfr_1_4,lender_reo,1,1,717,718,0.001394700139470014,0.001392757660167131,false
Evanston 17140,sfr_1_4,unknown,20,21,879,902,0.022753128555176336,0.02328159645232816,false
Worth 39030,sfr_1_4,trust,6,6,854,868,0.00702576112412178,0.0069124423963133645,false
Evanston 17043,small_mf,llc,19,131,48,332,0.3958333333333333,0.39457831325301207,false
Proviso 31033,sfr_1_4,llc,2,4,212,231,0.009433962264150943,0.017316017316017316,false
Bremen 13320,sfr_1_4,unknown,54,54,805,805,0.0670807453416149,0.0670807453416149,false
Lake 72310,sfr_1_4,corp,14,14,1535,1569,0.009120521172638436,0.008922880815806247,false
Jefferson 71171,mixed_use_res,individual,31,107,39,136,0.7948717948717948,0.7867647058823529,false
Bloom 12141,sfr_1_4,lender_reo,3,3,969,1097,0.0030959752321981426,0.0027347310847766638,false
Schaumburg 35080,sfr_1_4,individual,1050,1051,1107,1108,0.948509485094851,0.9485559566787004,false
Elk Grove 16070,small_mf,partnership,1,7,123,749,0.008130081300813009,0.009345794392523364,false
Orland 28015,condo_unit,trust,28,28,1165,1165,0.0240343347639485,0.0240343347639485,false
Schaumburg 35110,condo_unit,unknown,12,12,364,364,0.03296703296703297,0.03296703296703297,false
Northfield 25200,condo_unit,lender_reo,1,1,1062,1062,0.0009416195856873823,0.0009416195856873823,false
Northfield 25430,small_mf,trust,1,6,98,592,0.01020408163265306,0.010135135135135136,false
Schaumburg 35020,condo_unit,individual,893,893,989,989,0.9029322548028311,0.9029322548028311,false
Worth 39071,small_mf,lender_reo,4,27,72,463,0.05555555555555555,0.058315334773218146,false
Stickney 36050,small_mf,llc,2,13,37,234,0.05405405405405406,0.05555555555555555,false
Worth 39030,sfr_1_4,llc,7,7,854,868,0.00819672131147541,0.008064516129032258,false
Jefferson 71070,small_mf,unknown,49,329,380,2476,0.12894736842105264,0.132875605815832,false
Lake 72330,sfr_1_4,corp,124,144,7023,8085,0.017656272248326926,0.017810760667903526,false
Proviso 31190,sfr_1_4,lender_reo,6,6,762,958,0.007874015748031496,0.006263048016701462,false
Worth 39270,condo_unit,unknown,22,22,128,128,0.171875,0.171875,false
Jefferson 71600,condo_unit,llc,1,1,903,903,0.0011074197120708748,0.0011074197120708748,false
Wheeling 38070,small_mf,individual,19,122,47,309,0.40425531914893614,0.3948220064724919,false
Wheeling 38072,sfr_1_4,individual,968,977,1021,1034,0.9480901077375122,0.9448742746615088,false
Jefferson 71082,sfr_1_4,corp,14,22,4527,6888,0.0030925557764523966,0.003193960511033682,false
Wheeling 38056,condo_unit,llc,7,7,376,376,0.018617021276595744,0.018617021276595744,false
West Chicago 77091,sfr_1_4,individual,3229,6282,3814,7645,0.8466177241740954,0.8217135382603008,false
Niles 24031,sfr_1_4,corp,21,30,9674,11295,0.002170767004341534,0.0026560424966799467,false
Bloom 12162,sfr_1_4,llc,284,284,2857,2868,0.09940497024851243,0.09902370990237098,false
Evanston 17112,condo_unit,individual,488,488,516,516,0.9457364341085271,0.9457364341085271,false
Lake 72312,sfr_1_4,individual,2070,2206,2342,2510,0.8838599487617421,0.8788844621513944,false
Lyons 21121,condo_unit,individual,33,33,63,63,0.5238095238095238,0.5238095238095238,false
Lyons 21064,condo_unit,trust,5,5,150,150,0.03333333333333333,0.03333333333333333,false
West Chicago 77030,sfr_1_4,corp,35,88,4841,9021,0.007229911175376988,0.009755016073606031,false
Jefferson 71150,small_mf,individual,116,745,178,1162,0.651685393258427,0.6411359724612736,false
Hyde Park 70080,sfr_1_4,corp,72,97,8526,11082,0.00844475721323012,0.008752932683631113,false
Thornton 37181,mixed_use_res,individual,21,70,31,104,0.6774193548387096,0.6730769230769231,false
Orland 28030,sfr_1_4,trust,10,10,457,457,0.02188183807439825,0.02188183807439825,false
Rich 32220,sfr_1_4,trust,3,3,619,619,0.004846526655896607,0.004846526655896607,false
Palatine 29090,sfr_1_4,lender_reo,1,1,979,979,0.0010214504596527069,0.0010214504596527069,false
Hyde Park 70151,sfr_1_4,trust,3,3,302,330,0.009933774834437087,0.00909090909090909,false
Palatine 29060,mixed_use_res,trust,2,4,24,71,0.08333333333333333,0.056338028169014086,false
Schaumburg 35100,small_mf,individual,1,7,4,28,0.25,0.25,false
Evanston 17060,sfr_1_4,llc,50,89,1033,1383,0.0484027105517909,0.064352856109906,false
Orland 28046,condo_unit,individual,16,16,16,16,1.0,1.0,false
Palos 30061,small_mf,corp,2,12,34,205,0.058823529411764705,0.05853658536585366,false
Maine 22120,mixed_use_res,llc,2,7,4,16,0.5,0.4375,false
Hyde Park 70121,mixed_use_res,llc,1,2,15,44,0.06666666666666667,0.045454545454545456,false
New Trier 23171,condo_unit,trust,19,19,316,316,0.060126582278481014,0.060126582278481014,false
Lake View 73084,sfr_1_4,lender_reo,4,8,2305,4498,0.0017353579175704988,0.0017785682525566918,false
Bremen 13010,mixed_use_res,individual,14,49,17,58,0.8235294117647058,0.8448275862068966,false
Lake 72323,sfr_1_4,unknown,41,43,971,988,0.042224510813594233,0.043522267206477734,false
Wheeling 38023,condo_unit,corp,6,6,612,612,0.00980392156862745,0.00980392156862745,false
Evanston 17020,condo_unit,individual,62,62,63,63,0.9841269841269841,0.9841269841269841,false
River Forest 33030,sfr_1_4,trust,11,11,636,646,0.01729559748427673,0.017027863777089782,false
Bremen 13240,sfr_1_4,unknown,165,165,1909,1909,0.08643268727082241,0.08643268727082241,false
New Trier 23043,small_mf,llc,2,14,7,49,0.2857142857142857,0.2857142857142857,false
Northfield 25021,sfr_1_4,individual,1704,1704,1784,1784,0.9551569506726457,0.9551569506726457,false
Berwyn 11070,sfr_1_4,trust,10,12,2244,2559,0.004456327985739751,0.004689331770222743,false
Palatine 29041,condo_unit,individual,160,160,176,176,0.9090909090909091,0.9090909090909091,false
Lake 72200,condo_unit,individual,62,62,73,73,0.8493150684931506,0.8493150684931506,false
Lake 72121,sfr_1_4,individual,2217,2437,2490,2738,0.8903614457831325,0.8900657414170927,false
Lake 72110,mixed_use_res,corp,2,6,65,199,0.03076923076923077,0.03015075376884422,false
Northfield 25072,condo_unit,trust,12,12,236,236,0.05084745762711865,0.05084745762711865,false
Lake View 73012,condo_unit,individual,1030,1030,1195,1195,0.8619246861924686,0.8619246861924686,false
Lake View 73093,mixed_use_res,unknown,13,50,81,299,0.16049382716049382,0.16722408026755853,false
Lyons 21082,sfr_1_4,unknown,46,47,1204,1281,0.03820598006644518,0.03669008587041374,false
Hyde Park 70010,sfr_1_4,partnership,13,42,3384,5653,0.0038416075650118202,0.007429683353971343,false
Rich 32201,sfr_1_4,individual,146,146,158,158,0.9240506329113924,0.9240506329113924,false
Evanston 17043,mixed_use_res,individual,4,15,6,22,0.6666666666666666,0.6818181818181818,false
New Trier 23093,small_mf,llc,2,14,12,82,0.16666666666666666,0.17073170731707318,false
Elk Grove 16051,sfr_1_4,lender_reo,8,8,3094,3239,0.002585649644473174,0.002469898116702686,false
Jefferson 71081,mixed_use_res,individual,80,298,108,398,0.7407407407407407,0.7487437185929648,false
North Chicago 74022,mixed_use_res,corp,3,11,27,95,0.1111111111111111,0.11578947368421053,false
Orland 28022,sfr_1_4,individual,1250,1450,1369,1632,0.9130752373995618,0.8884803921568627,false
South Chicago 76050,mixed_use_res,lender_reo,3,15,151,540,0.019867549668874173,0.027777777777777776,false
Hanover 18019,small_mf,unknown,1,7,1,7,,,true
Lake View 73060,sfr_1_4,corp,2,5,187,260,0.0106951871657754,0.019230769230769232,false
Rich 32270,sfr_1_4,unknown,10,10,307,307,0.03257328990228013,0.03257328990228013,false
Lyons 21111,sfr_1_4,llc,10,13,2356,2492,0.004244482173174873,0.00521669341894061,false
Bloom 12082,condo_unit,individual,4,4,4,4,,,true
Leyden 20080,mixed_use_res,individual,35,120,46,152,0.7608695652173914,0.7894736842105263,false
Rich 32220,condo_unit,unknown,15,15,307,307,0.048859934853420196,0.048859934853420196,false
Lake View 73200,condo_unit,unknown,46,46,537,537,0.0856610800744879,0.0856610800744879,false
Barrington 10022,sfr_1_4,trust,4,4,118,118,0.03389830508474576,0.03389830508474576,false
Palos 30040,sfr_1_4,trust,5,5,409,412,0.012224938875305624,0.012135922330097087,false
Northfield 25220,sfr_1_4,unknown,1,1,79,79,0.012658227848101266,0.012658227848101266,false
Elk Grove 16070,condo_unit,individual,378,378,396,396,0.9545454545454546,0.9545454545454546,false
Bremen 13320,sfr_1_4,corp,19,19,805,805,0.02360248447204969,0.02360248447204969,false
Proviso 31110,condo_unit,corp,8,8,80,80,0.1,0.1,false
Elk Grove 16070,sfr_1_4,llc,1,1,19,22,0.05263157894736842,0.045454545454545456,false
Hanover 18050,sfr_1_4,corp,1,1,622,641,0.001607717041800643,0.0015600624024961,false
Riverside 34020,sfr_1_4,unknown,49,54,1871,1948,0.026189203634420097,0.027720739219712527,false
South Chicago 76040,condo_unit,individual,956,956,1159,1159,0.8248490077653149,0.8248490077653149,false
Worth 39211,sfr_1_4,corp,1,1,1645,1666,0.0006079027355623101,0.0006002400960384153,false
Lake 72330,sfr_1_4,partnership,4,4,7023,8085,0.0005695571693008686,0.000494743351886209,false
Orland 28099,sfr_1_4,unknown,5,5,327,327,0.01529051987767584,0.01529051987767584,false
Bloom 12087,sfr_1_4,trust,1,1,421,421,0.0023752969121140144,0.0023752969121140144,false
Niles 24013,small_mf,corp,2,14,22,139,0.09090909090909091,0.10071942446043165,false
Hanover 18090,sfr_1_4,individual,1226,1226,1346,1346,0.9108469539375929,0.9108469539375929,false
Calumet 14030,sfr_1_4,trust,7,7,2139,2240,0.0032725572697522207,0.003125,false
Wheeling 38072,condo_unit,llc,14,14,652,652,0.02147239263803681,0.02147239263803681,false
West Chicago 77085,mixed_use_res,individual,4,15,5,21,0.8,0.7142857142857143,false
Palatine 29084,sfr_1_4,corp,2,2,1154,1154,0.0017331022530329288,0.0017331022530329288,false
New Trier 23043,sfr_1_4,unknown,13,13,460,461,0.02826086956521739,0.028199566160520606,false
Evanston 17112,condo_unit,trust,4,4,516,516,0.007751937984496124,0.007751937984496124,false
Jefferson 71090,condo_unit,lender_reo,1,1,515,515,0.001941747572815534,0.001941747572815534,false
South Chicago 76012,sfr_1_4,individual,139,139,146,146,0.952054794520548,0.952054794520548,false
Leyden 20090,condo_unit,unknown,23,23,516,516,0.044573643410852716,0.044573643410852716,false
Barrington 10011,sfr_1_4,llc,1,1,177,177,0.005649717514124294,0.005649717514124294,false
Thornton 37024,condo_unit,individual,26,26,36,36,0.7222222222222222,0.7222222222222222,false
Rich 32060,sfr_1_4,llc,6,6,347,347,0.01729106628242075,0.01729106628242075,false
Jefferson 71260,sfr_1_4,trust,21,28,3630,5245,0.005785123966942148,0.005338417540514776,false
Berwyn 11070,condo_unit,llc,1,1,67,67,0.014925373134328358,0.014925373134328358,false
Northfield 25160,sfr_1_4,lender_reo,2,2,1846,1862,0.0010834236186348862,0.0010741138560687433,false
Northfield 25270,sfr_1_4,unknown,5,5,312,312,0.016025641025641024,0.016025641025641024,false
Schaumburg 35107,sfr_1_4,trust,4,4,280,280,0.014285714285714285,0.014285714285714285,false
West Chicago 77052,condo_unit,corp,27,27,797,797,0.033877038895859475,0.033877038895859475,false
Lyons 21031,mixed_use_res,individual,8,29,9,33,0.8888888888888888,0.8787878787878788,false
Palatine 29070,condo_unit,corp,10,10,3516,3516,0.002844141069397042,0.002844141069397042,false
Worth 39122,sfr_1_4,lender_reo,2,2,1811,1811,0.0011043622308117063,0.0011043622308117063,false
River Forest 33040,sfr_1_4,corp,2,3,701,742,0.0028530670470756064,0.004043126684636119,false
Lyons 21132,small_mf,unknown,1,7,1,7,,,true
Schaumburg 35012,sfr_1_4,trust,8,8,1254,1254,0.006379585326953748,0.006379585326953748,false
Hyde Park 70150,condo_unit,corp,1,1,109,109,0.009174311926605505,0.009174311926605505,false
Lake 72431,sfr_1_4,unknown,23,23,832,832,0.027644230769230768,0.027644230769230768,false
Cicero 15072,small_mf,individual,6,41,7,47,0.8571428571428571,0.8723404255319149,false
Stickney 36022,sfr_1_4,llc,2,2,340,349,0.0058823529411764705,0.0057306590257879654,false
Hyde Park 70230,sfr_1_4,llc,44,61,1119,1417,0.03932082216264522,0.043048694424841216,false
Schaumburg 35072,sfr_1_4,unknown,16,16,1029,1029,0.015549076773566569,0.015549076773566569,false
West Chicago 77115,mixed_use_res,llc,24,92,464,1719,0.05172413793103448,0.0535194880744619,false
Northfield 25082,sfr_1_4,unknown,6,6,152,152,0.039473684210526314,0.039473684210526314,false
Lake View 73042,sfr_1_4,corp,2,3,1031,1551,0.0019398642095053346,0.0019342359767891683,false
Lake 72200,sfr_1_4,llc,56,64,6931,7127,0.008079642187274564,0.008979935456713904,false
West Chicago 77120,small_mf,llc,187,1245,474,3062,0.39451476793248946,0.40659699542782496,false
Palatine 29042,sfr_1_4,lender_reo,1,1,503,503,0.0019880715705765406,0.0019880715705765406,false
Schaumburg 35030,condo_unit,llc,37,37,1416,1416,0.026129943502824857,0.026129943502824857,false
Jefferson 71101,sfr_1_4,trust,13,15,1742,2352,0.007462686567164179,0.006377551020408163,false
Orland 28050,condo_unit,lender_reo,1,1,524,524,0.0019083969465648854,0.0019083969465648854,false
Jefferson 71270,sfr_1_4,lender_reo,5,7,1731,2440,0.0028885037550548816,0.0028688524590163933,false
Lyons 21200,sfr_1_4,llc,3,3,280,280,0.010714285714285714,0.010714285714285714,false
North Chicago 74012,mixed_use_res,corp,12,36,216,786,0.05555555555555555,0.04580152671755725,false
Niles 24013,mixed_use_res,trust,1,2,6,15,0.16666666666666666,0.13333333333333333,false
Schaumburg 35065,sfr_1_4,individual,615,615,637,637,0.9654631083202512,0.9654631083202512,false
Bremen 13250,sfr_1_4,trust,3,3,853,853,0.0035169988276670576,0.0035169988276670576,false
Thornton 37183,small_mf,unknown,3,20,19,127,0.15789473684210525,0.15748031496062992,false
Barrington 10022,sfr_1_4,individual,109,109,118,118,0.923728813559322,0.923728813559322,false
Rogers Park 75031,mixed_use_res,unknown,6,15,50,171,0.12,0.08771929824561403,false
Schaumburg 35060,mixed_use_res,individual,2,4,2,4,,,true
Proviso 31080,small_mf,corp,3,19,65,429,0.046153846153846156,0.04428904428904429,false
Bremen 13210,small_mf,llc,3,20,9,56,0.3333333333333333,0.35714285714285715,false
Jefferson 71070,sfr_1_4,individual,6106,10826,6604,11844,0.9245911568746215,0.914049307666329,false
Hyde Park 70111,small_mf,llc,9,62,93,617,0.0967741935483871,0.10048622366288493,false
Hanover 18011,condo_unit,llc,2,2,408,408,0.004901960784313725,0.004901960784313725,false
North Chicago 74013,sfr_1_4,partnership,1,1,156,169,0.00641025641025641,0.005917159763313609,false
Bremen 13170,sfr_1_4,lender_reo,6,6,2234,2329,0.0026857654431512983,0.0025762129669386004,false
Hanover 18050,sfr_1_4,individual,531,547,622,641,0.8536977491961415,0.8533541341653667,false
Rogers Park 75060,sfr_1_4,llc,31,73,335,633,0.09253731343283582,0.11532385466034756,false
Bloom 12150,sfr_1_4,lender_reo,2,2,366,368,0.00546448087431694,0.005434782608695652,false
Thornton 37102,sfr_1_4,individual,833,834,932,934,0.8937768240343348,0.892933618843683,false
Wheeling 38027,sfr_1_4,unknown,7,7,493,544,0.014198782961460446,0.012867647058823529,false
Palatine 29013,sfr_1_4,corp,1,1,375,375,0.0026666666666666666,0.0026666666666666666,false
West Chicago 77131,mixed_use_res,individual,38,126,91,308,0.4175824175824176,0.4090909090909091,false
Lake 72070,mixed_use_res,corp,2,8,180,591,0.011111111111111112,0.01353637901861252,false
Evanston 17042,sfr_1_4,individual,462,477,492,512,0.9390243902439024,0.931640625,false
Lake 72194,condo_unit,lender_reo,3,3,443,443,0.006772009029345372,0.006772009029345372,false
Bloom 12033,mixed_use_res,individual,1,6,1,6,,,true
Jefferson 71022,sfr_1_4,llc,2,2,957,982,0.0020898641588296763,0.002036659877800407,false
Rogers Park 75021,condo_unit,corp,7,7,543,543,0.01289134438305709,0.01289134438305709,false
Lake View 73084,small_mf,individual,149,982,387,2570,0.3850129198966408,0.38210116731517507,false
Jefferson 71041,small_mf,corp,9,58,160,1074,0.05625,0.054003724394785846,false
Hyde Park 70280,sfr_1_4,estate,1,1,2707,3058,0.0003694126339120798,0.0003270111183780249,false
Rich 32041,sfr_1_4,unknown,17,17,355,355,0.04788732394366197,0.04788732394366197,false
Lake View 73063,sfr_1_4,corp,4,15,359,537,0.011142061281337047,0.027932960893854747,false
Jefferson 71260,condo_unit,unknown,7,7,144,144,0.04861111111111111,0.04861111111111111,false
Northfield 25430,sfr_1_4,lender_reo,2,2,667,667,0.0029985007496251873,0.0029985007496251873,false
Proviso 31104,condo_unit,trust,3,3,271,271,0.01107011070110701,0.01107011070110701,false
Lyons 21011,sfr_1_4,trust,5,5,358,358,0.013966480446927373,0.013966480446927373,false
Jefferson 71410,condo_unit,lender_reo,4,4,680,680,0.0058823529411764705,0.0058823529411764705,false
Lake 72380,mixed_use_res,corp,12,40,154,512,0.07792207792207792,0.078125,false
Palatine 29041,sfr_1_4,lender_reo,1,1,376,376,0.0026595744680851063,0.0026595744680851063,false
Lake 72092,sfr_1_4,individual,1615,2532,1863,2955,0.8668813741277509,0.8568527918781725,false
Bremen 13032,condo_unit,llc,7,7,444,444,0.015765765765765764,0.015765765765765764,false
Evanston 17013,small_mf,llc,2,14,16,112,0.125,0.125,false
Proviso 31102,sfr_1_4,individual,1015,1052,1090,1127,0.9311926605504587,0.9334516415261757,false
Thornton 37102,sfr_1_4,trust,3,3,932,934,0.003218884120171674,0.0032119914346895075,false
South Chicago 76041,small_mf,individual,54,364,151,1035,0.3576158940397351,0.3516908212560386,false
Orland 28043,sfr_1_4,individual,2103,2104,2179,2180,0.9651216154199174,0.9651376146788991,false
New Trier 23044,mixed_use_res,trust,2,4,9,32,0.2222222222222222,0.125,false
Lake View 73062,sfr_1_4,individual,175,208,197,243,0.8883248730964467,0.8559670781893004,false
South Chicago 76040,sfr_1_4,individual,172,201,184,220,0.9347826086956522,0.9136363636363637,false
Oak Park 27050,mixed_use_res,unknown,1,4,17,58,0.058823529411764705,0.06896551724137931,false
Thornton 37200,condo_unit,individual,539,539,575,575,0.9373913043478261,0.9373913043478261,false
Jefferson 71200,mixed_use_res,corp,4,12,118,408,0.03389830508474576,0.029411764705882353,false
Worth 39100,small_mf,unknown,1,7,33,210,0.030303030303030304,0.03333333333333333,false
Worth 39270,condo_unit,lender_reo,2,2,128,128,0.015625,0.015625,false
Rich 32130,sfr_1_4,individual,1017,1051,1133,1175,0.8976169461606355,0.894468085106383,false
New Trier 23022,mixed_use_res,corp,1,6,13,51,0.07692307692307693,0.11764705882352941,false
Bloom 12082,sfr_1_4,llc,5,5,386,389,0.012953367875647668,0.012853470437017995,false
Riverside 34050,condo_unit,individual,4,4,4,4,,,true
Stickney 36012,sfr_1_4,individual,2061,2124,2156,2226,0.9559369202226345,0.954177897574124,false
New Trier 23022,sfr_1_4,trust,41,41,1455,1459,0.028178694158075602,0.02810143934201508,false
Maine 22050,condo_unit,estate,1,1,4913,4913,0.0002035416242621616,0.0002035416242621616,false
Berwyn 11050,small_mf,individual,11,72,25,166,0.44,0.43373493975903615,false
New Trier 23022,condo_unit,unknown,1,1,203,203,0.0049261083743842365,0.0049261083743842365,false
Lake View 73032,small_mf,corp,27,187,306,2045,0.08823529411764706,0.09144254278728606,false
Bremen 13310,condo_unit,trust,9,9,845,845,0.010650887573964497,0.010650887573964497,false
Wheeling 38050,small_mf,llc,2,14,7,49,0.2857142857142857,0.2857142857142857,false
Maine 22120,mixed_use_res,unknown,1,4,4,16,0.25,0.25,false
Rich 32150,sfr_1_4,trust,7,7,742,772,0.009433962264150943,0.009067357512953367,false
Wheeling 38041,sfr_1_4,corp,1,1,201,201,0.004975124378109453,0.004975124378109453,false
Elk Grove 16030,condo_unit,unknown,27,27,993,993,0.027190332326283987,0.027190332326283987,false
Wheeling 38082,sfr_1_4,individual,277,277,289,289,0.9584775086505191,0.9584775086505191,false
Thornton 37024,sfr_1_4,unknown,136,138,3587,3697,0.037914691943127965,0.03732756288882878,false
Elk Grove 16011,condo_unit,individual,2546,2546,2917,2917,0.8728145354816592,0.8728145354816592,false
Barrington 10023,sfr_1_4,trust,16,16,735,735,0.021768707482993196,0.021768707482993196,false
Proviso 31160,small_mf,unknown,5,33,27,174,0.18518518518518517,0.1896551724137931,false
Leyden 20050,small_mf,partnership,1,7,42,285,0.023809523809523808,0.02456140350877193,false
South Chicago 76050,sfr_1_4,individual,3178,4782,3383,5140,0.9394028968371269,0.9303501945525292,false
Orland 28036,sfr_1_4,llc,9,9,2654,2657,0.003391107761868877,0.003387278885961611,false
Proviso 31170,sfr_1_4,llc,1,1,501,526,0.001996007984031936,0.0019011406844106464,false
Lake View 73150,sfr_1_4,lender_reo,1,3,686,1259,0.0014577259475218659,0.0023828435266084196,false
Evanston 17041,condo_unit,individual,938,938,1031,1031,0.9097963142580019,0.9097963142580019,false
South Chicago 76050,sfr_1_4,llc,74,132,3383,5140,0.0218740762636713,0.025680933852140077,false
Lyons 21120,small_mf,individual,2,11,3,17,0.6666666666666666,0.6470588235294118,false
Worth 39140,small_mf,corp,3,20,191,1156,0.015706806282722512,0.01730103806228374,false
Evanston 17041,mixed_use_res,llc,1,3,4,14,0.25,0.21428571428571427,false
Evanston 17090,sfr_1_4,individual,674,745,719,799,0.9374130737134909,0.932415519399249,false
Lyons 21052,sfr_1_4,corp,13,14,2626,2913,0.0049504950495049506,0.004806041881222108,false
South Chicago 76042,condo_unit,corp,1,1,645,645,0.0015503875968992248,0.0015503875968992248,false
Lake 72171,small_mf,llc,9,60,53,356,0.16981132075471697,0.16853932584269662,false
Jefferson 71120,sfr_1_4,unknown,94,133,3505,4879,0.026818830242510697,0.027259684361549498,false
Schaumburg 35074,condo_unit,llc,7,7,238,238,0.029411764705882353,0.029411764705882353,false
Jefferson 71101,sfr_1_4,corp,5,6,1742,2352,0.0028702640642939152,0.002551020408163265,false
Cicero 15065,condo_unit,individual,13,13,13,13,1.0,1.0,false
Berwyn 11060,sfr_1_4,lender_reo,1,1,545,691,0.001834862385321101,0.001447178002894356,false
Leyden 20080,condo_unit,unknown,52,52,1453,1453,0.035788024776324846,0.035788024776324846,false
Palos 30022,condo_unit,lender_reo,3,3,453,453,0.006622516556291391,0.006622516556291391,false
Thornton 37181,sfr_1_4,partnership,13,13,4252,4561,0.0030573847601128882,0.0028502521376891033,false
Lake View 73041,small_mf,trust,2,13,65,443,0.03076923076923077,0.029345372460496615,false
Schaumburg 35012,condo_unit,corp,7,7,993,993,0.007049345417925478,0.007049345417925478,false
West Chicago 77013,mixed_use_res,trust,1,3,126,485,0.007936507936507936,0.006185567010309278,false
Lyons 21101,sfr_1_4,corp,1,1,1001,1116,0.000999000999000999,0.0008960573476702509,false
West Chicago 77030,mixed_use_res,llc,79,322,369,1414,0.2140921409214092,0.22772277227722773,false
Hyde Park 70120,small_mf,unknown,79,533,468,3073,0.16880341880341881,0.17344614383338758,false
Bremen 13314,mixed_use_res,llc,2,4,13,38,0.15384615384615385,0.10526315789473684,false
Lyons 21031,sfr_1_4,llc,3,5,843,877,0.0035587188612099642,0.005701254275940707,false
Orland 28061,small_mf,unknown,6,42,19,128,0.3157894736842105,0.328125,false
Evanston 17220,small_mf,llc,20,136,85,568,0.23529411764705882,0.23943661971830985,false
Jefferson 71081,mixed_use_res,corp,1,2,108,398,0.009259259259259259,0.005025125628140704,false
Lake 72330,small_mf,corp,4,28,17,114,0.23529411764705882,0.24561403508771928,false
Bremen 13312,sfr_1_4,lender_reo,1,1,829,865,0.0012062726176115801,0.0011560693641618498,false
Schaumburg 35072,sfr_1_4,llc,142,142,1029,1029,0.1379980563654033,0.1379980563654033,false
Lake View 73150,sfr_1_4,unknown,43,104,686,1259,0.06268221574344024,0.08260524225575853,false
Worth 39080,sfr_1_4,lender_reo,11,11,5068,5245,0.002170481452249408,0.0020972354623450904,false
West Chicago 77060,sfr_1_4,unknown,37,71,934,1612,0.03961456102783726,0.04404466501240695,false
Lake View 73150,small_mf,individual,24,158,86,559,0.27906976744186046,0.2826475849731664,false
Jefferson 71260,small_mf,trust,1,5,175,1162,0.005714285714285714,0.004302925989672977,false
Jefferson 71390,condo_unit,corp,14,14,2771,2771,0.005052327679538073,0.005052327679538073,false
Lake View 73150,condo_unit,trust,12,12,1482,1482,0.008097165991902834,0.008097165991902834,false
Proviso 31190,small_mf,llc,6,42,17,119,0.35294117647058826,0.35294117647058826,false
Proviso 31032,condo_unit,unknown,1,1,60,60,0.016666666666666666,0.016666666666666666,false
Worth 39160,condo_unit,lender_reo,12,12,1152,1152,0.010416666666666666,0.010416666666666666,false
Hyde Park 70250,sfr_1_4,individual,502,518,537,557,0.9348230912476723,0.9299820466786356,false
Lake 72350,condo_unit,unknown,2,2,102,102,0.0196078431372549,0.0196078431372549,false
Proviso 31010,mixed_use_res,llc,2,7,6,20,0.3333333333333333,0.35,false
Leyden 20080,sfr_1_4,partnership,1,1,4871,5958,0.00020529665366454526,0.00016784155756965425,false
Schaumburg 35112,sfr_1_4,individual,641,641,667,667,0.9610194902548725,0.9610194902548725,false
Worth 39151,condo_unit,trust,2,2,272,272,0.007352941176470588,0.007352941176470588,false
Jefferson 71150,small_mf,llc,34,230,178,1162,0.19101123595505617,0.19793459552495696,false
Hanover 18090,sfr_1_4,unknown,103,103,1346,1346,0.07652303120356613,0.07652303120356613,false
Lake 72432,sfr_1_4,individual,278,278,294,294,0.9455782312925171,0.9455782312925171,false
New Trier 23171,condo_unit,unknown,8,8,316,316,0.02531645569620253,0.02531645569620253,false
Lake 72200,sfr_1_4,individual,6570,6738,6931,7127,0.9479151637570337,0.9454188298021607,false
Lake 72212,sfr_1_4,corp,27,34,3900,4678,0.006923076923076923,0.007268063274903805,false
Lake 72071,sfr_1_4,trust,6,12,2530,3498,0.0023715415019762848,0.003430531732418525,false
Jefferson 71010,mixed_use_res,llc,8,23,62,223,0.12903225806451613,0.1031390134529148,false
Hyde Park 70020,sfr_1_4,corp,6,8,1933,2183,0.0031039834454216243,0.0036646816307833257,false
Lake 72323,sfr_1_4,lender_reo,2,2,971,988,0.0020597322348094747,0.0020242914979757085,false
Bloom 12021,sfr_1_4,lender_reo,8,8,823,823,0.009720534629404616,0.009720534629404616,false
South Chicago 76010,condo_unit,trust,279,279,12497,12497,0.022325358085940626,0.022325358085940626,false
Worth 39080,condo_unit,lender_reo,3,3,1439,1439,0.0020847810979847115,0.0020847810979847115,false
Barrington 10030,sfr_1_4,individual,126,126,130,130,0.9692307692307692,0.9692307692307692,false
Worth 39122,sfr_1_4,partnership,1,1,1811,1811,0.0005521811154058532,0.0005521811154058532,false
Lake View 73062,small_mf,lender_reo,2,14,162,1123,0.012345679012345678,0.012466607301869992,false
Leyden 20090,sfr_1_4,individual,164,261,173,275,0.9479768786127167,0.9490909090909091,false
Northfield 25310,sfr_1_4,llc,1,1,13,13,0.07692307692307693,0.07692307692307693,false
South Chicago 76041,condo_unit,trust,2,2,385,385,0.005194805194805195,0.005194805194805195,false
Orland 28104,sfr_1_4,individual,143,143,148,148,0.9662162162162162,0.9662162162162162,false
Thornton 37052,small_mf,unknown,6,38,63,406,0.09523809523809523,0.09359605911330049,false
Bremen 13130,small_mf,individual,17,104,22,134,0.7727272727272727,0.7761194029850746,false
Bloom 12053,sfr_1_4,trust,2,2,212,212,0.009433962264150943,0.009433962264150943,false
Evanston 17050,condo_unit,individual,2,2,3,3,,,true
Worth 39140,sfr_1_4,lender_reo,1,1,168,438,0.005952380952380952,0.00228310502283105,false
Jefferson 71461,mixed_use_res,individual,12,47,16,60,0.75,0.7833333333333333,false
Palos 30080,sfr_1_4,corp,4,4,906,906,0.004415011037527594,0.004415011037527594,false
Lake 72423,condo_unit,llc,3,3,183,183,0.01639344262295082,0.01639344262295082,false
Northfield 25102,sfr_1_4,trust,35,35,1727,1727,0.02026635784597568,0.02026635784597568,false
Wheeling 38056,condo_unit,trust,6,6,376,376,0.015957446808510637,0.015957446808510637,false
Hanover 18070,small_mf,trust,2,11,48,312,0.041666666666666664,0.035256410256410256,false
Schaumburg 35109,sfr_1_4,llc,23,23,1800,1800,0.012777777777777779,0.012777777777777779,false
Norwood Park 26010,sfr_1_4,trust,40,45,6048,6395,0.006613756613756613,0.007036747458952306,false
Jefferson 71140,small_mf,individual,15,86,19,110,0.7894736842105263,0.7818181818181819,false
Lyons 21101,condo_unit,individual,324,324,349,349,0.9283667621776505,0.9283667621776505,false
Lake 72130,small_mf,individual,31,203,58,384,0.5344827586206896,0.5286458333333334,false
Bremen 13032,condo_unit,corp,1,1,444,444,0.0022522522522522522,0.0022522522522522522,false
Schaumburg 35072,condo_unit,trust,12,12,664,664,0.018072289156626505,0.018072289156626505,false
Elk Grove 16030,sfr_1_4,trust,13,13,1600,1607,0.008125,0.008089607965152458,false
Lake View 73093,condo_unit,individual,2462,2462,2833,2833,0.8690434168725732,0.8690434168725732,false
Palos 30060,small_mf,individual,11,67,14,86,0.7857142857142857,0.7790697674418605,false
Lake 72300,mixed_use_res,individual,4,15,6,23,0.6666666666666666,0.6521739130434783,false
Rogers Park 75031,condo_unit,unknown,151,151,4133,4133,0.036535204451971934,0.036535204451971934,false
Bremen 13314,small_mf,individual,38,258,55,365,0.6909090909090909,0.7068493150684931,false
Proviso 31104,condo_unit,individual,174,174,271,271,0.6420664206642066,0.6420664206642066,false
Worth 39040,condo_unit,corp,3,3,822,822,0.0036496350364963502,0.0036496350364963502,false
Niles 24052,small_mf,llc,1,7,12,82,0.08333333333333333,0.08536585365853659,false
Schaumburg 35080,sfr_1_4,trust,13,13,1107,1108,0.011743450767841012,0.011732851985559567,false
Rogers Park 75060,mixed_use_res,individual,1,2,4,14,0.25,0.14285714285714285,false
Proviso 31200,mixed_use_res,corp,1,2,3,6,,,true
Maine 22111,coop_building,coop_corp,1,1,1,1,,,true
West Chicago 77102,condo_unit,llc,129,129,676,676,0.1908284023668639,0.1908284023668639,false
Hyde Park 70180,sfr_1_4,individual,3394,3635,3829,4100,0.8863933141812483,0.8865853658536585,false
Palatine 29130,sfr_1_4,individual,80,80,83,83,0.963855421686747,0.963855421686747,false
Niles 24031,mixed_use_res,lender_reo,1,4,64,160,0.015625,0.025,false
West Chicago 77151,sfr_1_4,trust,10,16,596,1108,0.016778523489932886,0.01444043321299639,false
Proviso 31030,small_mf,corp,2,12,32,201,0.0625,0.05970149253731343,false
Thornton 37180,small_mf,individual,2,13,5,29,0.4,0.4482758620689655,false
Rich 32170,sfr_1_4,trust,2,2,403,403,0.004962779156327543,0.004962779156327543,false
West Chicago 77150,mixed_use_res,individual,79,269,126,422,0.626984126984127,0.6374407582938388,false
Rich 32100,sfr_1_4,individual,135,135,141,141,0.9574468085106383,0.9574468085106383,false
Wheeling 38012,condo_unit,unknown,23,23,1005,1005,0.022885572139303482,0.022885572139303482,false
Rogers Park 75060,condo_unit,corp,12,12,617,617,0.019448946515397084,0.019448946515397084,false
West Chicago 77120,mixed_use_res,unknown,30,120,381,1322,0.07874015748031496,0.0907715582450832,false
Thornton 37023,mixed_use_res,corp,1,6,5,19,0.2,0.3157894736842105,false
Lyons 21121,sfr_1_4,unknown,20,20,488,494,0.040983606557377046,0.04048582995951417,false
Wheeling 38011,condo_unit,llc,4,4,301,301,0.013289036544850499,0.013289036544850499,false
Hanover 18030,condo_unit,individual,224,224,265,265,0.8452830188679246,0.8452830188679246,false
West Chicago 77051,condo_unit,individual,1605,1605,1908,1908,0.8411949685534591,0.8411949685534591,false
Lake 72212,sfr_1_4,trust,29,34,3900,4678,0.007435897435897436,0.007268063274903805,false
Lake 72071,mixed_use_res,llc,3,9,64,210,0.046875,0.04285714285714286,false
Lemont 19061,sfr_1_4,llc,6,6,247,247,0.024291497975708502,0.024291497975708502,false
Schaumburg 35074,sfr_1_4,llc,5,5,793,793,0.006305170239596469,0.006305170239596469,false
Jefferson 71050,condo_unit,unknown,63,63,890,890,0.07078651685393259,0.07078651685393259,false
Orland 28036,small_mf,trust,1,6,99,607,0.010101010101010102,0.009884678747940691,false
New Trier 23050,sfr_1_4,llc,5,5,327,327,0.01529051987767584,0.01529051987767584,false
Jefferson 71420,small_mf,llc,1,7,3,19,0.3333333333333333,0.3684210526315789,false
Lake 72423,small_mf,corp,1,7,27,174,0.037037037037037035,0.040229885057471264,false
Bremen 13140,condo_unit,unknown,7,7,408,408,0.01715686274509804,0.01715686274509804,false
Bremen 13314,sfr_1_4,lender_reo,4,4,1466,1485,0.002728512960436562,0.0026936026936026937,false
Rich 32360,sfr_1_4,unknown,4,4,148,148,0.02702702702702703,0.02702702702702703,false
Bloom 12086,sfr_1_4,lender_reo,1,1,318,338,0.0031446540880503146,0.0029585798816568047,false
Lake 72221,small_mf,corp,5,33,234,1573,0.021367521367521368,0.02097902097902098,false
Proviso 31173,sfr_1_4,individual,191,191,193,193,0.9896373056994818,0.9896373056994818,false
Wheeling 38013,small_mf,unknown,5,34,65,410,0.07692307692307693,0.08292682926829269,false
Rich 32070,sfr_1_4,trust,5,5,593,593,0.008431703204047217,0.008431703204047217,false
Rich 32180,sfr_1_4,lender_reo,1,1,351,351,0.002849002849002849,0.002849002849002849,false
Oak Park 27050,condo_unit,llc,5,5,194,194,0.02577319587628866,0.02577319587628866,false
Proviso 31103,small_mf,individual,19,132,26,181,0.7307692307692307,0.7292817679558011,false
Bloom 12121,sfr_1_4,corp,7,7,666,666,0.010510510510510511,0.010510510510510511,false
Niles 24101,mixed_use_res,individual,6,22,6,22,1.0,1.0,false
Oak Park 27050,sfr_1_4,unknown,42,48,1480,1568,0.02837837837837838,0.030612244897959183,false
Hanover 18011,small_mf,individual,7,43,29,191,0.2413793103448276,0.225130890052356,false
Lake 72380,mixed_use_res,unknown,6,23,154,512,0.03896103896103896,0.044921875,false
West Chicago 77132,sfr_1_4,corp,9,20,1698,2676,0.00530035335689046,0.007473841554559043,false
Riverside 34070,mixed_use_res,llc,1,6,5,15,0.2,0.4,false
Worth 39082,sfr_1_4,trust,10,10,649,661,0.015408320493066256,0.015128593040847202,false
Jefferson 71361,sfr_1_4,individual,1244,1262,1299,1318,0.9576597382602001,0.9575113808801214,false
Lyons 21132,sfr_1_4,llc,1,1,315,315,0.0031746031746031746,0.0031746031746031746,false
Niles 24081,sfr_1_4,corp,27,30,9576,9901,0.002819548872180451,0.00302999697000303,false
Wheeling 38026,sfr_1_4,corp,1,1,449,449,0.0022271714922048997,0.0022271714922048997,false
Lake 72271,condo_unit,individual,55,55,62,62,0.8870967741935484,0.8870967741935484,false
Worth 39050,small_mf,llc,3,21,9,61,0.3333333333333333,0.3442622950819672,false
Hyde Park 70280,mixed_use_res,individual,58,202,63,215,0.9206349206349206,0.9395348837209302,false
Oak Park 27010,sfr_1_4,llc,2,2,1279,1286,0.001563721657544957,0.0015552099533437014,false
Thornton 37181,mixed_use_res,llc,8,29,31,104,0.25806451612903225,0.27884615384615385,false
Lake 72091,small_mf,unknown,6,39,57,359,0.10526315789473684,0.10863509749303621,false
West Chicago 77051,condo_unit,unknown,58,58,1908,1908,0.03039832285115304,0.03039832285115304,false
North Chicago 74030,small_mf,llc,39,273,115,805,0.3391304347826087,0.3391304347826087,false
Lemont 19010,sfr_1_4,partnership,3,3,1215,1336,0.0024691358024691358,0.002245508982035928,false
South Chicago 76040,mixed_use_res,individual,3,11,6,19,0.5,0.5789473684210527,false
Oak Park 27070,sfr_1_4,unknown,12,14,534,589,0.02247191011235955,0.023769100169779286,false
Rogers Park 75032,small_mf,individual,46,310,102,696,0.45098039215686275,0.4454022988505747,false
Oak Park 27040,small_mf,individual,29,199,58,398,0.5,0.5,false
Jefferson 71280,mixed_use_res,individual,46,147,56,188,0.8214285714285714,0.7819148936170213,false
Proviso 31080,condo_unit,individual,75,75,84,84,0.8928571428571429,0.8928571428571429,false
Evanston 17140,sfr_1_4,llc,13,14,879,902,0.01478953356086462,0.015521064301552107,false
Rogers Park 75021,small_mf,corp,6,41,96,645,0.0625,0.06356589147286822,false
Lake 72070,sfr_1_4,llc,22,38,5514,7379,0.003989844033369605,0.00514974928852148,false
Bremen 13171,sfr_1_4,corp,1,1,505,521,0.0019801980198019802,0.0019193857965451055,false
Rich 32170,sfr_1_4,partnership,6,6,403,403,0.01488833746898263,0.01488833746898263,false
Berwyn 11050,sfr_1_4,unknown,52,61,1982,2446,0.026236125126135216,0.024938675388389207,false
Worth 39122,mixed_use_res,llc,1,2,1,2,,,true
Palatine 29080,condo_unit,individual,349,349,371,371,0.9407008086253369,0.9407008086253369,false
Lake View 73032,mixed_use_res,corp,4,14,58,206,0.06896551724137931,0.06796116504854369,false
South Chicago 76030,mixed_use_res,corp,14,56,256,932,0.0546875,0.060085836909871244,false
Lake View 73041,sfr_1_4,llc,25,59,916,1387,0.027292576419213975,0.04253785147801009,false
Hyde Park 70070,small_mf,partnership,12,82,359,2330,0.033426183844011144,0.0351931330472103,false
Bremen 13341,sfr_1_4,unknown,1,1,98,98,0.01020408163265306,0.01020408163265306,false
Jefferson 71070,small_mf,trust,5,31,380,2476,0.013157894736842105,0.012520193861066236,false
Bloom 12111,sfr_1_4,individual,769,1005,841,1110,0.9143876337693222,0.9054054054054054,false
Bloom 12190,sfr_1_4,trust,1,1,188,188,0.005319148936170213,0.005319148936170213,false
Lake 72282,sfr_1_4,unknown,347,376,7505,8157,0.04623584277148567,0.046095378202770626,false
Maine 22082,condo_unit,llc,2,2,117,117,0.017094017094017096,0.017094017094017096,false
Bremen 13152,sfr_1_4,unknown,19,19,542,545,0.03505535055350553,0.03486238532110092,false
Rogers Park 75033,small_mf,individual,46,310,92,627,0.5,0.4944178628389155,false
Palatine 29070,sfr_1_4,trust,36,36,4389,4389,0.008202323991797676,0.008202323991797676,false
Wheeling 38031,condo_unit,corp,7,7,1854,1854,0.0037756202804746495,0.0037756202804746495,false
Jefferson 71250,sfr_1_4,partnership,2,2,1603,2099,0.0012476606363069245,0.0009528346831824678,false
Rogers Park 75021,sfr_1_4,corp,5,10,1120,1803,0.004464285714285714,0.005546311702717693,false
Palos 30012,condo_unit,corp,1,1,207,207,0.004830917874396135,0.004830917874396135,false
Northfield 25100,condo_unit,unknown,1,1,197,197,0.005076142131979695,0.005076142131979695,false
Lyons 21052,mixed_use_res,individual,38,127,52,168,0.7307692307692307,0.7559523809523809,false
Niles 24022,sfr_1_4,unknown,1,1,186,186,0.005376344086021506,0.005376344086021506,false
Orland 28099,condo_unit,corp,2,2,276,276,0.007246376811594203,0.007246376811594203,false
Cicero 15080,sfr_1_4,unknown,30,33,1565,1689,0.019169329073482427,0.019538188277087035,false
Rich 32120,sfr_1_4,lender_reo,13,13,3004,3004,0.004327563249001331,0.004327563249001331,false
Worth 39310,condo_unit,unknown,3,3,29,29,0.10344827586206896,0.10344827586206896,false
New Trier 23141,sfr_1_4,individual,775,776,809,810,0.957972805933251,0.9580246913580247,false
Riverside 34070,condo_unit,individual,5,5,5,5,,,true
Lake 72051,small_mf,individual,3,17,8,48,0.375,0.3541666666666667,false
Hyde Park 70083,small_mf,llc,65,437,220,1438,0.29545454545454547,0.303894297635605,false
Worth 39110,mixed_use_res,llc,2,7,11,31,0.18181818181818182,0.22580645161290322,false
Jefferson 71021,mixed_use_res,individual,2,6,7,21,0.2857142857142857,0.2857142857142857,false
Schaumburg 35112,condo_unit,corp,1,1,140,140,0.007142857142857143,0.007142857142857143,false
Lake View 73084,mixed_use_res,trust,1,3,200,720,0.005,0.004166666666666667,false
South Chicago 76041,small_mf,lender_reo,1,6,151,1035,0.006622516556291391,0.005797101449275362,false
Jefferson 71463,sfr_1_4,unknown,10,10,304,320,0.03289473684210526,0.03125,false
Jefferson 71402,mixed_use_res,unknown,1,6,25,83,0.04,0.07228915662650602,false
Lake 72321,mixed_use_res,unknown,1,4,16,58,0.0625,0.06896551724137931,false
Bremen 13312,sfr_1_4,corp,4,4,829,865,0.0048250904704463205,0.004624277456647399,false
West Chicago 77011,small_mf,trust,1,7,79,521,0.012658227848101266,0.013435700575815739,false
Bremen 13152,small_mf,individual,2,12,2,12,1.0,1.0,false
Bloom 12101,small_mf,individual,18,111,25,155,0.72,0.7161290322580646,false
Palatine 29060,mixed_use_res,llc,4,12,24,71,0.16666666666666666,0.16901408450704225,false
Hyde Park 70120,mixed_use_res,llc,6,22,43,148,0.13953488372093023,0.14864864864864866,false
Jefferson 71090,sfr_1_4,trust,48,66,3374,4571,0.014226437462951986,0.014438853642528986,false
Palatine 29082,sfr_1_4,individual,162,162,416,416,0.3894230769230769,0.3894230769230769,false
Northfield 25200,sfr_1_4,corp,1,1,1261,1261,0.0007930214115781126,0.0007930214115781126,false
Stickney 36050,small_mf,individual,33,208,37,234,0.8918918918918919,0.8888888888888888,false
Rich 32151,sfr_1_4,estate,1,1,389,389,0.002570694087403599,0.002570694087403599,false
West Chicago 77013,small_mf,trust,4,28,391,2611,0.010230179028132993,0.010723860589812333,false
Lake View 73062,small_mf,individual,56,388,162,1123,0.345679012345679,0.3455031166518255,false
River Forest 33030,sfr_1_4,unknown,14,16,636,646,0.0220125786163522,0.02476780185758514,false
Hyde Park 70030,mixed_use_res,llc,5,23,75,276,0.06666666666666667,0.08333333333333333,false
Lake 72380,condo_unit,corp,12,12,1038,1038,0.011560693641618497,0.011560693641618497,false
Jefferson 71180,sfr_1_4,individual,4335,7197,4644,7802,0.9334625322997416,0.9224557805690848,false
Thornton 37070,mixed_use_res,lender_reo,2,9,33,113,0.06060606060606061,0.07964601769911504,false
Leyden 20020,small_mf,unknown,9,59,159,977,0.05660377358490566,0.06038894575230297,false
Wheeling 38012,condo_unit,trust,13,13,1005,1005,0.012935323383084577,0.012935323383084577,false
New Trier 23120,small_mf,llc,2,14,5,33,0.4,0.42424242424242425,false
Lake View 73150,small_mf,unknown,25,160,86,559,0.29069767441860467,0.28622540250447226,false
West Chicago 77131,sfr_1_4,lender_reo,3,5,776,1106,0.003865979381443299,0.0045207956600361665,false
Worth 39110,condo_unit,trust,4,4,316,316,0.012658227848101266,0.012658227848101266,false
Bremen 13270,condo_unit,llc,1,1,126,126,0.007936507936507936,0.007936507936507936,false
Lake 72281,small_mf,unknown,3,21,25,171,0.12,0.12280701754385964,false
Thornton 37190,sfr_1_4,corp,1,1,758,762,0.0013192612137203166,0.0013123359580052493,false
Rich 32200,sfr_1_4,trust,7,7,520,520,0.013461538461538462,0.013461538461538462,false
Lyons 21012,sfr_1_4,corp,3,3,1658,1673,0.0018094089264173703,0.0017931858936043037,false
Thornton 37161,sfr_1_4,individual,280,318,305,343,0.9180327868852459,0.9271137026239067,false
Bloom 12091,sfr_1_4,lender_reo,2,2,423,519,0.004728132387706856,0.0038535645472061657,false
Lemont 19061,sfr_1_4,corp,5,5,247,247,0.020242914979757085,0.020242914979757085,false
Bloom 12101,sfr_1_4,individual,1056,1427,1151,1583,0.9174630755864466,0.901452937460518,false
Rich 32161,sfr_1_4,lender_reo,3,3,435,435,0.006896551724137931,0.006896551724137931,false
Lyons 21162,condo_unit,lender_reo,1,1,426,426,0.002347417840375587,0.002347417840375587,false
Leyden 20030,condo_unit,llc,2,2,155,155,0.012903225806451613,0.012903225806451613,false
New Trier 23094,small_mf,unknown,3,21,5,35,0.6,0.6,false
Lake 72071,sfr_1_4,corp,13,23,2530,3498,0.005138339920948616,0.0065751858204688395,false
Proviso 31041,mixed_use_res,individual,14,48,14,48,1.0,1.0,false
Bloom 12122,mixed_use_res,unknown,1,2,4,10,0.25,0.2,false
Schaumburg 35100,condo_unit,corp,7,7,522,522,0.013409961685823755,0.013409961685823755,false
Maine 22093,sfr_1_4,llc,6,6,854,854,0.00702576112412178,0.00702576112412178,false
Jefferson 71270,small_mf,corp,1,5,18,111,0.05555555555555555,0.04504504504504504,false
Maine 22080,sfr_1_4,individual,4120,4297,4290,4473,0.9603729603729604,0.9606528057232283,false
Worth 39410,condo_unit,corp,1,1,334,334,0.0029940119760479044,0.0029940119760479044,false
New Trier 23150,condo_unit,trust,1,1,165,165,0.006060606060606061,0.006060606060606061,false
Evanston 17130,sfr_1_4,unknown,18,25,683,822,0.02635431918008785,0.030413625304136254,false
Lake 72151,small_mf,individual,15,95,20,127,0.75,0.7480314960629921,false
Proviso 31030,sfr_1_4,individual,1348,1352,1428,1432,0.9439775910364145,0.9441340782122905,false
Northfield 25052,condo_unit,unknown,44,44,496,496,0.08870967741935484,0.08870967741935484,false
Hyde Park 70020,condo_unit,trust,75,75,5464,5464,0.013726207906295754,0.013726207906295754,false
Schaumburg 35100,condo_unit,unknown,10,10,522,522,0.019157088122605363,0.019157088122605363,false
Bloom 12142,mixed_use_res,unknown,3,6,30,89,0.1,0.06741573033707865,false
Northfield 25090,condo_unit,unknown,5,5,103,103,0.04854368932038835,0.04854368932038835,false
Lyons 21121,sfr_1_4,llc,2,2,488,494,0.004098360655737705,0.004048582995951417,false
Bloom 12033,condo_unit,corp,2,2,252,252,0.007936507936507936,0.007936507936507936,false
Barrington 10024,sfr_1_4,llc,5,5,539,539,0.00927643784786642,0.00927643784786642,false
South Chicago 76040,condo_unit,llc,83,83,1159,1159,0.07161345987920621,0.07161345987920621,false
Lake View 73120,small_mf,individual,8,53,16,96,0.5,0.5520833333333334,false
Orland 28037,sfr_1_4,individual,142,142,153,153,0.9281045751633987,0.9281045751633987,false
Orland 28061,sfr_1_4,unknown,27,27,872,872,0.03096330275229358,0.03096330275229358,false
Northfield 25011,mixed_use_res,corp,1,3,2,5,,,true
Jefferson 71260,coop_building,coop_corp,2,2,2,2,,,true
Evanston 17120,sfr_1_4,llc,8,10,1252,1339,0.006389776357827476,0.0074682598954443615,false
New Trier 23021,sfr_1_4,individual,617,617,686,686,0.8994169096209913,0.8994169096209913,false
Berwyn 11010,mixed_use_res,unknown,3,9,31,97,0.0967741935483871,0.09278350515463918,false
Cicero 15015,mixed_use_res,trust,1,2,27,89,0.037037037037037035,0.02247191011235955,false
Jefferson 71440,condo_unit,llc,5,5,294,294,0.017006802721088437,0.017006802721088437,false
Elk Grove 16010,sfr_1_4,lender_reo,3,3,2050,2050,0.0014634146341463415,0.0014634146341463415,false
Proviso 31020,sfr_1_4,individual,3129,3212,3302,3391,0.9476075105996365,0.9472132114420525,false
Northfield 25140,sfr_1_4,trust,11,11,346,346,0.031791907514450865,0.031791907514450865,false
Rogers Park 75060,small_mf,individual,38,258,88,599,0.4318181818181818,0.4307178631051753,false
Lake View 73012,sfr_1_4,individual,1378,2039,1472,2204,0.936141304347826,0.9251361161524501,false
Proviso 31080,small_mf,unknown,15,99,65,429,0.23076923076923078,0.23076923076923078,false
West Chicago 77132,mixed_use_res,trust,3,7,110,397,0.02727272727272727,0.017632241813602016,false
Proviso 31104,condo_unit,corp,56,56,271,271,0.2066420664206642,0.2066420664206642,false
Lyons 21111,sfr_1_4,partnership,2,2,2356,2492,0.0008488964346349745,0.0008025682182985554,false
Thornton 37162,small_mf,individual,9,58,15,100,0.6,0.58,false
Elk Grove 16061,condo_unit,individual,1243,1243,1301,1301,0.9554189085318986,0.9554189085318986,false
Palos 30031,sfr_1_4,llc,1,1,227,227,0.004405286343612335,0.004405286343612335,false
Rich 32320,sfr_1_4,trust,1,1,317,317,0.0031545741324921135,0.0031545741324921135,false
Oak Park 27090,small_mf,unknown,12,82,59,404,0.2033898305084746,0.20297029702970298,false
Leyden 20040,sfr_1_4,llc,4,4,771,771,0.005188067444876783,0.005188067444876783,false
Hyde Park 70010,small_mf,llc,215,1419,720,4743,0.2986111111111111,0.2991777356103732,false
Berwyn 11060,condo_unit,unknown,3,3,117,117,0.02564102564102564,0.02564102564102564,false
Wheeling 38110,condo_unit,individual,258,258,262,262,0.9847328244274809,0.9847328244274809,false
Bloom 12142,sfr_1_4,llc,33,42,1617,1698,0.02040816326530612,0.024734982332155476,false
West Chicago 77085,small_mf,llc,4,28,24,166,0.16666666666666666,0.1686746987951807,false
South Chicago 76041,mixed_use_res,unknown,2,7,8,27,0.25,0.25925925925925924,false
West Chicago 77150,sfr_1_4,unknown,90,160,2463,4054,0.03654080389768575,0.03946719289590528,false
Hyde Park 70080,sfr_1_4,individual,7685,9931,8526,11082,0.9013605442176871,0.8961378812488721,false
Lake 72121,sfr_1_4,unknown,127,142,2490,2738,0.05100401606425703,0.05186267348429511,false
Rich 32232,sfr_1_4,llc,9,9,277,277,0.032490974729241874,0.032490974729241874,false
West Chicago 77103,sfr_1_4,unknown,51,104,951,1702,0.05362776025236593,0.06110458284371328,false
Stickney 36021,sfr_1_4,trust,6,7,952,1009,0.0063025210084033615,0.006937561942517344,false
Hyde Park 70030,mixed_use_res,individual,62,225,75,276,0.8266666666666667,0.8152173913043478,false
Hyde Park 70120,sfr_1_4,corp,46,86,3174,4681,0.014492753623188406,0.01837214270455031,false
Thornton 37070,mixed_use_res,unknown,6,22,33,113,0.18181818181818182,0.19469026548672566,false
Elk Grove 16085,sfr_1_4,corp,1,1,131,134,0.007633587786259542,0.007462686567164179,false
Oak Park 27041,sfr_1_4,trust,11,11,436,514,0.02522935779816514,0.021400778210116732,false
Rich 32150,sfr_1_4,corp,5,8,742,772,0.006738544474393531,0.010362694300518135,false
Thornton 37053,small_mf,llc,17,112,61,396,0.2786885245901639,0.2828282828282828,false
Thornton 37022,sfr_1_4,llc,10,19,637,694,0.015698587127158554,0.027377521613832854,false
Maine 22091,condo_unit,individual,1108,1108,1184,1184,0.9358108108108109,0.9358108108108109,false
Jefferson 71200,small_mf,lender_reo,1,7,168,1099,0.005952380952380952,0.006369426751592357,false
Berwyn 11020,small_mf,unknown,1,7,16,102,0.0625,0.06862745098039216,false
Orland 28039,sfr_1_4,unknown,20,20,522,522,0.038314176245210725,0.038314176245210725,false
Elk Grove 16085,sfr_1_4,individual,130,133,131,134,0.9923664122137404,0.9925373134328358,false
North Chicago 74013,sfr_1_4,unknown,1,1,156,169,0.00641025641025641,0.005917159763313609,false
Bremen 13171,condo_unit,trust,1,1,228,228,0.0043859649122807015,0.0043859649122807015,false
Bloom 12021,condo_unit,llc,40,40,96,96,0.4166666666666667,0.4166666666666667,false
North Chicago 74011,sfr_1_4,corp,2,5,473,616,0.004228329809725159,0.008116883116883116,false
Jefferson 71520,sfr_1_4,unknown,22,37,950,1671,0.023157894736842106,0.022142429682824656,false
New Trier 23010,sfr_1_4,partnership,3,3,491,491,0.006109979633401222,0.006109979633401222,false
Jefferson 71090,condo_unit,individual,481,481,515,515,0.9339805825242719,0.9339805825242719,false
Oak Park 27010,small_mf,individual,4,28,16,110,0.25,0.2545454545454545,false
South Chicago 76040,small_mf,llc,7,49,38,264,0.18421052631578946,0.1856060606060606,false
Orland 28040,sfr_1_4,llc,19,19,1338,1338,0.014200298953662182,0.014200298953662182,false
Lyons 21022,sfr_1_4,estate,1,1,1143,1174,0.0008748906386701663,0.0008517887563884157,false
New Trier 23170,sfr_1_4,llc,8,8,362,362,0.022099447513812154,0.022099447513812154,false
Jefferson 71270,condo_unit,llc,1,1,14,14,0.07142857142857142,0.07142857142857142,false
West Chicago 77115,sfr_1_4,lender_reo,22,44,7770,14100,0.0028314028314028314,0.003120567375886525,false
Palos 30060,small_mf,unknown,1,6,14,86,0.07142857142857142,0.06976744186046512,false
Jefferson 71560,sfr_1_4,trust,6,7,722,734,0.008310249307479225,0.009536784741144414,false
Maine 22143,condo_unit,llc,1,1,277,277,0.0036101083032490976,0.0036101083032490976,false
Lyons 21052,mixed_use_res,corp,3,9,52,168,0.057692307692307696,0.05357142857142857,false
Thornton 37033,sfr_1_4,trust,18,18,3580,3880,0.005027932960893855,0.004639175257731959,false
Leyden 20070,condo_unit,lender_reo,1,1,257,257,0.0038910505836575876,0.0038910505836575876,false
Niles 24031,mixed_use_res,unknown,3,9,64,160,0.046875,0.05625,false
Lake View 73092,small_mf,corp,8,53,134,912,0.05970149253731343,0.0581140350877193,false
Maine 22091,sfr_1_4,llc,7,7,263,267,0.026615969581749048,0.026217228464419477,false
Jefferson 71390,condo_unit,llc,62,62,2771,2771,0.022374594009382895,0.022374594009382895,false
Maine 22087,sfr_1_4,llc,2,2,953,953,0.002098635886673662,0.002098635886673662,false
Jefferson 71071,sfr_1_4,llc,26,43,2831,3731,0.009184033910279053,0.011525060305548111,false
Worth 39132,small_mf,unknown,1,6,12,77,0.08333333333333333,0.07792207792207792,false
Hyde Park 70220,mixed_use_res,individual,9,25,11,32,0.8181818181818182,0.78125,false
Bremen 13320,sfr_1_4,llc,41,41,805,805,0.05093167701863354,0.05093167701863354,false
New Trier 23043,condo_unit,unknown,1,1,86,86,0.011627906976744186,0.011627906976744186,false
West Chicago 77131,coop_building,coop_corp,6,6,6,6,,,true
Jefferson 71110,condo_unit,partnership,1,1,1469,1469,0.0006807351940095302,0.0006807351940095302,false
Northfield 25011,sfr_1_4,individual,981,981,1043,1043,0.9405560882070949,0.9405560882070949,false
Evanston 17120,mixed_use_res,llc,2,9,3,14,0.6666666666666666,0.6428571428571429,false
Riverside 34040,small_mf,llc,1,5,4,22,0.25,0.22727272727272727,false
Bremen 13140,sfr_1_4,corp,3,3,1186,1186,0.002529510961214165,0.002529510961214165,false
Niles 24103,sfr_1_4,corp,4,4,619,619,0.006462035541195477,0.006462035541195477,false
West Chicago 77102,small_mf,partnership,1,7,332,2186,0.0030120481927710845,0.003202195791399817,false
Proviso 31104,small_mf,corp,1,7,5,27,0.2,0.25925925925925924,false
South Chicago 76041,mixed_use_res,llc,3,8,8,27,0.375,0.2962962962962963,false
Wheeling 38014,condo_unit,unknown,28,28,578,578,0.04844290657439446,0.04844290657439446,false
Lyons 21042,small_mf,unknown,9,51,63,360,0.14285714285714285,0.14166666666666666,false
Palos 30070,sfr_1_4,llc,7,7,1213,1213,0.005770816158285243,0.005770816158285243,false
Riverside 34010,small_mf,unknown,4,23,61,378,0.06557377049180328,0.06084656084656084,false
Rich 32257,sfr_1_4,trust,4,4,94,94,0.0425531914893617,0.0425531914893617,false
Worth 39151,mixed_use_res,llc,8,21,37,104,0.21621621621621623,0.20192307692307693,false
Hyde Park 70150,condo_unit,llc,13,13,109,109,0.11926605504587157,0.11926605504587157,false
Rich 32340,sfr_1_4,unknown,5,5,111,111,0.04504504504504504,0.04504504504504504,false
Elk Grove 16011,condo_unit,trust,21,21,2917,2917,0.007199177236887213,0.007199177236887213,false
Lake 72282,sfr_1_4,corp,69,71,7505,8157,0.009193870752831446,0.0087041804585019,false
West Chicago 77152,condo_unit,individual,376,376,442,442,0.8506787330316742,0.8506787330316742,false
Bremen 13120,sfr_1_4,llc,49,51,1943,1945,0.025218733916623777,0.02622107969151671,false
Thornton 37164,sfr_1_4,individual,282,282,307,307,0.9185667752442996,0.9185667752442996,false
Barrington 10012,mixed_use_res,trust,1,2,11,30,0.09090909090909091,0.06666666666666667,false
South Chicago 76030,condo_unit,corp,9,9,1380,1380,0.006521739130434782,0.006521739130434782,false
North Chicago 74011,small_mf,unknown,9,63,64,444,0.140625,0.14189189189189189,false
Lake 72121,sfr_1_4,llc,94,105,2490,2738,0.03775100401606426,0.038349159970781595,false
Jefferson 71200,small_mf,trust,4,27,168,1099,0.023809523809523808,0.02456778889899909,false
Rich 32320,sfr_1_4,llc,1,1,317,317,0.0031545741324921135,0.0031545741324921135,false
Schaumburg 35031,condo_unit,llc,5,5,208,208,0.02403846153846154,0.02403846153846154,false
Cicero 15030,mixed_use_res,individual,95,305,112,361,0.8482142857142857,0.8448753462603878,false
Lake View 73093,sfr_1_4,llc,89,211,1585,2360,0.05615141955835962,0.08940677966101696,false
Schaumburg 35105,condo_unit,trust,1,1,360,360,0.002777777777777778,0.002777777777777778,false
Rich 32220,sfr_1_4,lender_reo,4,4,619,619,0.006462035541195477,0.006462035541195477,false
Lake View 73031,condo_unit,estate,2,2,10096,10096,0.00019809825673534074,0.00019809825673534074,false
Oak Park 27060,small_mf,unknown,1,7,22,144,0.045454545454545456,0.04861111111111111,false
Rogers Park 75031,condo_unit,lender_reo,9,9,4133,4133,0.0021775949673360755,0.0021775949673360755,false
Leyden 20081,small_mf,corp,3,19,235,1463,0.01276595744680851,0.012987012987012988,false
Bremen 13170,condo_unit,llc,15,15,496,496,0.03024193548387097,0.03024193548387097,false
Hyde Park 70120,small_mf,corp,11,72,468,3073,0.023504273504273504,0.02342987308818744,false
Riverside 34010,mixed_use_res,unknown,1,6,15,47,0.06666666666666667,0.1276595744680851,false
Lake View 73063,condo_unit,partnership,2,2,4009,4009,0.0004988775255674732,0.0004988775255674732,false
Jefferson 71440,sfr_1_4,individual,3781,3897,3975,4100,0.9511949685534591,0.9504878048780487,false
Worth 39151,mixed_use_res,unknown,7,18,37,104,0.1891891891891892,0.17307692307692307,false
South Chicago 76041,sfr_1_4,unknown,33,50,841,1191,0.039239001189060645,0.041981528127623846,false
Hyde Park 70210,sfr_1_4,individual,1670,2371,1913,2703,0.872974385781495,0.8771735109137995,false
Stickney 36050,sfr_1_4,individual,4069,4260,4260,4468,0.9551643192488263,0.9534467323187108,false
Rich 32350,condo_unit,llc,1,1,96,96,0.010416666666666666,0.010416666666666666,false
Hanover 18050,condo_unit,corp,4,4,797,797,0.005018820577164366,0.005018820577164366,false
North Chicago 74011,sfr_1_4,individual,420,523,473,616,0.8879492600422833,0.849025974025974,false
Schaumburg 35113,sfr_1_4,individual,380,380,398,398,0.9547738693467337,0.9547738693467337,false
Palatine 29180,sfr_1_4,trust,3,3,186,186,0.016129032258064516,0.016129032258064516,false
Lake 72070,sfr_1_4,partnership,1,1,5514,7379,0.00018135654697134566,0.0001355197181189863,false
Lake 72212,sfr_1_4,lender_reo,13,15,3900,4678,0.0033333333333333335,0.0032064985036340315,false
Maine 22180,mixed_use_res,llc,3,13,22,76,0.13636363636363635,0.17105263157894737,false
Jefferson 71410,condo_unit,corp,4,4,680,680,0.0058823529411764705,0.0058823529411764705,false
Jefferson 71250,sfr_1_4,corp,6,8,1603,2099,0.0037429819089207735,0.003811338732729871,false
Niles 24031,small_mf,corp,3,20,162,1048,0.018518518518518517,0.019083969465648856,false
Proviso 31190,mixed_use_res,llc,1,4,10,24,0.1,0.16666666666666666,false
Northfield 25102,condo_unit,trust,11,11,579,579,0.018998272884283247,0.018998272884283247,false
South Chicago 76011,small_mf,corp,1,7,61,427,0.01639344262295082,0.01639344262295082,false
Jefferson 71150,sfr_1_4,lender_reo,28,45,9873,11614,0.0028360174212498732,0.003874634062338557,false
Palatine 29022,sfr_1_4,trust,10,10,907,935,0.011025358324145534,0.0106951871657754,false
Lake 72260,small_mf,llc,5,32,30,205,0.16666666666666666,0.15609756097560976,false
Hyde Park 70280,condo_unit,unknown,3,3,18,18,0.16666666666666666,0.16666666666666666,false
Proviso 31210,sfr_1_4,corp,3,3,753,770,0.00398406374501992,0.003896103896103896,false
New Trier 23080,sfr_1_4,corp,1,1,608,608,0.001644736842105263,0.001644736842105263,false
Proviso 31050,sfr_1_4,unknown,20,22,927,938,0.021574973031283712,0.023454157782515993,false
West Chicago 77101,mixed_use_res,llc,5,16,57,202,0.08771929824561403,0.07920792079207921,false
Palatine 29070,sfr_1_4,unknown,93,93,4389,4389,0.021189336978810664,0.021189336978810664,false
Bloom 12043,sfr_1_4,llc,2,2,300,302,0.006666666666666667,0.006622516556291391,false
Jefferson 71171,sfr_1_4,lender_reo,3,6,1812,2737,0.0016556291390728477,0.0021921812203142127,false
Lake View 73050,condo_unit,lender_reo,4,4,3780,3780,0.0010582010582010583,0.0010582010582010583,false
Schaumburg 35012,sfr_1_4,corp,2,2,1254,1254,0.001594896331738437,0.001594896331738437,false
Elk Grove 16061,small_mf,individual,2,14,2,14,1.0,1.0,false
Cicero 15065,small_mf,trust,1,7,40,259,0.025,0.02702702702702703,false
West Chicago 77060,mixed_use_res,trust,5,20,131,473,0.03816793893129771,0.042283298097251586,false
Bremen 13170,sfr_1_4,unknown,47,50,2234,2329,0.021038495971351837,0.021468441391155002,false
Jefferson 71042,condo_unit,trust,13,13,1615,1615,0.00804953560371517,0.00804953560371517,false
Bremen 13240,condo_unit,llc,1,1,24,24,0.041666666666666664,0.041666666666666664,false
Jefferson 71520,sfr_1_4,lender_reo,4,6,950,1671,0.004210526315789474,0.003590664272890485,false
Lake View 73081,mixed_use_res,individual,72,238,112,384,0.6428571428571429,0.6197916666666666,false
West Chicago 77115,condo_unit,individual,23,23,32,32,0.71875,0.71875,false
Palatine 29060,condo_unit,trust,32,32,1607,1607,0.019912881144990666,0.019912881144990666,false
Jefferson 71150,condo_unit,lender_reo,3,3,695,695,0.004316546762589928,0.004316546762589928,false
Jefferson 71180,condo_unit,llc,88,88,848,848,0.10377358490566038,0.10377358490566038,false
West Chicago 77132,small_mf,individual,76,472,173,1119,0.4393063583815029,0.42180518319928506,false
West Chicago 77141,sfr_1_4,lender_reo,10,23,3753,7688,0.002664535038635758,0.002991675338189386,false
Lyons 21052,mixed_use_res,llc,4,9,52,168,0.07692307692307693,0.05357142857142857,false
South Chicago 76060,condo_unit,individual,143,143,159,159,0.89937106918239,0.89937106918239,false
Calumet 14020,sfr_1_4,unknown,32,48,1412,1838,0.0226628895184136,0.026115342763873776,false
Orland 28034,sfr_1_4,trust,3,3,384,384,0.0078125,0.0078125,false
Jefferson 71171,sfr_1_4,trust,14,21,1812,2737,0.00772626931567329,0.0076726342710997444,false
West Chicago 77085,condo_unit,individual,4,4,4,4,,,true
Lake View 73050,small_mf,unknown,57,394,279,1889,0.20430107526881722,0.20857596611964002,false
Lake View 73110,small_mf,llc,16,108,21,141,0.7619047619047619,0.7659574468085106,false
Thornton 37011,mixed_use_res,individual,2,8,2,8,,,true
Worth 39131,condo_unit,trust,3,3,166,166,0.018072289156626505,0.018072289156626505,false
Proviso 31032,small_mf,corp,2,12,40,233,0.05,0.05150214592274678,false
Lyons 21012,sfr_1_4,lender_reo,4,4,1658,1673,0.0024125452352231603,0.002390914524805738,false
Bloom 12042,sfr_1_4,unknown,19,19,685,690,0.027737226277372264,0.02753623188405797,false
Schaumburg 35113,sfr_1_4,trust,4,4,398,398,0.010050251256281407,0.010050251256281407,false
Thornton 37024,condo_unit,lender_reo,5,5,36,36,0.1388888888888889,0.1388888888888889,false
Lyons 21013,sfr_1_4,trust,18,19,848,879,0.02122641509433962,0.02161547212741752,false
Hyde Park 70100,mixed_use_res,trust,1,4,100,347,0.01,0.011527377521613832,false
Lake View 73063,sfr_1_4,unknown,26,46,359,537,0.07242339832869081,0.0856610800744879,false
Hyde Park 70250,sfr_1_4,unknown,15,17,537,557,0.027932960893854747,0.03052064631956912,false
Lyons 21200,sfr_1_4,trust,14,14,280,280,0.05,0.05,false
Calumet 14040,condo_unit,individual,100,100,119,119,0.8403361344537815,0.8403361344537815,false
Hyde Park 70080,small_mf,partnership,10,70,606,4070,0.0165016501650165,0.0171990171990172,false
Rogers Park 75060,small_mf,llc,30,204,88,599,0.3409090909090909,0.34056761268781305,false
Lyons 21031,condo_unit,individual,141,141,155,155,0.9096774193548387,0.9096774193548387,false
Thornton 37134,sfr_1_4,unknown,8,10,218,239,0.03669724770642202,0.04184100418410042,false
West Chicago 77141,mixed_use_res,lender_reo,3,9,563,2118,0.0053285968028419185,0.00424929178470255,false
Lyons 21111,condo_unit,unknown,20,20,340,340,0.058823529411764705,0.058823529411764705,false
West Chicago 77141,sfr_1_4,llc,161,403,3753,7688,0.04289901412203571,0.05241935483870968,false
Rogers Park 75032,sfr_1_4,unknown,12,27,236,461,0.05084745762711865,0.05856832971800434,false
Elk Grove 16091,small_mf,individual,1,7,2,14,0.5,0.5,false
Norwood Park 26010,sfr_1_4,individual,5801,6124,6048,6395,0.9591600529100529,0.9576231430805316,false
Leyden 20030,sfr_1_4,unknown,95,107,3979,4123,0.023875345564212114,0.025951976715983507,false
Jefferson 71371,mixed_use_res,unknown,5,19,71,249,0.07042253521126761,0.07630522088353414,false
Hyde Park 70080,sfr_1_4,lender_reo,34,39,8526,11082,0.003987802017358668,0.003519220357336221,false
Schaumburg 35102,sfr_1_4,trust,4,4,192,192,0.020833333333333332,0.020833333333333332,false
Proviso 31092,sfr_1_4,llc,30,51,1569,1948,0.019120458891013385,0.026180698151950718,false
Jefferson 71041,sfr_1_4,llc,36,101,2235,4008,0.016107382550335572,0.025199600798403193,false
West Chicago 77152,small_mf,corp,4,27,36,243,0.1111111111111111,0.1111111111111111,false
Hyde Park 70080,coop_building,coop_corp,4,4,4,4,,,true
Orland 28043,condo_unit,lender_reo,3,3,850,850,0.0035294117647058825,0.0035294117647058825,false
Maine 22050,condo_unit,lender_reo,9,9,4913,4913,0.0018318746183594546,0.0018318746183594546,false
Riverside 34050,sfr_1_4,llc,2,2,684,688,0.0029239766081871343,0.0029069767441860465,false
Jefferson 71060,sfr_1_4,unknown,37,54,1458,1965,0.025377229080932786,0.02748091603053435,false
Evanston 17080,sfr_1_4,corp,5,11,671,845,0.007451564828614009,0.01301775147928994,false
Lyons 21121,sfr_1_4,trust,1,1,488,494,0.0020491803278688526,0.0020242914979757085,false
Palos 30061,sfr_1_4,unknown,7,7,265,294,0.026415094339622643,0.023809523809523808,false
Palatine 29084,sfr_1_4,llc,1,1,1154,1154,0.0008665511265164644,0.0008665511265164644,false
Lake View 73092,mixed_use_res,unknown,6,23,23,95,0.2608695652173913,0.24210526315789474,false
Lake View 73042,mixed_use_res,unknown,6,17,40,142,0.15,0.11971830985915492,false
Oak Park 27090,condo_unit,trust,3,3,468,468,0.00641025641025641,0.00641025641025641,false
Cicero 15040,small_mf,unknown,6,42,29,187,0.20689655172413793,0.22459893048128343,false
Evanston 17080,condo_unit,corp,2,2,586,586,0.0034129692832764505,0.0034129692832764505,false
Rich 32070,sfr_1_4,unknown,19,19,593,593,0.03204047217537943,0.03204047217537943,false
Palatine 29082,condo_unit,trust,7,7,566,566,0.012367491166077738,0.012367491166077738,false
Proviso 31080,sfr_1_4,partnership,1,1,3763,3862,0.00026574541589157585,0.0002589331952356292,false
Hanover 18015,sfr_1_4,unknown,149,149,921,921,0.16178067318132464,0.16178067318132464,false
Maine 22111,sfr_1_4,unknown,83,87,3343,3549,0.024827998803469937,0.024513947590870666,false
Jefferson 71430,sfr_1_4,trust,62,66,5165,5351,0.012003872216844144,0.012334143150812932,false
Proviso 31170,sfr_1_4,unknown,13,15,501,526,0.02594810379241517,0.028517110266159697,false
Thornton 37181,small_mf,trust,1,5,92,592,0.010869565217391304,0.008445945945945946,false
Bloom 12043,sfr_1_4,individual,289,291,300,302,0.9633333333333334,0.9635761589403974,false
Leyden 20040,sfr_1_4,corp,2,2,771,771,0.0025940337224383916,0.0025940337224383916,false
Wheeling 38053,small_mf,partnership,2,14,3,21,0.6666666666666666,0.6666666666666666,false
Thornton 37130,sfr_1_4,unknown,86,87,1754,1839,0.04903078677309008,0.04730831973898858,false
Schaumburg 35090,sfr_1_4,corp,5,5,1927,1927,0.002594706798131811,0.002594706798131811,false
Evanston 17112,condo_unit,corp,3,3,516,516,0.005813953488372093,0.005813953488372093,false
Proviso 31010,sfr_1_4,lender_reo,1,1,630,668,0.0015873015873015873,0.0014970059880239522,false
Lake 72321,sfr_1_4,trust,24,24,3769,3913,0.006367736800212258,0.006133401482238692,false
Rogers Park 75033,sfr_1_4,trust,1,4,143,211,0.006993006993006993,0.018957345971563982,false
Maine 22180,condo_unit,unknown,90,90,3653,3653,0.024637284423761292,0.024637284423761292,false
Bremen 13280,sfr_1_4,lender_reo,1,1,547,547,0.0018281535648994515,0.0018281535648994515,false
Rich 32224,condo_unit,trust,4,4,199,199,0.020100502512562814,0.020100502512562814,false
Wheeling 38050,sfr_1_4,unknown,38,38,1816,1816,0.02092511013215859,0.02092511013215859,false
Worth 39132,small_mf,llc,2,13,12,77,0.16666666666666666,0.16883116883116883,false
Maine 22050,sfr_1_4,corp,9,9,2482,2509,0.0036261079774375505,0.0035870864886408927,false
Jefferson 71260,condo_unit,corp,21,21,144,144,0.14583333333333334,0.14583333333333334,false
Niles 24101,sfr_1_4,corp,8,8,4195,4299,0.0019070321811680572,0.0018608978832286578,false
Orland 28103,condo_unit,trust,7,7,292,292,0.023972602739726026,0.023972602739726026,false
Wheeling 38013,sfr_1_4,llc,48,56,1605,1633,0.029906542056074768,0.034292712798530314,false
Jefferson 71050,mixed_use_res,individual,18,57,22,74,0.8181818181818182,0.7702702702702703,false
Oak Park 27030,condo_unit,individual,207,207,230,230,0.9,0.9,false
Worth 39211,condo_unit,unknown,11,11,377,377,0.029177718832891247,0.029177718832891247,false
Bremen 13316,sfr_1_4,corp,3,3,431,431,0.0069605568445475635,0.0069605568445475635,false
Cicero 15090,sfr_1_4,llc,2,5,788,916,0.0025380710659898475,0.0054585152838427945,false
Wheeling 38090,condo_unit,corp,21,21,2204,2204,0.009528130671506351,0.009528130671506351,false
Lyons 21101,condo_unit,unknown,20,20,349,349,0.05730659025787966,0.05730659025787966,false
Bloom 12010,sfr_1_4,llc,25,25,1495,1507,0.016722408026755852,0.0165892501658925,false
Lake 72274,mixed_use_res,individual,7,20,10,27,0.7,0.7407407407407407,false
Palos 30012,small_mf,corp,1,7,57,365,0.017543859649122806,0.019178082191780823,false
Jefferson 71070,sfr_1_4,lender_reo,13,28,6604,11844,0.001968503937007874,0.002364066193853428,false
Lake 72223,mixed_use_res,individual,6,26,7,29,0.8571428571428571,0.896551724137931,false
Palos 30022,sfr_1_4,llc,5,5,503,525,0.009940357852882704,0.009523809523809525,false
Jefferson 71560,sfr_1_4,llc,2,2,722,734,0.002770083102493075,0.0027247956403269754,false
Niles 24032,mixed_use_res,unknown,1,3,7,21,0.14285714285714285,0.14285714285714285,false
Lake 72150,mixed_use_res,unknown,5,19,77,273,0.06493506493506493,0.0695970695970696,false
Worth 39130,mixed_use_res,unknown,2,4,21,46,0.09523809523809523,0.08695652173913043,false
Rich 32224,small_mf,unknown,1,6,6,35,0.16666666666666666,0.17142857142857143,false
Northfield 25100,sfr_1_4,unknown,15,15,678,681,0.022123893805309734,0.022026431718061675,false
Hyde Park 70121,small_mf,individual,24,164,47,325,0.5106382978723404,0.5046153846153846,false
Rich 32045,mixed_use_res,individual,1,3,1,3,,,true
Northfield 25400,sfr_1_4,individual,191,191,201,201,0.9502487562189055,0.9502487562189055,false
Rich 32350,sfr_1_4,individual,89,89,95,95,0.9368421052631579,0.9368421052631579,false
Lyons 21162,condo_unit,llc,33,33,426,426,0.07746478873239436,0.07746478873239436,false
Maine 22130,sfr_1_4,trust,6,6,939,945,0.006389776357827476,0.006349206349206349,false
Bloom 12086,sfr_1_4,unknown,11,11,318,338,0.03459119496855346,0.03254437869822485,false
New Trier 23092,sfr_1_4,trust,32,32,1570,1575,0.02038216560509554,0.020317460317460317,false
West Chicago 77091,mixed_use_res,llc,5,19,126,484,0.03968253968253968,0.03925619834710744,false
Niles 24013,sfr_1_4,unknown,6,10,348,374,0.017241379310344827,0.026737967914438502,false
Rich 32120,sfr_1_4,trust,14,14,3004,3004,0.004660452729693742,0.004660452729693742,false
Lake 72323,sfr_1_4,llc,5,5,971,988,0.005149330587023687,0.005060728744939271,false
Proviso 31020,mixed_use_res,llc,3,9,17,45,0.17647058823529413,0.2,false
Rich 32224,sfr_1_4,llc,3,3,260,262,0.011538461538461539,0.011450381679389313,false
Proviso 31150,sfr_1_4,unknown,34,34,867,882,0.0392156862745098,0.03854875283446712,false
Schaumburg 35040,small_mf,llc,13,79,48,291,0.2708333333333333,0.27147766323024053,false
Thornton 37063,small_mf,individual,6,38,10,66,0.6,0.5757575757575758,false
Rich 32020,sfr_1_4,individual,170,170,181,181,0.9392265193370166,0.9392265193370166,false
Bremen 13100,sfr_1_4,llc,2,2,816,817,0.0024509803921568627,0.0024479804161566705,false
Jefferson 71070,sfr_1_4,unknown,228,455,6604,11844,0.034524530587522716,0.0384160756501182,false
Schaumburg 35103,sfr_1_4,trust,1,1,272,272,0.003676470588235294,0.003676470588235294,false
Jefferson 71362,sfr_1_4,individual,1992,2120,2115,2268,0.9418439716312057,0.9347442680776014,false
Hyde Park 70083,coop_building,coop_corp,6,6,6,6,,,true
Cicero 15080,small_mf,individual,27,176,44,295,0.6136363636363636,0.5966101694915255,false
Bloom 12064,sfr_1_4,unknown,3,3,132,132,0.022727272727272728,0.022727272727272728,false
Hanover 18015,sfr_1_4,trust,10,10,921,921,0.010857763300760043,0.010857763300760043,false
Bremen 13250,condo_unit,llc,3,3,112,112,0.026785714285714284,0.026785714285714284,false
Elk Grove 16100,small_mf,corp,10,60,65,398,0.15384615384615385,0.1507537688442211,false
Jefferson 71599,condo_unit,individual,4,4,4,4,,,true
Hyde Park 70150,small_mf,corp,3,19,72,468,0.041666666666666664,0.0405982905982906,false
Lake 72170,small_mf,lender_reo,1,7,86,539,0.011627906976744186,0.012987012987012988,false
Lake 72274,sfr_1_4,llc,14,14,2284,2393,0.006129597197898424,0.0058503969912244045,false
West Chicago 77091,condo_unit,trust,1,1,135,135,0.007407407407407408,0.007407407407407408,false
Oak Park 27040,sfr_1_4,llc,6,16,493,632,0.012170385395537525,0.02531645569620253,false
Evanston 17210,small_mf,llc,2,12,4,26,0.5,0.46153846153846156,false
South Chicago 76010,condo_unit,llc,287,287,12497,12497,0.022965511722813477,0.022965511722813477,false
Schaumburg 35080,sfr_1_4,lender_reo,2,2,1107,1108,0.0018066847335140017,0.0018050541516245488,false
Schaumburg 35031,condo_unit,unknown,7,7,208,208,0.03365384615384615,0.03365384615384615,false
Leyden 20010,sfr_1_4,unknown,14,14,459,495,0.030501089324618737,0.028282828282828285,false
Jefferson 71140,sfr_1_4,trust,11,12,1241,1331,0.008863819500402902,0.009015777610818933,false
Hanover 18020,sfr_1_4,llc,54,54,5089,5089,0.010611122027903321,0.010611122027903321,false
West Chicago 77051,condo_unit,llc,196,196,1908,1908,0.10272536687631027,0.10272536687631027,false
Lemont 19010,mixed_use_res,individual,29,91,51,156,0.5686274509803921,0.5833333333333334,false
Evanston 17043,coop_building,coop_corp,5,5,5,5,,,true
Lake View 73050,small_mf,individual,126,840,279,1889,0.45161290322580644,0.4446797247220752,false
Worth 39400,condo_unit,trust,4,4,222,222,0.018018018018018018,0.018018018018018018,false
Bloom 12111,mixed_use_res,unknown,1,4,19,59,0.05263157894736842,0.06779661016949153,false
Northfield 25180,sfr_1_4,trust,13,13,654,654,0.019877675840978593,0.019877675840978593,false
Thornton 37171,sfr_1_4,lender_reo,3,3,1014,1027,0.0029585798816568047,0.0029211295034079843,false
Leyden 20020,mixed_use_res,individual,6,22,12,42,0.5,0.5238095238095238,false
Lake View 73011,sfr_1_4,corp,6,15,1020,1636,0.0058823529411764705,0.009168704156479218,false
Maine 22080,small_mf,unknown,4,24,41,253,0.0975609756097561,0.09486166007905138,false
Orland 28039,sfr_1_4,corp,1,1,522,522,0.0019157088122605363,0.0019157088122605363,false
Hyde Park 70220,condo_unit,individual,8,8,9,9,,,true
North Chicago 74011,sfr_1_4,llc,26,52,473,616,0.05496828752642706,0.08441558441558442,false
Oak Park 27070,sfr_1_4,trust,12,12,534,589,0.02247191011235955,0.02037351443123939,false
Orland 28045,sfr_1_4,llc,1,1,1518,1518,0.0006587615283267457,0.0006587615283267457,false
Lake 72151,sfr_1_4,estate,1,1,756,876,0.0013227513227513227,0.001141552511415525,false
Northfield 25052,sfr_1_4,llc,7,7,2921,2921,0.002396439575487847,0.002396439575487847,false
Bremen 13170,condo_unit,lender_reo,1,1,496,496,0.0020161290322580645,0.0020161290322580645,false
Lake View 73063,mixed_use_res,corp,1,2,28,107,0.03571428571428571,0.018691588785046728,false
West Chicago 77150,sfr_1_4,corp,12,20,2463,4054,0.0048721071863581,0.00493339911198816,false
Orland 28047,condo_unit,unknown,4,4,192,192,0.020833333333333332,0.020833333333333332,false
New Trier 23132,sfr_1_4,llc,6,6,724,724,0.008287292817679558,0.008287292817679558,false
Hanover 18013,condo_unit,trust,4,4,641,641,0.0062402496099844,0.0062402496099844,false
Rich 32270,sfr_1_4,trust,1,1,307,307,0.003257328990228013,0.003257328990228013,false
Jefferson 71200,condo_unit,llc,33,33,1159,1159,0.028472821397756688,0.028472821397756688,false
South Chicago 76030,condo_unit,lender_reo,3,3,1380,1380,0.002173913043478261,0.002173913043478261,false
Jefferson 71021,condo_unit,individual,71,71,81,81,0.8765432098765432,0.8765432098765432,false
Orland 28036,condo_unit,individual,1849,1849,1997,1997,0.9258888332498748,0.9258888332498748,false
Palos 30040,sfr_1_4,individual,390,393,409,412,0.9535452322738386,0.9538834951456311,false
Maine 22060,sfr_1_4,llc,3,3,100,100,0.03,0.03,false
Worth 39030,mixed_use_res,individual,6,14,8,26,0.75,0.5384615384615384,false
Orland 28103,condo_unit,lender_reo,1,1,292,292,0.003424657534246575,0.003424657534246575,false
Niles 24013,small_mf,unknown,1,6,22,139,0.045454545454545456,0.04316546762589928,false
Stickney 36022,sfr_1_4,individual,320,329,340,349,0.9411764705882353,0.9426934097421203,false
Elk Grove 16070,small_mf,unknown,19,118,123,749,0.15447154471544716,0.157543391188251,false
Jefferson 71030,condo_unit,llc,1,1,71,71,0.014084507042253521,0.014084507042253521,false
Maine 22110,small_mf,individual,3,21,6,38,0.5,0.5526315789473685,false
Maine 22050,small_mf,unknown,5,30,104,645,0.04807692307692308,0.046511627906976744,false
Jefferson 71180,sfr_1_4,unknown,157,297,4644,7802,0.033807062876830316,0.03806716226608562,false
Oak Park 27100,mixed_use_res,individual,11,35,14,44,0.7857142857142857,0.7954545454545454,false
West Chicago 77141,coop_building,coop_corp,3,3,3,3,,,true
Maine 22085,sfr_1_4,individual,3584,3816,3745,3991,0.9570093457943926,0.9561513405161614,false
Niles 24103,sfr_1_4,individual,582,582,619,619,0.9402261712439418,0.9402261712439418,false
Maine 22085,sfr_1_4,corp,10,11,3745,3991,0.0026702269692923898,0.002756201453269857,false
Niles 24051,condo_unit,individual,264,264,291,291,0.9072164948453608,0.9072164948453608,false
Thornton 37161,sfr_1_4,lender_reo,6,6,305,343,0.019672131147540985,0.01749271137026239,false
Lyons 21065,condo_unit,trust,24,24,577,577,0.0415944540727903,0.0415944540727903,false
Wheeling 38045,sfr_1_4,llc,1,1,603,603,0.001658374792703151,0.001658374792703151,false
Worth 39180,condo_unit,individual,45,45,48,48,0.9375,0.9375,false
Rogers Park 75040,sfr_1_4,unknown,31,34,1043,1181,0.029721955896452542,0.028789161727349702,false
West Chicago 77151,condo_unit,unknown,15,15,178,178,0.08426966292134831,0.08426966292134831,false
Orland 28031,sfr_1_4,llc,3,3,1130,1130,0.002654867256637168,0.002654867256637168,false
Evanston 17050,sfr_1_4,lender_reo,1,1,176,176,0.005681818181818182,0.005681818181818182,false
Leyden 20080,condo_unit,individual,1286,1286,1453,1453,0.8850653819683414,0.8850653819683414,false
West Chicago 77020,mixed_use_res,corp,6,19,141,520,0.0425531914893617,0.03653846153846154,false
Bremen 13100,sfr_1_4,unknown,16,16,816,817,0.0196078431372549,0.019583843329253364,false
Elk Grove 16012,sfr_1_4,corp,2,2,1050,1054,0.0019047619047619048,0.0018975332068311196,false
Rich 32226,sfr_1_4,llc,35,35,935,935,0.0374331550802139,0.0374331550802139,false
Niles 24023,sfr_1_4,llc,5,5,346,346,0.014450867052023121,0.014450867052023121,false
Lemont 19050,sfr_1_4,llc,1,1,437,437,0.002288329519450801,0.002288329519450801,false
Jefferson 71580,sfr_1_4,unknown,2,2,50,51,0.04,0.0392156862745098,false
Palatine 29031,sfr_1_4,trust,8,8,459,459,0.017429193899782137,0.017429193899782137,false
Jefferson 71074,sfr_1_4,trust,29,37,1398,1744,0.02074391988555079,0.02121559633027523,false
Bremen 13032,sfr_1_4,individual,1426,1437,1496,1509,0.9532085561497327,0.952286282306163,false
Palatine 29060,condo_unit,individual,1497,1497,1607,1607,0.9315494710640946,0.9315494710640946,false
Lake View 73120,sfr_1_4,llc,35,92,649,1108,0.053929121725731895,0.08303249097472924,false
Hyde Park 70100,mixed_use_res,individual,79,274,100,347,0.79,0.7896253602305475,false
Lake 72070,sfr_1_4,trust,16,21,5514,7379,0.0029017047515415306,0.0028459140804987125,false
Lake View 73092,sfr_1_4,corp,6,20,152,337,0.039473684210526314,0.05934718100890208,false
Maine 22010,small_mf,individual,1,7,2,14,0.5,0.5,false
New Trier 23022,condo_unit,individual,181,181,203,203,0.8916256157635468,0.8916256157635468,false
Evanston 17110,mixed_use_res,individual,1,2,1,2,,,true
Leyden 20060,sfr_1_4,corp,6,6,1205,1205,0.004979253112033195,0.004979253112033195,false
Thornton 37101,sfr_1_4,unknown,107,107,2142,2145,0.049953314659197015,0.049883449883449886,false
Bloom 12122,sfr_1_4,trust,2,2,554,605,0.0036101083032490976,0.003305785123966942,false
Jefferson 71071,mixed_use_res,unknown,2,7,58,193,0.034482758620689655,0.03626943005181347,false
South Chicago 76042,sfr_1_4,individual,198,217,218,240,0.908256880733945,0.9041666666666667,false
Berwyn 11040,mixed_use_res,llc,1,3,25,79,0.04,0.0379746835443038,false
Lake 72191,sfr_1_4,llc,6,6,1109,1109,0.005410279531109108,0.005410279531109108,false
Proviso 31080,mixed_use_res,corp,1,3,21,85,0.047619047619047616,0.03529411764705882,false
Lyons 21084,condo_unit,unknown,13,13,346,346,0.03757225433526012,0.03757225433526012,false
Worth 39040,sfr_1_4,individual,821,853,863,900,0.951332560834299,0.9477777777777778,false
Thornton 37070,sfr_1_4,partnership,10,14,4343,4879,0.002302555836979047,0.0028694404591104736,false
Leyden 20091,small_mf,unknown,1,7,33,219,0.030303030303030304,0.0319634703196347,false
Berwyn 11050,sfr_1_4,trust,8,12,1982,2446,0.004036326942482341,0.004905968928863451,false
Bremen 13080,sfr_1_4,lender_reo,5,5,1135,1212,0.004405286343612335,0.004125412541254125,false
Wheeling 38015,sfr_1_4,trust,3,3,212,212,0.014150943396226415,0.014150943396226415,false
Wheeling 38090,condo_unit,partnership,1,1,2204,2204,0.00045372050816696913,0.00045372050816696913,false
Elk Grove 16051,sfr_1_4,trust,24,26,3094,3239,0.007756948933419522,0.00802716887928373,false
Rogers Park 75010,condo_unit,corp,1,1,141,141,0.0070921985815602835,0.0070921985815602835,false
Wheeling 38012,sfr_1_4,individual,1063,1063,1122,1122,0.9474153297682709,0.9474153297682709,false
Niles 24102,sfr_1_4,llc,3,3,488,488,0.006147540983606557,0.006147540983606557,false
Maine 22080,condo_unit,corp,1,1,39,39,0.02564102564102564,0.02564102564102564,false
Schaumburg 35075,sfr_1_4,trust,3,3,599,599,0.005008347245409015,0.005008347245409015,false
Barrington 10023,sfr_1_4,individual,691,691,735,735,0.9401360544217687,0.9401360544217687,false
Evanston 17043,small_mf,unknown,11,76,48,332,0.22916666666666666,0.2289156626506024,false
West Chicago 77131,condo_unit,partnership,9,9,10908,10908,0.0008250825082508251,0.0008250825082508251,false
Lake 72194,condo_unit,corp,3,3,443,443,0.006772009029345372,0.006772009029345372,false
Lyons 21111,sfr_1_4,trust,14,14,2356,2492,0.005942275042444821,0.0056179775280898875,false
Bremen 13310,sfr_1_4,unknown,2,2,255,257,0.00784313725490196,0.007782101167315175,false
Bremen 13180,sfr_1_4,individual,316,346,329,360,0.9604863221884499,0.9611111111111111,false
Lake 72251,sfr_1_4,lender_reo,5,6,800,1198,0.00625,0.005008347245409015,false
Bloom 12085,sfr_1_4,corp,5,6,733,787,0.0068212824010914054,0.007623888182973317,false
Schaumburg 35111,sfr_1_4,individual,79,79,82,82,0.9634146341463414,0.9634146341463414,false
Lemont 19020,sfr_1_4,individual,577,580,862,865,0.6693735498839907,0.6705202312138728,false
Evanston 17140,sfr_1_4,trust,6,6,879,902,0.006825938566552901,0.0066518847006651885,false
West Chicago 77051,mixed_use_res,corp,4,14,106,375,0.03773584905660377,0.037333333333333336,false
Lake View 73093,sfr_1_4,trust,45,52,1585,2360,0.028391167192429023,0.022033898305084745,false
Proviso 31092,condo_unit,unknown,12,12,197,197,0.06091370558375635,0.06091370558375635,false
Lyons 21012,condo_unit,individual,6,6,20,20,0.3,0.3,false
Hyde Park 70010,small_mf,unknown,124,831,720,4743,0.17222222222222222,0.1752055660974067,false
Bremen 13210,sfr_1_4,llc,3,3,1446,1487,0.002074688796680498,0.0020174848688634837,false
Thornton 37053,sfr_1_4,corp,18,20,2636,2957,0.006828528072837633,0.006763611768684477,false
Bremen 13314,sfr_1_4,unknown,50,50,1466,1485,0.034106412005457026,0.03367003367003367,false
Rich 32320,sfr_1_4,unknown,4,4,317,317,0.012618296529968454,0.012618296529968454,false
West Chicago 77152,sfr_1_4,trust,5,9,304,566,0.01644736842105263,0.015901060070671377,false
Northfield 25260,sfr_1_4,trust,16,16,911,911,0.01756311745334797,0.01756311745334797,false
Hanover 18090,sfr_1_4,lender_reo,1,1,1346,1346,0.0007429420505200594,0.0007429420505200594,false
Bloom 12084,sfr_1_4,trust,4,5,688,785,0.005813953488372093,0.006369426751592357,false
Maine 22150,small_mf,unknown,2,14,22,148,0.09090909090909091,0.0945945945945946,false
Elk Grove 16030,mixed_use_res,llc,2,12,6,27,0.3333333333333333,0.4444444444444444,false
West Chicago 77040,mixed_use_res,individual,59,211,69,251,0.855072463768116,0.8406374501992032,false
Hyde Park 70230,small_mf,partnership,1,7,11,69,0.09090909090909091,0.10144927536231885,false
Worth 39101,sfr_1_4,llc,2,2,335,335,0.005970149253731343,0.005970149253731343,false
Orland 28045,condo_unit,trust,1,1,186,186,0.005376344086021506,0.005376344086021506,false
North Chicago 74030,small_mf,individual,42,294,115,805,0.3652173913043478,0.3652173913043478,false
Proviso 31060,small_mf,llc,21,136,78,489,0.2692307692307692,0.278118609406953,false
Lake View 73200,sfr_1_4,llc,5,5,431,432,0.01160092807424594,0.011574074074074073,false
Lake 72191,sfr_1_4,unknown,13,13,1109,1109,0.011722272317403066,0.011722272317403066,false
Lake 72030,condo_unit,trust,1,1,410,410,0.0024390243902439024,0.0024390243902439024,false
West Chicago 77151,sfr_1_4,corp,4,4,596,1108,0.006711409395973154,0.0036101083032490976,false
Lake 72040,sfr_1_4,corp,13,26,5166,8752,0.002516453735965931,0.002970749542961609,false
Hanover 18080,small_mf,unknown,9,54,20,127,0.45,0.4251968503937008,false
Hyde Park 70130,mixed_use_res,individual,35,119,38,127,0.9210526315789473,0.937007874015748,false
Northfield 25280,sfr_1_4,individual,240,240,256,256,0.9375,0.9375,false
Lake 72274,condo_unit,corp,9,9,138,138,0.06521739130434782,0.06521739130434782,false
Schaumburg 35090,sfr_1_4,individual,1863,1863,1927,1927,0.9667877529839128,0.9667877529839128,false
Elk Grove 16062,condo_unit,trust,3,3,162,162,0.018518518518518517,0.018518518518518517,false
Lyons 21071,sfr_1_4,llc,13,13,2002,2002,0.006493506493506494,0.006493506493506494,false
Lake 72300,sfr_1_4,lender_reo,2,2,1318,1366,0.0015174506828528073,0.0014641288433382138,false
Jefferson 71041,mixed_use_res,llc,6,28,48,165,0.125,0.1696969696969697,false
Proviso 31104,mixed_use_res,individual,13,44,14,47,0.9285714285714286,0.9361702127659575,false
Lake View 73120,mixed_use_res,individual,25,85,55,197,0.45454545454545453,0.43147208121827413,false
Oak Park 27100,small_mf,individual,4,26,12,82,0.3333333333333333,0.3170731707317073,false
Orland 28022,sfr_1_4,lender_reo,9,20,1369,1632,0.006574141709276844,0.012254901960784314,false
Hyde Park 70080,sfr_1_4,llc,245,351,8526,11082,0.028735632183908046,0.03167298321602599,false
Hyde Park 70111,small_mf,unknown,17,118,93,617,0.1827956989247312,0.1912479740680713,false
West Chicago 77132,sfr_1_4,unknown,71,142,1698,2676,0.04181389870435807,0.053064275037369206,false
Bremen 13260,sfr_1_4,partnership,12,12,2003,2003,0.005991013479780329,0.005991013479780329,false
Bremen 13070,sfr_1_4,individual,479,479,513,513,0.9337231968810916,0.9337231968810916,false
Jefferson 71410,sfr_1_4,partnership,1,1,3317,3986,0.00030147723846849563,0.0002508780732563974,false
Maine 22085,sfr_1_4,llc,23,26,3745,3991,0.006141522029372497,0.006514657980456026,false
Berwyn 11070,sfr_1_4,partnership,5,5,2244,2559,0.0022281639928698753,0.0019538882375928096,false
West Chicago 77152,condo_unit,trust,9,9,442,442,0.020361990950226245,0.020361990950226245,false
Lake 72260,sfr_1_4,corp,13,19,1051,1282,0.012369172216936251,0.014820592823712949,false
Proviso 31034,sfr_1_4,unknown,136,149,2110,2329,0.06445497630331753,0.0639759553456419,false
Jefferson 71090,mixed_use_res,llc,5,19,63,202,0.07936507936507936,0.09405940594059406,false
Stickney 36041,small_mf,corp,2,12,35,226,0.05714285714285714,0.05309734513274336,false
Rogers Park 75032,mixed_use_res,corp,1,4,3,12,0.3333333333333333,0.3333333333333333,false
Calumet 14030,sfr_1_4,lender_reo,9,9,2139,2240,0.004207573632538569,0.0040178571428571425,false
Northfield 25061,sfr_1_4,individual,363,363,384,384,0.9453125,0.9453125,false
Palos 30070,sfr_1_4,unknown,31,31,1213,1213,0.025556471558120363,0.025556471558120363,false
Lake View 73084,sfr_1_4,corp,22,61,2305,4498,0.009544468546637744,0.013561582925744775,false
Lake 72380,condo_unit,individual,963,963,1038,1038,0.9277456647398844,0.9277456647398844,false
Proviso 31040,sfr_1_4,individual,744,838,791,897,0.9405815423514539,0.9342251950947603,false
Northfield 25132,mixed_use_res,trust,1,5,7,24,0.14285714285714285,0.20833333333333334,false
Proviso 31040,mixed_use_res,corp,2,7,16,55,0.125,0.12727272727272726,false
Riverside 34020,sfr_1_4,lender_reo,2,2,1871,1948,0.0010689470871191875,0.001026694045174538,false
Cicero 15065,mixed_use_res,unknown,2,9,32,103,0.0625,0.08737864077669903,false
Hanover 18090,condo_unit,individual,491,491,604,604,0.8129139072847682,0.8129139072847682,false
Jefferson 71042,sfr_1_4,unknown,47,93,1333,2037,0.035258814703675916,0.045655375552282766,false
Hyde Park 70260,sfr_1_4,lender_reo,1,1,474,488,0.002109704641350211,0.0020491803278688526,false
Thornton 37051,sfr_1_4,llc,24,39,1219,1551,0.019688269073010665,0.025145067698259187,false
Hyde Park 70170,sfr_1_4,trust,3,3,863,874,0.0034762456546929316,0.003432494279176201,false
Thornton 37185,sfr_1_4,unknown,17,17,521,545,0.03262955854126679,0.031192660550458717,false
Proviso 31170,sfr_1_4,lender_reo,1,1,501,526,0.001996007984031936,0.0019011406844106464,false
Oak Park 27080,mixed_use_res,trust,1,2,17,52,0.058823529411764705,0.038461538461538464,false
West Chicago 77052,condo_unit,lender_reo,1,1,797,797,0.0012547051442910915,0.0012547051442910915,false
Hanover 18014,sfr_1_4,individual,528,528,622,622,0.8488745980707395,0.8488745980707395,false
Palatine 29022,condo_unit,partnership,2,2,3531,3531,0.0005664117813650524,0.0005664117813650524,false
Wheeling 38090,small_mf,corp,2,13,117,710,0.017094017094017096,0.018309859154929577,false
Jefferson 71390,sfr_1_4,corp,2,2,1307,1711,0.001530221882172915,0.0011689070718877848,false
Norwood Park 26010,small_mf,unknown,15,103,125,821,0.12,0.12545676004872108,false
North Chicago 74013,condo_unit,corp,6,6,1796,1796,0.0033407572383073497,0.0033407572383073497,false
South Chicago 76040,small_mf,corp,3,21,38,264,0.07894736842105263,0.07954545454545454,false
Jefferson 71120,small_mf,unknown,26,169,136,903,0.19117647058823528,0.18715393133997785,false
Lyons 21062,condo_unit,unknown,14,14,388,388,0.03608247422680412,0.03608247422680412,false
Jefferson 71030,small_mf,individual,2,14,6,42,0.3333333333333333,0.3333333333333333,false
Calumet 14040,mixed_use_res,individual,1,5,1,5,,,true
West Chicago 77152,sfr_1_4,individual,261,468,304,566,0.8585526315789473,0.8268551236749117,false
Cicero 15072,mixed_use_res,unknown,5,18,23,75,0.21739130434782608,0.24,false
Schaumburg 35035,sfr_1_4,trust,2,2,94,94,0.02127659574468085,0.02127659574468085,false
Evanston 17112,condo_unit,unknown,13,13,516,516,0.025193798449612403,0.025193798449612403,false
Elk Grove 16011,sfr_1_4,llc,1,1,381,381,0.0026246719160104987,0.0026246719160104987,false
Hyde Park 70010,condo_unit,unknown,272,272,4032,4032,0.06746031746031746,0.06746031746031746,false
Wheeling 38080,small_mf,unknown,2,14,5,35,0.4,0.4,false
Bremen 13032,small_mf,trust,1,6,66,395,0.015151515151515152,0.015189873417721518,false
Lemont 19100,sfr_1_4,individual,362,362,380,380,0.9526315789473684,0.9526315789473684,false
Jefferson 71171,condo_unit,individual,99,99,125,125,0.792,0.792,false
Schaumburg 35060,sfr_1_4,unknown,7,7,229,229,0.03056768558951965,0.03056768558951965,false
Lake 72345,sfr_1_4,individual,1843,1863,2016,2039,0.9141865079365079,0.9136831780284453,false
Proviso 31120,mixed_use_res,llc,2,10,4,20,0.5,0.5,false
Northfield 25210,sfr_1_4,llc,27,27,440,440,0.06136363636363636,0.06136363636363636,false
Jefferson 71371,sfr_1_4,unknown,149,185,6044,6548,0.024652547981469226,0.02825290164935858,false
Lake 72193,sfr_1_4,corp,7,7,1549,1634,0.004519044544867657,0.004283965728274173,false
Lyons 21091,mixed_use_res,corp,4,12,53,157,0.07547169811320754,0.07643312101910828,false
Lake View 73084,small_mf,llc,128,859,387,2570,0.330749354005168,0.33424124513618675,false
Rich 32090,sfr_1_4,llc,4,4,416,416,0.009615384615384616,0.009615384615384616,false
Bloom 12031,small_mf,individual,1,6,1,6,,,true
Jefferson 71090,sfr_1_4,lender_reo,2,2,3374,4571,0.0005927682276229994,0.0004375410194705754,false
West Chicago 77030,mixed_use_res,unknown,44,183,369,1414,0.11924119241192412,0.12942008486562942,false
Rogers Park 75033,small_mf,unknown,19,133,92,627,0.20652173913043478,0.21212121212121213,false
West Chicago 77080,small_mf,corp,3,21,67,453,0.04477611940298507,0.046357615894039736,false
Northfield 25250,sfr_1_4,trust,2,2,140,140,0.014285714285714285,0.014285714285714285,false
South Chicago 76011,other_res,individual,1,1,3,3,,,true
Bloom 12031,sfr_1_4,corp,3,3,256,260,0.01171875,0.011538461538461539,false
Maine 22050,condo_unit,llc,41,41,4913,4913,0.008345206594748626,0.008345206594748626,false
Lake 72212,sfr_1_4,partnership,1,1,3900,4678,0.0002564102564102564,0.00021376656690893543,false
Oak Park 27010,condo_unit,corp,1,1,68,68,0.014705882352941176,0.014705882352941176,false
Rich 32350,condo_unit,individual,92,92,96,96,0.9583333333333334,0.9583333333333334,false
Bremen 13032,small_mf,unknown,5,30,66,395,0.07575757575757576,0.0759493670886076,false
Thornton 37021,mixed_use_res,corp,1,4,19,58,0.05263157894736842,0.06896551724137931,false
Evanston 17220,small_mf,corp,4,28,85,568,0.047058823529411764,0.04929577464788732,false
Wheeling 38081,condo_unit,trust,23,23,1264,1264,0.01819620253164557,0.01819620253164557,false
West Chicago 77120,sfr_1_4,estate,1,2,3166,5552,0.0003158559696778269,0.00036023054755043225,false
Proviso 31110,sfr_1_4,corp,21,32,2420,2640,0.008677685950413223,0.012121212121212121,false
Bloom 12088,sfr_1_4,llc,2,2,145,145,0.013793103448275862,0.013793103448275862,false
Bloom 12044,sfr_1_4,unknown,24,27,491,494,0.048879837067209775,0.05465587044534413,false
Rogers Park 75040,small_mf,llc,14,94,35,232,0.4,0.4051724137931034,false
Northfield 25131,sfr_1_4,partnership,1,1,837,848,0.0011947431302270011,0.0011792452830188679,false
Lake View 73120,sfr_1_4,corp,6,11,649,1108,0.009244992295839754,0.009927797833935019,false
Rich 32175,sfr_1_4,llc,7,7,703,703,0.00995732574679943,0.00995732574679943,false
Proviso 31110,sfr_1_4,individual,2281,2469,2420,2640,0.9425619834710743,0.9352272727272727,false
Barrington 10012,small_mf,individual,12,84,14,96,0.8571428571428571,0.875,false
Hyde Park 70220,small_mf,llc,24,159,111,714,0.21621621621621623,0.22268907563025211,false
Elk Grove 16030,sfr_1_4,individual,1540,1547,1600,1607,0.9625,0.9626633478531424,false
Orland 28015,condo_unit,unknown,64,64,1165,1165,0.054935622317596564,0.054935622317596564,false
Bloom 12111,mixed_use_res,trust,2,4,19,59,0.10526315789473684,0.06779661016949153,false
Northfield 25230,sfr_1_4,unknown,2,2,103,103,0.019417475728155338,0.019417475728155338,false
Schaumburg 35170,condo_unit,corp,3,3,460,460,0.006521739130434782,0.006521739130434782,false
Proviso 31091,condo_unit,individual,1509,1509,1636,1636,0.9223716381418093,0.9223716381418093,false
Jefferson 71362,sfr_1_4,corp,3,3,2115,2268,0.0014184397163120568,0.0013227513227513227,false
Cicero 15071,sfr_1_4,corp,7,16,1670,2805,0.004191616766467066,0.00570409982174688,false
Lemont 19010,sfr_1_4,llc,107,112,1215,1336,0.08806584362139917,0.08383233532934131,false
Thornton 37051,condo_unit,individual,133,133,170,170,0.7823529411764706,0.7823529411764706,false
Jefferson 71420,mixed_use_res,individual,1,6,1,6,,,true
North Chicago 74030,condo_unit,lender_reo,19,19,19344,19344,0.0009822167080231596,0.0009822167080231596,false
Palatine 29090,sfr_1_4,individual,942,942,979,979,0.9622063329928499,0.9622063329928499,false
Orland 28013,sfr_1_4,individual,272,272,287,287,0.9477351916376306,0.9477351916376306,false
Schaumburg 35032,sfr_1_4,llc,1,1,546,546,0.0018315018315018315,0.0018315018315018315,false
Northfield 25102,condo_unit,unknown,27,27,579,579,0.046632124352331605,0.046632124352331605,false
Barrington 10024,condo_unit,llc,1,1,247,247,0.004048582995951417,0.004048582995951417,false
Northfield 25102,condo_unit,llc,7,7,579,579,0.012089810017271158,0.012089810017271158,false
Palatine 29032,condo_unit,trust,1,1,42,42,0.023809523809523808,0.023809523809523808,false
Wheeling 38010,condo_unit,corp,1,1,270,270,0.003703703703703704,0.003703703703703704,false
Berwyn 11060,sfr_1_4,unknown,26,35,545,691,0.047706422018348627,0.05065123010130246,false
Elk Grove 16062,small_mf,individual,21,126,36,226,0.5833333333333334,0.5575221238938053,false
Niles 24032,condo_unit,partnership,6,6,244,244,0.02459016393442623,0.02459016393442623,false
Schaumburg 35103,sfr_1_4,corp,1,1,272,272,0.003676470588235294,0.003676470588235294,false
West Chicago 77060,small_mf,trust,1,7,109,720,0.009174311926605505,0.009722222222222222,false
West Chicago 77060,other_res,trust,1,1,2,2,,,true
Oak Park 27100,sfr_1_4,corp,1,1,707,782,0.0014144271570014145,0.0012787723785166241,false
Lyons 21121,small_mf,individual,9,61,12,82,0.75,0.7439024390243902,false
Lake View 73110,mixed_use_res,unknown,3,10,18,66,0.16666666666666666,0.15151515151515152,false
Worth 39290,condo_unit,individual,155,155,156,156,0.9935897435897436,0.9935897435897436,false
Bremen 13250,condo_unit,unknown,5,5,112,112,0.044642857142857144,0.044642857142857144,false
Bloom 12022,condo_unit,trust,3,3,226,226,0.01327433628318584,0.01327433628318584,false
Jefferson 71070,condo_unit,unknown,79,79,1397,1397,0.05654974946313529,0.05654974946313529,false
Cicero 15071,condo_unit,unknown,1,1,69,69,0.014492753623188406,0.014492753623188406,false
Northfield 25190,sfr_1_4,individual,181,181,189,189,0.9576719576719577,0.9576719576719577,false
Riverside 34010,sfr_1_4,trust,20,20,1701,1758,0.011757789535567314,0.011376564277588168,false
Lake 72192,sfr_1_4,lender_reo,4,4,1193,1199,0.003352891869237217,0.003336113427856547,false
Rich 32226,sfr_1_4,corp,4,4,935,935,0.0042780748663101605,0.0042780748663101605,false
Jefferson 71010,sfr_1_4,unknown,76,95,3110,3983,0.024437299035369776,0.023851368315340196,false
Bloom 12054,sfr_1_4,lender_reo,1,1,143,143,0.006993006993006993,0.006993006993006993,false
Wheeling 38081,sfr_1_4,unknown,29,29,1470,1470,0.019727891156462583,0.019727891156462583,false
Lake 72061,condo_unit,individual,58,58,58,58,1.0,1.0,false
Worth 39160,mixed_use_res,llc,2,4,9,21,0.2222222222222222,0.19047619047619047,false
Thornton 37171,sfr_1_4,corp,2,2,1014,1027,0.0019723865877712033,0.0019474196689386564,false
Hyde Park 70101,sfr_1_4,lender_reo,1,1,771,1237,0.0012970168612191958,0.0008084074373484236,false
Rogers Park 75032,sfr_1_4,llc,8,24,236,461,0.03389830508474576,0.052060737527114966,false
Jefferson 71200,mixed_use_res,llc,7,19,118,408,0.059322033898305086,0.04656862745098039,false
Lake 72422,condo_unit,unknown,16,16,195,195,0.08205128205128205,0.08205128205128205,false
Rich 32220,condo_unit,individual,285,285,307,307,0.9283387622149837,0.9283387622149837,false
South Chicago 76040,small_mf,unknown,12,82,38,264,0.3157894736842105,0.3106060606060606,false
Leyden 20080,small_mf,individual,127,764,171,1034,0.7426900584795322,0.7388781431334622,false
Niles 24081,condo_unit,unknown,29,29,715,715,0.04055944055944056,0.04055944055944056,false
Schaumburg 35170,small_mf,unknown,4,28,9,63,0.4444444444444444,0.4444444444444444,false
Jefferson 71171,small_mf,individual,39,253,77,500,0.5064935064935064,0.506,false
South Chicago 76030,mixed_use_res,unknown,21,72,256,932,0.08203125,0.07725321888412018,false
Lake View 73042,condo_unit,unknown,25,25,750,750,0.03333333333333333,0.03333333333333333,false
Lyons 21042,sfr_1_4,unknown,133,169,2707,3257,0.04913188031030661,0.05188824071231194,false
Jefferson 71362,sfr_1_4,unknown,68,76,2115,2268,0.03215130023640662,0.03350970017636684,false
Lake 72222,small_mf,individual,1,7,2,13,0.5,0.5384615384615384,false
Maine 22030,sfr_1_4,llc,3,3,1154,1165,0.0025996533795493936,0.002575107296137339,false
Leyden 20030,condo_unit,lender_reo,2,2,155,155,0.012903225806451613,0.012903225806451613,false
Jefferson 71150,sfr_1_4,unknown,267,333,9873,11614,0.027043451838347006,0.02867229206130532,false
South Chicago 76060,condo_unit,trust,1,1,159,159,0.006289308176100629,0.006289308176100629,false
Northfield 25230,sfr_1_4,individual,98,98,103,103,0.9514563106796117,0.9514563106796117,false
Elk Grove 16070,sfr_1_4,corp,1,1,19,22,0.05263157894736842,0.045454545454545456,false
Worth 39100,condo_unit,individual,40,40,40,40,1.0,1.0,false
Proviso 31032,sfr_1_4,unknown,64,80,1734,1936,0.03690888119953864,0.04132231404958678,false
Orland 28100,condo_unit,individual,63,63,69,69,0.9130434782608695,0.9130434782608695,false
Jefferson 71071,sfr_1_4,lender_reo,3,5,2831,3731,0.0010596962204168139,0.0013401232913428035,false
Oak Park 27040,sfr_1_4,corp,1,3,493,632,0.002028397565922921,0.004746835443037975,false
Worth 39060,sfr_1_4,unknown,35,35,1547,1550,0.02262443438914027,0.02258064516129032,false
Thornton 37061,sfr_1_4,trust,11,14,3561,4011,0.003089019938219601,0.0034904013961605585,false
Bloom 12101,small_mf,corp,1,6,25,155,0.04,0.03870967741935484,false
Bloom 12162,small_mf,llc,5,30,13,79,0.38461538461538464,0.379746835443038,false
Bremen 13345,condo_unit,unknown,4,4,64,64,0.0625,0.0625,false
New Trier 23132,sfr_1_4,trust,21,21,724,724,0.029005524861878452,0.029005524861878452,false
Jefferson 71371,mixed_use_res,corp,3,12,71,249,0.04225352112676056,0.04819277108433735,false
Thornton 37121,mixed_use_res,llc,1,2,9,30,0.1111111111111111,0.06666666666666667,false
Thornton 37162,sfr_1_4,unknown,29,30,1175,1190,0.02468085106382979,0.025210084033613446,false
West Chicago 77030,small_mf,lender_reo,2,13,516,3329,0.003875968992248062,0.0039050765995794533,false
Palatine 29130,sfr_1_4,lender_reo,1,1,83,83,0.012048192771084338,0.012048192771084338,false
Northfield 25320,sfr_1_4,individual,31,31,36,36,0.8611111111111112,0.8611111111111112,false
Proviso 31190,sfr_1_4,unknown,19,28,762,958,0.024934383202099737,0.029227557411273485,false
New Trier 23150,sfr_1_4,corp,3,3,1940,1941,0.0015463917525773195,0.0015455950540958269,false
Lake 72170,small_mf,llc,25,160,86,539,0.29069767441860467,0.29684601113172543,false
Hyde Park 70150,sfr_1_4,unknown,12,15,311,385,0.03858520900321544,0.03896103896103896,false
Jefferson 71021,mixed_use_res,lender_reo,1,3,7,21,0.14285714285714285,0.14285714285714285,false
Jefferson 71520,condo_unit,individual,9,9,15,15,0.6,0.6,false
Proviso 31141,condo_unit,individual,49,49,72,72,0.6805555555555556,0.6805555555555556,false
Jefferson 71110,sfr_1_4,llc,42,92,2525,4000,0.016633663366336635,0.023,false
Jefferson 71180,sfr_1_4,llc,99,220,4644,7802,0.02131782945736434,0.028197897974878237,false
New Trier 23091,sfr_1_4,individual,281,281,307,307,0.9153094462540716,0.9153094462540716,false
Orland 28047,sfr_1_4,individual,952,952,983,983,0.9684638860630722,0.9684638860630722,false
Evanston 17043,sfr_1_4,trust,11,11,486,518,0.02263374485596708,0.021235521235521235,false
Palatine 29070,small_mf,unknown,32,193,149,897,0.21476510067114093,0.21516164994425863,false
Hanover 18070,sfr_1_4,individual,1557,1632,1898,1982,0.8203371970495258,0.8234106962663976,false
Elk Grove 16010,sfr_1_4,llc,5,5,2050,2050,0.0024390243902439024,0.0024390243902439024,false
Lake View 73044,condo_unit,trust,4,4,263,263,0.015209125475285171,0.015209125475285171,false
Berwyn 11030,sfr_1_4,lender_reo,3,4,1570,1727,0.001910828025477707,0.0023161551823972205,false
Stickney 36012,sfr_1_4,unknown,61,66,2156,2226,0.02829313543599258,0.029649595687331536,false
Thornton 37051,small_mf,llc,11,73,84,514,0.13095238095238096,0.14202334630350194,false
Rich 32232,sfr_1_4,individual,245,245,277,277,0.8844765342960289,0.8844765342960289,false
Bloom 12101,sfr_1_4,estate,1,1,1151,1583,0.0008688097306689834,0.0006317119393556538,false
Jefferson 71120,mixed_use_res,individual,38,138,45,164,0.8444444444444444,0.8414634146341463,false
Lake 72071,sfr_1_4,unknown,70,106,2530,3498,0.02766798418972332,0.030303030303030304,false
Berwyn 11030,sfr_1_4,individual,1486,1632,1570,1727,0.9464968152866242,0.944991314418066,false
Calumet 14010,sfr_1_4,corp,3,4,467,512,0.006423982869379015,0.0078125,false
Jefferson 71090,mixed_use_res,lender_reo,1,2,63,202,0.015873015873015872,0.009900990099009901,false
Orland 28030,sfr_1_4,llc,1,1,457,457,0.002188183807439825,0.002188183807439825,false
Lake 72092,small_mf,llc,25,167,169,1137,0.14792899408284024,0.1468777484608619,false
Bremen 13170,sfr_1_4,corp,24,24,2234,2329,0.010743061772605193,0.010304851867754402,false
Proviso 31120,small_mf,partnership,1,7,1,7,,,true
Elk Grove 16061,condo_unit,llc,3,3,1301,1301,0.0023059185242121443,0.0023059185242121443,false
West Chicago 77051,mixed_use_res,individual,59,210,106,375,0.5566037735849056,0.56,false
Thornton 37054,sfr_1_4,individual,242,251,265,275,0.9132075471698113,0.9127272727272727,false
Rich 32151,sfr_1_4,unknown,7,7,389,389,0.017994858611825194,0.017994858611825194,false
Rogers Park 75060,sfr_1_4,trust,5,9,335,633,0.014925373134328358,0.014218009478672985,false
South Chicago 76011,sfr_1_4,llc,13,13,918,918,0.014161220043572984,0.014161220043572984,false
Worth 39160,condo_unit,llc,30,30,1152,1152,0.026041666666666668,0.026041666666666668,false
Bremen 13140,sfr_1_4,lender_reo,2,2,1186,1186,0.0016863406408094434,0.0016863406408094434,false
Lake 72200,sfr_1_4,unknown,239,258,6931,7127,0.034482758620689655,0.03620036480987793,false
West Chicago 77013,sfr_1_4,corp,59,99,6365,10159,0.009269442262372349,0.009745053647012501,false
Orland 28046,sfr_1_4,partnership,1,1,1259,1259,0.0007942811755361397,0.0007942811755361397,false
West Chicago 77120,sfr_1_4,llc,155,394,3166,5552,0.04895767530006317,0.07096541786743515,false
Lake View 73011,condo_unit,individual,1940,1940,2155,2155,0.9002320185614849,0.9002320185614849,false
Palatine 29100,sfr_1_4,trust,34,34,3130,3146,0.010862619808306708,0.01080737444373808,false
Lake 72193,small_mf,unknown,3,21,12,79,0.25,0.26582278481012656,false
Jefferson 71150,small_mf,trust,2,13,178,1162,0.011235955056179775,0.011187607573149742,false
Hyde Park 70120,sfr_1_4,lender_reo,21,33,3174,4681,0.006616257088846881,0.007049775688955351,false
Evanston 17011,condo_unit,unknown,8,8,122,122,0.06557377049180328,0.06557377049180328,false
Hyde Park 70280,sfr_1_4,unknown,55,69,2707,3058,0.02031769486516439,0.022563767168083716,false
Wheeling 38011,sfr_1_4,unknown,14,14,764,764,0.01832460732984293,0.01832460732984293,false
Lake View 73032,small_mf,unknown,51,344,306,2045,0.16666666666666666,0.16821515892420538,false
Cicero 15030,condo_unit,unknown,6,6,70,70,0.08571428571428572,0.08571428571428572,false
Lake 72130,small_mf,trust,1,6,58,384,0.017241379310344827,0.015625,false
Evanston 17041,mixed_use_res,unknown,1,5,4,14,0.25,0.35714285714285715,false
Lake 72420,sfr_1_4,unknown,7,7,148,148,0.0472972972972973,0.0472972972972973,false
Orland 28100,sfr_1_4,trust,46,46,3062,3062,0.015022860875244938,0.015022860875244938,false
Orland 28088,condo_unit,llc,3,3,316,316,0.00949367088607595,0.00949367088607595,false
Rich 32227,sfr_1_4,trust,1,1,97,97,0.010309278350515464,0.010309278350515464,false
Bloom 12054,sfr_1_4,individual,132,132,143,143,0.9230769230769231,0.9230769230769231,false
West Chicago 77030,coop_building,coop_corp,1,1,1,1,,,true
Thornton 37051,sfr_1_4,trust,4,6,1219,1551,0.003281378178835111,0.0038684719535783366,false
Lyons 21121,condo_unit,llc,21,21,63,63,0.3333333333333333,0.3333333333333333,false
New Trier 23093,mixed_use_res,partnership,1,6,18,60,0.05555555555555555,0.1,false
Wheeling 38090,small_mf,unknown,9,54,117,710,0.07692307692307693,0.07605633802816901,false
Berwyn 11010,condo_unit,lender_reo,1,1,137,137,0.0072992700729927005,0.0072992700729927005,false
Lake 72070,mixed_use_res,llc,9,26,180,591,0.05,0.043993231810490696,false
Calumet 14030,mixed_use_res,llc,1,3,16,44,0.0625,0.06818181818181818,false
Evanston 17041,sfr_1_4,corp,3,7,536,721,0.005597014925373134,0.009708737864077669,false
Thornton 37162,mixed_use_res,unknown,2,7,29,99,0.06896551724137931,0.0707070707070707,false
Lyons 21082,sfr_1_4,trust,10,10,1204,1281,0.008305647840531562,0.0078064012490242,false
Lyons 21111,small_mf,individual,49,304,59,372,0.8305084745762712,0.8172043010752689,false
Palos 30060,sfr_1_4,individual,85,92,89,96,0.9550561797752809,0.9583333333333334,false
Lake 72070,small_mf,individual,98,671,173,1188,0.5664739884393064,0.5648148148148148,false
Proviso 31152,coop_building,coop_corp,1,1,1,1,,,true
Lake View 73063,coop_building,coop_corp,2,2,3,3,,,true
Jefferson 71041,mixed_use_res,corp,1,4,48,165,0.020833333333333332,0.024242424242424242,false
Northfield 25350,sfr_1_4,individual,191,191,201,201,0.9502487562189055,0.9502487562189055,false
Lake 72080,mixed_use_res,unknown,6,30,149,546,0.040268456375838924,0.054945054945054944,false
Leyden 20081,sfr_1_4,partnership,2,2,2403,2598,0.0008322929671244278,0.0007698229407236335,false
Wheeling 38080,sfr_1_4,unknown,28,28,2041,2041,0.013718765311121999,0.013718765311121999,false
Oak Park 27100,sfr_1_4,partnership,1,4,707,782,0.0014144271570014145,0.005115089514066497,false
New Trier 23120,mixed_use_res,unknown,2,6,7,19,0.2857142857142857,0.3157894736842105,false
Schaumburg 35109,condo_unit,lender_reo,3,3,1812,1812,0.0016556291390728477,0.0016556291390728477,false
Lake View 73032,condo_unit,partnership,1,1,2569,2569,0.00038925652004671076,0.00038925652004671076,false
Jefferson 71041,sfr_1_4,partnership,1,1,2235,4008,0.00044742729306487697,0.000249500998003992,false
Palos 30063,sfr_1_4,trust,7,7,177,177,0.03954802259887006,0.03954802259887006,false
Worth 39040,sfr_1_4,unknown,22,25,863,900,0.02549246813441483,0.027777777777777776,false
Thornton 37190,sfr_1_4,partnership,5,5,758,762,0.006596306068601583,0.006561679790026247,false
Jefferson 71110,small_mf,llc,51,350,156,1042,0.3269230769230769,0.33589251439539347,false
West Chicago 77052,small_mf,llc,40,240,153,946,0.26143790849673204,0.2536997885835095,false
Worth 39310,mixed_use_res,individual,4,8,4,8,,,true
West Chicago 77115,small_mf,lender_reo,1,7,181,1133,0.0055248618784530384,0.00617828773168579,false
Worth 39260,sfr_1_4,llc,2,2,838,838,0.002386634844868735,0.002386634844868735,false
Northfield 25300,sfr_1_4,llc,1,1,103,103,0.009708737864077669,0.009708737864077669,false
Orland 28022,small_mf,individual,12,75,20,127,0.6,0.5905511811023622,false
Bloom 12085,sfr_1_4,unknown,21,22,733,787,0.0286493860845839,0.02795425667090216,false
West Chicago 77103,mixed_use_res,corp,1,4,38,141,0.02631578947368421,0.028368794326241134,false
Bloom 12121,coop_building,coop_corp,2,2,2,2,,,true
Rogers Park 75021,mixed_use_res,llc,3,9,18,54,0.16666666666666666,0.16666666666666666,false
Rich 32120,condo_unit,llc,19,19,280,280,0.06785714285714285,0.06785714285714285,false
Bloom 12132,sfr_1_4,individual,202,202,210,210,0.9619047619047619,0.9619047619047619,false
Hanover 18012,condo_unit,corp,1,1,242,242,0.004132231404958678,0.004132231404958678,false
Lake 72422,sfr_1_4,lender_reo,5,5,3014,3024,0.0016589250165892503,0.0016534391534391533,false
Worth 39270,sfr_1_4,trust,6,6,372,372,0.016129032258064516,0.016129032258064516,false
Worth 39040,sfr_1_4,llc,9,9,863,900,0.010428736964078795,0.01,false
Lake View 73060,condo_unit,partnership,3,3,9084,9084,0.00033025099075297226,0.00033025099075297226,false
Thornton 37054,sfr_1_4,llc,6,6,265,275,0.022641509433962263,0.02181818181818182,false
Bremen 13171,sfr_1_4,trust,4,4,505,521,0.007920792079207921,0.007677543186180422,false
Maine 22050,small_mf,llc,20,134,104,645,0.19230769230769232,0.20775193798449612,false
Lake 72282,small_mf,trust,1,7,136,902,0.007352941176470588,0.007760532150776054,false
River Forest 33040,mixed_use_res,individual,2,6,4,15,0.5,0.4,false
Jefferson 71371,mixed_use_res,lender_reo,2,9,71,249,0.028169014084507043,0.03614457831325301,false
Lyons 21131,sfr_1_4,trust,11,11,270,270,0.040740740740740744,0.040740740740740744,false
Northfield 25011,sfr_1_4,corp,2,2,1043,1043,0.0019175455417066154,0.0019175455417066154,false
Bloom 12073,sfr_1_4,trust,2,2,630,630,0.0031746031746031746,0.0031746031746031746,false
Worth 39030,mixed_use_res,llc,2,12,8,26,0.25,0.46153846153846156,false
Palatine 29050,sfr_1_4,unknown,32,35,1297,1377,0.02467232074016962,0.025417574437182282,false
Schaumburg 35103,sfr_1_4,unknown,5,5,272,272,0.01838235294117647,0.01838235294117647,false
Schaumburg 35012,condo_unit,trust,10,10,993,993,0.010070493454179255,0.010070493454179255,false
Oak Park 27040,condo_unit,individual,1090,1090,1183,1183,0.9213863060016906,0.9213863060016906,false
West Chicago 77085,sfr_1_4,unknown,13,25,292,454,0.04452054794520548,0.05506607929515418,false
River Forest 33030,condo_unit,unknown,4,4,214,214,0.018691588785046728,0.018691588785046728,false
Worth 39133,sfr_1_4,unknown,14,17,300,376,0.04666666666666667,0.04521276595744681,false
Bremen 13250,sfr_1_4,individual,795,795,853,853,0.9320046893317703,0.9320046893317703,false
West Chicago 77170,small_mf,individual,82,514,164,1046,0.5,0.491395793499044,false
West Chicago 77141,condo_unit,lender_reo,1,1,839,839,0.0011918951132300357,0.0011918951132300357,false
Jefferson 71520,condo_unit,llc,3,3,15,15,0.2,0.2,false
Jefferson 71371,sfr_1_4,corp,26,29,6044,6548,0.004301786896095301,0.004428833231521075,false
Palos 30050,sfr_1_4,individual,140,140,148,148,0.9459459459459459,0.9459459459459459,false
Lake View 73041,small_mf,unknown,11,77,65,443,0.16923076923076924,0.17381489841986456,false
Lake View 73081,mixed_use_res,trust,3,8,112,384,0.026785714285714284,0.020833333333333332,false
West Chicago 77104,small_mf,unknown,1,7,35,245,0.02857142857142857,0.02857142857142857,false
Cicero 15085,sfr_1_4,lender_reo,2,2,753,848,0.0026560424966799467,0.0023584905660377358,false
West Chicago 77120,mixed_use_res,partnership,2,7,381,1322,0.005249343832020997,0.00529500756429652,false
Palos 30070,condo_unit,trust,5,5,283,283,0.0176678445229682,0.0176678445229682,false
Thornton 37052,condo_unit,individual,93,93,108,108,0.8611111111111112,0.8611111111111112,false
Evanston 17043,sfr_1_4,unknown,8,10,486,518,0.01646090534979424,0.019305019305019305,false
Lake View 73081,mixed_use_res,corp,2,6,112,384,0.017857142857142856,0.015625,false
Lake View 73063,condo_unit,individual,3380,3380,4009,4009,0.8431030182090297,0.8431030182090297,false
North Chicago 74022,mixed_use_res,individual,9,34,27,95,0.3333333333333333,0.35789473684210527,false
Lyons 21065,condo_unit,llc,9,9,577,577,0.01559792027729636,0.01559792027729636,false
Worth 39040,condo_unit,individual,772,772,822,822,0.9391727493917275,0.9391727493917275,false
Lyons 21091,small_mf,unknown,2,13,31,199,0.06451612903225806,0.06532663316582915,false
Hyde Park 70083,condo_unit,partnership,7,7,1493,1493,0.004688546550569324,0.004688546550569324,false
Oak Park 27020,small_mf,unknown,10,70,43,296,0.23255813953488372,0.23648648648648649,false
Calumet 14030,small_mf,llc,12,81,101,676,0.1188118811881188,0.11982248520710059,false
Rich 32050,mixed_use_res,individual,6,16,7,20,0.8571428571428571,0.8,false
Bloom 12061,sfr_1_4,corp,7,7,2080,2082,0.0033653846153846156,0.0033621517771373678,false
Orland 28050,condo_unit,corp,7,7,524,524,0.013358778625954198,0.013358778625954198,false
Elk Grove 16096,condo_unit,trust,3,3,152,152,0.019736842105263157,0.019736842105263157,false
Rich 32130,condo_unit,individual,160,160,168,168,0.9523809523809523,0.9523809523809523,false
Worth 39330,sfr_1_4,llc,2,8,296,350,0.006756756756756757,0.022857142857142857,false
Lyons 21111,condo_unit,individual,313,313,340,340,0.9205882352941176,0.9205882352941176,false
Wheeling 38110,small_mf,individual,2,14,2,14,1.0,1.0,false
Proviso 31092,condo_unit,corp,1,1,197,197,0.005076142131979695,0.005076142131979695,false
Proviso 31170,mixed_use_res,unknown,2,8,6,25,0.3333333333333333,0.32,false
Rich 32061,sfr_1_4,llc,3,3,114,114,0.02631578947368421,0.02631578947368421,false
Evanston 17060,mixed_use_res,individual,5,17,8,23,0.625,0.7391304347826086,false
Lake 72170,mixed_use_res,llc,7,25,30,108,0.23333333333333334,0.23148148148148148,false
South Chicago 76010,condo_unit,partnership,5,5,12497,12497,0.00040009602304553094,0.00040009602304553094,false
Barrington 10012,small_mf,llc,2,12,14,96,0.14285714285714285,0.125,false
Proviso 31020,mixed_use_res,individual,14,36,17,45,0.8235294117647058,0.8,false
Lake 72130,sfr_1_4,partnership,1,2,2338,3779,0.000427715996578272,0.0005292405398253506,false
Lemont 19025,condo_unit,individual,16,16,16,16,1.0,1.0,false
Lake View 73120,condo_unit,trust,6,6,661,661,0.009077155824508321,0.009077155824508321,false
Palos 30040,sfr_1_4,unknown,12,12,409,412,0.029339853300733496,0.02912621359223301,false
Worth 39211,sfr_1_4,unknown,41,41,1645,1666,0.02492401215805471,0.02460984393757503,false
New Trier 23093,small_mf,individual,5,33,12,82,0.4166666666666667,0.4024390243902439,false
New Trier 23170,sfr_1_4,individual,315,315,362,362,0.8701657458563536,0.8701657458563536,false
West Chicago 77120,condo_unit,unknown,210,210,5079,5079,0.04134672179562906,0.04134672179562906,false
Wheeling 38013,sfr_1_4,trust,11,11,1605,1633,0.006853582554517134,0.006736068585425597,false
Thornton 37024,sfr_1_4,lender_reo,14,14,3587,3697,0.0039029829941455256,0.0037868542061130646,false
Bloom 12041,sfr_1_4,unknown,6,6,206,206,0.02912621359223301,0.02912621359223301,false
Worth 39132,sfr_1_4,unknown,15,18,858,1019,0.017482517482517484,0.017664376840039256,false
Oak Park 27080,small_mf,unknown,4,26,44,298,0.09090909090909091,0.087248322147651,false
Cicero 15065,sfr_1_4,individual,1050,1718,1090,1794,0.963302752293578,0.9576365663322185,false
Lake 72223,small_mf,llc,5,34,19,127,0.2631578947368421,0.2677165354330709,false
Proviso 31160,condo_unit,individual,70,70,79,79,0.8860759493670886,0.8860759493670886,false
Berwyn 11060,condo_unit,individual,114,114,117,117,0.9743589743589743,0.9743589743589743,false
Jefferson 71371,small_mf,unknown,6,39,77,476,0.07792207792207792,0.0819327731092437,false
Lake 72293,small_mf,individual,1,5,2,11,0.5,0.45454545454545453,false
Thornton 37161,small_mf,unknown,18,108,18,108,1.0,1.0,false
West Chicago 77011,mixed_use_res,unknown,9,38,66,255,0.13636363636363635,0.14901960784313725,false
West Chicago 77102,condo_unit,trust,4,4,676,676,0.005917159763313609,0.005917159763313609,false
Proviso 31091,small_mf,unknown,16,109,101,673,0.15841584158415842,0.16196136701337296,false
Lake 72151,sfr_1_4,llc,9,11,756,876,0.011904761904761904,0.012557077625570776,false
Jefferson 71060,sfr_1_4,llc,28,54,1458,1965,0.019204389574759947,0.02748091603053435,false
Hyde Park 70111,small_mf,trust,1,6,93,617,0.010752688172043012,0.009724473257698542,false
Rich 32350,sfr_1_4,unknown,3,3,95,95,0.031578947368421054,0.031578947368421054,false
Bloom 12021,sfr_1_4,llc,8,8,823,823,0.009720534629404616,0.009720534629404616,false
Bloom 12087,sfr_1_4,unknown,16,16,421,421,0.03800475059382423,0.03800475059382423,false
Evanston 17071,condo_unit,individual,1158,1158,1240,1240,0.9338709677419355,0.9338709677419355,false
Wheeling 38031,condo_unit,llc,44,44,1854,1854,0.023732470334412083,0.023732470334412083,false
Wheeling 38072,condo_unit,unknown,13,13,652,652,0.019938650306748466,0.019938650306748466,false
Schaumburg 35114,sfr_1_4,lender_reo,1,1,390,390,0.002564102564102564,0.002564102564102564,false
Bloom 12084,small_mf,individual,4,23,10,65,0.4,0.35384615384615387,false
Worth 39020,sfr_1_4,lender_reo,3,3,652,652,0.004601226993865031,0.004601226993865031,false
Wheeling 38032,sfr_1_4,individual,782,782,810,810,0.9654320987654321,0.9654320987654321,false
North Chicago 74012,condo_unit,llc,322,322,8283,8283,0.03887480381504286,0.03887480381504286,false
River Forest 33030,small_mf,individual,1,6,1,6,,,true
Bremen 13320,sfr_1_4,lender_reo,1,1,805,805,0.0012422360248447205,0.0012422360248447205,false
Schaumburg 35170,condo_unit,individual,415,415,460,460,0.9021739130434783,0.9021739130434783,false
Palatine 29080,sfr_1_4,lender_reo,1,1,1929,1929,0.0005184033177812338,0.0005184033177812338,false
Wheeling 38051,small_mf,unknown,2,12,25,150,0.08,0.08,false
Northfield 25430,condo_unit,unknown,23,23,347,347,0.06628242074927954,0.06628242074927954,false
Evanston 17042,small_mf,llc,2,13,9,59,0.2222222222222222,0.22033898305084745,false
Jefferson 71200,sfr_1_4,llc,33,54,7151,8207,0.004614739197315061,0.006579748994760571,false
North Chicago 74012,condo_unit,individual,7172,7172,8283,8283,0.8658698539176627,0.8658698539176627,false
Niles 24032,condo_unit,unknown,5,5,244,244,0.020491803278688523,0.020491803278688523,false
Norwood Park 26040,condo_unit,unknown,1,1,10,10,0.1,0.1,false
Lake View 73070,small_mf,corp,4,26,71,464,0.056338028169014086,0.05603448275862069,false
North Chicago 74011,other_res,individual,1,1,1,1,,,true
West Chicago 77132,condo_unit,llc,108,108,2464,2464,0.04383116883116883,0.04383116883116883,false
Orland 28036,sfr_1_4,trust,36,36,2654,2657,0.013564431047475508,0.013549115543846444,false
Lyons 21041,sfr_1_4,individual,296,359,323,391,0.9164086687306502,0.9181585677749361,false
Hanover 18080,small_mf,llc,3,21,20,127,0.15,0.16535433070866143,false
Worth 39020,sfr_1_4,individual,621,621,652,652,0.9524539877300614,0.9524539877300614,false
Palos 30061,condo_unit,individual,369,369,383,383,0.9634464751958225,0.9634464751958225,false
Thornton 37183,small_mf,individual,11,75,19,127,0.5789473684210527,0.5905511811023622,false
Hyde Park 70180,small_mf,individual,1,5,1,5,,,true
Maine 22091,sfr_1_4,unknown,21,21,263,267,0.07984790874524715,0.07865168539325842,false
Niles 24052,condo_unit,individual,895,895,996,996,0.8985943775100401,0.8985943775100401,false
Rich 32160,sfr_1_4,partnership,3,3,553,553,0.0054249547920434,0.0054249547920434,false
South Chicago 76050,small_mf,corp,5,33,87,552,0.05747126436781609,0.059782608695652176,false
Lake 72431,mixed_use_res,llc,2,6,13,38,0.15384615384615385,0.15789473684210525,false
Rich 32020,condo_unit,llc,24,24,705,705,0.03404255319148936,0.03404255319148936,false
Lake View 73120,small_mf,llc,3,15,16,96,0.1875,0.15625,false
Lake 72282,mixed_use_res,llc,4,20,29,105,0.13793103448275862,0.19047619047619047,false
Leyden 20090,condo_unit,llc,29,29,516,516,0.0562015503875969,0.0562015503875969,false
Bremen 13130,condo_unit,individual,287,287,295,295,0.9728813559322034,0.9728813559322034,false
Schaumburg 35112,condo_unit,trust,4,4,140,140,0.02857142857142857,0.02857142857142857,false
Maine 22141,sfr_1_4,unknown,6,6,383,383,0.015665796344647518,0.015665796344647518,false
Thornton 37053,mixed_use_res,corp,2,8,11,36,0.18181818181818182,0.2222222222222222,false
Jefferson 71101,small_mf,unknown,9,61,66,441,0.13636363636363635,0.1383219954648526,false
Jefferson 71042,condo_unit,individual,1421,1421,1615,1615,0.8798761609907121,0.8798761609907121,false
Niles 24031,mixed_use_res,individual,46,112,64,160,0.71875,0.7,false
North Chicago 74030,condo_unit,individual,16724,16724,19344,19344,0.8645574855252275,0.8645574855252275,false
Lake 72330,small_mf,llc,4,28,17,114,0.23529411764705882,0.24561403508771928,false
Jefferson 71260,sfr_1_4,llc,28,56,3630,5245,0.007713498622589532,0.010676835081029552,false
Barrington 10040,sfr_1_4,llc,3,3,737,737,0.004070556309362279,0.004070556309362279,false
Bremen 13130,mixed_use_res,corp,1,2,3,7,,,true
Rich 32230,condo_unit,lender_reo,3,3,720,720,0.004166666666666667,0.004166666666666667,false
Rich 32222,condo_unit,unknown,1,1,64,64,0.015625,0.015625,false
Wheeling 38082,condo_unit,individual,700,700,753,753,0.9296148738379814,0.9296148738379814,false
Jefferson 71081,sfr_1_4,corp,17,29,2904,5108,0.005853994490358127,0.005677368833202819,false
Lake 72061,sfr_1_4,individual,693,820,712,842,0.973314606741573,0.9738717339667459,false
Jefferson 71042,sfr_1_4,lender_reo,2,4,1333,2037,0.0015003750937734434,0.0019636720667648502,false
Rich 32275,sfr_1_4,llc,3,3,91,91,0.03296703296703297,0.03296703296703297,false
Lake 72293,mixed_use_res,individual,5,18,6,22,0.8333333333333334,0.8181818181818182,false
Lake 72091,sfr_1_4,corp,57,100,3153,5390,0.01807802093244529,0.01855287569573284,false
Hyde Park 70130,small_mf,llc,7,49,30,200,0.23333333333333334,0.245,false
Evanston 17200,condo_unit,trust,1,1,11,11,0.09090909090909091,0.09090909090909091,false
Hanover 18014,sfr_1_4,llc,2,2,622,622,0.003215434083601286,0.003215434083601286,false
Oak Park 27010,small_mf,llc,3,19,16,110,0.1875,0.17272727272727273,false
Evanston 17110,sfr_1_4,lender_reo,1,3,1104,1308,0.0009057971014492754,0.0022935779816513763,false
Leyden 20070,sfr_1_4,llc,1,1,932,932,0.001072961373390558,0.001072961373390558,false
River Forest 33015,small_mf,corp,1,6,15,93,0.06666666666666667,0.06451612903225806,false
Lake 72061,small_mf,individual,1,7,1,7,,,true
Jefferson 71041,sfr_1_4,corp,11,23,2235,4008,0.004921700223713647,0.005738522954091816,false
Cicero 15030,small_mf,unknown,10,66,80,508,0.125,0.12992125984251968,false
Lake 72200,sfr_1_4,trust,18,18,6931,7127,0.0025970278459096813,0.0025256068472007858,false
Thornton 37054,small_mf,llc,1,6,17,118,0.058823529411764705,0.05084745762711865,false
Proviso 31091,condo_unit,llc,40,40,1636,1636,0.02444987775061125,0.02444987775061125,false
Hyde Park 70260,sfr_1_4,corp,8,8,474,488,0.016877637130801686,0.01639344262295082,false
Northfield 25132,sfr_1_4,trust,40,40,2192,2202,0.01824817518248175,0.018165304268846504,false
Maine 22111,sfr_1_4,trust,57,60,3343,3549,0.017050553395154055,0.0169061707523246,false
Lake View 73031,condo_unit,trust,136,136,10096,10096,0.01347068145800317,0.01347068145800317,false
Proviso 31060,sfr_1_4,corp,18,25,2822,3594,0.0063784549964564135,0.006956037840845854,false
Berwyn 11010,small_mf,unknown,15,93,146,882,0.10273972602739725,0.1054421768707483,false
Lake View 73084,small_mf,partnership,3,21,387,2570,0.007751937984496124,0.008171206225680934,false
Worth 39131,condo_unit,llc,2,2,166,166,0.012048192771084338,0.012048192771084338,false
Thornton 37185,condo_unit,llc,1,1,79,79,0.012658227848101266,0.012658227848101266,false
Lake View 73093,sfr_1_4,partnership,4,11,1585,2360,0.002523659305993691,0.004661016949152543,false
Leyden 20050,small_mf,individual,17,110,42,285,0.40476190476190477,0.38596491228070173,false
Wheeling 38032,sfr_1_4,llc,5,5,810,810,0.006172839506172839,0.006172839506172839,false
New Trier 23044,sfr_1_4,trust,9,9,600,606,0.015,0.01485148514851485,false
Jefferson 71150,mixed_use_res,corp,3,11,141,475,0.02127659574468085,0.023157894736842106,false
West Chicago 77051,sfr_1_4,individual,510,1126,630,1451,0.8095238095238095,0.7760165403170227,false
Lake 72223,sfr_1_4,unknown,47,51,724,867,0.0649171270718232,0.058823529411764705,false
Palos 30040,small_mf,unknown,9,63,32,214,0.28125,0.29439252336448596,false
Jefferson 71070,mixed_use_res,trust,8,29,300,1041,0.02666666666666667,0.027857829010566763,false
Palos 30012,mixed_use_res,trust,1,4,27,91,0.037037037037037035,0.04395604395604396,false
Calumet 14030,sfr_1_4,unknown,70,79,2139,2240,0.03272557269752221,0.03526785714285714,false
Orland 28036,sfr_1_4,individual,2527,2530,2654,2657,0.9521477015825169,0.952201731275875,false
Hyde Park 70020,mixed_use_res,individual,2,10,5,19,0.4,0.5263157894736842,false
Evanston 17041,condo_unit,trust,39,39,1031,1031,0.037827352085354024,0.037827352085354024,false
Rich 32055,condo_unit,trust,3,3,116,116,0.02586206896551724,0.02586206896551724,false
Wheeling 38015,sfr_1_4,unknown,5,5,212,212,0.02358490566037736,0.02358490566037736,false
Maine 22040,small_mf,individual,5,35,6,42,0.8333333333333334,0.8333333333333334,false
Bloom 12087,sfr_1_4,individual,400,400,421,421,0.9501187648456056,0.9501187648456056,false
Leyden 20030,small_mf,trust,1,6,81,522,0.012345679012345678,0.011494252873563218,false
River Forest 33015,condo_unit,unknown,7,7,322,322,0.021739130434782608,0.021739130434782608,false
Lake 72422,small_mf,individual,3,19,4,26,0.75,0.7307692307692307,false
Lake 72223,sfr_1_4,corp,10,10,724,867,0.013812154696132596,0.011534025374855825,false
Worth 39132,sfr_1_4,individual,819,971,858,1019,0.9545454545454546,0.9528949950932286,false
Lake 72070,mixed_use_res,unknown,13,49,180,591,0.07222222222222222,0.0829103214890017,false
Worth 39071,small_mf,llc,12,79,72,463,0.16666666666666666,0.17062634989200864,false
Lemont 19040,sfr_1_4,corp,1,2,320,321,0.003125,0.006230529595015576,false
Lyons 21031,sfr_1_4,lender_reo,1,2,843,877,0.0011862396204033216,0.002280501710376283,false
Niles 24051,sfr_1_4,trust,39,41,3685,3793,0.010583446404341926,0.010809385710519377,false
Riverside 34020,small_mf,unknown,1,7,25,150,0.04,0.04666666666666667,false
Oak Park 27080,mixed_use_res,llc,3,11,17,52,0.17647058823529413,0.21153846153846154,false
Worth 39071,condo_unit,individual,1216,1216,1323,1323,0.9191232048374905,0.9191232048374905,false
Hyde Park 70250,sfr_1_4,trust,2,2,537,557,0.0037243947858473,0.003590664272890485,false
Jefferson 71390,small_mf,trust,5,30,196,1205,0.025510204081632654,0.024896265560165973,false
West Chicago 77150,sfr_1_4,lender_reo,3,5,2463,4054,0.001218026796589525,0.00123334977799704,false
Rich 32055,sfr_1_4,individual,400,401,421,422,0.9501187648456056,0.9502369668246445,false
Worth 39081,sfr_1_4,llc,1,1,454,454,0.0022026431718061676,0.0022026431718061676,false
Norwood Park 26040,condo_unit,individual,9,9,10,10,0.9,0.9,false
Hanover 18090,sfr_1_4,llc,7,7,1346,1346,0.005200594353640416,0.005200594353640416,false
Lake 72300,mixed_use_res,unknown,1,4,6,23,0.16666666666666666,0.17391304347826086,false
Lyons 21013,sfr_1_4,individual,797,820,848,879,0.9398584905660378,0.9328782707622298,false
Bloom 12042,sfr_1_4,corp,1,1,685,690,0.00145985401459854,0.0014492753623188406,false
Maine 22180,condo_unit,lender_reo,7,7,3653,3653,0.0019162332329592116,0.0019162332329592116,false
River Forest 33040,small_mf,individual,4,25,7,45,0.5714285714285714,0.5555555555555556,false
Cicero 15040,sfr_1_4,llc,8,17,889,1565,0.008998875140607425,0.010862619808306708,false
Rogers Park 75023,condo_unit,individual,52,52,56,56,0.9285714285714286,0.9285714285714286,false
Bremen 13080,small_mf,unknown,2,12,24,152,0.08333333333333333,0.07894736842105263,false
Bremen 13180,sfr_1_4,corp,2,2,329,360,0.0060790273556231,0.005555555555555556,false
Calumet 14040,sfr_1_4,corp,17,17,429,486,0.039627039627039624,0.03497942386831276,false
Maine 22110,condo_unit,corp,1,1,40,40,0.025,0.025,false
Proviso 31110,condo_unit,llc,1,1,80,80,0.0125,0.0125,false
West Chicago 77120,condo_unit,individual,4140,4140,5079,5079,0.8151210868281158,0.8151210868281158,false
Norwood Park 26040,small_mf,llc,4,26,15,103,0.26666666666666666,0.2524271844660194,false
Maine 22022,sfr_1_4,unknown,5,5,383,383,0.013054830287206266,0.013054830287206266,false
Bloom 12010,mixed_use_res,corp,1,3,10,32,0.1,0.09375,false
Hyde Park 70020,small_mf,individual,131,880,326,2221,0.401840490797546,0.39621791985592075,false
Jefferson 71041,condo_unit,llc,58,58,1003,1003,0.05782652043868395,0.05782652043868395,false
West Chicago 77030,sfr_1_4,unknown,330,612,4841,9021,0.06816773393926874,0.06784170269371466,false
Bloom 12042,sfr_1_4,llc,11,11,685,690,0.016058394160583942,0.015942028985507246,false
Hyde Park 70083,small_mf,trust,2,13,220,1438,0.00909090909090909,0.009040333796940195,false
Hyde Park 70100,sfr_1_4,unknown,224,355,3953,6130,0.05666582342524665,0.05791190864600326,false
New Trier 23022,condo_unit,trust,18,18,203,203,0.08866995073891626,0.08866995073891626,false
Palos 30053,condo_unit,corp,1,1,204,204,0.004901960784313725,0.004901960784313725,false
Jefferson 71030,small_mf,corp,4,28,6,42,0.6666666666666666,0.6666666666666666,false
Proviso 31110,small_mf,trust,1,5,5,28,0.2,0.17857142857142858,false
Leyden 20080,condo_unit,lender_reo,10,10,1453,1453,0.006882312456985547,0.006882312456985547,false
Jefferson 71200,small_mf,individual,73,460,168,1099,0.43452380952380953,0.41856232939035487,false
Rogers Park 75031,condo_unit,individual,3694,3694,4133,4133,0.8937817565932736,0.8937817565932736,false
Lyons 21064,sfr_1_4,unknown,16,16,547,547,0.029250457038391225,0.029250457038391225,false
Proviso 31042,mixed_use_res,unknown,3,11,49,173,0.061224489795918366,0.06358381502890173,false
Maine 22142,sfr_1_4,trust,6,6,73,73,0.0821917808219178,0.0821917808219178,false
Rogers Park 75040,sfr_1_4,llc,10,17,1043,1181,0.009587727708533078,0.014394580863674851,false
Jefferson 71430,condo_unit,lender_reo,6,6,338,338,0.01775147928994083,0.01775147928994083,false
Rogers Park 75022,mixed_use_res,individual,13,54,18,71,0.7222222222222222,0.7605633802816901,false
New Trier 23120,sfr_1_4,trust,31,31,1972,1973,0.015720081135902637,0.015712113532691332,false
New Trier 23093,small_mf,partnership,1,7,12,82,0.08333333333333333,0.08536585365853659,false
West Chicago 77150,condo_unit,llc,107,107,1527,1527,0.07007203667321546,0.07007203667321546,false
Lake View 73011,coop_building,coop_corp,4,4,4,4,,,true
Wheeling 38056,sfr_1_4,llc,3,3,1070,1076,0.002803738317757009,0.0027881040892193307,false
Lake View 73042,mixed_use_res,llc,9,29,40,142,0.225,0.20422535211267606,false
Cicero 15071,small_mf,llc,7,47,45,286,0.15555555555555556,0.16433566433566432,false
Lake 72321,sfr_1_4,individual,3417,3539,3769,3913,0.9066065269302203,0.9044211602351138,false
Lake 72212,mixed_use_res,llc,3,12,34,127,0.08823529411764706,0.09448818897637795,false
Palos 30012,mixed_use_res,llc,1,3,27,91,0.037037037037037035,0.03296703296703297,false
Lake 72274,condo_unit,llc,6,6,138,138,0.043478260869565216,0.043478260869565216,false
Lake View 73012,mixed_use_res,llc,6,21,29,94,0.20689655172413793,0.22340425531914893,false
Palos 30080,sfr_1_4,llc,4,4,906,906,0.004415011037527594,0.004415011037527594,false
Hyde Park 70280,other_res,individual,1,1,1,1,,,true
Palatine 29080,sfr_1_4,unknown,37,37,1929,1929,0.01918092275790565,0.01918092275790565,false
Hanover 18018,sfr_1_4,unknown,32,32,189,189,0.1693121693121693,0.1693121693121693,false
Hyde Park 70130,condo_unit,individual,1,1,3,3,,,true
Thornton 37103,sfr_1_4,trust,1,1,356,359,0.0028089887640449437,0.002785515320334262,false
Jefferson 71150,small_mf,lender_reo,2,12,178,1162,0.011235955056179775,0.010327022375215147,false
Lake 72051,mixed_use_res,individual,49,176,59,214,0.8305084745762712,0.822429906542056,false
Wheeling 38023,sfr_1_4,lender_reo,1,1,873,874,0.001145475372279496,0.0011441647597254005,false
Palatine 29100,condo_unit,corp,2,2,581,581,0.0034423407917383822,0.0034423407917383822,false
Worth 39270,sfr_1_4,llc,1,1,372,372,0.002688172043010753,0.002688172043010753,false
Elk Grove 16062,condo_unit,unknown,3,3,162,162,0.018518518518518517,0.018518518518518517,false
Niles 24013,condo_unit,unknown,33,33,935,935,0.03529411764705882,0.03529411764705882,false
Maine 22111,mixed_use_res,individual,3,9,4,11,0.75,0.8181818181818182,false
Rogers Park 75040,condo_unit,unknown,42,42,1670,1670,0.025149700598802394,0.025149700598802394,false
Hanover 18019,condo_unit,unknown,41,41,269,269,0.1524163568773234,0.1524163568773234,false
Lake View 73084,sfr_1_4,trust,43,63,2305,4498,0.018655097613882864,0.014006224988883948,false
Oak Park 27010,sfr_1_4,individual,1206,1211,1279,1286,0.9429241594996091,0.9416796267496111,false
Bloom 12054,sfr_1_4,unknown,9,9,143,143,0.06293706293706294,0.06293706293706294,false
Worth 39300,sfr_1_4,unknown,1,1,72,72,0.013888888888888888,0.013888888888888888,false
Schaumburg 35106,sfr_1_4,unknown,2,2,132,132,0.015151515151515152,0.015151515151515152,false
West Chicago 77151,small_mf,llc,16,103,50,326,0.32,0.3159509202453988,false
Evanston 17120,small_mf,individual,3,21,13,90,0.23076923076923078,0.23333333333333334,false
Hanover 18011,sfr_1_4,llc,16,16,2917,2969,0.005485087418580734,0.005389019872010778,false
South Chicago 76011,small_mf,unknown,19,133,61,427,0.3114754098360656,0.3114754098360656,false
North Chicago 74011,mixed_use_res,corp,5,13,39,131,0.1282051282051282,0.09923664122137404,false
Wheeling 38080,small_mf,llc,1,7,5,35,0.2,0.2,false
Wheeling 38010,sfr_1_4,unknown,62,62,3311,3311,0.018725460585925703,0.018725460585925703,false
Evanston 17011,sfr_1_4,unknown,121,121,717,718,0.16875871687587168,0.16852367688022285,false
Oak Park 27030,sfr_1_4,lender_reo,3,3,1616,1743,0.0018564356435643563,0.0017211703958691911,false
Lake 72092,small_mf,corp,45,310,169,1137,0.26627218934911245,0.2726473175021988,false
Worth 39010,sfr_1_4,corp,16,16,2505,2519,0.006387225548902195,0.006351726875744343,false
Hyde Park 70280,sfr_1_4,trust,17,18,2707,3058,0.006280014776505356,0.005886200130804447,false
Elk Grove 16070,condo_unit,trust,3,3,396,396,0.007575757575757576,0.007575757575757576,false
Lake View 73093,condo_unit,llc,179,179,2833,2833,0.06318390398870455,0.06318390398870455,false
Norwood Park 26010,small_mf,trust,2,14,125,821,0.016,0.01705237515225335,false
Oak Park 27070,sfr_1_4,individual,506,557,534,589,0.947565543071161,0.9456706281833617,false
Riverside 34010,small_mf,corp,4,25,61,378,0.06557377049180328,0.06613756613756613,false
Evanston 17120,small_mf,llc,5,34,13,90,0.38461538461538464,0.37777777777777777,false
Oak Park 27030,mixed_use_res,individual,10,28,13,41,0.7692307692307693,0.6829268292682927,false
Bloom 12021,sfr_1_4,unknown,46,46,823,823,0.05589307411907655,0.05589307411907655,false
Schaumburg 35109,condo_unit,unknown,56,56,1812,1812,0.03090507726269316,0.03090507726269316,false
Rich 32070,sfr_1_4,lender_reo,2,2,593,593,0.003372681281618887,0.003372681281618887,false
Rich 32222,sfr_1_4,individual,528,528,551,551,0.9582577132486388,0.9582577132486388,false
Thornton 37061,small_mf,llc,8,50,35,216,0.22857142857142856,0.23148148148148148,false
Jefferson 71280,small_mf,unknown,5,33,33,211,0.15151515151515152,0.15639810426540285,false
Thornton 37102,small_mf,trust,1,6,17,111,0.058823529411764705,0.05405405405405406,false
West Chicago 77120,sfr_1_4,partnership,4,9,3166,5552,0.0012634238787113076,0.0016210374639769453,false
Lake 72051,mixed_use_res,corp,1,4,59,214,0.01694915254237288,0.018691588785046728,false
Lyons 21132,condo_unit,llc,5,5,479,479,0.010438413361169102,0.010438413361169102,false
Bremen 13250,small_mf,corp,1,6,6,36,0.16666666666666666,0.16666666666666666,false
Northfield 25430,sfr_1_4,corp,1,1,667,667,0.0014992503748125937,0.0014992503748125937,false
Maine 22091,small_mf,unknown,2,12,22,135,0.09090909090909091,0.08888888888888889,false
Northfield 25350,condo_unit,trust,2,2,140,140,0.014285714285714285,0.014285714285714285,false
Maine 22150,sfr_1_4,corp,3,3,3078,3116,0.0009746588693957114,0.0009627727856225931,false
New Trier 23110,sfr_1_4,llc,13,13,490,490,0.026530612244897958,0.026530612244897958,false
Jefferson 71280,mixed_use_res,unknown,2,10,56,188,0.03571428571428571,0.05319148936170213,false
Thornton 37024,sfr_1_4,individual,3242,3346,3587,3697,0.903819347644271,0.9050581552610224,false
Lake View 73070,sfr_1_4,trust,53,78,2449,3909,0.021641486320947326,0.019953952417498082,false
Bloom 12162,sfr_1_4,trust,27,27,2857,2868,0.009450472523626182,0.009414225941422594,false
Cicero 15065,sfr_1_4,corp,1,3,1090,1794,0.0009174311926605505,0.0016722408026755853,false
Bremen 13050,sfr_1_4,unknown,46,51,1917,2093,0.023995826812728223,0.024366937410415672,false
Lake View 73011,condo_unit,unknown,90,90,2155,2155,0.04176334106728538,0.04176334106728538,false
New Trier 23045,sfr_1_4,trust,4,4,229,229,0.017467248908296942,0.017467248908296942,false
Proviso 31141,sfr_1_4,lender_reo,1,1,2047,2211,0.0004885197850512946,0.0004522840343735866,false
Worth 39132,sfr_1_4,llc,13,15,858,1019,0.015151515151515152,0.014720314033366046,false
Jefferson 71042,small_mf,corp,24,166,156,1050,0.15384615384615385,0.1580952380952381,false
Elk Grove 16061,mixed_use_res,individual,2,4,2,4,,,true
Proviso 31030,sfr_1_4,corp,9,9,1428,1432,0.0063025210084033615,0.006284916201117319,false
West Chicago 77020,sfr_1_4,corp,13,23,3719,6263,0.0034955633234740524,0.0036723614881047422,false
Evanston 17080,sfr_1_4,trust,9,11,671,845,0.013412816691505217,0.01301775147928994,false
West Chicago 77120,sfr_1_4,trust,33,54,3166,5552,0.010423246999368288,0.009726224783861672,false
West Chicago 77092,mixed_use_res,unknown,1,2,17,60,0.058823529411764705,0.03333333333333333,false
Bloom 12065,sfr_1_4,individual,154,154,166,166,0.927710843373494,0.927710843373494,false
Bremen 13341,sfr_1_4,individual,95,95,98,98,0.9693877551020408,0.9693877551020408,false
Lake View 73044,sfr_1_4,trust,8,9,304,405,0.02631578947368421,0.022222222222222223,false
Lake View 73150,condo_unit,corp,2,2,1482,1482,0.001349527665317139,0.001349527665317139,false
Niles 24013,sfr_1_4,llc,3,7,348,374,0.008620689655172414,0.01871657754010695,false
Jefferson 71210,condo_unit,lender_reo,2,2,49,49,0.04081632653061224,0.04081632653061224,false
Lake View 73060,condo_unit,lender_reo,8,8,9084,9084,0.0008806693086745927,0.0008806693086745927,false
Palos 30022,small_mf,corp,2,12,35,223,0.05714285714285714,0.053811659192825115,false
Hyde Park 70121,small_mf,llc,15,105,47,325,0.3191489361702128,0.3230769230769231,false
Jefferson 71081,condo_unit,unknown,93,93,1941,1941,0.04791344667697063,0.04791344667697063,false
Lake 72110,sfr_1_4,lender_reo,10,17,3579,4202,0.002794076557697681,0.00404569252736792,false
Bremen 13130,small_mf,llc,2,12,22,134,0.09090909090909091,0.08955223880597014,false
West Chicago 77013,sfr_1_4,unknown,273,448,6365,10159,0.04289080911233307,0.04409882862486465,false
Bloom 12141,sfr_1_4,corp,11,18,969,1097,0.011351909184726523,0.016408386508659983,false
Proviso 31030,sfr_1_4,partnership,1,1,1428,1432,0.0007002801120448179,0.0006983240223463687,false
Hanover 18050,small_mf,llc,1,6,27,162,0.037037037037037035,0.037037037037037035,false
Schaumburg 35020,sfr_1_4,unknown,93,93,2907,2907,0.03199174406604747,0.03199174406604747,false
Leyden 20090,condo_unit,corp,6,6,516,516,0.011627906976744186,0.011627906976744186,false
Lake View 73093,sfr_1_4,corp,3,9,1585,2360,0.0018927444794952682,0.0038135593220338985,false
Orland 28045,sfr_1_4,unknown,74,74,1518,1518,0.048748353096179184,0.048748353096179184,false
South Chicago 76050,sfr_1_4,partnership,1,1,3383,5140,0.0002955956251847473,0.0001945525291828794,false
Proviso 31020,sfr_1_4,trust,8,8,3302,3391,0.0024227740763173833,0.0023591860808021233,false
Lyons 21082,mixed_use_res,unknown,1,2,9,35,0.1111111111111111,0.05714285714285714,false
Lake 72030,sfr_1_4,partnership,6,6,13815,15814,0.00043431053203040176,0.0003794106487922094,false
Oak Park 27060,condo_unit,partnership,1,1,165,165,0.006060606060606061,0.006060606060606061,false
Hyde Park 70101,small_mf,corp,1,6,17,99,0.058823529411764705,0.06060606060606061,false
Evanston 17043,small_mf,corp,6,42,48,332,0.125,0.12650602409638553,false
South Chicago 76030,sfr_1_4,trust,48,77,4648,7521,0.010327022375215147,0.010238000265922085,false
Wheeling 38032,small_mf,individual,1,7,1,7,,,true
Berwyn 11060,sfr_1_4,trust,6,6,545,691,0.011009174311926606,0.008683068017366137,false
Lyons 21084,sfr_1_4,individual,1586,1590,1696,1700,0.9351415094339622,0.9352941176470588,false
Thornton 37150,sfr_1_4,individual,2034,2035,2164,2165,0.9399260628465804,0.9399538106235565,false
Proviso 31200,sfr_1_4,llc,4,4,422,533,0.009478672985781991,0.0075046904315197,false
Lake 72191,sfr_1_4,individual,1075,1075,1109,1109,0.9693417493237151,0.9693417493237151,false
Palos 30052,sfr_1_4,trust,7,7,357,357,0.0196078431372549,0.0196078431372549,false
Wheeling 38090,small_mf,trust,1,6,117,710,0.008547008547008548,0.008450704225352112,false
Hyde Park 70121,sfr_1_4,llc,59,74,1067,1252,0.05529522024367385,0.05910543130990415,false
New Trier 23091,sfr_1_4,corp,2,2,307,307,0.006514657980456026,0.006514657980456026,false
West Chicago 77013,condo_unit,unknown,28,28,226,226,0.12389380530973451,0.12389380530973451,false
Proviso 31200,mixed_use_res,individual,2,4,3,6,,,true
West Chicago 77091,sfr_1_4,lender_reo,14,29,3814,7645,0.0036706869428421605,0.0037933289731850884,false
Cicero 15040,small_mf,individual,17,105,29,187,0.5862068965517241,0.5614973262032086,false
Worth 39130,small_mf,corp,1,7,30,169,0.03333333333333333,0.04142011834319527,false
Hyde Park 70300,coop_building,coop_corp,4,4,4,4,,,true
Berwyn 11030,sfr_1_4,partnership,4,4,1570,1727,0.0025477707006369425,0.0023161551823972205,false
Wheeling 38040,sfr_1_4,lender_reo,2,2,4184,4193,0.0004780114722753346,0.0004769854519437157,false
Elk Grove 16062,small_mf,corp,2,12,36,226,0.05555555555555555,0.05309734513274336,false
Worth 39270,sfr_1_4,lender_reo,2,2,372,372,0.005376344086021506,0.005376344086021506,false
Orland 28022,condo_unit,unknown,23,23,589,589,0.03904923599320883,0.03904923599320883,false
Hyde Park 70080,small_mf,llc,194,1327,606,4070,0.3201320132013201,0.32604422604422606,false
Lake 72431,sfr_1_4,trust,18,18,832,832,0.021634615384615384,0.021634615384615384,false
Hyde Park 70170,mixed_use_res,individual,5,13,5,13,1.0,1.0,false
Bremen 13100,mixed_use_res,unknown,1,3,1,3,,,true
Thornton 37102,mixed_use_res,llc,1,4,7,23,0.14285714285714285,0.17391304347826086,false
Jefferson 71120,sfr_1_4,partnership,8,9,3505,4879,0.002282453637660485,0.0018446402951424472,false
Worth 39082,sfr_1_4,corp,1,1,649,661,0.0015408320493066256,0.0015128593040847202,false
South Chicago 76041,condo_unit,unknown,14,14,385,385,0.03636363636363636,0.03636363636363636,false
Wheeling 38010,sfr_1_4,lender_reo,1,1,3311,3311,0.0003020235578375113,0.0003020235578375113,false
Evanston 17140,sfr_1_4,corp,3,3,879,902,0.0034129692832764505,0.0033259423503325942,false
Maine 22120,small_mf,corp,1,5,2,12,0.5,0.4166666666666667,false
Palatine 29170,sfr_1_4,individual,430,430,446,446,0.9641255605381166,0.9641255605381166,false
Evanston 17210,sfr_1_4,individual,486,688,516,732,0.9418604651162791,0.9398907103825137,false
Lake 72282,mixed_use_res,trust,2,4,29,105,0.06896551724137931,0.0380952380952381,false
Bremen 13140,mixed_use_res,individual,2,7,2,7,,,true
Lake View 73084,condo_unit,llc,214,214,5003,5003,0.04277433539876074,0.04277433539876074,false
West Chicago 77120,small_mf,corp,13,86,474,3062,0.027426160337552744,0.028086218158066622,false
Orland 28050,sfr_1_4,individual,1198,1222,1283,1315,0.9337490257209665,0.929277566539924,false
Orland 28099,condo_unit,lender_reo,1,1,276,276,0.0036231884057971015,0.0036231884057971015,false
New Trier 23043,sfr_1_4,individual,428,428,460,461,0.9304347826086956,0.928416485900217,false
River Forest 33020,small_mf,individual,1,7,2,13,0.5,0.5384615384615384,false
Thornton 37033,small_mf,unknown,2,13,29,176,0.06896551724137931,0.07386363636363637,false
West Chicago 77092,small_mf,individual,1,7,6,40,0.16666666666666666,0.175,false
Evanston 17130,sfr_1_4,trust,3,5,683,822,0.004392386530014641,0.006082725060827251,false
Proviso 31161,small_mf,corp,5,30,6,37,0.8333333333333334,0.8108108108108109,false
Lake View 73032,small_mf,lender_reo,4,28,306,2045,0.013071895424836602,0.013691931540342298,false
Lake 72091,sfr_1_4,lender_reo,9,16,3153,5390,0.0028544243577545195,0.002968460111317254,false
Lake 72080,sfr_1_4,trust,2,4,1852,3577,0.0010799136069114472,0.0011182555213866368,false
Hyde Park 70091,sfr_1_4,lender_reo,1,1,524,524,0.0019083969465648854,0.0019083969465648854,false
Hyde Park 70170,sfr_1_4,unknown,36,37,863,874,0.04171494785631518,0.04233409610983982,false
Lyons 21082,sfr_1_4,llc,15,26,1204,1281,0.012458471760797342,0.02029664324746292,false
Lake 72130,mixed_use_res,unknown,10,36,68,252,0.14705882352941177,0.14285714285714285,false
Lake 72221,sfr_1_4,individual,2862,3973,3154,4404,0.9074191502853519,0.9021344232515894,false
Jefferson 71280,sfr_1_4,llc,13,30,1321,2148,0.00984102952308857,0.013966480446927373,false
Thornton 37183,sfr_1_4,unknown,19,31,495,579,0.03838383838383838,0.0535405872193437,false
Calumet 14020,sfr_1_4,llc,22,39,1412,1838,0.015580736543909348,0.021218715995647442,false
Leyden 20040,sfr_1_4,individual,739,739,771,771,0.9584954604409858,0.9584954604409858,false
Evanston 17042,condo_unit,corp,2,2,174,174,0.011494252873563218,0.011494252873563218,false
West Chicago 77132,mixed_use_res,llc,32,123,110,397,0.2909090909090909,0.30982367758186397,false
Worth 39220,small_mf,individual,2,14,2,14,1.0,1.0,false
Maine 22111,sfr_1_4,llc,28,33,3343,3549,0.008375710439724798,0.009298393913778529,false
Hyde Park 70121,sfr_1_4,unknown,45,51,1067,1252,0.04217432052483599,0.04073482428115016,false
Bremen 13171,small_mf,unknown,5,34,23,154,0.21739130434782608,0.22077922077922077,false
Thornton 37102,sfr_1_4,partnership,2,2,932,934,0.002145922746781116,0.0021413276231263384,false
Bremen 13270,sfr_1_4,trust,4,4,758,758,0.005277044854881266,0.005277044854881266,false
Worth 39160,sfr_1_4,unknown,25,28,1313,1376,0.01904036557501904,0.020348837209302327,false
Evanston 17090,condo_unit,llc,15,15,999,999,0.015015015015015015,0.015015015015015015,false
Thornton 37181,sfr_1_4,lender_reo,8,8,4252,4561,0.0018814675446848542,0.0017540013155009867,false
Rich 32232,sfr_1_4,unknown,16,16,277,277,0.05776173285198556,0.05776173285198556,false
Lake 72380,sfr_1_4,partnership,15,15,13000,13727,0.001153846153846154,0.0010927369417935455,false
Elk Grove 16062,small_mf,lender_reo,1,7,36,226,0.027777777777777776,0.030973451327433628,false
Niles 24051,small_mf,unknown,13,91,18,126,0.7222222222222222,0.7222222222222222,false
Jefferson 71362,sfr_1_4,lender_reo,4,4,2115,2268,0.0018912529550827422,0.001763668430335097,false
New Trier 23092,sfr_1_4,unknown,40,40,1570,1575,0.025477707006369428,0.025396825396825397,false
Rich 32055,sfr_1_4,unknown,9,9,421,422,0.021377672209026127,0.02132701421800948,false
West Chicago 77152,sfr_1_4,partnership,1,4,304,566,0.003289473684210526,0.007067137809187279,false
Wheeling 38031,sfr_1_4,trust,27,27,2700,2700,0.01,0.01,false
Worth 39210,small_mf,corp,4,27,92,588,0.043478260869565216,0.04591836734693878,false
Bremen 13270,sfr_1_4,llc,13,13,758,758,0.017150395778364115,0.017150395778364115,false
Rich 32055,sfr_1_4,trust,1,1,421,422,0.0023752969121140144,0.002369668246445498,false
Rich 32255,mixed_use_res,unknown,1,3,3,9,,,true
Cicero 15085,sfr_1_4,trust,3,3,753,848,0.00398406374501992,0.003537735849056604,false
Proviso 31150,sfr_1_4,llc,2,3,867,882,0.002306805074971165,0.003401360544217687,false
Bloom 12162,sfr_1_4,lender_reo,8,8,2857,2868,0.00280014000700035,0.002789400278940028,false
Bremen 13345,condo_unit,individual,59,59,64,64,0.921875,0.921875,false
Hanover 18010,sfr_1_4,lender_reo,6,6,2588,2588,0.00231839258114374,0.00231839258114374,false
Hanover 18013,condo_unit,individual,536,536,641,641,0.8361934477379095,0.8361934477379095,false
Worth 39100,small_mf,llc,10,67,33,210,0.30303030303030304,0.319047619047619,false
Evanston 17220,condo_unit,unknown,15,15,607,607,0.02471169686985173,0.02471169686985173,false
Lake View 73041,mixed_use_res,llc,21,74,85,302,0.24705882352941178,0.24503311258278146,false
Jefferson 71030,sfr_1_4,trust,20,21,1908,1963,0.010482180293501049,0.010697911360163017,false
Lyons 21162,small_mf,individual,5,33,7,47,0.7142857142857143,0.7021276595744681,false
Bremen 13310,sfr_1_4,individual,250,252,255,257,0.9803921568627451,0.980544747081712,false
Niles 24032,condo_unit,individual,231,231,244,244,0.9467213114754098,0.9467213114754098,false
Bloom 12032,sfr_1_4,corp,3,3,721,731,0.004160887656033287,0.004103967168262654,false
Evanston 17110,small_mf,llc,8,53,15,98,0.5333333333333333,0.5408163265306123,false
Jefferson 71060,condo_unit,corp,6,6,104,104,0.057692307692307696,0.057692307692307696,false
Schaumburg 35111,sfr_1_4,unknown,1,1,82,82,0.012195121951219513,0.012195121951219513,false
Lake 72080,mixed_use_res,trust,3,11,149,546,0.020134228187919462,0.020146520146520148,false
Palos 30030,sfr_1_4,llc,1,1,749,783,0.0013351134846461949,0.001277139208173691,false
Evanston 17112,sfr_1_4,lender_reo,1,2,351,538,0.002849002849002849,0.0037174721189591076,false
Northfield 25210,sfr_1_4,trust,7,7,440,440,0.015909090909090907,0.015909090909090907,false
Lake View 73070,sfr_1_4,unknown,79,172,2449,3909,0.03225806451612903,0.044001023279611154,false
Proviso 31120,sfr_1_4,trust,1,1,844,845,0.001184834123222749,0.001183431952662722,false
Proviso 31110,sfr_1_4,trust,10,12,2420,2640,0.004132231404958678,0.004545454545454545,false
Riverside 34020,small_mf,llc,2,10,25,150,0.08,0.06666666666666667,false
Worth 39160,small_mf,lender_reo,1,7,51,347,0.0196078431372549,0.020172910662824207,false
Proviso 31200,sfr_1_4,unknown,6,11,422,533,0.014218009478672985,0.020637898686679174,false
Lake View 73060,condo_unit,unknown,678,678,9084,9084,0.07463672391017173,0.07463672391017173,false
Niles 24101,sfr_1_4,lender_reo,4,4,4195,4299,0.0009535160905840286,0.0009304489416143289,false
Lake View 73050,mixed_use_res,individual,8,20,15,44,0.5333333333333333,0.45454545454545453,false
Hyde Park 70220,sfr_1_4,unknown,117,128,2723,3175,0.04296731546088873,0.04031496062992126,false
Leyden 20080,mixed_use_res,corp,2,6,46,152,0.043478260869565216,0.039473684210526314,false
Jefferson 71362,small_mf,unknown,8,53,58,379,0.13793103448275862,0.13984168865435356,false
Lake 72300,sfr_1_4,llc,12,21,1318,1366,0.009104704097116844,0.015373352855051245,false
Palatine 29082,small_mf,individual,2,14,5,35,0.4,0.4,false
Lake View 73060,coop_building,trust,1,1,9,9,,,true
Maine 22180,mixed_use_res,individual,17,57,22,76,0.7727272727272727,0.75,false
Lake 72282,sfr_1_4,estate,1,1,7505,8157,0.00013324450366422385,0.0001225940909648155,false
Rogers Park 75031,condo_unit,llc,189,189,4133,4133,0.04572949431405759,0.04572949431405759,false
Thornton 37021,condo_unit,trust,1,1,144,144,0.006944444444444444,0.006944444444444444,false
Lemont 19025,sfr_1_4,llc,1,1,608,608,0.001644736842105263,0.001644736842105263,false
Jefferson 71120,small_mf,lender_reo,1,7,136,903,0.007352941176470588,0.007751937984496124,false
Hanover 18010,condo_unit,trust,20,20,1912,1912,0.010460251046025104,0.010460251046025104,false
Rogers Park 75021,sfr_1_4,lender_reo,2,3,1120,1803,0.0017857142857142857,0.0016638935108153079,false
Lake View 73011,sfr_1_4,unknown,33,54,1020,1636,0.03235294117647059,0.03300733496332518,false
Lake View 73070,sfr_1_4,llc,61,129,2449,3909,0.02490812576561862,0.03300076745970836,false
Riverside 34070,sfr_1_4,individual,556,605,578,629,0.9619377162629758,0.9618441971383148,false
Lake 72312,small_mf,unknown,9,63,10,70,0.9,0.9,false
Rich 32160,sfr_1_4,llc,10,10,553,553,0.018083182640144666,0.018083182640144666,false
Lake View 73150,sfr_1_4,trust,21,32,686,1259,0.030612244897959183,0.025416997617156472,false
Berwyn 11040,small_mf,lender_reo,4,28,62,395,0.06451612903225806,0.07088607594936709,false
Bloom 12141,small_mf,llc,2,13,21,139,0.09523809523809523,0.09352517985611511,false
West Chicago 77141,mixed_use_res,trust,7,27,563,2118,0.012433392539964476,0.012747875354107648,false
Lake 72423,small_mf,unknown,6,39,27,174,0.2222222222222222,0.22413793103448276,false
Thornton 37190,sfr_1_4,lender_reo,3,3,758,762,0.00395778364116095,0.003937007874015748,false
Lake View 73060,sfr_1_4,individual,169,226,187,260,0.9037433155080213,0.8692307692307693,false
Rich 32232,sfr_1_4,lender_reo,1,1,277,277,0.0036101083032490976,0.0036101083032490976,false
Hyde Park 70010,other_res,individual,1,1,1,1,,,true
Bloom 12022,sfr_1_4,unknown,60,60,1598,1598,0.03754693366708386,0.03754693366708386,false
Orland 28036,sfr_1_4,partnership,2,2,2654,2657,0.0007535795026375283,0.0007527286413248024,false
Lake View 73110,condo_unit,trust,8,8,514,514,0.01556420233463035,0.01556420233463035,false
Hanover 18010,condo_unit,corp,3,3,1912,1912,0.0015690376569037657,0.0015690376569037657,false
Schaumburg 35020,mixed_use_res,individual,1,3,1,3,,,true
Lyons 21041,sfr_1_4,trust,5,5,323,391,0.015479876160990712,0.01278772378516624,false
Leyden 20011,condo_unit,corp,3,3,308,308,0.00974025974025974,0.00974025974025974,false
Palatine 29041,sfr_1_4,llc,3,3,376,376,0.007978723404255319,0.007978723404255319,false
Schaumburg 35160,sfr_1_4,llc,1,1,120,120,0.008333333333333333,0.008333333333333333,false
Thornton 37183,condo_unit,llc,4,4,252,252,0.015873015873015872,0.015873015873015872,false
Niles 24013,condo_unit,lender_reo,4,4,935,935,0.0042780748663101605,0.0042780748663101605,false
Jefferson 71010,small_mf,unknown,3,20,41,255,0.07317073170731707,0.0784313725490196,false
Lake View 73022,condo_unit,corp,1,1,134,134,0.007462686567164179,0.007462686567164179,false
Bremen 13171,sfr_1_4,lender_reo,1,1,505,521,0.0019801980198019802,0.0019193857965451055,false
Hanover 18011,sfr_1_4,individual,2384,2432,2917,2969,0.8172780253685293,0.8191310205456382,false
North Chicago 74012,small_mf,unknown,68,461,304,1978,0.2236842105263158,0.23306370070778565,false
Lake 72120,sfr_1_4,trust,11,16,3354,4393,0.003279666070363745,0.003642157978602322,false
Bremen 13210,condo_unit,lender_reo,2,2,570,570,0.0035087719298245615,0.0035087719298245615,false
North Chicago 74030,small_mf,partnership,2,14,115,805,0.017391304347826087,0.017391304347826087,false
Oak Park 27041,mixed_use_res,llc,3,10,4,12,0.75,0.8333333333333334,false
Lake View 73031,mixed_use_res,trust,3,10,106,378,0.02830188679245283,0.026455026455026454,false
Jefferson 71410,mixed_use_res,unknown,5,14,56,184,0.08928571428571429,0.07608695652173914,false
Berwyn 11010,condo_unit,individual,116,116,137,137,0.8467153284671532,0.8467153284671532,false
Schaumburg 35030,small_mf,individual,2,14,2,14,1.0,1.0,false
New Trier 23150,condo_unit,individual,157,157,165,165,0.9515151515151515,0.9515151515151515,false
Thornton 37061,sfr_1_4,lender_reo,18,19,3561,4011,0.005054759898904802,0.004736973323360758,false
Wheeling 38072,sfr_1_4,llc,13,14,1021,1034,0.012732615083251714,0.013539651837524178,false
Rich 32070,sfr_1_4,llc,3,3,593,593,0.00505902192242833,0.00505902192242833,false
South Chicago 76040,mixed_use_res,llc,3,8,6,19,0.5,0.42105263157894735,false
Orland 28022,mixed_use_res,unknown,6,17,25,75,0.24,0.22666666666666666,false
Palatine 29090,sfr_1_4,trust,12,12,979,979,0.012257405515832482,0.012257405515832482,false
River Forest 33040,condo_unit,trust,12,12,471,471,0.025477707006369428,0.025477707006369428,false
South Chicago 76040,condo_unit,lender_reo,5,5,1159,1159,0.004314063848144953,0.004314063848144953,false
South Chicago 76040,condo_unit,unknown,101,101,1159,1159,0.08714408973252805,0.08714408973252805,false
Thornton 37163,condo_unit,corp,2,2,678,678,0.0029498525073746312,0.0029498525073746312,false
Leyden 20070,mixed_use_res,individual,3,7,6,16,0.5,0.4375,false
Palos 30030,mixed_use_res,lender_reo,1,3,19,76,0.05263157894736842,0.039473684210526314,false
Proviso 31080,sfr_1_4,llc,15,18,3763,3862,0.003986181238373638,0.004660797514241326,false
Jefferson 71150,mixed_use_res,trust,2,7,141,475,0.014184397163120567,0.014736842105263158,false
Wheeling 38011,sfr_1_4,partnership,1,1,764,764,0.0013089005235602095,0.0013089005235602095,false
Wheeling 38056,sfr_1_4,unknown,31,31,1070,1076,0.02897196261682243,0.028810408921933085,false
Evanston 17220,sfr_1_4,unknown,15,25,784,951,0.01913265306122449,0.026288117770767613,false
Thornton 37024,mixed_use_res,llc,3,8,25,84,0.12,0.09523809523809523,false
Jefferson 71371,sfr_1_4,individual,5762,6207,6044,6548,0.9533421575115817,0.9479230299328039,false
Lake View 73031,other_res,individual,2,2,2,2,,,true
Northfield 25023,condo_unit,lender_reo,1,1,8,8,,,true
Lake View 73200,small_mf,unknown,1,7,1,7,,,true
Lyons 21053,sfr_1_4,trust,3,3,47,47,0.06382978723404255,0.06382978723404255,false
Lake 72070,condo_unit,llc,3,3,11,11,0.2727272727272727,0.2727272727272727,false
Lake 72171,condo_unit,individual,1,1,4,4,,,true
Palos 30070,sfr_1_4,corp,2,2,1213,1213,0.0016488046166529267,0.0016488046166529267,false
Bremen 13050,mixed_use_res,unknown,1,4,2,6,,,true
Hyde Park 70020,sfr_1_4,unknown,83,96,1933,2183,0.0429384376616658,0.043976179569399906,false
Thornton 37163,condo_unit,lender_reo,2,2,678,678,0.0029498525073746312,0.0029498525073746312,false
Lake View 73060,small_mf,llc,30,206,120,820,0.25,0.25121951219512195,false
West Chicago 77080,sfr_1_4,lender_reo,4,6,1561,2502,0.0025624599615631004,0.002398081534772182,false
Lake 72091,small_mf,individual,41,259,57,359,0.7192982456140351,0.7214484679665738,false
Bloom 12051,sfr_1_4,individual,439,439,467,467,0.9400428265524625,0.9400428265524625,false
Schaumburg 35075,sfr_1_4,lender_reo,1,1,599,599,0.001669449081803005,0.001669449081803005,false
Lyons 21041,small_mf,corp,1,7,7,44,0.14285714285714285,0.1590909090909091,false
Orland 28050,condo_unit,individual,484,484,524,524,0.9236641221374046,0.9236641221374046,false
Niles 24022,sfr_1_4,individual,181,181,186,186,0.9731182795698925,0.9731182795698925,false
Lake View 73022,condo_unit,trust,2,2,134,134,0.014925373134328358,0.014925373134328358,false
Worth 39080,condo_unit,individual,1352,1352,1439,1439,0.9395413481584434,0.9395413481584434,false
Hyde Park 70210,sfr_1_4,trust,11,15,1913,2703,0.00575013068478829,0.005549389567147614,false
Hanover 18013,sfr_1_4,trust,11,11,2110,2110,0.005213270142180095,0.005213270142180095,false
Proviso 31103,sfr_1_4,unknown,18,28,669,781,0.026905829596412557,0.03585147247119078,false
Rich 32045,condo_unit,unknown,3,3,12,12,0.25,0.25,false
Hanover 18012,condo_unit,unknown,15,15,242,242,0.06198347107438017,0.06198347107438017,false
Hyde Park 70280,mixed_use_res,unknown,1,2,63,215,0.015873015873015872,0.009302325581395349,false
Bremen 13280,sfr_1_4,corp,1,1,547,547,0.0018281535648994515,0.0018281535648994515,false
Bloom 12031,sfr_1_4,individual,234,238,256,260,0.9140625,0.9153846153846154,false
Bloom 12093,sfr_1_4,unknown,9,9,183,186,0.04918032786885246,0.04838709677419355,false
Bremen 13032,sfr_1_4,corp,7,7,1496,1509,0.004679144385026738,0.004638833664678595,false
New Trier 23170,sfr_1_4,lender_reo,2,2,362,362,0.0055248618784530384,0.0055248618784530384,false
Wheeling 38023,condo_unit,lender_reo,2,2,612,612,0.0032679738562091504,0.0032679738562091504,false
Maine 22145,sfr_1_4,individual,22,22,24,24,0.9166666666666666,0.9166666666666666,false
Schaumburg 35101,sfr_1_4,unknown,10,10,342,342,0.029239766081871343,0.029239766081871343,false
Wheeling 38051,small_mf,corp,1,6,25,150,0.04,0.04,false
Maine 22085,small_mf,individual,88,534,101,613,0.8712871287128713,0.8711256117455138,false
Maine 22080,small_mf,llc,6,38,41,253,0.14634146341463414,0.15019762845849802,false
Bloom 12021,sfr_1_4,individual,754,754,823,823,0.9161603888213852,0.9161603888213852,false
Schaumburg 35091,sfr_1_4,unknown,8,8,218,218,0.03669724770642202,0.03669724770642202,false
Jefferson 71081,condo_unit,lender_reo,3,3,1941,1941,0.0015455950540958269,0.0015455950540958269,false
Worth 39210,mixed_use_res,llc,1,3,6,17,0.16666666666666666,0.17647058823529413,false
Elk Grove 16030,condo_unit,trust,28,28,993,993,0.028197381671701913,0.028197381671701913,false
Maine 22180,condo_unit,llc,53,53,3653,3653,0.014508623049548317,0.014508623049548317,false
Bremen 13171,condo_unit,lender_reo,1,1,228,228,0.0043859649122807015,0.0043859649122807015,false
Jefferson 71090,mixed_use_res,unknown,1,4,63,202,0.015873015873015872,0.019801980198019802,false
Lake View 73063,coop_building,trust,1,1,3,3,,,true
Worth 39210,sfr_1_4,corp,4,4,1628,1793,0.002457002457002457,0.002230897936419409,false
Evanston 17112,small_mf,trust,1,7,47,318,0.02127659574468085,0.0220125786163522,false
Schaumburg 35074,condo_unit,lender_reo,1,1,238,238,0.004201680672268907,0.004201680672268907,false
Orland 28101,condo_unit,trust,4,4,108,108,0.037037037037037035,0.037037037037037035,false
West Chicago 77011,sfr_1_4,lender_reo,9,15,2531,3687,0.0035559067562228367,0.0040683482506102524,false
Lake 72030,mixed_use_res,individual,196,670,222,751,0.8828828828828829,0.8921438082556591,false
Lake 72071,small_mf,trust,1,7,101,684,0.009900990099009901,0.01023391812865497,false
Worth 39200,mixed_use_res,llc,1,3,4,9,,,true
Oak Park 27060,sfr_1_4,unknown,35,35,1581,1700,0.022137887413029727,0.020588235294117647,false
Schaumburg 35170,sfr_1_4,unknown,32,32,1127,1127,0.02839396628216504,0.02839396628216504,false
Worth 39270,condo_unit,individual,103,103,128,128,0.8046875,0.8046875,false
Worth 39260,sfr_1_4,individual,787,787,838,838,0.9391408114558473,0.9391408114558473,false
Wheeling 38053,sfr_1_4,corp,2,2,696,696,0.0028735632183908046,0.0028735632183908046,false
West Chicago 77101,sfr_1_4,corp,15,29,1389,2354,0.01079913606911447,0.01231945624468989,false
Orland 28040,condo_unit,corp,1,1,172,172,0.005813953488372093,0.005813953488372093,false
Northfield 25132,sfr_1_4,lender_reo,2,2,2192,2202,0.0009124087591240876,0.0009082652134423251,false
New Trier 23043,condo_unit,llc,2,2,86,86,0.023255813953488372,0.023255813953488372,false
Wheeling 38010,sfr_1_4,individual,3201,3201,3311,3311,0.9667774086378738,0.9667774086378738,false
South Chicago 76042,condo_unit,lender_reo,1,1,645,645,0.0015503875968992248,0.0015503875968992248,false
Palatine 29070,small_mf,llc,26,156,149,897,0.174496644295302,0.17391304347826086,false
Lake View 73050,small_mf,trust,2,14,279,1889,0.007168458781362007,0.007411328745367919,false
Evanston 17042,sfr_1_4,trust,12,12,492,512,0.024390243902439025,0.0234375,false
Lemont 19010,sfr_1_4,trust,8,14,1215,1336,0.006584362139917695,0.010479041916167664,false
Thornton 37200,mixed_use_res,corp,1,2,2,4,,,true
Rich 32190,sfr_1_4,individual,518,518,630,630,0.8222222222222222,0.8222222222222222,false
West Chicago 77013,condo_unit,llc,33,33,226,226,0.14601769911504425,0.14601769911504425,false
Bremen 13240,sfr_1_4,partnership,5,5,1909,1909,0.0026191723415400735,0.0026191723415400735,false
Bloom 12010,condo_unit,lender_reo,2,2,139,139,0.014388489208633094,0.014388489208633094,false
Northfield 25300,sfr_1_4,trust,3,3,103,103,0.02912621359223301,0.02912621359223301,false
Norwood Park 26040,small_mf,individual,7,49,15,103,0.4666666666666667,0.47572815533980584,false
Orland 28039,mixed_use_res,individual,1,4,1,4,,,true
Thornton 37053,sfr_1_4,lender_reo,11,14,2636,2957,0.00417298937784522,0.0047345282380791345,false
Rich 32250,sfr_1_4,trust,2,2,306,306,0.006535947712418301,0.006535947712418301,false
Proviso 31050,small_mf,llc,4,26,28,180,0.14285714285714285,0.14444444444444443,false
West Chicago 77101,mixed_use_res,unknown,2,5,57,202,0.03508771929824561,0.024752475247524754,false
Wheeling 38015,sfr_1_4,individual,204,204,212,212,0.9622641509433962,0.9622641509433962,false
Bloom 12061,sfr_1_4,trust,9,9,2080,2082,0.004326923076923077,0.004322766570605188,false
Palatine 29032,condo_unit,individual,36,36,42,42,0.8571428571428571,0.8571428571428571,false
Lake 72130,condo_unit,unknown,2,2,5,5,,,true
Jefferson 71110,condo_unit,corp,3,3,1469,1469,0.0020422055820285907,0.0020422055820285907,false
Riverside 34050,sfr_1_4,trust,8,8,684,688,0.011695906432748537,0.011627906976744186,false
Jefferson 71361,condo_unit,trust,1,1,29,29,0.034482758620689655,0.034482758620689655,false
Rich 32175,sfr_1_4,corp,3,3,703,703,0.004267425320056899,0.004267425320056899,false
Cicero 15090,mixed_use_res,individual,2,5,3,7,,,true
Hyde Park 70130,sfr_1_4,corp,11,13,4445,4752,0.0024746906636670418,0.002735690235690236,false
Bloom 12032,sfr_1_4,lender_reo,4,4,721,731,0.005547850208044383,0.005471956224350205,false
West Chicago 77011,sfr_1_4,llc,30,52,2531,3687,0.011853022520742789,0.014103607268782207,false
Schaumburg 35085,sfr_1_4,trust,4,4,288,288,0.013888888888888888,0.013888888888888888,false
Orland 28043,condo_unit,unknown,23,23,850,850,0.027058823529411764,0.027058823529411764,false
Orland 28103,condo_unit,individual,266,266,292,292,0.910958904109589,0.910958904109589,false
Jefferson 71081,small_mf,trust,3,20,315,2125,0.009523809523809525,0.009411764705882352,false
Rich 32130,sfr_1_4,trust,9,9,1133,1175,0.00794351279788173,0.007659574468085106,false
Bloom 12142,sfr_1_4,corp,7,8,1617,1698,0.004329004329004329,0.004711425206124852,false
Northfield 25180,sfr_1_4,lender_reo,1,1,654,654,0.0015290519877675841,0.0015290519877675841,false
Thornton 37092,sfr_1_4,unknown,145,145,2973,2979,0.048772283888328286,0.048674051695199734,false
Lyons 21062,sfr_1_4,trust,17,17,550,550,0.03090909090909091,0.03090909090909091,false
Worth 39140,sfr_1_4,corp,1,4,168,438,0.005952380952380952,0.0091324200913242,false
Thornton 37185,mixed_use_res,llc,1,6,9,32,0.1111111111111111,0.1875,false
Jefferson 71171,sfr_1_4,individual,1718,2583,1812,2737,0.9481236203090507,0.9437340153452686,false
North Chicago 74022,sfr_1_4,trust,29,35,548,720,0.05291970802919708,0.04861111111111111,false
Lyons 21102,small_mf,llc,10,63,120,739,0.08333333333333333,0.08525033829499323,false
Thornton 37021,condo_unit,individual,133,133,144,144,0.9236111111111112,0.9236111111111112,false
Maine 22130,mixed_use_res,individual,1,2,3,6,,,true
Elk Grove 16100,mixed_use_res,individual,4,11,5,14,0.8,0.7857142857142857,false
Lake View 73042,sfr_1_4,individual,943,1401,1031,1551,0.9146459747817652,0.9032882011605415,false
North Chicago 74012,coop_building,coop_corp,14,14,14,14,1.0,1.0,false
Oak Park 27041,condo_unit,unknown,42,42,715,715,0.05874125874125874,0.05874125874125874,false
Berwyn 11010,small_mf,corp,4,26,146,882,0.0273972602739726,0.02947845804988662,false
Berwyn 11010,sfr_1_4,llc,24,53,2228,3617,0.010771992818671455,0.01465302737074924,false
Lyons 21084,sfr_1_4,llc,29,29,1696,1700,0.017099056603773585,0.017058823529411765,false
Bloom 12151,sfr_1_4,llc,2,2,263,264,0.0076045627376425855,0.007575757575757576,false
Hyde Park 70150,condo_unit,lender_reo,1,1,109,109,0.009174311926605505,0.009174311926605505,false
Schaumburg 35065,sfr_1_4,llc,1,1,637,637,0.0015698587127158557,0.0015698587127158557,false
Cicero 15040,mixed_use_res,individual,22,74,23,79,0.9565217391304348,0.9367088607594937,false
West Chicago 77030,condo_unit,llc,505,505,3991,3991,0.12653470308193435,0.12653470308193435,false
Elk Grove 16094,sfr_1_4,unknown,9,9,301,301,0.029900332225913623,0.029900332225913623,false
Jefferson 71461,sfr_1_4,individual,1999,2053,2106,2162,0.9491927825261158,0.9495837187789085,false
New Trier 23011,sfr_1_4,corp,1,1,390,390,0.002564102564102564,0.002564102564102564,false
Jefferson 71021,sfr_1_4,llc,5,9,1110,1121,0.0045045045045045045,0.008028545941123996,false
West Chicago 77120,condo_unit,partnership,2,2,5079,5079,0.00039377830281551486,0.00039377830281551486,false
Lake 72170,small_mf,individual,40,245,86,539,0.46511627906976744,0.45454545454545453,false
Palos 30042,sfr_1_4,unknown,13,15,460,504,0.02826086956521739,0.02976190476190476,false
Elk Grove 16011,condo_unit,estate,1,1,2917,2917,0.00034281796366129587,0.00034281796366129587,false
West Chicago 77115,sfr_1_4,trust,17,27,7770,14100,0.002187902187902188,0.0019148936170212765,false
Lake 72380,condo_unit,lender_reo,9,9,1038,1038,0.008670520231213872,0.008670520231213872,false
Lake 72281,mixed_use_res,individual,25,94,26,96,0.9615384615384616,0.9791666666666666,false
Orland 28031,condo_unit,trust,4,4,497,497,0.008048289738430584,0.008048289738430584,false
Bloom 12111,mixed_use_res,individual,15,47,19,59,0.7894736842105263,0.7966101694915254,false
Rich 32230,condo_unit,individual,680,680,720,720,0.9444444444444444,0.9444444444444444,false
Rich 32041,sfr_1_4,individual,312,312,355,355,0.8788732394366198,0.8788732394366198,false
Rogers Park 75060,small_mf,corp,4,27,88,599,0.045454545454545456,0.045075125208681135,false
Palatine 29080,sfr_1_4,llc,16,16,1929,1929,0.00829445308449974,0.00829445308449974,false
Lake View 73011,condo_unit,partnership,3,3,2155,2155,0.0013921113689095127,0.0013921113689095127,false
Cicero 15030,small_mf,llc,18,117,80,508,0.225,0.23031496062992127,false
Niles 24031,sfr_1_4,partnership,2,2,9674,11295,0.0002067397146991937,0.00017706949977866314,false
West Chicago 77132,condo_unit,individual,2258,2258,2464,2464,0.9163961038961039,0.9163961038961039,false
Evanston 17013,coop_building,coop_corp,2,2,2,2,,,true
Lake 72030,small_mf,corp,4,28,110,717,0.03636363636363636,0.03905160390516039,false
Worth 39211,sfr_1_4,trust,11,11,1645,1666,0.006686930091185411,0.006602641056422569,false
Lake 72274,mixed_use_res,corp,1,3,10,27,0.1,0.1111111111111111,false
Hanover 18075,sfr_1_4,corp,1,1,214,214,0.004672897196261682,0.004672897196261682,false
Maine 22080,condo_unit,unknown,1,1,39,39,0.02564102564102564,0.02564102564102564,false
Proviso 31110,small_mf,individual,3,18,5,28,0.6,0.6428571428571429,false
Jefferson 71050,sfr_1_4,corp,6,8,1964,2837,0.003054989816700611,0.0028198801550934085,false
Rich 32350,sfr_1_4,llc,1,1,95,95,0.010526315789473684,0.010526315789473684,false
Bremen 13312,small_mf,partnership,1,7,35,240,0.02857142857142857,0.029166666666666667,false
Elk Grove 16070,sfr_1_4,individual,17,20,19,22,0.8947368421052632,0.9090909090909091,false
Maine 22085,condo_unit,individual,335,335,347,347,0.9654178674351584,0.9654178674351584,false
Worth 39080,mixed_use_res,individual,25,58,41,105,0.6097560975609756,0.5523809523809524,false
Wheeling 38056,condo_unit,unknown,21,21,376,376,0.05585106382978723,0.05585106382978723,false
Lyons 21120,sfr_1_4,unknown,5,6,201,236,0.024875621890547265,0.025423728813559324,false
Jefferson 71180,small_mf,llc,54,353,186,1208,0.2903225806451613,0.29221854304635764,false
Bremen 13170,sfr_1_4,llc,27,32,2234,2329,0.012085944494180842,0.013739802490339202,false
Maine 22085,condo_unit,trust,5,5,347,347,0.01440922190201729,0.01440922190201729,false
Lake 72130,sfr_1_4,llc,121,208,2338,3779,0.05175363558597092,0.055041016141836464,false
Proviso 31034,sfr_1_4,llc,38,46,2110,2329,0.01800947867298578,0.0197509660798626,false
Maine 22031,sfr_1_4,llc,13,13,1930,2009,0.006735751295336788,0.006470881035340966,false
Schaumburg 35030,sfr_1_4,llc,14,14,2206,2206,0.006346328195829556,0.006346328195829556,false
Leyden 20080,small_mf,llc,29,184,171,1034,0.1695906432748538,0.17794970986460348,false
Proviso 31174,condo_unit,unknown,2,2,76,76,0.02631578947368421,0.02631578947368421,false
Wheeling 38031,sfr_1_4,corp,2,2,2700,2700,0.0007407407407407407,0.0007407407407407407,false
Hyde Park 70150,sfr_1_4,llc,1,3,311,385,0.003215434083601286,0.007792207792207792,false
Cicero 15071,mixed_use_res,trust,1,4,37,117,0.02702702702702703,0.03418803418803419,false
Bloom 12022,sfr_1_4,lender_reo,5,5,1598,1598,0.0031289111389236545,0.0031289111389236545,false
Lake 72260,sfr_1_4,trust,8,8,1051,1282,0.007611798287345386,0.0062402496099844,false
Rich 32180,sfr_1_4,llc,3,3,351,351,0.008547008547008548,0.008547008547008548,false
Rogers Park 75010,sfr_1_4,llc,9,15,1666,1743,0.005402160864345739,0.008605851979345954,false
West Chicago 77030,mixed_use_res,trust,2,8,369,1414,0.005420054200542005,0.005657708628005658,false
Wheeling 38082,condo_unit,llc,2,2,753,753,0.0026560424966799467,0.0026560424966799467,false
North Chicago 74013,condo_unit,trust,25,25,1796,1796,0.013919821826280624,0.013919821826280624,false
Jefferson 71430,condo_unit,trust,3,3,338,338,0.008875739644970414,0.008875739644970414,false
New Trier 23021,sfr_1_4,trust,30,30,686,686,0.043731778425655975,0.043731778425655975,false
Cicero 15040,sfr_1_4,corp,1,2,889,1565,0.0011248593925759281,0.0012779552715654952,false
North Chicago 74013,small_mf,individual,42,289,80,553,0.525,0.5226039783001808,false
Leyden 20060,sfr_1_4,individual,1164,1164,1205,1205,0.9659751037344398,0.9659751037344398,false
North Chicago 74011,mixed_use_res,unknown,6,28,39,131,0.15384615384615385,0.21374045801526717,false
Worth 39400,sfr_1_4,corp,1,1,156,156,0.00641025641025641,0.00641025641025641,false
Worth 39160,small_mf,corp,1,7,51,347,0.0196078431372549,0.020172910662824207,false
Jefferson 71430,mixed_use_res,unknown,2,6,29,94,0.06896551724137931,0.06382978723404255,false
Jefferson 71140,sfr_1_4,individual,1186,1272,1241,1331,0.9556809024979855,0.9556724267468069,false
Thornton 37185,mixed_use_res,individual,8,26,9,32,0.8888888888888888,0.8125,false
Palos 30012,sfr_1_4,llc,10,10,2576,2620,0.0038819875776397515,0.003816793893129771,false
Calumet 14020,small_mf,llc,26,167,90,578,0.28888888888888886,0.2889273356401384,false
Jefferson 71362,mixed_use_res,individual,5,17,15,59,0.3333333333333333,0.288135593220339,false
Lake 72092,condo_unit,corp,4,4,30,30,0.13333333333333333,0.13333333333333333,false
Elk Grove 16011,sfr_1_4,individual,368,368,381,381,0.9658792650918635,0.9658792650918635,false
Lake 72150,mixed_use_res,llc,4,15,77,273,0.05194805194805195,0.054945054945054944,false
South Chicago 76010,small_mf,partnership,6,42,109,763,0.05504587155963303,0.05504587155963303,false
Bremen 13342,sfr_1_4,trust,1,1,146,146,0.00684931506849315,0.00684931506849315,false
Lyons 21062,condo_unit,llc,7,7,388,388,0.01804123711340206,0.01804123711340206,false
Jefferson 71410,small_mf,unknown,6,40,74,470,0.08108108108108109,0.0851063829787234,false
Schaumburg 35040,small_mf,individual,29,176,48,291,0.6041666666666666,0.6048109965635738,false
Hyde Park 70140,small_mf,llc,4,26,26,167,0.15384615384615385,0.15568862275449102,false
Barrington 10014,sfr_1_4,trust,1,1,126,126,0.007936507936507936,0.007936507936507936,false
Bloom 12112,sfr_1_4,llc,3,3,43,43,0.06976744186046512,0.06976744186046512,false
Maine 22050,small_mf,corp,4,25,104,645,0.038461538461538464,0.03875968992248062,false
Thornton 37033,sfr_1_4,llc,98,127,3580,3880,0.027374301675977653,0.0327319587628866,false
Jefferson 71030,sfr_1_4,lender_reo,3,3,1908,1963,0.0015723270440251573,0.0015282730514518594,false
Rich 32055,sfr_1_4,llc,7,7,421,422,0.0166270783847981,0.016587677725118485,false
Lake 72080,small_mf,individual,60,353,69,410,0.8695652173913043,0.8609756097560975,false
Rich 32181,condo_unit,unknown,3,3,100,100,0.03,0.03,false
New Trier 23132,condo_unit,individual,75,75,81,81,0.9259259259259259,0.9259259259259259,false
Lake View 73044,mixed_use_res,individual,4,21,5,27,0.8,0.7777777777777778,false
West Chicago 77170,condo_unit,individual,1549,1549,1809,1809,0.8562741846323936,0.8562741846323936,false
Bloom 12041,sfr_1_4,llc,3,3,206,206,0.014563106796116505,0.014563106796116505,false
West Chicago 77132,mixed_use_res,individual,59,213,110,397,0.5363636363636364,0.5365239294710328,false
Proviso 31091,sfr_1_4,trust,20,25,1067,1518,0.01874414245548266,0.016469038208168644,false
Bloom 12072,condo_unit,llc,15,15,247,247,0.06072874493927125,0.06072874493927125,false
Oak Park 27100,condo_unit,unknown,2,2,24,24,0.08333333333333333,0.08333333333333333,false
Jefferson 71070,other_res,llc,1,1,1,1,,,true
Cicero 15065,small_mf,llc,6,42,40,259,0.15,0.16216216216216217,false
Elk Grove 16085,small_mf,individual,27,162,80,500,0.3375,0.324,false
River Forest 33040,condo_unit,llc,3,3,471,471,0.006369426751592357,0.006369426751592357,false
Jefferson 71361,sfr_1_4,trust,25,25,1299,1318,0.01924557351809084,0.01896813353566009,false
Barrington 10012,mixed_use_res,unknown,3,10,11,30,0.2727272727272727,0.3333333333333333,false
North Chicago 74013,mixed_use_res,partnership,1,3,15,51,0.06666666666666667,0.058823529411764705,false
Lyons 21052,condo_unit,individual,281,281,341,341,0.8240469208211144,0.8240469208211144,false
Hyde Park 70083,sfr_1_4,corp,2,3,743,1215,0.0026917900403768506,0.0024691358024691358,false
South Chicago 76030,sfr_1_4,lender_reo,16,39,4648,7521,0.0034423407917383822,0.005185480654168329,false
Schaumburg 35091,sfr_1_4,individual,208,208,218,218,0.9541284403669725,0.9541284403669725,false
Bremen 13100,small_mf,individual,1,6,3,18,0.3333333333333333,0.3333333333333333,false
New Trier 23092,sfr_1_4,individual,1482,1487,1570,1575,0.9439490445859873,0.9441269841269841,false
Orland 28031,condo_unit,individual,470,470,497,497,0.9456740442655935,0.9456740442655935,false
Lake View 73044,sfr_1_4,llc,11,18,304,405,0.03618421052631579,0.044444444444444446,false
Hyde Park 70120,sfr_1_4,estate,1,1,3174,4681,0.000315059861373661,0.00021362956633198035,false
Evanston 17220,mixed_use_res,llc,1,3,3,12,0.3333333333333333,0.25,false
Wheeling 38070,small_mf,llc,11,75,47,309,0.23404255319148937,0.24271844660194175,false
Maine 22180,mixed_use_res,unknown,2,6,22,76,0.09090909090909091,0.07894736842105263,false
Maine 22023,sfr_1_4,corp,5,5,1603,1609,0.0031191515907673115,0.003107520198881293,false
Jefferson 71440,condo_unit,individual,267,267,294,294,0.9081632653061225,0.9081632653061225,false
Evanston 17041,small_mf,individual,13,86,43,292,0.3023255813953488,0.2945205479452055,false
Rogers Park 75022,condo_unit,corp,16,16,2012,2012,0.007952286282306162,0.007952286282306162,false
Palatine 29011,sfr_1_4,individual,687,687,725,725,0.9475862068965517,0.9475862068965517,false
West Chicago 77170,small_mf,llc,46,288,164,1046,0.2804878048780488,0.27533460803059273,false
Northfield 25023,condo_unit,trust,1,1,8,8,,,true
Leyden 20070,sfr_1_4,trust,6,6,932,932,0.006437768240343348,0.006437768240343348,false
Palos 30012,condo_unit,individual,199,199,207,207,0.961352657004831,0.961352657004831,false
Lake View 73093,sfr_1_4,unknown,80,163,1585,2360,0.050473186119873815,0.06906779661016949,false
Maine 22093,sfr_1_4,lender_reo,1,1,854,854,0.00117096018735363,0.00117096018735363,false
Jefferson 71042,small_mf,llc,32,219,156,1050,0.20512820512820512,0.20857142857142857,false
Cicero 15030,mixed_use_res,unknown,6,16,112,361,0.05357142857142857,0.0443213296398892,false
Lyons 21091,condo_unit,lender_reo,1,1,27,27,0.037037037037037035,0.037037037037037035,false
Palos 30042,condo_unit,corp,1,1,1210,1210,0.0008264462809917355,0.0008264462809917355,false
Lake 72091,condo_unit,llc,2,2,3,3,,,true
Palatine 29032,sfr_1_4,unknown,37,37,993,993,0.03726082578046324,0.03726082578046324,false
Lake View 73050,condo_unit,llc,91,91,3780,3780,0.024074074074074074,0.024074074074074074,false
Bloom 12073,sfr_1_4,lender_reo,1,1,630,630,0.0015873015873015873,0.0015873015873015873,false
Lake View 73022,small_mf,individual,4,24,10,65,0.4,0.36923076923076925,false
Worth 39050,condo_unit,corp,1,1,93,93,0.010752688172043012,0.010752688172043012,false
Wheeling 38027,mixed_use_res,corp,1,2,1,2,,,true
Schaumburg 35112,sfr_1_4,unknown,16,16,667,667,0.0239880059970015,0.0239880059970015,false
New Trier 23045,sfr_1_4,unknown,9,9,229,229,0.039301310043668124,0.039301310043668124,false
Hyde Park 70260,sfr_1_4,individual,414,423,474,488,0.8734177215189873,0.8668032786885246,false
Thornton 37130,sfr_1_4,corp,26,26,1754,1839,0.014823261117445839,0.014138118542686243,false
Maine 22091,sfr_1_4,trust,3,3,263,267,0.011406844106463879,0.011235955056179775,false
Rogers Park 75021,sfr_1_4,individual,1046,1669,1120,1803,0.9339285714285714,0.9256794231835829,false
Elk Grove 16051,condo_unit,llc,17,17,695,695,0.02446043165467626,0.02446043165467626,false
Lake 72051,sfr_1_4,individual,1040,1816,1098,1922,0.9471766848816029,0.9448491155046826,false
Orland 28036,small_mf,unknown,4,24,99,607,0.04040404040404041,0.039538714991762765,false
Bremen 13170,condo_unit,individual,435,435,496,496,0.8770161290322581,0.8770161290322581,false
Northfield 25220,sfr_1_4,trust,1,1,79,79,0.012658227848101266,0.012658227848101266,false
Lake View 73032,sfr_1_4,corp,6,9,1371,2191,0.00437636761487965,0.004107713372889092,false
West Chicago 77060,condo_unit,trust,15,15,1638,1638,0.009157509157509158,0.009157509157509158,false
Evanston 17071,sfr_1_4,trust,6,7,380,433,0.015789473684210527,0.016166281755196306,false
Hyde Park 70010,small_mf,individual,261,1682,720,4743,0.3625,0.3546278726544381,false
Evanston 17071,mixed_use_res,llc,1,2,3,6,,,true
Hyde Park 70070,mixed_use_res,individual,22,63,35,112,0.6285714285714286,0.5625,false
New Trier 23120,condo_unit,trust,12,12,359,359,0.033426183844011144,0.033426183844011144,false
Schaumburg 35020,condo_unit,unknown,37,37,989,989,0.03741152679474216,0.03741152679474216,false
Niles 24052,sfr_1_4,corp,1,1,641,688,0.0015600624024961,0.0014534883720930232,false
South Chicago 76040,sfr_1_4,trust,3,3,184,220,0.016304347826086956,0.013636363636363636,false
Jefferson 71140,condo_unit,individual,43,43,44,44,0.9772727272727273,0.9772727272727273,false
Rich 32330,sfr_1_4,llc,1,1,146,146,0.00684931506849315,0.00684931506849315,false
Maine 22023,sfr_1_4,unknown,29,29,1603,1609,0.018091079226450407,0.018023617153511497,false
Worth 39200,sfr_1_4,llc,4,4,698,698,0.0057306590257879654,0.0057306590257879654,false
Leyden 20020,small_mf,trust,4,28,159,977,0.025157232704402517,0.028659160696008188,false
Jefferson 71060,sfr_1_4,corp,3,3,1458,1965,0.00205761316872428,0.0015267175572519084,false
Oak Park 27010,sfr_1_4,unknown,40,42,1279,1286,0.03127443315089914,0.03265940902021773,false
Lyons 21102,small_mf,trust,1,6,120,739,0.008333333333333333,0.008119079837618403,false
Berwyn 11020,sfr_1_4,partnership,1,1,2492,3314,0.0004012841091492777,0.00030175015087507544,false
Lake View 73032,condo_unit,corp,4,4,2569,2569,0.001557026080186843,0.001557026080186843,false
West Chicago 77051,sfr_1_4,trust,7,14,630,1451,0.011111111111111112,0.009648518263266712,false
Lyons 21166,sfr_1_4,llc,4,7,428,443,0.009345794392523364,0.01580135440180587,false
Palatine 29050,small_mf,individual,1,7,2,14,0.5,0.5,false
West Chicago 77052,condo_unit,individual,691,691,797,797,0.8670012547051443,0.8670012547051443,false
Wheeling 38031,condo_unit,unknown,63,63,1854,1854,0.03398058252427184,0.03398058252427184,false
Thornton 37150,sfr_1_4,corp,6,6,2164,2165,0.0027726432532347504,0.002771362586605081,false
Elk Grove 16100,condo_unit,individual,764,764,894,894,0.854586129753915,0.854586129753915,false
Jefferson 71463,sfr_1_4,trust,5,5,304,320,0.01644736842105263,0.015625,false
Lyons 21082,sfr_1_4,corp,4,5,1204,1281,0.0033222591362126247,0.0039032006245121,false
Proviso 31092,sfr_1_4,individual,1446,1776,1569,1948,0.9216061185468452,0.9117043121149897,false
Lake View 73092,sfr_1_4,individual,119,239,152,337,0.7828947368421053,0.7091988130563798,false
Palatine 29070,condo_unit,lender_reo,9,9,3516,3516,0.002559726962457338,0.002559726962457338,false
Northfield 25250,sfr_1_4,llc,1,1,140,140,0.007142857142857143,0.007142857142857143,false
West Chicago 77020,sfr_1_4,llc,84,175,3719,6263,0.0225867168593708,0.027941880887753474,false
Lyons 21042,small_mf,lender_reo,1,6,63,360,0.015873015873015872,0.016666666666666666,false
Schaumburg 35109,sfr_1_4,trust,8,8,1800,1800,0.0044444444444444444,0.0044444444444444444,false
Leyden 20011,small_mf,llc,1,7,11,77,0.09090909090909091,0.09090909090909091,false
Berwyn 11010,sfr_1_4,lender_reo,3,5,2228,3617,0.0013464991023339318,0.0013823610727121925,false
Rogers Park 75022,mixed_use_res,llc,1,3,18,71,0.05555555555555555,0.04225352112676056,false
West Chicago 77092,small_mf,unknown,2,13,6,40,0.3333333333333333,0.325,false
Lyons 21166,sfr_1_4,trust,5,5,428,443,0.011682242990654205,0.011286681715575621,false
Hyde Park 70150,sfr_1_4,corp,1,1,311,385,0.003215434083601286,0.0025974025974025974,false
Worth 39210,sfr_1_4,individual,1543,1683,1628,1793,0.9477886977886978,0.9386503067484663,false
Palos 30020,sfr_1_4,trust,3,3,193,193,0.015544041450777202,0.015544041450777202,false
New Trier 23120,condo_unit,corp,3,3,359,359,0.008356545961002786,0.008356545961002786,false
Lyons 21041,sfr_1_4,corp,2,2,323,391,0.006191950464396285,0.005115089514066497,false
Thornton 37063,small_mf,llc,2,14,10,66,0.2,0.21212121212121213,false
Bremen 13260,sfr_1_4,individual,1749,1749,2003,2003,0.8731902146779831,0.8731902146779831,false
Lake View 73084,mixed_use_res,individual,112,395,200,720,0.56,0.5486111111111112,false
Proviso 31102,condo_unit,individual,95,95,98,98,0.9693877551020408,0.9693877551020408,false
South Chicago 76042,condo_unit,unknown,41,41,645,645,0.06356589147286822,0.06356589147286822,false
Northfield 25200,sfr_1_4,trust,49,49,1261,1261,0.03885804916732752,0.03885804916732752,false
Thornton 37121,mixed_use_res,unknown,1,4,9,30,0.1111111111111111,0.13333333333333333,false
Lake 72030,sfr_1_4,lender_reo,41,50,13815,15814,0.0029677886355410784,0.0031617554066017454,false
Lake 72130,sfr_1_4,trust,8,15,2338,3779,0.003421727972626176,0.00396930404869013,false
Lake 72051,small_mf,corp,1,7,8,48,0.125,0.14583333333333334,false
Jefferson 71210,condo_unit,llc,8,8,49,49,0.16326530612244897,0.16326530612244897,false
Schaumburg 35085,sfr_1_4,individual,276,276,288,288,0.9583333333333334,0.9583333333333334,false
Riverside 34010,sfr_1_4,individual,1616,1646,1701,1758,0.9500293944738389,0.9362912400455062,false
Northfield 25320,sfr_1_4,trust,2,2,36,36,0.05555555555555555,0.05555555555555555,false
Riverside 34010,condo_unit,unknown,1,1,57,57,0.017543859649122806,0.017543859649122806,false
Hyde Park 70083,small_mf,corp,9,62,220,1438,0.04090909090909091,0.043115438108484005,false
Wheeling 38048,sfr_1_4,individual,260,260,272,272,0.9558823529411765,0.9558823529411765,false
Worth 39110,small_mf,unknown,2,10,16,95,0.125,0.10526315789473684,false
West Chicago 77141,sfr_1_4,trust,14,29,3753,7688,0.0037303490540900614,0.0037721123829344435,false
Jefferson 71074,sfr_1_4,lender_reo,2,4,1398,1744,0.001430615164520744,0.0022935779816513763,false
Worth 39211,mixed_use_res,individual,1,2,1,2,,,true
Bremen 13240,condo_unit,lender_reo,1,1,24,24,0.041666666666666664,0.041666666666666664,false
Thornton 37053,small_mf,corp,2,12,61,396,0.03278688524590164,0.030303030303030304,false
Lyons 21166,condo_unit,trust,6,6,197,197,0.030456852791878174,0.030456852791878174,false
Palatine 29090,mixed_use_res,corp,1,3,1,3,,,true
Thornton 37061,condo_unit,corp,1,1,87,87,0.011494252873563218,0.011494252873563218,false
Maine 22082,sfr_1_4,unknown,3,3,222,222,0.013513513513513514,0.013513513513513514,false
Lake 72274,sfr_1_4,unknown,82,86,2284,2393,0.03590192644483362,0.03593815294609277,false
Elk Grove 16091,sfr_1_4,unknown,1,1,148,148,0.006756756756756757,0.006756756756756757,false
North Chicago 74012,small_mf,corp,18,121,304,1978,0.05921052631578947,0.06117290192113246,false
Lyons 21132,mixed_use_res,llc,3,6,4,9,,,true
Proviso 31031,sfr_1_4,corp,8,8,1251,1292,0.006394884092725819,0.006191950464396285,false
Jefferson 71280,sfr_1_4,lender_reo,1,3,1321,2148,0.000757002271006813,0.0013966480446927375,false
Leyden 20081,sfr_1_4,lender_reo,5,7,2403,2598,0.0020807324178110697,0.0026943802925327174,false
Hyde Park 70083,condo_unit,unknown,129,129,1493,1493,0.08640321500334897,0.08640321500334897,false
Wheeling 38014,sfr_1_4,unknown,17,17,477,477,0.03563941299790356,0.03563941299790356,false
Niles 24081,mixed_use_res,corp,2,5,23,62,0.08695652173913043,0.08064516129032258,false
Orland 28099,condo_unit,llc,1,1,276,276,0.0036231884057971015,0.0036231884057971015,false
Worth 39151,small_mf,unknown,2,13,31,207,0.06451612903225806,0.06280193236714976,false
Jefferson 71210,sfr_1_4,lender_reo,11,18,2548,3981,0.0043171114599686025,0.00452147701582517,false
Cicero 15072,mixed_use_res,llc,2,6,23,75,0.08695652173913043,0.08,false
Proviso 31060,sfr_1_4,lender_reo,13,22,2822,3594,0.004606661941885188,0.006121313299944352,false
West Chicago 77080,mixed_use_res,unknown,1,3,20,66,0.05,0.045454545454545456,false
Jefferson 71560,small_mf,individual,1,7,2,14,0.5,0.5,false
West Chicago 77020,condo_unit,corp,5,5,175,175,0.02857142857142857,0.02857142857142857,false
Oak Park 27080,condo_unit,individual,52,52,56,56,0.9285714285714286,0.9285714285714286,false
Lyons 21032,sfr_1_4,unknown,26,29,923,969,0.028169014084507043,0.029927760577915376,false
Hanover 18011,small_mf,llc,19,130,29,191,0.6551724137931034,0.680628272251309,false
South Chicago 76042,sfr_1_4,llc,6,8,218,240,0.027522935779816515,0.03333333333333333,false
Lyons 21052,small_mf,trust,3,20,86,569,0.03488372093023256,0.0351493848857645,false
Rich 32222,condo_unit,individual,61,61,64,64,0.953125,0.953125,false
Lake 72071,small_mf,individual,46,307,101,684,0.45544554455445546,0.44883040935672514,false
Worth 39140,sfr_1_4,trust,2,8,168,438,0.011904761904761904,0.0182648401826484,false
Rich 32041,sfr_1_4,trust,2,2,355,355,0.005633802816901409,0.005633802816901409,false
Bremen 13170,mixed_use_res,corp,2,5,31,100,0.06451612903225806,0.05,false
West Chicago 77170,condo_unit,coop_corp,1,1,1809,1809,0.000552791597567717,0.000552791597567717,false
Proviso 31102,sfr_1_4,unknown,57,57,1090,1127,0.05229357798165138,0.050576752440106475,false
Cicero 15020,condo_unit,unknown,6,6,53,53,0.11320754716981132,0.11320754716981132,false
Northfield 25011,sfr_1_4,trust,16,16,1043,1043,0.015340364333652923,0.015340364333652923,false
Lyons 21084,sfr_1_4,lender_reo,1,1,1696,1700,0.0005896226415094339,0.000588235294117647,false
Lake View 73110,mixed_use_res,corp,2,10,18,66,0.1111111111111111,0.15151515151515152,false
Schaumburg 35104,sfr_1_4,llc,2,2,197,197,0.01015228426395939,0.01015228426395939,false
Proviso 31010,sfr_1_4,unknown,12,14,630,668,0.01904761904761905,0.020958083832335328,false
Lyons 21132,condo_unit,unknown,37,37,479,479,0.07724425887265135,0.07724425887265135,false
Lyons 21067,sfr_1_4,llc,2,2,407,407,0.004914004914004914,0.004914004914004914,false
Lake View 73200,condo_unit,corp,1,1,537,537,0.00186219739292365,0.00186219739292365,false
Hyde Park 70010,mixed_use_res,corp,1,3,28,103,0.03571428571428571,0.02912621359223301,false
Worth 39050,small_mf,individual,5,34,9,61,0.5555555555555556,0.5573770491803278,false
Bremen 13020,sfr_1_4,individual,483,485,521,523,0.927063339731286,0.9273422562141491,false
Schaumburg 35151,sfr_1_4,unknown,2,2,105,105,0.01904761904761905,0.01904761904761905,false
Oak Park 27070,condo_unit,unknown,23,23,590,590,0.03898305084745763,0.03898305084745763,false
Hyde Park 70240,small_mf,lender_reo,1,7,20,124,0.05,0.056451612903225805,false
Orland 28100,sfr_1_4,unknown,113,113,3062,3062,0.03690398432397126,0.03690398432397126,false
Lyons 21052,condo_unit,unknown,17,17,341,341,0.04985337243401759,0.04985337243401759,false
Stickney 36036,sfr_1_4,unknown,10,10,80,80,0.125,0.125,false
Hyde Park 70070,mixed_use_res,corp,2,7,35,112,0.05714285714285714,0.0625,false
Bremen 13151,sfr_1_4,corp,6,6,580,580,0.010344827586206896,0.010344827586206896,false
Worth 39071,condo_unit,unknown,61,61,1323,1323,0.04610733182161754,0.04610733182161754,false
Niles 24051,condo_unit,corp,1,1,291,291,0.003436426116838488,0.003436426116838488,false
Elk Grove 16096,condo_unit,unknown,2,2,152,152,0.013157894736842105,0.013157894736842105,false
Bloom 12031,condo_unit,individual,7,7,24,24,0.2916666666666667,0.2916666666666667,false
Proviso 31030,sfr_1_4,llc,12,12,1428,1432,0.008403361344537815,0.008379888268156424,false
Maine 22150,condo_unit,lender_reo,1,1,522,522,0.0019157088122605363,0.0019157088122605363,false
Schaumburg 35117,sfr_1_4,unknown,6,6,266,266,0.022556390977443608,0.022556390977443608,false
Bremen 13320,sfr_1_4,trust,3,3,805,805,0.0037267080745341614,0.0037267080745341614,false
Oak Park 27010,condo_unit,unknown,6,6,68,68,0.08823529411764706,0.08823529411764706,false
Lyons 21064,condo_unit,unknown,10,10,150,150,0.06666666666666667,0.06666666666666667,false
Stickney 36041,mixed_use_res,corp,1,5,18,63,0.05555555555555555,0.07936507936507936,false
Palatine 29080,condo_unit,unknown,13,13,371,371,0.03504043126684636,0.03504043126684636,false
Schaumburg 35170,sfr_1_4,trust,10,10,1127,1127,0.008873114463176575,0.008873114463176575,false
Elk Grove 16030,condo_unit,llc,9,9,993,993,0.00906344410876133,0.00906344410876133,false
Worth 39050,mixed_use_res,individual,9,19,9,19,1.0,1.0,false
Evanston 17220,small_mf,lender_reo,2,14,85,568,0.023529411764705882,0.02464788732394366,false
Orland 28101,sfr_1_4,individual,145,145,149,149,0.9731543624161074,0.9731543624161074,false
Wheeling 38070,small_mf,unknown,11,72,47,309,0.23404255319148937,0.23300970873786409,false
New Trier 23044,sfr_1_4,corp,1,1,600,606,0.0016666666666666668,0.0016501650165016502,false
Rich 32180,small_mf,unknown,4,24,33,199,0.12121212121212122,0.12060301507537688,false
Hyde Park 70080,small_mf,lender_reo,3,21,606,4070,0.0049504950495049506,0.005159705159705159,false
Lake View 73041,condo_unit,llc,36,36,349,349,0.10315186246418338,0.10315186246418338,false
Wheeling 38040,condo_unit,individual,1435,1435,1532,1532,0.9366840731070496,0.9366840731070496,false
Jefferson 71390,sfr_1_4,individual,1235,1610,1307,1711,0.944912012241775,0.9409701928696669,false
Oak Park 27010,condo_unit,llc,2,2,68,68,0.029411764705882353,0.029411764705882353,false
Proviso 31060,condo_unit,llc,7,7,110,110,0.06363636363636363,0.06363636363636363,false
Barrington 10031,sfr_1_4,corp,4,4,950,950,0.004210526315789474,0.004210526315789474,false
Rogers Park 75022,sfr_1_4,unknown,16,32,976,1608,0.01639344262295082,0.01990049751243781,false
Lyons 21161,sfr_1_4,unknown,8,8,265,265,0.03018867924528302,0.03018867924528302,false
New Trier 23043,small_mf,individual,2,14,7,49,0.2857142857142857,0.2857142857142857,false
Lake 72040,small_mf,unknown,2,14,41,263,0.04878048780487805,0.053231939163498096,false
Berwyn 11050,small_mf,llc,7,47,25,166,0.28,0.28313253012048195,false
Niles 24102,condo_unit,individual,80,80,82,82,0.975609756097561,0.975609756097561,false
Elk Grove 16012,condo_unit,corp,3,3,510,510,0.0058823529411764705,0.0058823529411764705,false
River Forest 33050,sfr_1_4,unknown,10,10,439,440,0.022779043280182234,0.022727272727272728,false
Rich 32110,sfr_1_4,llc,8,8,603,603,0.013266998341625208,0.013266998341625208,false
Palatine 29060,sfr_1_4,lender_reo,3,3,3802,3931,0.0007890583903208837,0.0007631645891630628,false
Northfield 25100,sfr_1_4,corp,3,3,678,681,0.004424778761061947,0.004405286343612335,false
Schaumburg 35031,condo_unit,trust,4,4,208,208,0.019230769230769232,0.019230769230769232,false
Lake View 73110,condo_unit,corp,10,10,514,514,0.019455252918287938,0.019455252918287938,false
Lake View 73012,condo_unit,unknown,43,43,1195,1195,0.03598326359832636,0.03598326359832636,false
Wheeling 38100,sfr_1_4,lender_reo,1,1,274,274,0.0036496350364963502,0.0036496350364963502,false
Evanston 17060,sfr_1_4,corp,7,10,1033,1383,0.006776379477250726,0.0072306579898770785,false
Bremen 13280,sfr_1_4,unknown,10,10,547,547,0.018281535648994516,0.018281535648994516,false
Stickney 36041,condo_unit,corp,1,1,92,92,0.010869565217391304,0.010869565217391304,false
Northfield 25180,sfr_1_4,unknown,22,22,654,654,0.03363914373088685,0.03363914373088685,false
Jefferson 71050,condo_unit,llc,31,31,890,890,0.0348314606741573,0.0348314606741573,false
Palos 30051,sfr_1_4,lender_reo,2,2,451,451,0.004434589800443459,0.004434589800443459,false
Evanston 17130,sfr_1_4,llc,12,18,683,822,0.017569546120058566,0.021897810218978103,false
Thornton 37171,sfr_1_4,unknown,43,43,1014,1027,0.04240631163708087,0.04186952288218111,false
Jefferson 71071,mixed_use_res,llc,4,11,58,193,0.06896551724137931,0.05699481865284974,false
Thornton 37053,sfr_1_4,trust,6,6,2636,2957,0.002276176024279211,0.002029083530605343,false
Northfield 25250,condo_unit,individual,85,85,86,86,0.9883720930232558,0.9883720930232558,false
Lyons 21102,sfr_1_4,trust,5,5,1310,1387,0.003816793893129771,0.003604902667627974,false
Thornton 37101,small_mf,individual,20,136,27,181,0.7407407407407407,0.7513812154696132,false
Schaumburg 35117,sfr_1_4,trust,2,2,266,266,0.007518796992481203,0.007518796992481203,false
Schaumburg 35040,sfr_1_4,lender_reo,3,3,5660,5660,0.0005300353356890459,0.0005300353356890459,false
Oak Park 27041,condo_unit,individual,647,647,715,715,0.9048951048951049,0.9048951048951049,false
Jefferson 71060,condo_unit,trust,1,1,104,104,0.009615384615384616,0.009615384615384616,false
Jefferson 71070,sfr_1_4,partnership,1,2,6604,11844,0.00015142337976983646,0.00016886187098953058,false
Northfield 25420,sfr_1_4,unknown,3,3,97,97,0.030927835051546393,0.030927835051546393,false
South Chicago 76030,sfr_1_4,corp,21,47,4648,7521,0.004518072289156626,0.006249168993484909,false
Jefferson 71074,sfr_1_4,unknown,34,47,1398,1744,0.024320457796852647,0.02694954128440367,false
Lake 72030,small_mf,trust,2,14,110,717,0.01818181818181818,0.019525801952580194,false
River Forest 33015,sfr_1_4,unknown,12,12,613,633,0.01957585644371941,0.018957345971563982,false
Hyde Park 70220,small_mf,corp,2,13,111,714,0.018018018018018018,0.018207282913165267,false
Wheeling 38041,condo_unit,trust,7,7,424,424,0.01650943396226415,0.01650943396226415,false
Norwood Park 26010,condo_unit,llc,9,9,824,824,0.010922330097087379,0.010922330097087379,false
Bremen 13240,sfr_1_4,llc,69,69,1909,1909,0.03614457831325301,0.03614457831325301,false
Cicero 15020,condo_unit,individual,41,41,53,53,0.7735849056603774,0.7735849056603774,false
Orland 28103,sfr_1_4,trust,24,24,1673,1673,0.01434548714883443,0.01434548714883443,false
Thornton 37134,sfr_1_4,lender_reo,1,1,218,239,0.0045871559633027525,0.0041841004184100415,false
Proviso 31190,small_mf,unknown,2,14,17,119,0.11764705882352941,0.11764705882352941,false
Rich 32175,condo_unit,trust,1,1,120,120,0.008333333333333333,0.008333333333333333,false
Hyde Park 70240,sfr_1_4,llc,24,26,4649,5203,0.005162400516240052,0.004997117047857005,false
Lyons 21166,sfr_1_4,individual,338,350,428,443,0.7897196261682243,0.7900677200902935,false
Lyons 21052,small_mf,individual,44,286,86,569,0.5116279069767442,0.5026362038664324,false
Rogers Park 75021,small_mf,unknown,25,175,96,645,0.2604166666666667,0.2713178294573643,false
Berwyn 11050,condo_unit,individual,59,59,73,73,0.8082191780821918,0.8082191780821918,false
Evanston 17210,condo_unit,individual,34,34,36,36,0.9444444444444444,0.9444444444444444,false
Oak Park 27070,condo_unit,trust,7,7,590,590,0.011864406779661017,0.011864406779661017,false
Lake 72293,condo_unit,unknown,2,2,9,9,,,true
Lake View 73110,sfr_1_4,individual,456,694,503,795,0.9065606361829026,0.8729559748427673,false
Schaumburg 35111,sfr_1_4,trust,1,1,82,82,0.012195121951219513,0.012195121951219513,false
Proviso 31161,mixed_use_res,unknown,3,15,5,20,0.6,0.75,false
Rich 32340,sfr_1_4,llc,2,2,111,111,0.018018018018018018,0.018018018018018018,false
Palatine 29050,sfr_1_4,individual,1234,1284,1297,1377,0.9514263685427911,0.9324618736383442,false
Lake View 73120,mixed_use_res,unknown,8,37,55,197,0.14545454545454545,0.18781725888324874,false
Lake 72380,small_mf,unknown,25,171,135,905,0.18518518518518517,0.18895027624309393,false
Hanover 18019,condo_unit,trust,2,2,269,269,0.007434944237918215,0.007434944237918215,false
Schaumburg 35012,sfr_1_4,llc,3,3,1254,1254,0.0023923444976076554,0.0023923444976076554,false
South Chicago 76060,sfr_1_4,corp,16,23,4850,7048,0.0032989690721649486,0.0032633371169125992,false
North Chicago 74022,sfr_1_4,unknown,33,57,548,720,0.060218978102189784,0.07916666666666666,false
Niles 24081,small_mf,unknown,10,69,33,220,0.30303030303030304,0.31363636363636366,false
Proviso 31041,sfr_1_4,trust,5,6,1195,1378,0.0041841004184100415,0.0043541364296081275,false
Worth 39210,small_mf,individual,58,367,92,588,0.6304347826086957,0.6241496598639455,false
Thornton 37023,sfr_1_4,partnership,3,3,1522,1726,0.0019710906701708277,0.0017381228273464658,false
Lake 72350,small_mf,llc,13,91,41,286,0.3170731707317073,0.3181818181818182,false
Hanover 18080,condo_unit,unknown,12,12,84,84,0.14285714285714285,0.14285714285714285,false
Palos 30040,small_mf,llc,4,26,32,214,0.125,0.12149532710280374,false
Worth 39211,condo_unit,individual,335,335,377,377,0.8885941644562334,0.8885941644562334,false
Jefferson 71082,sfr_1_4,unknown,114,184,4527,6888,0.025182239893969515,0.026713124274099883,false
Hyde Park 70150,condo_unit,trust,1,1,109,109,0.009174311926605505,0.009174311926605505,false
Lake 72251,mixed_use_res,individual,11,43,13,49,0.8461538461538461,0.8775510204081632,false
Wheeling 38070,sfr_1_4,unknown,67,67,4133,4224,0.016210984756835228,0.015861742424242424,false
Jefferson 71070,sfr_1_4,llc,168,368,6604,11844,0.025439127801332527,0.031070584262073625,false
Jefferson 71042,sfr_1_4,individual,1246,1869,1333,2037,0.9347336834208552,0.9175257731958762,false
Worth 39081,sfr_1_4,trust,7,7,454,454,0.015418502202643172,0.015418502202643172,false
Bremen 13032,small_mf,llc,16,96,66,395,0.24242424242424243,0.2430379746835443,false
Rich 32222,sfr_1_4,trust,4,4,551,551,0.007259528130671506,0.007259528130671506,false
Cicero 15071,sfr_1_4,trust,2,6,1670,2805,0.0011976047904191617,0.0021390374331550803,false
Lake 72061,sfr_1_4,unknown,12,14,712,842,0.016853932584269662,0.0166270783847981,false
Lake 72192,sfr_1_4,individual,1141,1147,1193,1199,0.9564124056999161,0.9566305254378649,false
Bloom 12021,small_mf,individual,2,14,2,14,1.0,1.0,false
Bloom 12046,sfr_1_4,unknown,14,14,549,550,0.025500910746812388,0.025454545454545455,false
Bremen 13315,sfr_1_4,unknown,4,4,187,187,0.0213903743315508,0.0213903743315508,false
Palatine 29042,condo_unit,individual,61,61,63,63,0.9682539682539683,0.9682539682539683,false
Berwyn 11060,small_mf,unknown,1,6,69,458,0.014492753623188406,0.013100436681222707,false
West Chicago 77080,mixed_use_res,individual,17,56,20,66,0.85,0.8484848484848485,false
New Trier 23150,sfr_1_4,trust,38,38,1940,1941,0.01958762886597938,0.019577537351880475,false
Maine 22150,sfr_1_4,trust,43,43,3078,3116,0.01397011046133853,0.0137997432605905,false
New Trier 23100,sfr_1_4,corp,3,3,1109,1111,0.002705139765554554,0.0027002700270027003,false
Lemont 19010,mixed_use_res,corp,5,17,51,156,0.09803921568627451,0.10897435897435898,false
Oak Park 27070,small_mf,individual,5,34,8,55,0.625,0.6181818181818182,false
Worth 39082,sfr_1_4,lender_reo,3,3,649,661,0.004622496147919877,0.0045385779122541605,false
Evanston 17020,sfr_1_4,trust,13,13,403,406,0.03225806451612903,0.03201970443349754,false
Hyde Park 70100,sfr_1_4,trust,19,26,3953,6130,0.004806476094105743,0.004241435562805873,false
Bremen 13080,mixed_use_res,llc,1,4,11,38,0.09090909090909091,0.10526315789473684,false
Barrington 10022,sfr_1_4,llc,1,1,118,118,0.00847457627118644,0.00847457627118644,false
North Chicago 74012,sfr_1_4,unknown,189,350,3461,4972,0.05460849465472407,0.07039420756234915,false
Stickney 36041,condo_unit,individual,88,88,92,92,0.9565217391304348,0.9565217391304348,false
Oak Park 27041,condo_unit,partnership,3,3,715,715,0.004195804195804196,0.004195804195804196,false
Lake 72361,sfr_1_4,corp,14,14,793,834,0.017654476670870115,0.016786570743405275,false
Schaumburg 35101,condo_unit,trust,32,32,3489,3489,0.009171682430495844,0.009171682430495844,false
Bloom 12084,mixed_use_res,individual,1,2,1,2,,,true
New Trier 23044,sfr_1_4,individual,566,572,600,606,0.9433333333333334,0.9438943894389439,false
West Chicago 77170,sfr_1_4,unknown,86,158,2431,3854,0.03537638831756479,0.04099636741048261,false
Evanston 17041,mixed_use_res,individual,2,6,4,14,0.5,0.42857142857142855,false
River Forest 33040,mixed_use_res,llc,2,9,4,15,0.5,0.6,false
West Chicago 77020,sfr_1_4,trust,23,47,3719,6263,0.006184458187684862,0.007504390866996647,false
West Chicago 77120,sfr_1_4,lender_reo,6,14,3166,5552,0.0018951358180669614,0.002521613832853026,false
Lyons 21041,sfr_1_4,llc,8,11,323,391,0.02476780185758514,0.028132992327365727,false
Maine 22110,sfr_1_4,llc,3,3,1419,1454,0.0021141649048625794,0.0020632737276478678,false
Rich 32045,small_mf,individual,7,49,7,49,1.0,1.0,false
Calumet 14040,condo_unit,unknown,9,9,119,119,0.07563025210084033,0.07563025210084033,false
Bremen 13130,mixed_use_res,individual,1,3,3,7,,,true
Lyons 21101,condo_unit,llc,1,1,349,349,0.0028653295128939827,0.0028653295128939827,false
Orland 28039,sfr_1_4,trust,4,4,522,522,0.007662835249042145,0.007662835249042145,false
Lyons 21071,sfr_1_4,trust,42,42,2002,2002,0.02097902097902098,0.02097902097902098,false
Rich 32257,sfr_1_4,llc,1,1,94,94,0.010638297872340425,0.010638297872340425,false
Northfield 25430,small_mf,unknown,12,72,98,592,0.12244897959183673,0.12162162162162163,false
Northfield 25090,sfr_1_4,partnership,1,1,600,602,0.0016666666666666668,0.0016611295681063123,false
Lake 72271,small_mf,corp,3,19,24,159,0.125,0.11949685534591195,false
Lake View 73011,sfr_1_4,trust,10,14,1020,1636,0.00980392156862745,0.008557457212713936,false
Thornton 37162,small_mf,unknown,1,7,15,100,0.06666666666666667,0.07,false
Thornton 37101,sfr_1_4,lender_reo,10,10,2142,2145,0.004668534080298786,0.004662004662004662,false
Rich 32120,condo_unit,lender_reo,3,3,280,280,0.010714285714285714,0.010714285714285714,false
Hanover 18035,sfr_1_4,corp,3,3,904,904,0.00331858407079646,0.00331858407079646,false
Jefferson 71074,condo_unit,corp,16,16,929,929,0.017222820236813777,0.017222820236813777,false
Hyde Park 70250,mixed_use_res,individual,4,9,5,11,0.8,0.8181818181818182,false
Bloom 12112,condo_unit,unknown,2,2,100,100,0.02,0.02,false
Wheeling 38040,small_mf,unknown,2,14,11,77,0.18181818181818182,0.18181818181818182,false
Northfield 25210,sfr_1_4,individual,398,398,440,440,0.9045454545454545,0.9045454545454545,false
Palos 30030,sfr_1_4,individual,714,745,749,783,0.9532710280373832,0.9514687100893997,false
Schaumburg 35060,sfr_1_4,trust,1,1,229,229,0.004366812227074236,0.004366812227074236,false
Leyden 20011,sfr_1_4,llc,1,1,480,506,0.0020833333333333333,0.001976284584980237,false
Jefferson 71071,condo_unit,corp,11,11,351,351,0.03133903133903134,0.03133903133903134,false
Proviso 31102,mixed_use_res,individual,1,2,1,2,,,true
Orland 28031,sfr_1_4,corp,3,3,1130,1130,0.002654867256637168,0.002654867256637168,false
Lake 72221,small_mf,trust,5,35,234,1573,0.021367521367521368,0.02225047679593134,false
South Chicago 76040,condo_unit,corp,4,4,1159,1159,0.003451251078515962,0.003451251078515962,false
Palos 30054,sfr_1_4,partnership,1,1,553,553,0.0018083182640144665,0.0018083182640144665,false
Elk Grove 16030,small_mf,corp,1,7,6,41,0.16666666666666666,0.17073170731707318,false
Thornton 37070,sfr_1_4,trust,25,25,4343,4879,0.005756389592447617,0.005124000819840131,false
West Chicago 77150,mixed_use_res,corp,8,29,126,422,0.06349206349206349,0.06872037914691943,false
Riverside 34020,condo_unit,trust,2,2,110,110,0.01818181818181818,0.01818181818181818,false
South Chicago 76042,sfr_1_4,lender_reo,1,1,218,240,0.0045871559633027525,0.004166666666666667,false
Lake View 73092,mixed_use_res,corp,3,9,23,95,0.13043478260869565,0.09473684210526316,false
Evanston 17071,sfr_1_4,llc,7,12,380,433,0.018421052631578946,0.02771362586605081,false
Wheeling 38023,condo_unit,individual,562,562,612,612,0.9183006535947712,0.9183006535947712,false
New Trier 23091,small_mf,unknown,1,5,2,12,0.5,0.4166666666666667,false
Proviso 31170,small_mf,llc,2,13,45,262,0.044444444444444446,0.04961832061068702,false
West Chicago 77120,small_mf,trust,8,49,474,3062,0.016877637130801686,0.016002612671456563,false
Jefferson 71200,mixed_use_res,trust,2,8,118,408,0.01694915254237288,0.0196078431372549,false
Schaumburg 35170,small_mf,individual,5,35,9,63,0.5555555555555556,0.5555555555555556,false
Jefferson 71280,sfr_1_4,partnership,2,4,1321,2148,0.001514004542013626,0.00186219739292365,false
Palos 30070,sfr_1_4,lender_reo,4,4,1213,1213,0.0032976092333058533,0.0032976092333058533,false
Maine 22040,mixed_use_res,individual,10,35,16,64,0.625,0.546875,false
Worth 39110,small_mf,individual,14,85,16,95,0.875,0.8947368421052632,false
Jefferson 71250,mixed_use_res,llc,6,12,37,112,0.16216216216216217,0.10714285714285714,false
Proviso 31034,condo_unit,individual,9,9,12,12,0.75,0.75,false
Rich 32224,sfr_1_4,corp,1,1,260,262,0.0038461538461538464,0.003816793893129771,false
Rich 32120,condo_unit,trust,2,2,280,280,0.007142857142857143,0.007142857142857143,false
Hyde Park 70010,small_mf,lender_reo,8,56,720,4743,0.011111111111111112,0.011806873286949189,false
Maine 22111,condo_unit,lender_reo,1,1,533,533,0.001876172607879925,0.001876172607879925,false
Wheeling 38056,small_mf,individual,23,138,28,167,0.8214285714285714,0.8263473053892215,false
Evanston 17130,mixed_use_res,individual,1,3,2,7,,,true
Hyde Park 70030,condo_unit,unknown,17,17,121,121,0.14049586776859505,0.14049586776859505,false
Bremen 13060,sfr_1_4,trust,1,1,371,371,0.0026954177897574125,0.0026954177897574125,false
Elk Grove 16100,small_mf,unknown,4,25,65,398,0.06153846153846154,0.06281407035175879,false
Lake 72170,sfr_1_4,trust,9,12,2220,3166,0.004054054054054054,0.003790271636133923,false
Maine 22050,sfr_1_4,lender_reo,5,5,2482,2509,0.00201450443190975,0.0019928258270227183,false
Bloom 12033,small_mf,unknown,1,6,14,89,0.07142857142857142,0.06741573033707865,false
Northfield 25100,mixed_use_res,llc,1,2,1,2,,,true
Northfield 25131,sfr_1_4,llc,5,5,837,848,0.005973715651135006,0.00589622641509434,false
Palos 30011,condo_unit,trust,4,4,364,364,0.01098901098901099,0.01098901098901099,false
Wheeling 38080,sfr_1_4,partnership,2,2,2041,2041,0.0009799118079372856,0.0009799118079372856,false
Thornton 37070,small_mf,llc,9,62,72,457,0.125,0.13566739606126915,false
Bloom 12112,condo_unit,llc,1,1,100,100,0.01,0.01,false
New Trier 23132,condo_unit,unknown,1,1,81,81,0.012345679012345678,0.012345679012345678,false
Hyde Park 70121,condo_unit,trust,1,1,49,49,0.02040816326530612,0.02040816326530612,false
Worth 39200,sfr_1_4,unknown,16,16,698,698,0.022922636103151862,0.022922636103151862,false
Lake View 73012,condo_unit,corp,15,15,1195,1195,0.012552301255230125,0.012552301255230125,false
Riverside 34010,small_mf,trust,1,7,61,378,0.01639344262295082,0.018518518518518517,false
Berwyn 11010,sfr_1_4,individual,2093,3366,2228,3617,0.9394075403949731,0.930605474149848,false
Maine 22085,condo_unit,corp,1,1,347,347,0.002881844380403458,0.002881844380403458,false
Cicero 15015,sfr_1_4,corp,4,5,946,1210,0.004228329809725159,0.004132231404958678,false
Thornton 37181,sfr_1_4,individual,3926,4145,4252,4561,0.9233301975540922,0.9087919315939487,false
Bloom 12073,sfr_1_4,partnership,1,1,630,630,0.0015873015873015873,0.0015873015873015873,false
Oak Park 27020,small_mf,corp,2,13,43,296,0.046511627906976744,0.04391891891891892,false
Leyden 20091,small_mf,corp,4,27,33,219,0.12121212121212122,0.1232876712328767,false
Jefferson 71101,mixed_use_res,trust,2,6,54,191,0.037037037037037035,0.031413612565445025,false
Northfield 25160,condo_unit,corp,3,3,1050,1050,0.002857142857142857,0.002857142857142857,false
Lake View 73081,condo_unit,corp,11,11,2154,2154,0.00510677808727948,0.00510677808727948,false
Berwyn 11050,mixed_use_res,unknown,2,12,42,120,0.047619047619047616,0.1,false
Worth 39010,mixed_use_res,individual,4,10,5,12,0.8,0.8333333333333334,false
Worth 39040,small_mf,unknown,6,35,60,374,0.1,0.09358288770053476,false
Proviso 31010,sfr_1_4,trust,1,1,630,668,0.0015873015873015873,0.0014970059880239522,false
Bremen 13060,sfr_1_4,individual,355,355,371,371,0.9568733153638814,0.9568733153638814,false
Hanover 18012,sfr_1_4,lender_reo,1,1,2179,2179,0.0004589261128958238,0.0004589261128958238,false
West Chicago 77132,sfr_1_4,partnership,9,26,1698,2676,0.00530035335689046,0.009715994020926755,false
Thornton 37134,sfr_1_4,trust,1,1,218,239,0.0045871559633027525,0.0041841004184100415,false
Evanston 17080,small_mf,unknown,12,84,68,466,0.17647058823529413,0.18025751072961374,false
Wheeling 38012,small_mf,llc,1,7,1,7,,,true
Maine 22023,sfr_1_4,trust,15,15,1603,1609,0.009357454772301934,0.009322560596643879,false
Wheeling 38081,condo_unit,lender_reo,1,1,1264,1264,0.0007911392405063291,0.0007911392405063291,false
West Chicago 77013,mixed_use_res,corp,4,14,126,485,0.031746031746031744,0.0288659793814433,false
Maine 22143,condo_unit,individual,258,258,277,277,0.9314079422382672,0.9314079422382672,false
Northfield 25430,small_mf,llc,10,64,98,592,0.10204081632653061,0.10810810810810811,false
Lyons 21013,sfr_1_4,llc,8,11,848,879,0.009433962264150943,0.012514220705346985,false
Lake 72330,sfr_1_4,trust,36,41,7023,8085,0.0051260145237078175,0.005071119356833642,false
Palos 30070,condo_unit,individual,265,265,283,283,0.9363957597173145,0.9363957597173145,false
Evanston 17042,small_mf,individual,4,27,9,59,0.4444444444444444,0.4576271186440678,false
Lake View 73092,condo_unit,unknown,41,41,1318,1318,0.03110773899848255,0.03110773899848255,false
Rich 32350,sfr_1_4,partnership,1,1,95,95,0.010526315789473684,0.010526315789473684,false
Bremen 13330,sfr_1_4,lender_reo,1,1,136,136,0.007352941176470588,0.007352941176470588,false
West Chicago 77102,sfr_1_4,individual,4447,8698,5220,10368,0.8519157088122605,0.8389274691358025,false
Northfield 25260,sfr_1_4,llc,1,1,911,911,0.0010976948408342481,0.0010976948408342481,false
Evanston 17220,sfr_1_4,corp,2,2,784,951,0.002551020408163265,0.002103049421661409,false
Worth 39132,condo_unit,individual,5,5,5,5,,,true
Jefferson 71520,small_mf,unknown,2,12,28,186,0.07142857142857142,0.06451612903225806,false
West Chicago 77120,mixed_use_res,trust,1,4,381,1322,0.0026246719160104987,0.0030257186081694403,false
Wheeling 38040,condo_unit,unknown,58,58,1532,1532,0.037859007832898174,0.037859007832898174,false
West Chicago 77030,small_mf,trust,1,6,516,3329,0.001937984496124031,0.0018023430459597476,false
New Trier 23171,sfr_1_4,llc,14,16,190,192,0.07368421052631578,0.08333333333333333,false
Evanston 17043,condo_unit,trust,41,41,1033,1033,0.03969022265246854,0.03969022265246854,false
North Chicago 74022,coop_building,coop_corp,31,31,32,32,0.96875,0.96875,false
Thornton 37181,small_mf,individual,55,357,92,592,0.5978260869565217,0.6030405405405406,false
Maine 22085,sfr_1_4,unknown,75,80,3745,3991,0.020026702269692925,0.020045101478326235,false
Jefferson 71180,small_mf,unknown,30,196,186,1208,0.16129032258064516,0.16225165562913907,false
North Chicago 74012,sfr_1_4,lender_reo,6,11,3461,4972,0.0017336030049118752,0.0022123893805309734,false
Northfield 25400,sfr_1_4,lender_reo,1,1,201,201,0.004975124378109453,0.004975124378109453,false
Cicero 15025,small_mf,individual,3,19,4,25,0.75,0.76,false
Maine 22130,small_mf,unknown,2,12,81,486,0.024691358024691357,0.024691358024691357,false
Cicero 15085,sfr_1_4,corp,3,4,753,848,0.00398406374501992,0.0047169811320754715,false
Hyde Park 70130,sfr_1_4,lender_reo,17,17,4445,4752,0.0038245219347581554,0.0035774410774410776,false
Hyde Park 70151,sfr_1_4,unknown,8,10,302,330,0.026490066225165563,0.030303030303030304,false
Lake View 73044,condo_unit,llc,3,3,263,263,0.011406844106463879,0.011406844106463879,false
Thornton 37181,sfr_1_4,llc,119,161,4252,4561,0.027986829727187208,0.03529927647445735,false
Bloom 12052,sfr_1_4,individual,216,216,229,229,0.9432314410480349,0.9432314410480349,false
Schaumburg 35140,sfr_1_4,llc,1,1,96,96,0.010416666666666666,0.010416666666666666,false
Lake View 73031,mixed_use_res,unknown,7,25,106,378,0.0660377358490566,0.06613756613756613,false
Jefferson 71101,sfr_1_4,llc,13,29,1742,2352,0.007462686567164179,0.012329931972789115,false
Jefferson 71110,mixed_use_res,trust,1,4,73,243,0.0136986301369863,0.01646090534979424,false
Leyden 20081,sfr_1_4,individual,2309,2488,2403,2598,0.9608822305451519,0.9576597382602001,false
Proviso 31060,small_mf,individual,35,218,78,489,0.44871794871794873,0.4458077709611452,false
Evanston 17041,small_mf,corp,3,21,43,292,0.06976744186046512,0.07191780821917808,false
Worth 39131,small_mf,unknown,17,111,41,262,0.4146341463414634,0.42366412213740456,false
Thornton 37161,condo_unit,individual,46,46,48,48,0.9583333333333334,0.9583333333333334,false
Rich 32201,sfr_1_4,unknown,6,6,158,158,0.0379746835443038,0.0379746835443038,false
Cicero 15080,sfr_1_4,trust,2,2,1565,1689,0.0012779552715654952,0.0011841326228537595,false
Jefferson 71260,condo_unit,individual,100,100,144,144,0.6944444444444444,0.6944444444444444,false
Hyde Park 70210,small_mf,corp,1,7,30,190,0.03333333333333333,0.03684210526315789,false
Niles 24081,mixed_use_res,llc,2,4,23,62,0.08695652173913043,0.06451612903225806,false
Northfield 25200,sfr_1_4,individual,1145,1145,1261,1261,0.9080095162569389,0.9080095162569389,false
Niles 24140,sfr_1_4,trust,1,1,83,83,0.012048192771084338,0.012048192771084338,false
Evanston 17080,mixed_use_res,unknown,4,15,16,61,0.25,0.2459016393442623,false
Hyde Park 70010,condo_unit,lender_reo,16,16,4032,4032,0.003968253968253968,0.003968253968253968,false
Palos 30092,sfr_1_4,unknown,4,4,265,265,0.01509433962264151,0.01509433962264151,false
Worth 39211,condo_unit,trust,6,6,377,377,0.015915119363395226,0.015915119363395226,false
Worth 39010,mixed_use_res,unknown,1,2,5,12,0.2,0.16666666666666666,false
Hyde Park 70140,mixed_use_res,llc,2,5,59,225,0.03389830508474576,0.022222222222222223,false
Worth 39310,sfr_1_4,unknown,52,54,1480,1499,0.03513513513513514,0.03602401601067378,false
Bremen 13100,condo_unit,unknown,9,9,454,454,0.019823788546255508,0.019823788546255508,false
Jefferson 71371,small_mf,trust,1,6,77,476,0.012987012987012988,0.012605042016806723,false
Bremen 13151,sfr_1_4,trust,2,2,580,580,0.0034482758620689655,0.0034482758620689655,false
Bremen 13260,sfr_1_4,corp,25,25,2003,2003,0.012481278082875686,0.012481278082875686,false
Barrington 10031,sfr_1_4,partnership,2,2,950,950,0.002105263157894737,0.002105263157894737,false
Lyons 21032,mixed_use_res,individual,6,20,6,20,1.0,1.0,false
Thornton 37101,small_mf,unknown,6,38,27,181,0.2222222222222222,0.20994475138121546,false
Wheeling 38022,sfr_1_4,lender_reo,5,5,1190,1190,0.004201680672268907,0.004201680672268907,false
Maine 22091,condo_unit,unknown,29,29,1184,1184,0.024493243243243243,0.024493243243243243,false
Lake 72071,sfr_1_4,individual,2391,3270,2530,3498,0.9450592885375494,0.934819897084048,false
Proviso 31200,sfr_1_4,lender_reo,2,4,422,533,0.004739336492890996,0.0075046904315197,false
South Chicago 76011,mixed_use_res,individual,9,33,15,54,0.6,0.6111111111111112,false
Cicero 15072,sfr_1_4,lender_reo,1,1,676,917,0.0014792899408284023,0.0010905125408942203,false
Bloom 12061,sfr_1_4,unknown,74,74,2080,2082,0.035576923076923075,0.03554274735830932,false
Palatine 29060,sfr_1_4,individual,3606,3705,3802,3931,0.9484481851657023,0.9425082676163826,false
New Trier 23170,sfr_1_4,unknown,20,20,362,362,0.055248618784530384,0.055248618784530384,false
Jefferson 71430,mixed_use_res,llc,4,16,29,94,0.13793103448275862,0.1702127659574468,false
Maine 22150,small_mf,individual,9,58,22,148,0.4090909090909091,0.3918918918918919,false
Maine 22093,sfr_1_4,unknown,134,134,854,854,0.15690866510538642,0.15690866510538642,false
West Chicago 77104,small_mf,lender_reo,10,70,35,245,0.2857142857142857,0.2857142857142857,false
Hyde Park 70240,mixed_use_res,llc,1,2,56,178,0.017857142857142856,0.011235955056179775,false
New Trier 23120,condo_unit,llc,2,2,359,359,0.005571030640668524,0.005571030640668524,false
Wheeling 38071,sfr_1_4,unknown,37,37,1314,1314,0.02815829528158295,0.02815829528158295,false
Lake View 73070,condo_unit,trust,9,9,1207,1207,0.007456503728251864,0.007456503728251864,false
Orland 28036,sfr_1_4,lender_reo,6,6,2654,2657,0.002260738507912585,0.002258185923974407,false
Stickney 36012,sfr_1_4,trust,14,14,2156,2226,0.006493506493506494,0.006289308176100629,false
Bremen 13316,sfr_1_4,trust,6,6,431,431,0.013921113689095127,0.013921113689095127,false
Wheeling 38026,sfr_1_4,trust,1,1,449,449,0.0022271714922048997,0.0022271714922048997,false
Bremen 13270,sfr_1_4,individual,703,703,758,758,0.9274406332453826,0.9274406332453826,false
Schaumburg 35103,sfr_1_4,individual,264,264,272,272,0.9705882352941176,0.9705882352941176,false
Bremen 13152,sfr_1_4,llc,4,4,542,545,0.007380073800738007,0.007339449541284404,false
New Trier 23044,mixed_use_res,llc,4,16,9,32,0.4444444444444444,0.5,false
Rich 32255,small_mf,unknown,2,14,4,28,0.5,0.5,false
Lake View 73070,small_mf,llc,21,140,71,464,0.29577464788732394,0.3017241379310345,false
Lake 72422,mixed_use_res,llc,1,2,14,50,0.07142857142857142,0.04,false
Hanover 18060,small_mf,llc,1,7,1,7,,,true
Worth 39220,sfr_1_4,corp,1,1,362,380,0.0027624309392265192,0.002631578947368421,false
Cicero 15020,sfr_1_4,corp,4,6,830,1549,0.004819277108433735,0.003873466752743706,false
Lake 72321,small_mf,individual,3,19,6,38,0.5,0.5,false
Rich 32151,sfr_1_4,individual,371,371,389,389,0.9537275064267352,0.9537275064267352,false
Jefferson 71210,mixed_use_res,trust,1,3,64,216,0.015625,0.013888888888888888,false
Worth 39082,small_mf,trust,1,7,15,102,0.06666666666666667,0.06862745098039216,false
Maine 22100,sfr_1_4,trust,6,6,333,333,0.018018018018018018,0.018018018018018018,false
Hanover 18060,sfr_1_4,trust,1,1,488,488,0.0020491803278688526,0.0020491803278688526,false
Evanston 17090,small_mf,corp,3,21,39,270,0.07692307692307693,0.07777777777777778,false
Palos 30022,condo_unit,individual,423,423,453,453,0.9337748344370861,0.9337748344370861,false
Orland 28040,condo_unit,unknown,10,10,172,172,0.05813953488372093,0.05813953488372093,false
Rich 32070,sfr_1_4,partnership,2,2,593,593,0.003372681281618887,0.003372681281618887,false
Lake View 73081,small_mf,individual,54,352,121,801,0.4462809917355372,0.4394506866416979,false
Thornton 37061,condo_unit,unknown,2,2,87,87,0.022988505747126436,0.022988505747126436,false
Lake View 73063,small_mf,unknown,15,102,96,645,0.15625,0.15813953488372093,false
Hyde Park 70180,mixed_use_res,corp,1,4,33,109,0.030303030303030304,0.03669724770642202,false
Jefferson 71120,sfr_1_4,lender_reo,5,8,3505,4879,0.0014265335235378032,0.001639680262348842,false
Lake View 73012,mixed_use_res,individual,22,71,29,94,0.7586206896551724,0.7553191489361702,false
Schaumburg 35115,sfr_1_4,unknown,6,6,251,251,0.02390438247011952,0.02390438247011952,false
Evanston 17042,small_mf,unknown,1,6,9,59,0.1111111111111111,0.1016949152542373,false
Lake 72170,small_mf,corp,1,6,86,539,0.011627906976744186,0.011131725417439703,false
West Chicago 77051,sfr_1_4,llc,50,145,630,1451,0.07936507936507936,0.09993108201240523,false
Palos 30061,mixed_use_res,corp,1,3,4,13,0.25,0.23076923076923078,false
Maine 22085,condo_unit,unknown,6,6,347,347,0.01729106628242075,0.01729106628242075,false
Northfield 25160,sfr_1_4,trust,43,43,1846,1862,0.023293607800650054,0.02309344790547798,false
West Chicago 77040,mixed_use_res,unknown,3,14,69,251,0.043478260869565216,0.055776892430278883,false
West Chicago 77030,mixed_use_res,individual,227,835,369,1414,0.6151761517615176,0.5905233380480905,false
Wheeling 38045,sfr_1_4,lender_reo,1,1,603,603,0.001658374792703151,0.001658374792703151,false
Wheeling 38081,small_mf,individual,6,41,17,118,0.35294117647058826,0.3474576271186441,false
Hyde Park 70250,sfr_1_4,llc,11,13,537,557,0.020484171322160148,0.02333931777378815,false
West Chicago 77103,other_res,individual,1,1,1,1,,,true
North Chicago 74012,sfr_1_4,corp,17,34,3461,4972,0.004911875180583647,0.006838294448913918,false
Norwood Park 26040,sfr_1_4,trust,19,19,1447,1453,0.013130615065653075,0.01307639366827254,false
Proviso 31041,sfr_1_4,lender_reo,3,3,1195,1378,0.002510460251046025,0.0021770682148040637,false
Proviso 31170,condo_unit,individual,5,5,11,11,0.45454545454545453,0.45454545454545453,false
Lyons 21102,sfr_1_4,individual,1246,1320,1310,1387,0.9511450381679389,0.9516943042537851,false
Jefferson 71362,sfr_1_4,llc,17,30,2115,2268,0.008037825059101654,0.013227513227513227,false
Jefferson 71600,condo_unit,individual,769,769,903,903,0.8516057585825028,0.8516057585825028,false
Hanover 18082,mixed_use_res,unknown,1,2,2,5,,,true
Rich 32340,condo_unit,llc,2,2,88,88,0.022727272727272728,0.022727272727272728,false
Jefferson 71250,small_mf,llc,3,19,21,129,0.14285714285714285,0.14728682170542637,false
Hyde Park 70091,sfr_1_4,partnership,1,1,524,524,0.0019083969465648854,0.0019083969465648854,false
Schaumburg 35107,sfr_1_4,individual,269,269,280,280,0.9607142857142857,0.9607142857142857,false
West Chicago 77052,sfr_1_4,unknown,55,130,690,1492,0.07971014492753623,0.0871313672922252,false
Hyde Park 70120,sfr_1_4,llc,116,206,3174,4681,0.036546943919344675,0.04400769066438795,false
Jefferson 71081,condo_unit,individual,1695,1695,1941,1941,0.8732612055641422,0.8732612055641422,false
Jefferson 71021,small_mf,individual,4,28,7,49,0.5714285714285714,0.5714285714285714,false
Jefferson 71410,mixed_use_res,lender_reo,2,4,56,184,0.03571428571428571,0.021739130434782608,false
Palos 30051,sfr_1_4,unknown,16,16,451,451,0.03547671840354767,0.03547671840354767,false
West Chicago 77020,small_mf,unknown,18,112,131,834,0.13740458015267176,0.1342925659472422,false
Jefferson 71250,sfr_1_4,individual,1538,2011,1603,2099,0.9594510293200249,0.9580752739399714,false
Rich 32151,sfr_1_4,trust,3,3,389,389,0.007712082262210797,0.007712082262210797,false
Lake View 73032,mixed_use_res,individual,35,121,58,206,0.603448275862069,0.587378640776699,false
Rich 32222,sfr_1_4,llc,1,1,551,551,0.0018148820326678765,0.0018148820326678765,false
Worth 39211,small_mf,lender_reo,1,7,53,342,0.018867924528301886,0.02046783625730994,false
Palos 30054,sfr_1_4,unknown,26,26,553,553,0.04701627486437613,0.04701627486437613,false
Thornton 37181,condo_unit,lender_reo,4,4,271,271,0.014760147601476014,0.014760147601476014,false
Worth 39131,small_mf,partnership,3,21,41,262,0.07317073170731707,0.08015267175572519,false
Bloom 12072,sfr_1_4,lender_reo,3,3,593,743,0.00505902192242833,0.004037685060565276,false
South Chicago 76040,sfr_1_4,corp,1,4,184,220,0.005434782608695652,0.01818181818181818,false
Maine 22143,sfr_1_4,individual,170,173,177,180,0.96045197740113,0.9611111111111111,false
Maine 22070,condo_unit,unknown,1,1,12,12,0.08333333333333333,0.08333333333333333,false
Leyden 20050,small_mf,unknown,3,21,42,285,0.07142857142857142,0.07368421052631578,false
Lake 72092,mixed_use_res,individual,23,79,28,96,0.8214285714285714,0.8229166666666666,false
Worth 39010,condo_unit,corp,3,3,415,415,0.007228915662650603,0.007228915662650603,false
Palatine 29083,sfr_1_4,trust,12,12,1134,1134,0.010582010582010581,0.010582010582010581,false
Maine 22091,sfr_1_4,individual,231,235,263,267,0.8783269961977186,0.8801498127340824,false
Palatine 29050,sfr_1_4,corp,9,24,1297,1377,0.006939090208172706,0.017429193899782137,false
Northfield 25132,mixed_use_res,individual,5,16,7,24,0.7142857142857143,0.6666666666666666,false
Bremen 13152,sfr_1_4,lender_reo,4,4,542,545,0.007380073800738007,0.007339449541284404,false
Hyde Park 70140,mixed_use_res,corp,2,10,59,225,0.03389830508474576,0.044444444444444446,false
Hanover 18010,sfr_1_4,individual,2071,2071,2588,2588,0.8002318392581144,0.8002318392581144,false
Worth 39080,mixed_use_res,llc,3,10,41,105,0.07317073170731707,0.09523809523809523,false
West Chicago 77051,sfr_1_4,lender_reo,3,8,630,1451,0.004761904761904762,0.005513439007580979,false
Evanston 17013,sfr_1_4,corp,3,4,1239,1286,0.002421307506053269,0.003110419906687403,false
Leyden 20040,sfr_1_4,unknown,15,15,771,771,0.019455252918287938,0.019455252918287938,false
Lake 72091,mixed_use_res,individual,78,276,87,308,0.896551724137931,0.8961038961038961,false
Rich 32045,sfr_1_4,unknown,13,13,578,602,0.02249134948096886,0.02159468438538206,false
New Trier 23080,sfr_1_4,unknown,30,30,608,608,0.049342105263157895,0.049342105263157895,false
Lake 72121,sfr_1_4,trust,4,4,2490,2738,0.001606425702811245,0.0014609203798392988,false
Orland 28088,sfr_1_4,individual,537,537,550,550,0.9763636363636363,0.9763636363636363,false
Oak Park 27090,sfr_1_4,trust,11,11,735,857,0.014965986394557823,0.012835472578763127,false
North Chicago 74022,small_mf,individual,41,271,151,1032,0.271523178807947,0.2625968992248062,false
Rich 32180,small_mf,llc,2,13,33,199,0.06060606060606061,0.06532663316582915,false
Hyde Park 70140,sfr_1_4,trust,2,3,681,1327,0.002936857562408223,0.002260738507912585,false
Hyde Park 70121,mixed_use_res,unknown,2,4,15,44,0.13333333333333333,0.09090909090909091,false
Jefferson 71082,small_mf,unknown,38,250,251,1670,0.15139442231075698,0.1497005988023952,false
Maine 22031,sfr_1_4,trust,18,18,1930,2009,0.00932642487046632,0.008959681433549029,false
Rich 32201,condo_unit,trust,1,1,30,30,0.03333333333333333,0.03333333333333333,false
Wheeling 38050,small_mf,unknown,4,28,7,49,0.5714285714285714,0.5714285714285714,false
Lemont 19010,condo_unit,unknown,2,2,156,156,0.01282051282051282,0.01282051282051282,false
Lake 72092,small_mf,unknown,16,108,169,1137,0.09467455621301775,0.09498680738786279,false
Worth 39071,mixed_use_res,llc,1,2,16,37,0.0625,0.05405405405405406,false
Elk Grove 16062,sfr_1_4,partnership,4,4,3211,3211,0.0012457178449081284,0.0012457178449081284,false
Rogers Park 75022,sfr_1_4,corp,2,6,976,1608,0.0020491803278688526,0.0037313432835820895,false
Rich 32320,sfr_1_4,lender_reo,1,1,317,317,0.0031545741324921135,0.0031545741324921135,false
Bloom 12091,sfr_1_4,unknown,19,22,423,519,0.04491725768321513,0.04238921001926782,false
Schaumburg 35106,sfr_1_4,trust,3,3,132,132,0.022727272727272728,0.022727272727272728,false
Niles 24052,condo_unit,corp,2,2,996,996,0.002008032128514056,0.002008032128514056,false
Wheeling 38070,sfr_1_4,llc,19,23,4133,4224,0.004597144931042826,0.005445075757575758,false
Worth 39122,sfr_1_4,individual,1732,1732,1811,1811,0.9563776918829376,0.9563776918829376,false
Rich 32232,sfr_1_4,trust,1,1,277,277,0.0036101083032490976,0.0036101083032490976,false
Worth 39160,mixed_use_res,corp,1,2,9,21,0.1111111111111111,0.09523809523809523,false
Hyde Park 70080,mixed_use_res,unknown,6,20,58,196,0.10344827586206896,0.10204081632653061,false
Niles 24150,sfr_1_4,llc,2,3,432,433,0.004629629629629629,0.006928406466512702,false
Wheeling 38051,small_mf,individual,15,90,25,150,0.6,0.6,false
Proviso 31110,mixed_use_res,individual,17,71,25,87,0.68,0.8160919540229885,false
Lake 72051,sfr_1_4,trust,2,3,1098,1922,0.0018214936247723133,0.0015608740894901144,false
Hyde Park 70080,mixed_use_res,corp,1,3,58,196,0.017241379310344827,0.015306122448979591,false
Schaumburg 35040,sfr_1_4,llc,35,35,5660,5660,0.006183745583038869,0.006183745583038869,false
Niles 24032,mixed_use_res,individual,4,14,7,21,0.5714285714285714,0.6666666666666666,false
Lake View 73044,small_mf,individual,9,58,24,156,0.375,0.3717948717948718,false
Worth 39130,small_mf,unknown,2,10,30,169,0.06666666666666667,0.05917159763313609,false
Calumet 14040,small_mf,individual,2,13,4,26,0.5,0.5,false
Proviso 31151,sfr_1_4,individual,317,320,333,337,0.9519519519519519,0.9495548961424333,false
Jefferson 71150,condo_unit,individual,638,638,695,695,0.9179856115107914,0.9179856115107914,false
Lake 72300,small_mf,individual,12,79,22,146,0.5454545454545454,0.541095890410959,false
Bremen 13032,small_mf,individual,41,245,66,395,0.6212121212121212,0.620253164556962,false
Lake 72212,mixed_use_res,unknown,3,13,34,127,0.08823529411764706,0.10236220472440945,false
Niles 24081,small_mf,lender_reo,1,7,33,220,0.030303030303030304,0.031818181818181815,false
Lake 72052,small_mf,unknown,4,27,10,69,0.4,0.391304347826087,false
Lemont 19010,small_mf,individual,14,90,34,223,0.4117647058823529,0.40358744394618834,false
Thornton 37092,sfr_1_4,lender_reo,10,10,2973,2979,0.003363605785401951,0.003356831151393085,false
Proviso 31031,sfr_1_4,individual,1137,1175,1251,1292,0.9088729016786571,0.9094427244582043,false
Lake 72070,small_mf,llc,28,196,173,1188,0.16184971098265896,0.16498316498316498,false
Evanston 17013,condo_unit,unknown,9,9,390,390,0.023076923076923078,0.023076923076923078,false
Oak Park 27041,mixed_use_res,unknown,1,2,4,12,0.25,0.16666666666666666,false
Lake 72222,sfr_1_4,trust,3,7,444,897,0.006756756756756757,0.007803790412486065,false
Hyde Park 70121,condo_unit,llc,3,3,49,49,0.061224489795918366,0.061224489795918366,false
Evanston 17013,condo_unit,llc,5,5,390,390,0.01282051282051282,0.01282051282051282,false
Cicero 15015,sfr_1_4,individual,920,1173,946,1210,0.9725158562367865,0.9694214876033058,false
Proviso 31050,small_mf,unknown,8,53,28,180,0.2857142857142857,0.29444444444444445,false
Lyons 21022,sfr_1_4,partnership,1,1,1143,1174,0.0008748906386701663,0.0008517887563884157,false
Lake 72312,sfr_1_4,unknown,113,118,2342,2510,0.04824935952177626,0.04701195219123506,false
Schaumburg 35105,condo_unit,lender_reo,1,1,360,360,0.002777777777777778,0.002777777777777778,false
Jefferson 71250,small_mf,unknown,1,7,21,129,0.047619047619047616,0.05426356589147287,false
Maine 22150,condo_unit,llc,11,11,522,522,0.0210727969348659,0.0210727969348659,false
Oak Park 27020,sfr_1_4,individual,1296,1432,1366,1514,0.9487554904831625,0.9458388375165125,false
Oak Park 27020,coop_building,coop_corp,2,2,2,2,,,true
Lake 72151,sfr_1_4,unknown,19,25,756,876,0.02513227513227513,0.028538812785388126,false
Bremen 13100,sfr_1_4,trust,7,7,816,817,0.00857843137254902,0.008567931456548347,false
Bremen 13260,condo_unit,llc,4,4,186,186,0.021505376344086023,0.021505376344086023,false
Bremen 13240,sfr_1_4,lender_reo,12,12,1909,1909,0.006286013619696176,0.006286013619696176,false
Jefferson 71362,mixed_use_res,unknown,1,6,15,59,0.06666666666666667,0.1016949152542373,false
Thornton 37181,condo_unit,individual,238,238,271,271,0.8782287822878229,0.8782287822878229,false
Jefferson 71074,mixed_use_res,unknown,1,3,25,82,0.04,0.036585365853658534,false
Rich 32170,sfr_1_4,llc,3,3,403,403,0.007444168734491315,0.007444168734491315,false
New Trier 23094,condo_unit,individual,19,19,19,19,1.0,1.0,false
Lemont 19040,sfr_1_4,trust,5,5,320,321,0.015625,0.01557632398753894,false
West Chicago 77170,other_res,individual,2,2,2,2,,,true
Lyons 21031,condo_unit,trust,9,9,155,155,0.05806451612903226,0.05806451612903226,false
Orland 28011,sfr_1_4,individual,1500,1500,1551,1551,0.9671179883945842,0.9671179883945842,false
Bremen 13170,mixed_use_res,individual,18,61,31,100,0.5806451612903226,0.61,false
Rich 32224,condo_unit,unknown,6,6,199,199,0.03015075376884422,0.03015075376884422,false
Northfield 25072,sfr_1_4,unknown,43,43,1570,1570,0.027388535031847135,0.027388535031847135,false
Cicero 15040,sfr_1_4,trust,1,2,889,1565,0.0011248593925759281,0.0012779552715654952,false
Oak Park 27010,mixed_use_res,individual,6,19,12,36,0.5,0.5277777777777778,false
Jefferson 71430,sfr_1_4,partnership,3,7,5165,5351,0.0005808325266214908,0.001308166697813493,false
Hyde Park 70180,sfr_1_4,trust,19,19,3829,4100,0.004962131104727083,0.004634146341463414,false
Wheeling 38071,sfr_1_4,lender_reo,1,1,1314,1314,0.00076103500761035,0.00076103500761035,false
Rich 32070,sfr_1_4,individual,559,559,593,593,0.9426644182124789,0.9426644182124789,false
Northfield 25160,small_mf,individual,7,43,8,50,0.875,0.86,false
Jefferson 71402,sfr_1_4,trust,16,25,1111,1629,0.0144014401440144,0.015346838551258441,false
Elk Grove 16100,condo_unit,unknown,107,107,894,894,0.11968680089485459,0.11968680089485459,false
Niles 24052,sfr_1_4,trust,8,8,641,688,0.0124804992199688,0.011627906976744186,false
Schaumburg 35107,sfr_1_4,llc,1,1,280,280,0.0035714285714285713,0.0035714285714285713,false
Jefferson 71200,sfr_1_4,unknown,174,200,7151,8207,0.024332261222206684,0.024369440721335445,false
Jefferson 71070,mixed_use_res,individual,221,757,300,1041,0.7366666666666667,0.7271853986551393,false
Jefferson 71250,small_mf,individual,14,85,21,129,0.6666666666666666,0.6589147286821705,false
Evanston 17120,condo_unit,unknown,3,3,253,253,0.011857707509881422,0.011857707509881422,false
West Chicago 77030,condo_unit,corp,101,101,3991,3991,0.025306940616386872,0.025306940616386872,false
Berwyn 11040,small_mf,individual,43,269,62,395,0.6935483870967742,0.6810126582278481,false
Hyde Park 70080,sfr_1_4,trust,43,58,8526,11082,0.005043396669012433,0.005233712326294893,false
Lake 72281,small_mf,llc,6,41,25,171,0.24,0.23976608187134502,false
Rich 32180,small_mf,individual,26,156,33,199,0.7878787878787878,0.7839195979899497,false
Bloom 12033,condo_unit,trust,1,1,252,252,0.003968253968253968,0.003968253968253968,false
Bloom 12071,sfr_1_4,unknown,80,80,867,873,0.0922722029988466,0.09163802978235967,false
Palatine 29130,sfr_1_4,unknown,1,1,83,83,0.012048192771084338,0.012048192771084338,false
Thornton 37171,small_mf,llc,3,21,7,49,0.42857142857142855,0.42857142857142855,false
Berwyn 11030,mixed_use_res,individual,23,85,25,93,0.92,0.9139784946236559,false
Bremen 13010,sfr_1_4,unknown,37,37,1387,1471,0.026676279740447006,0.02515295717199184,false
Thornton 37063,sfr_1_4,llc,3,3,191,203,0.015706806282722512,0.014778325123152709,false
Hyde Park 70083,condo_unit,trust,14,14,1493,1493,0.009377093101138647,0.009377093101138647,false
Niles 24052,condo_unit,lender_reo,1,1,996,996,0.001004016064257028,0.001004016064257028,false
Palos 30054,sfr_1_4,lender_reo,2,2,553,553,0.003616636528028933,0.003616636528028933,false
Jefferson 71071,condo_unit,llc,18,18,351,351,0.05128205128205128,0.05128205128205128,false
Wheeling 38070,sfr_1_4,trust,55,56,4133,4224,0.013307524800387127,0.013257575757575758,false
Worth 39071,sfr_1_4,individual,2109,2187,2204,2286,0.9568965517241379,0.9566929133858267,false
Bremen 13260,condo_unit,unknown,10,10,186,186,0.053763440860215055,0.053763440860215055,false
Maine 22031,sfr_1_4,unknown,42,44,1930,2009,0.021761658031088083,0.021901443504230962,false
Proviso 31141,sfr_1_4,partnership,1,1,2047,2211,0.0004885197850512946,0.0004522840343735866,false
Lyons 21133,sfr_1_4,individual,133,133,166,166,0.8012048192771084,0.8012048192771084,false
Worth 39210,sfr_1_4,partnership,1,1,1628,1793,0.0006142506142506142,0.0005577244841048522,false
Jefferson 71090,small_mf,llc,12,77,78,483,0.15384615384615385,0.15942028985507245,false
Barrington 10031,sfr_1_4,trust,21,21,950,950,0.022105263157894735,0.022105263157894735,false
Jefferson 71200,sfr_1_4,trust,47,63,7151,8207,0.006572507341630542,0.0076763738272206655,false
Lyons 21111,sfr_1_4,unknown,74,77,2356,2492,0.031409168081494056,0.03089887640449438,false
Palos 30012,condo_unit,trust,3,3,207,207,0.014492753623188406,0.014492753623188406,false
Jefferson 71390,condo_unit,unknown,145,145,2771,2771,0.0523276795380729,0.0523276795380729,false
Lake 72422,condo_unit,trust,2,2,195,195,0.010256410256410256,0.010256410256410256,false
Lake 72423,condo_unit,individual,135,135,183,183,0.7377049180327869,0.7377049180327869,false
Bloom 12021,condo_unit,trust,1,1,96,96,0.010416666666666666,0.010416666666666666,false
Palatine 29043,small_mf,llc,50,346,76,503,0.6578947368421053,0.6878727634194831,false
Proviso 31110,mixed_use_res,unknown,3,6,25,87,0.12,0.06896551724137931,false
Oak Park 27100,mixed_use_res,unknown,1,2,14,44,0.07142857142857142,0.045454545454545456,false
Thornton 37023,small_mf,individual,17,103,31,199,0.5483870967741935,0.5175879396984925,false
Evanston 17080,sfr_1_4,individual,632,785,671,845,0.9418777943368107,0.9289940828402367,false
Lyons 21042,sfr_1_4,corp,8,15,2707,3257,0.0029553010712966383,0.00460546515198035,false
Hyde Park 70080,sfr_1_4,unknown,445,598,8526,11082,0.05219329110954727,0.05396137881248872,false
Worth 39140,condo_unit,individual,868,868,949,949,0.9146469968387777,0.9146469968387777,false
Bloom 12010,sfr_1_4,trust,5,5,1495,1507,0.0033444816053511705,0.0033178500331785005,false
Niles 24031,condo_unit,llc,265,265,3568,3568,0.0742713004484305,0.0742713004484305,false
Wheeling 38031,mixed_use_res,individual,3,9,3,9,,,true
South Chicago 76060,condo_unit,llc,1,1,159,159,0.006289308176100629,0.006289308176100629,false
Rich 32255,sfr_1_4,llc,2,2,394,396,0.005076142131979695,0.005050505050505051,false
Proviso 31091,sfr_1_4,unknown,35,50,1067,1518,0.03280224929709466,0.03293807641633729,false
Lake 72282,mixed_use_res,individual,20,73,29,105,0.6896551724137931,0.6952380952380952,false
Schaumburg 35030,sfr_1_4,lender_reo,3,3,2206,2206,0.0013599274705349048,0.0013599274705349048,false
Proviso 31103,sfr_1_4,individual,633,716,669,781,0.9461883408071748,0.9167733674775929,false
Evanston 17011,condo_unit,individual,112,112,122,122,0.9180327868852459,0.9180327868852459,false
Rich 32110,sfr_1_4,unknown,19,19,603,603,0.03150912106135987,0.03150912106135987,false
West Chicago 77085,sfr_1_4,llc,3,6,292,454,0.010273972602739725,0.013215859030837005,false
Schaumburg 35040,sfr_1_4,trust,40,40,5660,5660,0.007067137809187279,0.007067137809187279,false
Jefferson 71463,sfr_1_4,lender_reo,1,1,304,320,0.003289473684210526,0.003125,false
West Chicago 77141,sfr_1_4,partnership,1,4,3753,7688,0.0002664535038635758,0.0005202913631633715,false
Lake 72130,mixed_use_res,corp,1,2,68,252,0.014705882352941176,0.007936507936507936,false
Hyde Park 70170,sfr_1_4,llc,27,27,863,874,0.031286210892236384,0.030892448512585814,false
Bremen 13120,mixed_use_res,individual,5,14,5,14,1.0,1.0,false
Rich 32060,condo_unit,individual,67,67,75,75,0.8933333333333333,0.8933333333333333,false
Jefferson 71101,condo_unit,corp,2,2,291,291,0.006872852233676976,0.006872852233676976,false
West Chicago 77092,mixed_use_res,individual,15,52,17,60,0.8823529411764706,0.8666666666666667,false
Lyons 21052,small_mf,unknown,14,97,86,569,0.16279069767441862,0.1704745166959578,false
Lake 72070,sfr_1_4,individual,5318,7101,5514,7379,0.9644541167936163,0.9623255183629218,false
Lake 72345,condo_unit,individual,67,67,77,77,0.8701298701298701,0.8701298701298701,false
Hanover 18013,sfr_1_4,unknown,331,331,2110,2110,0.15687203791469195,0.15687203791469195,false
Rich 32120,small_mf,unknown,2,14,3,21,0.6666666666666666,0.6666666666666666,false
Bloom 12111,sfr_1_4,trust,5,7,841,1110,0.005945303210463734,0.006306306306306306,false
Proviso 31080,sfr_1_4,trust,18,18,3763,3862,0.0047834174860483655,0.004660797514241326,false
Proviso 31080,mixed_use_res,llc,1,3,21,85,0.047619047619047616,0.03529411764705882,false
Jefferson 71090,sfr_1_4,llc,21,48,3374,4571,0.006224066390041493,0.01050098446729381,false
Jefferson 71270,sfr_1_4,llc,15,28,1731,2440,0.008665511265164644,0.011475409836065573,false
Maine 22150,mixed_use_res,unknown,1,4,13,46,0.07692307692307693,0.08695652173913043,false
Lake 72321,sfr_1_4,llc,106,111,3769,3913,0.028124170867604138,0.028366981855353947,false
Lake 72191,sfr_1_4,corp,3,3,1109,1109,0.002705139765554554,0.002705139765554554,false
Cicero 15020,condo_unit,llc,5,5,53,53,0.09433962264150944,0.09433962264150944,false
Lake 72194,condo_unit,trust,1,1,443,443,0.002257336343115124,0.002257336343115124,false
Niles 24081,small_mf,corp,3,21,33,220,0.09090909090909091,0.09545454545454546,false
West Chicago 77132,small_mf,corp,2,14,173,1119,0.011560693641618497,0.012511170688114389,false
Rich 32050,sfr_1_4,lender_reo,1,1,319,319,0.003134796238244514,0.003134796238244514,false
Schaumburg 35140,sfr_1_4,trust,2,2,96,96,0.020833333333333332,0.020833333333333332,false
Proviso 31160,sfr_1_4,individual,2072,2222,2206,2376,0.9392565729827742,0.9351851851851852,false
Lake 72345,condo_unit,unknown,6,6,77,77,0.07792207792207792,0.07792207792207792,false
Hyde Park 70070,condo_unit,lender_reo,5,5,1432,1432,0.0034916201117318434,0.0034916201117318434,false
Berwyn 11020,condo_unit,unknown,6,6,173,173,0.03468208092485549,0.03468208092485549,false
Thornton 37022,sfr_1_4,trust,2,2,637,694,0.0031397174254317113,0.002881844380403458,false
Northfield 25102,sfr_1_4,lender_reo,1,1,1727,1727,0.0005790387955993051,0.0005790387955993051,false
Lake View 73031,coop_building,coop_corp,4,4,4,4,,,true
Lyons 21151,sfr_1_4,corp,1,1,331,331,0.0030211480362537764,0.0030211480362537764,false
Thornton 37061,sfr_1_4,llc,112,136,3561,4011,0.031451839370963214,0.033906756419845425,false
Lake 72130,small_mf,llc,17,113,58,384,0.29310344827586204,0.2942708333333333,false
South Chicago 76042,sfr_1_4,corp,2,2,218,240,0.009174311926605505,0.008333333333333333,false
Jefferson 71081,sfr_1_4,llc,44,102,2904,5108,0.015151515151515152,0.019968676585747847,false
West Chicago 77132,small_mf,partnership,24,166,173,1119,0.13872832369942195,0.1483467381590706,false
Maine 22080,small_mf,individual,30,185,41,253,0.7317073170731707,0.7312252964426877,false
Lake View 73050,sfr_1_4,llc,9,12,213,395,0.04225352112676056,0.030379746835443037,false
Elk Grove 16100,condo_unit,lender_reo,1,1,894,894,0.0011185682326621924,0.0011185682326621924,false
Proviso 31152,sfr_1_4,individual,271,273,286,288,0.9475524475524476,0.9479166666666666,false
Jefferson 71180,mixed_use_res,lender_reo,1,2,251,863,0.00398406374501992,0.002317497103128621,false
Evanston 17120,small_mf,unknown,1,7,13,90,0.07692307692307693,0.07777777777777778,false
Northfield 25072,sfr_1_4,llc,11,11,1570,1570,0.0070063694267515925,0.0070063694267515925,false
Bremen 13240,sfr_1_4,corp,14,14,1909,1909,0.007333682556312206,0.007333682556312206,false
Jefferson 71021,sfr_1_4,lender_reo,2,2,1110,1121,0.0018018018018018018,0.001784121320249777,false
Bremen 13170,small_mf,unknown,7,46,47,297,0.14893617021276595,0.15488215488215487,false
Thornton 37021,sfr_1_4,partnership,4,4,3938,4092,0.001015744032503809,0.0009775171065493646,false
Thornton 37052,sfr_1_4,llc,22,24,892,1059,0.02466367713004484,0.0226628895184136,false
Lake View 73044,sfr_1_4,individual,275,361,304,405,0.9046052631578947,0.891358024691358,false
West Chicago 77141,condo_unit,partnership,4,4,839,839,0.004767580452920143,0.004767580452920143,false
Evanston 17200,mixed_use_res,individual,3,13,3,13,1.0,1.0,false
Barrington 10040,sfr_1_4,trust,1,1,737,737,0.0013568521031207597,0.0013568521031207597,false
Wheeling 38090,sfr_1_4,individual,21,21,21,21,1.0,1.0,false
Leyden 20020,condo_unit,corp,7,7,934,934,0.007494646680942184,0.007494646680942184,false
Jefferson 71081,sfr_1_4,partnership,2,3,2904,5108,0.0006887052341597796,0.0005873140172278779,false
Worth 39010,condo_unit,llc,4,4,415,415,0.00963855421686747,0.00963855421686747,false
Riverside 34040,small_mf,individual,3,17,4,22,0.75,0.7727272727272727,false
Worth 39110,condo_unit,unknown,9,9,316,316,0.028481012658227847,0.028481012658227847,false
Evanston 17042,condo_unit,individual,157,157,174,174,0.9022988505747126,0.9022988505747126,false
Rogers Park 75031,mixed_use_res,individual,38,133,50,171,0.76,0.7777777777777778,false
Rich 32151,sfr_1_4,lender_reo,5,5,389,389,0.012853470437017995,0.012853470437017995,false
Maine 22130,sfr_1_4,individual,899,905,939,945,0.9574014909478168,0.9576719576719577,false
Wheeling 38110,condo_unit,trust,1,1,262,262,0.003816793893129771,0.003816793893129771,false
Wheeling 38051,sfr_1_4,trust,11,11,1105,1105,0.009954751131221719,0.009954751131221719,false
Proviso 31040,sfr_1_4,unknown,32,39,791,897,0.040455120101137804,0.043478260869565216,false
Elk Grove 16012,condo_unit,unknown,21,21,510,510,0.041176470588235294,0.041176470588235294,false
Lake View 73070,sfr_1_4,lender_reo,2,4,2449,3909,0.0008166598611678236,0.0010232796111537478,false
Elk Grove 16062,small_mf,llc,10,68,36,226,0.2777777777777778,0.3008849557522124,false
Proviso 31080,mixed_use_res,individual,16,67,21,85,0.7619047619047619,0.788235294117647,false
Maine 22070,sfr_1_4,individual,856,856,893,893,0.9585666293393057,0.9585666293393057,false
Proviso 31031,small_mf,unknown,3,19,8,50,0.375,0.38,false
Orland 28022,sfr_1_4,trust,20,23,1369,1632,0.014609203798392988,0.014093137254901961,false
Evanston 17120,mixed_use_res,individual,1,5,3,14,0.3333333333333333,0.35714285714285715,false
Hyde Park 70100,sfr_1_4,corp,53,77,3953,6130,0.013407538578294966,0.012561174551386623,false
Orland 28034,sfr_1_4,unknown,23,23,384,384,0.059895833333333336,0.059895833333333336,false
Hyde Park 70130,small_mf,trust,3,19,30,200,0.1,0.095,false
Barrington 10024,sfr_1_4,corp,30,30,539,539,0.055658627087198514,0.055658627087198514,false
Thornton 37033,sfr_1_4,partnership,14,14,3580,3880,0.003910614525139665,0.0036082474226804126,false
Worth 39180,sfr_1_4,trust,12,12,719,719,0.016689847009735744,0.016689847009735744,false
Evanston 17042,condo_unit,llc,2,2,174,174,0.011494252873563218,0.011494252873563218,false
Maine 22111,small_mf,corp,1,7,19,126,0.05263157894736842,0.05555555555555555,false
Hyde Park 70250,sfr_1_4,lender_reo,3,3,537,557,0.00558659217877095,0.005385996409335727,false
Wheeling 38040,condo_unit,lender_reo,2,2,1532,1532,0.0013054830287206266,0.0013054830287206266,false
Worth 39160,sfr_1_4,corp,1,1,1313,1376,0.0007616146230007616,0.0007267441860465116,false
Orland 28100,sfr_1_4,individual,2806,2806,3062,3062,0.9163945133899413,0.9163945133899413,false
Hanover 18080,sfr_1_4,corp,1,1,144,147,0.006944444444444444,0.006802721088435374,false
Lake View 73050,condo_unit,individual,3501,3501,3780,3780,0.9261904761904762,0.9261904761904762,false
New Trier 23043,sfr_1_4,trust,12,12,460,461,0.02608695652173913,0.026030368763557483,false
Northfield 25082,sfr_1_4,llc,4,4,152,152,0.02631578947368421,0.02631578947368421,false
Lake 72312,sfr_1_4,trust,14,14,2342,2510,0.005977796754910333,0.005577689243027889,false
Jefferson 71022,condo_unit,unknown,1,1,17,17,0.058823529411764705,0.058823529411764705,false
Worth 39071,sfr_1_4,partnership,2,2,2204,2286,0.0009074410163339383,0.0008748906386701663,false
Calumet 14010,mixed_use_res,individual,2,6,5,12,0.4,0.5,false
Oak Park 27030,small_mf,llc,6,42,35,241,0.17142857142857143,0.17427385892116182,false
Lake 72070,condo_unit,individual,8,8,11,11,0.7272727272727273,0.7272727272727273,false
Schaumburg 35109,condo_unit,corp,10,10,1812,1812,0.005518763796909493,0.005518763796909493,false
Bremen 13080,sfr_1_4,trust,3,6,1135,1212,0.0026431718061674008,0.0049504950495049506,false
New Trier 23044,condo_unit,trust,1,1,37,37,0.02702702702702703,0.02702702702702703,false
Elk Grove 16061,condo_unit,trust,14,14,1301,1301,0.010760953112990008,0.010760953112990008,false
North Chicago 74030,condo_unit,llc,865,865,19344,19344,0.044716708023159635,0.044716708023159635,false
Riverside 34020,mixed_use_res,unknown,1,3,11,34,0.09090909090909091,0.08823529411764706,false
Orland 28040,sfr_1_4,corp,7,7,1338,1338,0.00523168908819133,0.00523168908819133,false
Jefferson 71371,condo_unit,trust,3,3,562,562,0.005338078291814947,0.005338078291814947,false
Jefferson 71371,sfr_1_4,trust,56,63,6044,6548,0.009265387160820648,0.009621258399511301,false
Bloom 12101,sfr_1_4,llc,30,55,1151,1583,0.026064291920069503,0.03474415666456096,false
Wheeling 38051,sfr_1_4,unknown,39,39,1105,1105,0.03529411764705882,0.03529411764705882,false
Stickney 36022,sfr_1_4,unknown,14,14,340,349,0.041176470588235294,0.04011461318051576,false
Evanston 17042,small_mf,corp,2,13,9,59,0.2222222222222222,0.22033898305084745,false
Hyde Park 70120,sfr_1_4,trust,22,34,3174,4681,0.006931316950220542,0.007263405255287332,false
Hyde Park 70240,small_mf,corp,2,14,20,124,0.1,0.11290322580645161,false
Cicero 15015,small_mf,llc,5,35,22,148,0.22727272727272727,0.23648648648648649,false
Northfield 25160,sfr_1_4,corp,4,4,1846,1862,0.0021668472372697724,0.0021482277121374865,false
Schaumburg 35071,sfr_1_4,lender_reo,1,1,744,744,0.0013440860215053765,0.0013440860215053765,false
Palos 30100,sfr_1_4,unknown,3,3,39,39,0.07692307692307693,0.07692307692307693,false
Leyden 20011,sfr_1_4,individual,463,488,480,506,0.9645833333333333,0.9644268774703557,false
Jefferson 71071,sfr_1_4,trust,24,27,2831,3731,0.008477569763334511,0.007236665773251139,false
Norwood Park 26040,mixed_use_res,llc,5,14,11,35,0.45454545454545453,0.4,false
North Chicago 74030,mixed_use_res,llc,16,58,66,240,0.24242424242424243,0.24166666666666667,false
Worth 39082,condo_unit,unknown,6,6,160,160,0.0375,0.0375,false
West Chicago 77011,mixed_use_res,llc,1,6,66,255,0.015151515151515152,0.023529411764705882,false
Rich 32340,condo_unit,individual,82,82,88,88,0.9318181818181818,0.9318181818181818,false
Leyden 20020,sfr_1_4,corp,7,9,2350,2637,0.0029787234042553193,0.0034129692832764505,false
Leyden 20081,sfr_1_4,trust,9,9,2403,2598,0.003745318352059925,0.003464203233256351,false
Palos 30022,small_mf,individual,26,167,35,223,0.7428571428571429,0.7488789237668162,false
Northfield 25420,sfr_1_4,trust,7,7,97,97,0.07216494845360824,0.07216494845360824,false
Cicero 15030,condo_unit,individual,63,63,70,70,0.9,0.9,false
Rogers Park 75022,condo_unit,lender_reo,4,4,2012,2012,0.0019880715705765406,0.0019880715705765406,false
Lake View 73032,sfr_1_4,individual,1251,1978,1371,2191,0.912472647702407,0.9027841168416249,false
Lake View 73120,sfr_1_4,unknown,28,60,649,1108,0.04314329738058552,0.05415162454873646,false
Bloom 12010,mixed_use_res,llc,2,11,10,32,0.2,0.34375,false
North Chicago 74030,sfr_1_4,trust,9,9,116,126,0.07758620689655173,0.07142857142857142,false
Proviso 31141,sfr_1_4,corp,5,5,2047,2211,0.002442598925256473,0.002261420171867933,false
Jefferson 71461,sfr_1_4,trust,46,46,2106,2162,0.02184235517568851,0.02127659574468085,false
Thornton 37011,sfr_1_4,llc,1,1,223,245,0.004484304932735426,0.004081632653061225,false
Riverside 34070,mixed_use_res,individual,4,9,5,15,0.8,0.6,false
Bloom 12051,sfr_1_4,trust,7,7,467,467,0.014989293361884369,0.014989293361884369,false
Rich 32190,sfr_1_4,partnership,3,3,630,630,0.004761904761904762,0.004761904761904762,false
Hanover 18015,sfr_1_4,individual,759,759,921,921,0.8241042345276873,0.8241042345276873,false
Lake 72171,sfr_1_4,corp,45,67,1756,2558,0.02562642369020501,0.02619233776387803,false
Lyons 21032,condo_unit,unknown,3,3,148,148,0.02027027027027027,0.02027027027027027,false
West Chicago 77060,small_mf,corp,2,14,109,720,0.01834862385321101,0.019444444444444445,false
Lake View 73081,small_mf,corp,4,26,121,801,0.03305785123966942,0.03245942571785269,false
New Trier 23021,sfr_1_4,unknown,23,23,686,686,0.033527696793002916,0.033527696793002916,false
Palatine 29100,condo_unit,individual,488,488,581,581,0.8399311531841652,0.8399311531841652,false
Schaumburg 35074,sfr_1_4,corp,2,2,793,793,0.0025220680958385876,0.0025220680958385876,false
Rogers Park 75023,sfr_1_4,llc,2,6,447,502,0.0044742729306487695,0.01195219123505976,false
Rogers Park 75032,condo_unit,llc,41,41,900,900,0.04555555555555556,0.04555555555555556,false
South Chicago 76010,mixed_use_res,unknown,2,9,9,34,0.2222222222222222,0.2647058823529412,false
Bremen 13270,sfr_1_4,unknown,28,28,758,758,0.036939313984168866,0.036939313984168866,false
New Trier 23022,sfr_1_4,lender_reo,1,1,1455,1459,0.0006872852233676976,0.0006854009595613434,false
Lyons 21042,mixed_use_res,unknown,2,10,47,165,0.0425531914893617,0.06060606060606061,false
West Chicago 77120,condo_unit,corp,67,67,5079,5079,0.013191573144319749,0.013191573144319749,false
Lyons 21022,sfr_1_4,llc,6,6,1143,1174,0.005249343832020997,0.005110732538330494,false
Lyons 21084,small_mf,individual,18,121,23,154,0.782608695652174,0.7857142857142857,false
Lake 72312,mixed_use_res,unknown,2,6,14,53,0.14285714285714285,0.11320754716981132,false
Northfield 25010,sfr_1_4,lender_reo,1,1,422,422,0.002369668246445498,0.002369668246445498,false
Worth 39020,mixed_use_res,individual,1,2,1,2,,,true
Bremen 13171,condo_unit,corp,5,5,228,228,0.021929824561403508,0.021929824561403508,false
Maine 22141,sfr_1_4,individual,369,369,383,383,0.9634464751958225,0.9634464751958225,false
Rich 32224,small_mf,individual,4,23,6,35,0.6666666666666666,0.6571428571428571,false
Riverside 34080,small_mf,llc,1,7,21,132,0.047619047619047616,0.05303030303030303,false
Lyons 21121,small_mf,llc,2,14,12,82,0.16666666666666666,0.17073170731707318,false
Bloom 12073,sfr_1_4,individual,603,603,630,630,0.9571428571428572,0.9571428571428572,false
Rogers Park 75010,sfr_1_4,corp,1,1,1666,1743,0.0006002400960384153,0.0005737234652897303,false
Palos 30022,small_mf,unknown,1,6,35,223,0.02857142857142857,0.026905829596412557,false
Lake 72361,small_mf,unknown,1,7,3,19,0.3333333333333333,0.3684210526315789,false
South Chicago 76042,condo_unit,llc,49,49,645,645,0.07596899224806201,0.07596899224806201,false
South Chicago 76060,mixed_use_res,individual,132,430,150,497,0.88,0.8651911468812877,false
Rogers Park 75021,mixed_use_res,corp,3,10,18,54,0.16666666666666666,0.18518518518518517,false
Jefferson 71150,sfr_1_4,individual,9347,10937,9873,11614,0.9467233870150916,0.9417082831065955,false
Palos 30020,condo_unit,corp,1,1,75,75,0.013333333333333334,0.013333333333333334,false
Proviso 31190,sfr_1_4,partnership,2,2,762,958,0.0026246719160104987,0.0020876826722338203,false
Lake 72330,mixed_use_res,individual,50,184,59,218,0.847457627118644,0.8440366972477065,false
New Trier 23171,sfr_1_4,individual,139,139,190,192,0.7315789473684211,0.7239583333333334,false
Hyde Park 70240,sfr_1_4,unknown,60,72,4649,5203,0.01290600129060013,0.013838170286373247,false
Bremen 13170,sfr_1_4,partnership,2,2,2234,2329,0.0008952551477170994,0.0008587376556462001,false
Calumet 14010,small_mf,unknown,1,6,61,401,0.01639344262295082,0.014962593516209476,false
Evanston 17140,sfr_1_4,individual,836,857,879,902,0.9510807736063709,0.950110864745011,false
Worth 39260,sfr_1_4,corp,3,3,838,838,0.003579952267303103,0.003579952267303103,false
Northfield 25132,small_mf,individual,6,41,7,48,0.8571428571428571,0.8541666666666666,false
Maine 22082,condo_unit,unknown,1,1,117,117,0.008547008547008548,0.008547008547008548,false
Maine 22070,sfr_1_4,trust,17,17,893,893,0.019036954087346025,0.019036954087346025,false
Evanston 17210,sfr_1_4,llc,8,15,516,732,0.015503875968992248,0.020491803278688523,false
Rich 32110,sfr_1_4,corp,3,3,603,603,0.004975124378109453,0.004975124378109453,false
South Chicago 76012,mixed_use_res,llc,1,4,1,4,,,true
Palos 30060,small_mf,llc,1,7,14,86,0.07142857142857142,0.08139534883720931,false
Lake View 73110,mixed_use_res,individual,9,30,18,66,0.5,0.45454545454545453,false
Lake 72260,small_mf,unknown,5,35,30,205,0.16666666666666666,0.17073170731707318,false
Lyons 21062,condo_unit,lender_reo,1,1,388,388,0.002577319587628866,0.002577319587628866,false
Hanover 18050,condo_unit,unknown,106,106,797,797,0.1329987452948557,0.1329987452948557,false
Hyde Park 70080,small_mf,corp,14,95,606,4070,0.0231023102310231,0.02334152334152334,false
Rogers Park 75022,sfr_1_4,individual,925,1505,976,1608,0.9477459016393442,0.9359452736318408,false
New Trier 23045,sfr_1_4,individual,216,216,229,229,0.9432314410480349,0.9432314410480349,false
Northfield 25132,condo_unit,lender_reo,1,1,397,397,0.0025188916876574307,0.0025188916876574307,false
Maine 22040,sfr_1_4,llc,10,10,2639,2667,0.0037893141341417205,0.0037495313085864268,false
Evanston 17071,small_mf,individual,13,90,46,317,0.2826086956521739,0.28391167192429023,false
Berwyn 11040,condo_unit,trust,2,2,69,69,0.028985507246376812,0.028985507246376812,false
Thornton 37051,mixed_use_res,unknown,1,4,7,22,0.14285714285714285,0.18181818181818182,false
Norwood Park 26030,sfr_1_4,lender_reo,5,5,383,385,0.013054830287206266,0.012987012987012988,false
Lyons 21071,condo_unit,llc,4,4,257,257,0.01556420233463035,0.01556420233463035,false
Lyons 21162,mixed_use_res,individual,19,51,19,51,1.0,1.0,false
Lemont 19061,sfr_1_4,trust,7,7,247,247,0.02834008097165992,0.02834008097165992,false
Berwyn 11020,mixed_use_res,individual,32,97,46,142,0.6956521739130435,0.6830985915492958,false
Palatine 29100,sfr_1_4,corp,9,9,3130,3146,0.002875399361022364,0.002860775588048315,false
West Chicago 77040,sfr_1_4,individual,1391,2344,1511,2586,0.9205823957643945,0.9064191802010828,false
Lyons 21082,sfr_1_4,individual,1127,1191,1204,1281,0.936046511627907,0.9297423887587822,false
Schaumburg 35011,sfr_1_4,partnership,1,1,1341,1341,0.0007457121551081282,0.0007457121551081282,false
Maine 22010,sfr_1_4,lender_reo,2,2,544,547,0.003676470588235294,0.003656307129798903,false
Lake 72271,mixed_use_res,unknown,1,2,33,95,0.030303030303030304,0.021052631578947368,false
Thornton 37051,small_mf,individual,62,375,84,514,0.7380952380952381,0.7295719844357976,false
Jefferson 71210,sfr_1_4,trust,10,15,2548,3981,0.003924646781789639,0.0037678975131876413,false
Rich 32042,condo_unit,lender_reo,1,1,24,24,0.041666666666666664,0.041666666666666664,false
West Chicago 77101,sfr_1_4,partnership,2,6,1389,2354,0.0014398848092152627,0.002548853016142736,false
Jefferson 71180,mixed_use_res,unknown,20,71,251,863,0.0796812749003984,0.08227114716106605,false
Worth 39180,sfr_1_4,individual,683,683,719,719,0.9499304589707928,0.9499304589707928,false
Jefferson 71440,condo_unit,corp,2,2,294,294,0.006802721088435374,0.006802721088435374,false
Rich 32042,sfr_1_4,individual,131,131,133,133,0.9849624060150376,0.9849624060150376,false
Worth 39140,small_mf,unknown,19,124,191,1156,0.09947643979057591,0.10726643598615918,false
Niles 24101,condo_unit,trust,13,13,459,459,0.02832244008714597,0.02832244008714597,false
Bloom 12132,sfr_1_4,unknown,5,5,210,210,0.023809523809523808,0.023809523809523808,false
Palos 30012,condo_unit,unknown,3,3,207,207,0.014492753623188406,0.014492753623188406,false
Orland 28045,condo_unit,individual,178,178,186,186,0.956989247311828,0.956989247311828,false
Leyden 20081,condo_unit,llc,8,8,622,622,0.012861736334405145,0.012861736334405145,false
Hyde Park 70280,small_mf,individual,2,14,7,48,0.2857142857142857,0.2916666666666667,false
Lyons 21065,sfr_1_4,individual,371,371,389,389,0.9537275064267352,0.9537275064267352,false
Lake View 73200,sfr_1_4,lender_reo,1,1,431,432,0.002320185614849188,0.0023148148148148147,false
North Chicago 74030,mixed_use_res,individual,30,109,66,240,0.45454545454545453,0.45416666666666666,false
Palatine 29080,mixed_use_res,individual,1,3,1,3,,,true
Worth 39270,sfr_1_4,corp,2,2,372,372,0.005376344086021506,0.005376344086021506,false
Lake View 73050,condo_unit,partnership,1,1,3780,3780,0.00026455026455026457,0.00026455026455026457,false
Rich 32061,sfr_1_4,lender_reo,1,1,114,114,0.008771929824561403,0.008771929824561403,false
Wheeling 38010,sfr_1_4,corp,7,7,3311,3311,0.0021141649048625794,0.0021141649048625794,false
Riverside 34080,sfr_1_4,unknown,5,6,246,349,0.02032520325203252,0.017191977077363897,false
Hyde Park 70070,small_mf,unknown,82,535,359,2330,0.22841225626740946,0.2296137339055794,false
Jefferson 71050,mixed_use_res,lender_reo,1,4,22,74,0.045454545454545456,0.05405405405405406,false
Norwood Park 26010,condo_unit,lender_reo,4,4,824,824,0.0048543689320388345,0.0048543689320388345,false
Thornton 37164,sfr_1_4,llc,11,11,307,307,0.035830618892508145,0.035830618892508145,false
Niles 24150,sfr_1_4,individual,413,413,432,433,0.9560185185185185,0.953810623556582,false
Palos 30020,condo_unit,llc,2,2,75,75,0.02666666666666667,0.02666666666666667,false
Rich 32080,sfr_1_4,individual,171,171,178,178,0.9606741573033708,0.9606741573033708,false
Palos 30012,sfr_1_4,unknown,61,62,2576,2620,0.023680124223602484,0.02366412213740458,false
Jefferson 71580,sfr_1_4,individual,48,49,50,51,0.96,0.9607843137254902,false
Hyde Park 70010,small_mf,corp,46,312,720,4743,0.06388888888888888,0.06578115117014548,false
Hyde Park 70100,condo_unit,trust,1,1,34,34,0.029411764705882353,0.029411764705882353,false
Bloom 12032,sfr_1_4,partnership,9,9,721,731,0.012482662968099861,0.012311901504787962,false
Palos 30053,condo_unit,individual,196,196,204,204,0.9607843137254902,0.9607843137254902,false
Lyons 21012,small_mf,individual,4,28,4,28,1.0,1.0,false
Schaumburg 35030,sfr_1_4,partnership,1,1,2206,2206,0.00045330915684496827,0.00045330915684496827,false
Worth 39010,sfr_1_4,estate,1,1,2505,2519,0.0003992015968063872,0.0003969829297340214,false
Evanston 17041,condo_unit,unknown,23,23,1031,1031,0.02230843840931135,0.02230843840931135,false
Berwyn 11010,condo_unit,unknown,5,5,137,137,0.0364963503649635,0.0364963503649635,false
Worth 39040,condo_unit,lender_reo,2,2,822,822,0.0024330900243309003,0.0024330900243309003,false
Lake 72051,small_mf,unknown,1,6,8,48,0.125,0.125,false
New Trier 23120,condo_unit,lender_reo,1,1,359,359,0.002785515320334262,0.002785515320334262,false
West Chicago 77102,sfr_1_4,partnership,2,4,5220,10368,0.0003831417624521073,0.00038580246913580245,false
Palos 30030,small_mf,individual,30,183,56,348,0.5357142857142857,0.5258620689655172,false
Orland 28088,sfr_1_4,llc,1,1,550,550,0.0018181818181818182,0.0018181818181818182,false
Jefferson 71280,sfr_1_4,trust,6,10,1321,2148,0.004542013626040878,0.004655493482309125,false
West Chicago 77151,other_res,llc,1,1,1,1,,,true
New Trier 23093,condo_unit,unknown,4,4,289,289,0.01384083044982699,0.01384083044982699,false
Bloom 12073,sfr_1_4,corp,3,3,630,630,0.004761904761904762,0.004761904761904762,false
Wheeling 38090,condo_unit,llc,44,44,2204,2204,0.019963702359346643,0.019963702359346643,false
Lake View 73011,sfr_1_4,lender_reo,1,1,1020,1636,0.000980392156862745,0.0006112469437652812,false
Lake 72170,mixed_use_res,unknown,2,7,30,108,0.06666666666666667,0.06481481481481481,false
Lake 72121,sfr_1_4,lender_reo,2,2,2490,2738,0.0008032128514056225,0.0007304601899196494,false
Rogers Park 75033,sfr_1_4,unknown,5,10,143,211,0.03496503496503497,0.04739336492890995,false
Rich 32020,condo_unit,trust,4,4,705,705,0.005673758865248227,0.005673758865248227,false
Lyons 21133,sfr_1_4,trust,7,7,166,166,0.04216867469879518,0.04216867469879518,false
Palos 30053,sfr_1_4,corp,6,6,924,974,0.006493506493506494,0.006160164271047228,false
Lyons 21052,sfr_1_4,llc,14,26,2626,2913,0.005331302361005331,0.008925506350841057,false
Maine 22010,sfr_1_4,trust,6,6,544,547,0.011029411764705883,0.010968921389396709,false
Bloom 12071,sfr_1_4,individual,675,681,867,873,0.7785467128027682,0.7800687285223368,false
West Chicago 77152,sfr_1_4,corp,1,2,304,566,0.003289473684210526,0.0035335689045936395,false
Hanover 18015,sfr_1_4,lender_reo,1,1,921,921,0.0010857763300760044,0.0010857763300760044,false
Maine 22087,sfr_1_4,individual,910,910,953,953,0.9548793284365162,0.9548793284365162,false
River Forest 33015,mixed_use_res,unknown,2,5,12,47,0.16666666666666666,0.10638297872340426,false
Elk Grove 16012,condo_unit,llc,9,9,510,510,0.01764705882352941,0.01764705882352941,false
Barrington 10012,condo_unit,trust,4,4,237,237,0.016877637130801686,0.016877637130801686,false
Oak Park 27020,condo_unit,individual,782,782,842,842,0.9287410926365796,0.9287410926365796,false
North Chicago 74012,small_mf,trust,5,28,304,1978,0.01644736842105263,0.014155712841253791,false
Proviso 31092,sfr_1_4,partnership,1,1,1569,1948,0.0006373486297004461,0.000513347022587269,false
North Chicago 74012,condo_unit,unknown,577,577,8283,8283,0.06966075093565133,0.06966075093565133,false
Maine 22180,condo_unit,trust,57,57,3653,3653,0.015603613468382151,0.015603613468382151,false
Worth 39260,sfr_1_4,unknown,30,30,838,838,0.03579952267303103,0.03579952267303103,false
Oak Park 27090,sfr_1_4,llc,5,10,735,857,0.006802721088435374,0.011668611435239206,false
Lake View 73062,condo_unit,partnership,1,1,7810,7810,0.00012804097311139564,0.00012804097311139564,false
Lake 72423,sfr_1_4,unknown,140,149,5521,5662,0.025357725049809817,0.02631578947368421,false
Bremen 13342,condo_unit,unknown,10,10,54,54,0.18518518518518517,0.18518518518518517,false
Calumet 14010,condo_unit,unknown,2,2,50,50,0.04,0.04,false
Bloom 12101,sfr_1_4,corp,8,15,1151,1583,0.0069504778453518675,0.009475679090334808,false
Jefferson 71463,sfr_1_4,llc,1,3,304,320,0.003289473684210526,0.009375,false
Bloom 12141,small_mf,individual,10,63,21,139,0.47619047619047616,0.45323741007194246,false
Jefferson 71410,mixed_use_res,llc,7,21,56,184,0.125,0.11413043478260869,false
West Chicago 77132,mixed_use_res,corp,1,6,110,397,0.00909090909090909,0.015113350125944584,false
Wheeling 38023,small_mf,llc,21,126,84,510,0.25,0.24705882352941178,false
Lake View 73042,mixed_use_res,individual,23,85,40,142,0.575,0.5985915492957746,false
North Chicago 74012,small_mf,individual,118,736,304,1978,0.3881578947368421,0.37209302325581395,false
Bremen 13070,sfr_1_4,trust,1,1,513,513,0.001949317738791423,0.001949317738791423,false
Jefferson 71042,mixed_use_res,individual,9,34,11,42,0.8181818181818182,0.8095238095238095,false
Bremen 13180,sfr_1_4,lender_reo,1,2,329,360,0.00303951367781155,0.005555555555555556,false
Proviso 31030,sfr_1_4,lender_reo,2,2,1428,1432,0.0014005602240896359,0.0013966480446927375,false
Proviso 31104,condo_unit,unknown,31,31,271,271,0.11439114391143912,0.11439114391143912,false
Lake 72070,mixed_use_res,trust,2,4,180,591,0.011111111111111112,0.00676818950930626,false
Hyde Park 70010,condo_unit,llc,478,478,4032,4032,0.1185515873015873,0.1185515873015873,false
Thornton 37061,sfr_1_4,partnership,1,1,3561,4011,0.0002808199943836001,0.0002493143854400399,false
Hyde Park 70170,sfr_1_4,lender_reo,3,3,863,874,0.0034762456546929316,0.003432494279176201,false
Palos 30061,sfr_1_4,lender_reo,2,3,265,294,0.007547169811320755,0.01020408163265306,false
Lake 72121,sfr_1_4,corp,43,45,2490,2738,0.017269076305220885,0.01643535427319211,false
Bremen 13080,sfr_1_4,individual,1073,1144,1135,1212,0.945374449339207,0.9438943894389439,false
Jefferson 71180,small_mf,individual,90,580,186,1208,0.4838709677419355,0.48013245033112584,false
Palatine 29090,small_mf,corp,1,7,8,56,0.125,0.125,false
Lyons 21042,condo_unit,corp,2,2,93,93,0.021505376344086023,0.021505376344086023,false
North Chicago 74022,sfr_1_4,corp,9,17,548,720,0.016423357664233577,0.02361111111111111,false
Elk Grove 16062,sfr_1_4,lender_reo,2,2,3211,3211,0.0006228589224540642,0.0006228589224540642,false
Hyde Park 70140,small_mf,corp,6,37,26,167,0.23076923076923078,0.2215568862275449,false
Palatine 29070,sfr_1_4,individual,4230,4230,4389,4389,0.963773069036227,0.963773069036227,false
Leyden 20091,sfr_1_4,individual,54,212,59,232,0.9152542372881356,0.9137931034482759,false
Jefferson 71362,condo_unit,corp,1,1,739,739,0.0013531799729364006,0.0013531799729364006,false
Niles 24150,sfr_1_4,trust,5,5,432,433,0.011574074074074073,0.011547344110854504,false
Schaumburg 35040,sfr_1_4,individual,5416,5416,5660,5660,0.9568904593639576,0.9568904593639576,false
Niles 24101,condo_unit,lender_reo,2,2,459,459,0.004357298474945534,0.004357298474945534,false
New Trier 23132,sfr_1_4,unknown,23,23,724,724,0.031767955801104975,0.031767955801104975,false
Evanston 17110,condo_unit,trust,3,3,68,68,0.04411764705882353,0.04411764705882353,false
Jefferson 71430,sfr_1_4,llc,25,30,5165,5351,0.00484027105517909,0.005606428704914969,false
Northfield 25131,small_mf,trust,1,7,14,86,0.07142857142857142,0.08139534883720931,false
Niles 24160,sfr_1_4,individual,55,55,57,57,0.9649122807017544,0.9649122807017544,false
Jefferson 71200,condo_unit,lender_reo,6,6,1159,1159,0.005176876617773943,0.005176876617773943,false
Lake View 73060,small_mf,individual,50,340,120,820,0.4166666666666667,0.4146341463414634,false
Schaumburg 35012,condo_unit,unknown,67,67,993,993,0.06747230614300101,0.06747230614300101,false
Oak Park 27050,mixed_use_res,individual,12,38,17,58,0.7058823529411765,0.6551724137931034,false
Northfield 25320,sfr_1_4,llc,2,2,36,36,0.05555555555555555,0.05555555555555555,false
Lake 72071,small_mf,llc,29,197,101,684,0.2871287128712871,0.2880116959064328,false
Proviso 31110,sfr_1_4,partnership,2,2,2420,2640,0.0008264462809917355,0.0007575757575757576,false
Thornton 37162,sfr_1_4,trust,6,6,1175,1190,0.005106382978723404,0.005042016806722689,false
Lake 72092,condo_unit,individual,18,18,30,30,0.6,0.6,false
Jefferson 71600,sfr_1_4,llc,1,1,133,155,0.007518796992481203,0.0064516129032258064,false
Lake View 73060,small_mf,corp,10,70,120,820,0.08333333333333333,0.08536585365853659,false
West Chicago 77060,mixed_use_res,unknown,24,85,131,473,0.183206106870229,0.17970401691331925,false
West Chicago 77091,small_mf,lender_reo,3,20,313,2027,0.009584664536741214,0.00986679822397632,false
West Chicago 77052,sfr_1_4,individual,591,1253,690,1492,0.8565217391304348,0.8398123324396782,false
Orland 28061,sfr_1_4,individual,821,821,872,872,0.9415137614678899,0.9415137614678899,false
Niles 24140,sfr_1_4,llc,2,2,83,83,0.024096385542168676,0.024096385542168676,false
Berwyn 11010,small_mf,lender_reo,1,5,146,882,0.00684931506849315,0.005668934240362812,false
Oak Park 27060,sfr_1_4,llc,11,22,1581,1700,0.006957621758380772,0.012941176470588235,false
Lyons 21042,condo_unit,llc,6,6,93,93,0.06451612903225806,0.06451612903225806,false
Proviso 31104,mixed_use_res,llc,1,3,14,47,0.07142857142857142,0.06382978723404255,false
Wheeling 38082,condo_unit,trust,39,39,753,753,0.05179282868525897,0.05179282868525897,false
Worth 39080,sfr_1_4,trust,35,43,5068,5245,0.006906077348066298,0.008198284080076263,false
Hyde Park 70230,sfr_1_4,trust,8,10,1119,1417,0.0071492403932082215,0.007057163020465773,false
Lake 72300,sfr_1_4,unknown,48,50,1318,1366,0.036418816388467376,0.036603221083455345,false
Bremen 13312,sfr_1_4,trust,2,2,829,865,0.0024125452352231603,0.0023121387283236996,false
Jefferson 71081,sfr_1_4,lender_reo,3,7,2904,5108,0.0010330578512396695,0.001370399373531715,false
Proviso 31091,condo_unit,lender_reo,4,4,1636,1636,0.0024449877750611247,0.0024449877750611247,false
West Chicago 77020,small_mf,corp,6,39,131,834,0.04580152671755725,0.046762589928057555,false
Lake 72221,mixed_use_res,individual,44,158,54,188,0.8148148148148148,0.8404255319148937,false
Worth 39100,sfr_1_4,lender_reo,12,12,2957,3037,0.004058167061210686,0.003951267698386566,false
Lake View 73062,sfr_1_4,unknown,10,10,197,243,0.050761421319796954,0.0411522633744856,false
Worth 39130,condo_unit,corp,2,2,75,75,0.02666666666666667,0.02666666666666667,false
West Chicago 77152,mixed_use_res,individual,8,37,16,72,0.5,0.5138888888888888,false
South Chicago 76011,small_mf,llc,26,182,61,427,0.4262295081967213,0.4262295081967213,false
Schaumburg 35011,sfr_1_4,trust,12,12,1341,1341,0.008948545861297539,0.008948545861297539,false
New Trier 23150,sfr_1_4,lender_reo,4,4,1940,1941,0.002061855670103093,0.0020607934054611026,false
Jefferson 71260,mixed_use_res,corp,5,17,133,439,0.03759398496240601,0.0387243735763098,false
Hyde Park 70091,sfr_1_4,individual,494,494,524,524,0.9427480916030534,0.9427480916030534,false
Lake 72222,sfr_1_4,individual,402,809,444,897,0.9054054054054054,0.9018952062430323,false
Jefferson 71110,sfr_1_4,trust,39,57,2525,4000,0.015445544554455445,0.01425,false
Lake 72330,mixed_use_res,unknown,5,19,59,218,0.0847457627118644,0.0871559633027523,false
Bloom 12091,small_mf,corp,3,21,9,63,0.3333333333333333,0.3333333333333333,false
Wheeling 38051,condo_unit,llc,1,1,554,554,0.0018050541516245488,0.0018050541516245488,false
Evanston 17090,small_mf,individual,10,69,39,270,0.2564102564102564,0.25555555555555554,false
Worth 39071,sfr_1_4,lender_reo,6,6,2204,2286,0.0027223230490018148,0.0026246719160104987,false
Wheeling 38011,condo_unit,unknown,11,11,301,301,0.036544850498338874,0.036544850498338874,false
South Chicago 76050,small_mf,unknown,8,51,87,552,0.09195402298850575,0.09239130434782608,false
Calumet 14010,sfr_1_4,unknown,12,13,467,512,0.02569593147751606,0.025390625,false
Rogers Park 75031,mixed_use_res,llc,6,23,50,171,0.12,0.13450292397660818,false
Palatine 29100,condo_unit,llc,20,20,581,581,0.03442340791738382,0.03442340791738382,false
Jefferson 71074,condo_unit,llc,75,75,929,929,0.08073196986006459,0.08073196986006459,false
Worth 39100,mixed_use_res,corp,1,2,24,58,0.041666666666666664,0.034482758620689655,false
Jefferson 71060,sfr_1_4,trust,19,23,1458,1965,0.013031550068587106,0.011704834605597965,false
South Chicago 76060,sfr_1_4,lender_reo,9,13,4850,7048,0.0018556701030927835,0.0018444948921679909,false
Lake 72091,mixed_use_res,unknown,4,14,87,308,0.04597701149425287,0.045454545454545456,false
Orland 28050,condo_unit,llc,9,9,524,524,0.01717557251908397,0.01717557251908397,false
Wheeling 38110,sfr_1_4,llc,1,1,157,157,0.006369426751592357,0.006369426751592357,false
Lake 72171,mixed_use_res,trust,1,3,52,180,0.019230769230769232,0.016666666666666666,false
West Chicago 77011,condo_unit,llc,2,2,12,12,0.16666666666666666,0.16666666666666666,false
Stickney 36060,sfr_1_4,unknown,6,6,266,270,0.022556390977443608,0.022222222222222223,false
Evanston 17210,mixed_use_res,individual,10,37,13,45,0.7692307692307693,0.8222222222222222,false
Lake View 73042,mixed_use_res,corp,2,11,40,142,0.05,0.07746478873239436,false
West Chicago 77141,mixed_use_res,corp,8,30,563,2118,0.014209591474245116,0.014164305949008499,false
Lake 72221,small_mf,lender_reo,1,6,234,1573,0.004273504273504274,0.003814367450731087,false
Thornton 37011,small_mf,trust,2,12,32,192,0.0625,0.0625,false
Lemont 19038,sfr_1_4,unknown,2,2,123,123,0.016260162601626018,0.016260162601626018,false
South Chicago 76041,mixed_use_res,individual,3,12,8,27,0.375,0.4444444444444444,false
Lake View 73063,sfr_1_4,trust,13,19,359,537,0.036211699164345405,0.035381750465549346,false
Rich 32090,sfr_1_4,individual,390,390,416,416,0.9375,0.9375,false
Riverside 34080,small_mf,unknown,5,35,21,132,0.23809523809523808,0.26515151515151514,false
Schaumburg 35110,condo_unit,individual,339,339,364,364,0.9313186813186813,0.9313186813186813,false
Lemont 19020,sfr_1_4,unknown,24,24,862,865,0.027842227378190254,0.027745664739884393,false
Wheeling 38052,sfr_1_4,lender_reo,1,1,1334,1376,0.0007496251874062968,0.0007267441860465116,false
Lake 72130,small_mf,corp,3,21,58,384,0.05172413793103448,0.0546875,false
Barrington 10031,sfr_1_4,unknown,77,77,950,950,0.08105263157894736,0.08105263157894736,false
Jefferson 71390,condo_unit,trust,39,39,2771,2771,0.014074341392998917,0.014074341392998917,false
Jefferson 71101,mixed_use_res,unknown,5,22,54,191,0.09259259259259259,0.11518324607329843,false
Jefferson 71082,condo_unit,unknown,65,65,1874,1874,0.03468516542155817,0.03468516542155817,false
Worth 39050,sfr_1_4,corp,24,24,2643,2706,0.009080590238365494,0.008869179600886918,false
Orland 28015,sfr_1_4,llc,7,7,2761,2761,0.0025353132922854038,0.0025353132922854038,false
Jefferson 71362,small_mf,trust,1,6,58,379,0.017241379310344827,0.0158311345646438,false
Lake 72223,sfr_1_4,lender_reo,6,7,724,867,0.008287292817679558,0.008073817762399077,false
Schaumburg 35030,condo_unit,unknown,37,37,1416,1416,0.026129943502824857,0.026129943502824857,false
Evanston 17112,small_mf,corp,5,35,47,318,0.10638297872340426,0.11006289308176101,false
Lake View 73084,condo_unit,unknown,164,164,5003,5003,0.03278033180091945,0.03278033180091945,false
Hyde Park 70020,small_mf,llc,106,733,326,2221,0.32515337423312884,0.330031517334534,false
Jefferson 71060,condo_unit,individual,93,93,104,104,0.8942307692307693,0.8942307692307693,false
Bloom 12122,mixed_use_res,individual,3,8,4,10,0.75,0.8,false
Worth 39210,small_mf,unknown,9,57,92,588,0.09782608695652174,0.09693877551020408,false
Berwyn 11060,mixed_use_res,individual,18,79,25,99,0.72,0.797979797979798,false
Rogers Park 75023,mixed_use_res,individual,4,15,5,17,0.8,0.8823529411764706,false
Palatine 29180,condo_unit,individual,102,102,105,105,0.9714285714285714,0.9714285714285714,false
Lake 72120,mixed_use_res,unknown,4,17,58,185,0.06896551724137931,0.0918918918918919,false
Evanston 17140,mixed_use_res,llc,1,6,3,13,0.3333333333333333,0.46153846153846156,false
Riverside 34080,small_mf,corp,4,27,21,132,0.19047619047619047,0.20454545454545456,false
Oak Park 27050,sfr_1_4,llc,5,7,1480,1568,0.0033783783783783786,0.004464285714285714,false
Lyons 21151,sfr_1_4,trust,4,4,331,331,0.012084592145015106,0.012084592145015106,false
South Chicago 76010,condo_unit,lender_reo,12,12,12497,12497,0.0009602304553092742,0.0009602304553092742,false
Lake 72431,sfr_1_4,individual,788,788,832,832,0.9471153846153846,0.9471153846153846,false
Lake 72423,small_mf,individual,17,108,27,174,0.6296296296296297,0.6206896551724138,false
Wheeling 38081,small_mf,llc,2,14,17,118,0.11764705882352941,0.11864406779661017,false
Rich 32020,condo_unit,unknown,25,25,705,705,0.03546099290780142,0.03546099290780142,false
Lyons 21132,sfr_1_4,lender_reo,1,1,315,315,0.0031746031746031746,0.0031746031746031746,false
Maine 22180,small_mf,unknown,9,63,97,651,0.09278350515463918,0.0967741935483871,false
Proviso 31030,small_mf,individual,13,85,32,201,0.40625,0.4228855721393035,false
Lyons 21162,small_mf,unknown,2,14,7,47,0.2857142857142857,0.2978723404255319,false
Niles 24032,sfr_1_4,unknown,4,6,338,384,0.011834319526627219,0.015625,false
Wheeling 38023,condo_unit,trust,10,10,612,612,0.016339869281045753,0.016339869281045753,false
Lyons 21111,sfr_1_4,lender_reo,9,10,2356,2492,0.0038200339558573855,0.0040128410914927765,false
Lake 72150,small_mf,unknown,9,60,50,327,0.18,0.1834862385321101,false
Hyde Park 70121,sfr_1_4,corp,11,12,1067,1252,0.010309278350515464,0.009584664536741214,false
Riverside 34080,sfr_1_4,corp,1,1,246,349,0.0040650406504065045,0.0028653295128939827,false
Worth 39410,condo_unit,llc,2,2,334,334,0.005988023952095809,0.005988023952095809,false
Schaumburg 35074,condo_unit,unknown,17,17,238,238,0.07142857142857142,0.07142857142857142,false
West Chicago 77141,mixed_use_res,unknown,69,292,563,2118,0.12255772646536411,0.13786591123701605,false
Wheeling 38026,sfr_1_4,individual,434,434,449,449,0.9665924276169265,0.9665924276169265,false
Bremen 13171,condo_unit,individual,207,207,228,228,0.9078947368421053,0.9078947368421053,false
Jefferson 71180,small_mf,corp,9,60,186,1208,0.04838709677419355,0.04966887417218543,false
Rich 32090,sfr_1_4,partnership,2,2,416,416,0.004807692307692308,0.004807692307692308,false
West Chicago 77051,small_mf,corp,3,19,102,648,0.029411764705882353,0.029320987654320986,false
Jefferson 71071,sfr_1_4,individual,2700,3546,2831,3731,0.9537265983751325,0.9504154382203163,false
Lake View 73081,sfr_1_4,lender_reo,1,2,2100,3193,0.0004761904761904762,0.0006263701847792045,false
Niles 24102,sfr_1_4,unknown,19,19,488,488,0.0389344262295082,0.0389344262295082,false
Norwood Park 26010,sfr_1_4,partnership,1,1,6048,6395,0.00016534391534391533,0.0001563721657544957,false
Schaumburg 35072,condo_unit,llc,13,13,664,664,0.01957831325301205,0.01957831325301205,false
Riverside 34080,mixed_use_res,individual,3,7,3,7,,,true
Rogers Park 75032,sfr_1_4,individual,215,408,236,461,0.9110169491525424,0.8850325379609545,false
Jefferson 71200,coop_building,coop_corp,1,1,1,1,,,true
Lake 72030,sfr_1_4,trust,68,82,13815,15814,0.004922186029677886,0.005185278866826863,false
Rich 32170,sfr_1_4,individual,369,369,403,403,0.9156327543424317,0.9156327543424317,false
Schaumburg 35109,condo_unit,individual,1707,1707,1812,1812,0.9420529801324503,0.9420529801324503,false
Schaumburg 35074,sfr_1_4,unknown,13,13,793,793,0.01639344262295082,0.01639344262295082,false
Berwyn 11050,condo_unit,corp,4,4,73,73,0.0547945205479452,0.0547945205479452,false
North Chicago 74030,mixed_use_res,unknown,15,51,66,240,0.22727272727272727,0.2125,false
River Forest 33030,condo_unit,lender_reo,1,1,214,214,0.004672897196261682,0.004672897196261682,false
Proviso 31091,small_mf,llc,21,137,101,673,0.2079207920792079,0.20356612184249628,false
Worth 39310,sfr_1_4,trust,13,13,1480,1499,0.008783783783783784,0.00867244829886591,false
Northfield 25061,sfr_1_4,corp,1,1,384,384,0.0026041666666666665,0.0026041666666666665,false
Lyons 21091,small_mf,corp,2,14,31,199,0.06451612903225806,0.07035175879396985,false
Elk Grove 16030,condo_unit,individual,925,925,993,993,0.9315206445115811,0.9315206445115811,false
Northfield 25082,sfr_1_4,trust,7,7,152,152,0.046052631578947366,0.046052631578947366,false
Maine 22111,sfr_1_4,corp,11,11,3343,3549,0.003290457672749028,0.0030994646379261764,false
Palos 30042,sfr_1_4,individual,440,480,460,504,0.9565217391304348,0.9523809523809523,false
Palos 30054,sfr_1_4,trust,11,11,553,553,0.019891500904159132,0.019891500904159132,false
South Chicago 76030,sfr_1_4,llc,86,179,4648,7521,0.018502581755593803,0.023800026592208482,false
Berwyn 11050,condo_unit,unknown,5,5,73,73,0.0684931506849315,0.0684931506849315,false
Northfield 25131,sfr_1_4,individual,805,813,837,848,0.961768219832736,0.9587264150943396,false
West Chicago 77052,sfr_1_4,corp,4,11,690,1492,0.005797101449275362,0.007372654155495978,false
Worth 39050,sfr_1_4,unknown,88,92,2643,2706,0.03329549754067348,0.03399852180339985,false
Jefferson 71200,small_mf,corp,5,33,168,1099,0.02976190476190476,0.03002729754322111,false
Wheeling 38053,sfr_1_4,lender_reo,1,1,696,696,0.0014367816091954023,0.0014367816091954023,false
Bloom 12142,mixed_use_res,llc,4,14,30,89,0.13333333333333333,0.15730337078651685,false
Wheeling 38082,sfr_1_4,unknown,7,7,289,289,0.02422145328719723,0.02422145328719723,false
West Chicago 77060,condo_unit,individual,1440,1440,1638,1638,0.8791208791208791,0.8791208791208791,false
West Chicago 77020,sfr_1_4,lender_reo,6,10,3719,6263,0.0016133369185264857,0.001596678907871627,false
Palatine 29110,sfr_1_4,individual,181,181,182,182,0.9945054945054945,0.9945054945054945,false
Oak Park 27070,small_mf,llc,2,14,8,55,0.25,0.2545454545454545,false
Hanover 18082,sfr_1_4,llc,2,2,531,531,0.003766478342749529,0.003766478342749529,false
Lyons 21062,sfr_1_4,unknown,47,47,550,550,0.08545454545454545,0.08545454545454545,false
Jefferson 71030,sfr_1_4,individual,1816,1865,1908,1963,0.9517819706498952,0.9500764136525726,false
Lake 72380,condo_unit,unknown,33,33,1038,1038,0.031791907514450865,0.031791907514450865,false
Berwyn 11070,mixed_use_res,individual,11,30,15,43,0.7333333333333333,0.6976744186046512,false
Leyden 20091,small_mf,llc,5,32,33,219,0.15151515151515152,0.1461187214611872,false
Hyde Park 70083,small_mf,lender_reo,4,28,220,1438,0.01818181818181818,0.019471488178025034,false
Thornton 37033,sfr_1_4,lender_reo,16,21,3580,3880,0.004469273743016759,0.005412371134020618,false
Worth 39300,sfr_1_4,individual,71,71,72,72,0.9861111111111112,0.9861111111111112,false
Oak Park 27060,condo_unit,unknown,4,4,165,165,0.024242424242424242,0.024242424242424242,false
Niles 24102,condo_unit,unknown,1,1,82,82,0.012195121951219513,0.012195121951219513,false
Proviso 31170,small_mf,trust,3,17,45,262,0.06666666666666667,0.0648854961832061,false
West Chicago 77102,sfr_1_4,trust,35,74,5220,10368,0.006704980842911878,0.007137345679012345,false
Lake 72040,small_mf,individual,32,200,41,263,0.7804878048780488,0.7604562737642585,false
West Chicago 77150,condo_unit,individual,1301,1301,1527,1527,0.8519973804846104,0.8519973804846104,false
Berwyn 11020,mixed_use_res,corp,2,8,46,142,0.043478260869565216,0.056338028169014086,false
Evanston 17130,small_mf,llc,4,27,8,53,0.5,0.5094339622641509,false
Thornton 37183,condo_unit,trust,3,3,252,252,0.011904761904761904,0.011904761904761904,false
Bremen 13344,sfr_1_4,individual,108,108,112,112,0.9642857142857143,0.9642857142857143,false
Lyons 21133,sfr_1_4,unknown,24,24,166,166,0.14457831325301204,0.14457831325301204,false
Orland 28061,sfr_1_4,trust,11,11,872,872,0.01261467889908257,0.01261467889908257,false
Thornton 37185,condo_unit,trust,2,2,79,79,0.02531645569620253,0.02531645569620253,false
Bloom 12010,mixed_use_res,individual,3,10,10,32,0.3,0.3125,false
Lake 72171,sfr_1_4,lender_reo,8,11,1756,2558,0.004555808656036446,0.004300234558248631,false
Rogers Park 75040,small_mf,corp,2,14,35,232,0.05714285714285714,0.0603448275862069,false
Bremen 13032,condo_unit,lender_reo,2,2,444,444,0.0045045045045045045,0.0045045045045045045,false
Palos 30020,condo_unit,trust,2,2,75,75,0.02666666666666667,0.02666666666666667,false
Leyden 20090,condo_unit,lender_reo,3,3,516,516,0.005813953488372093,0.005813953488372093,false
Lake View 73041,sfr_1_4,corp,9,18,916,1387,0.009825327510917031,0.012977649603460706,false
West Chicago 77060,mixed_use_res,partnership,1,6,131,473,0.007633587786259542,0.012684989429175475,false
Cicero 15040,small_mf,llc,6,40,29,187,0.20689655172413793,0.21390374331550802,false
Bremen 13090,condo_unit,individual,373,373,397,397,0.9395465994962217,0.9395465994962217,false
Lake View 73012,condo_unit,trust,16,16,1195,1195,0.013389121338912133,0.013389121338912133,false
Hyde Park 70140,sfr_1_4,individual,600,1152,681,1327,0.8810572687224669,0.8681235870384325,false
Lake 72281,small_mf,individual,16,109,25,171,0.64,0.6374269005847953,false
Berwyn 11020,sfr_1_4,lender_reo,4,4,2492,3314,0.0016051364365971107,0.0012070006035003018,false
Northfield 25132,sfr_1_4,corp,5,5,2192,2202,0.002281021897810219,0.002270663033605813,false
Leyden 20011,small_mf,corp,1,7,11,77,0.09090909090909091,0.09090909090909091,false
Worth 39060,sfr_1_4,trust,11,11,1547,1550,0.007110536522301228,0.0070967741935483875,false
Maine 22023,mixed_use_res,individual,2,4,3,7,,,true
Lake View 73092,mixed_use_res,llc,8,40,23,95,0.34782608695652173,0.42105263157894735,false
Lyons 21067,sfr_1_4,trust,11,11,407,407,0.02702702702702703,0.02702702702702703,false
Calumet 14020,sfr_1_4,individual,1346,1734,1412,1838,0.953257790368272,0.9434167573449401,false
Rich 32041,sfr_1_4,corp,4,4,355,355,0.011267605633802818,0.011267605633802818,false
Hanover 18035,condo_unit,individual,132,132,172,172,0.7674418604651163,0.7674418604651163,false
Lemont 19050,sfr_1_4,trust,7,7,437,437,0.016018306636155607,0.016018306636155607,false
Schaumburg 35080,sfr_1_4,unknown,34,34,1107,1108,0.03071364046973803,0.030685920577617327,false
Jefferson 71140,small_mf,unknown,3,17,19,110,0.15789473684210525,0.15454545454545454,false
Thornton 37092,condo_unit,individual,62,62,64,64,0.96875,0.96875,false
Proviso 31050,condo_unit,llc,9,9,180,180,0.05,0.05,false
Palos 30011,sfr_1_4,corp,20,20,867,867,0.02306805074971165,0.02306805074971165,false
Jefferson 71461,sfr_1_4,corp,3,3,2106,2162,0.0014245014245014246,0.0013876040703052729,false
North Chicago 74012,condo_unit,trust,161,161,8283,8283,0.01943740190752143,0.01943740190752143,false
West Chicago 77013,small_mf,individual,189,1242,391,2611,0.4833759590792839,0.4756798161623899,false
Lake 72274,mixed_use_res,llc,2,4,10,27,0.2,0.14814814814814814,false
Rich 32300,sfr_1_4,individual,210,210,217,217,0.967741935483871,0.967741935483871,false
Wheeling 38010,condo_unit,trust,4,4,270,270,0.014814814814814815,0.014814814814814815,false
Bloom 12141,sfr_1_4,individual,880,971,969,1097,0.9081527347781218,0.8851412944393802,false
Hyde Park 70230,mixed_use_res,individual,8,27,10,35,0.8,0.7714285714285715,false
Hanover 18011,small_mf,unknown,3,18,29,191,0.10344827586206896,0.09424083769633508,false
Worth 39082,sfr_1_4,individual,622,634,649,661,0.9583975346687211,0.9591527987897126,false
West Chicago 77092,sfr_1_4,unknown,26,46,615,1110,0.04227642276422764,0.04144144144144144,false
Northfield 25090,condo_unit,partnership,1,1,103,103,0.009708737864077669,0.009708737864077669,false
Worth 39410,condo_unit,unknown,21,21,334,334,0.06287425149700598,0.06287425149700598,false
Jefferson 71402,sfr_1_4,corp,3,6,1111,1629,0.0027002700270027003,0.003683241252302026,false
Jefferson 71042,condo_unit,corp,21,21,1615,1615,0.013003095975232198,0.013003095975232198,false
Hyde Park 70070,sfr_1_4,partnership,1,4,2952,4754,0.00033875338753387534,0.0008413967185527977,false
Lake 72223,mixed_use_res,llc,1,3,7,29,0.14285714285714285,0.10344827586206896,false
Elk Grove 16010,condo_unit,individual,358,358,388,388,0.9226804123711341,0.9226804123711341,false
Niles 24052,sfr_1_4,llc,4,8,641,688,0.0062402496099844,0.011627906976744186,false
Norwood Park 26040,sfr_1_4,individual,1374,1380,1447,1453,0.949550794747754,0.9497591190640055,false
Thornton 37054,mixed_use_res,corp,1,2,1,2,,,true
West Chicago 77131,small_mf,llc,140,969,287,1990,0.4878048780487805,0.48693467336683416,false
Northfield 25051,sfr_1_4,individual,485,485,530,530,0.9150943396226415,0.9150943396226415,false
Lake 72282,sfr_1_4,trust,47,59,7505,8157,0.006262491672218521,0.007233051366924114,false
Lemont 19032,sfr_1_4,corp,3,3,636,636,0.0047169811320754715,0.0047169811320754715,false
Maine 22142,sfr_1_4,unknown,3,3,73,73,0.0410958904109589,0.0410958904109589,false
Hanover 18010,condo_unit,unknown,245,245,1912,1912,0.12813807531380753,0.12813807531380753,false
Evanston 17220,condo_unit,corp,1,1,607,607,0.0016474464579901153,0.0016474464579901153,false
Oak Park 27080,sfr_1_4,llc,9,15,934,1087,0.009635974304068522,0.013799448022079117,false
Lake 72361,sfr_1_4,lender_reo,2,2,793,834,0.0025220680958385876,0.002398081534772182,false
Bloom 12010,small_mf,individual,1,5,1,5,,,true
Jefferson 71140,sfr_1_4,lender_reo,2,2,1241,1331,0.0016116035455278,0.0015026296018031556,false
Palatine 29080,condo_unit,trust,3,3,371,371,0.008086253369272238,0.008086253369272238,false
Maine 22031,condo_unit,corp,4,4,118,118,0.03389830508474576,0.03389830508474576,false
Palos 30022,sfr_1_4,individual,471,493,503,525,0.9363817097415507,0.939047619047619,false
Barrington 10021,sfr_1_4,lender_reo,1,1,799,799,0.0012515644555694619,0.0012515644555694619,false
New Trier 23150,sfr_1_4,individual,1819,1820,1940,1941,0.9376288659793814,0.9376609994848016,false
Palos 30010,sfr_1_4,trust,5,5,966,967,0.005175983436853002,0.005170630816959669,false
Palos 30031,sfr_1_4,individual,219,219,227,227,0.9647577092511013,0.9647577092511013,false
Jefferson 71110,mixed_use_res,individual,49,167,73,243,0.6712328767123288,0.6872427983539094,false
Berwyn 11030,sfr_1_4,trust,7,8,1570,1727,0.0044585987261146496,0.004632310364794441,false
Lake View 73041,mixed_use_res,individual,52,185,85,302,0.611764705882353,0.6125827814569537,false
Leyden 20010,small_mf,individual,39,233,44,263,0.8863636363636364,0.8859315589353612,false
Orland 28099,sfr_1_4,individual,306,306,327,327,0.9357798165137615,0.9357798165137615,false
Orland 28031,condo_unit,corp,5,5,497,497,0.01006036217303823,0.01006036217303823,false
Jefferson 71074,mixed_use_res,llc,6,20,25,82,0.24,0.24390243902439024,false
Jefferson 71430,small_mf,individual,32,198,42,261,0.7619047619047619,0.7586206896551724,false
Orland 28011,sfr_1_4,trust,17,17,1551,1551,0.01096067053513862,0.01096067053513862,false
Hanover 18010,condo_unit,individual,1525,1525,1912,1912,0.7975941422594143,0.7975941422594143,false
Jefferson 71410,sfr_1_4,lender_reo,8,10,3317,3986,0.002411817907747965,0.002508780732563974,false
Evanston 17041,small_mf,unknown,9,63,43,292,0.20930232558139536,0.21575342465753425,false
Cicero 15030,sfr_1_4,corp,16,18,3863,5396,0.0041418586590732595,0.003335804299481097,false
Oak Park 27040,small_mf,partnership,4,28,58,398,0.06896551724137931,0.07035175879396985,false
Lake 72193,sfr_1_4,trust,8,8,1549,1634,0.005164622336991607,0.004895960832313341,false
Evanston 17050,sfr_1_4,individual,163,163,176,176,0.9261363636363636,0.9261363636363636,false
Lake 72092,sfr_1_4,llc,101,180,1863,2955,0.05421363392377885,0.06091370558375635,false
Hanover 18015,condo_unit,individual,463,463,559,559,0.8282647584973166,0.8282647584973166,false
Thornton 37190,condo_unit,individual,197,197,214,214,0.9205607476635514,0.9205607476635514,false
Rich 32050,sfr_1_4,partnership,2,2,319,319,0.006269592476489028,0.006269592476489028,false
Hyde Park 70010,condo_unit,partnership,11,11,4032,4032,0.002728174603174603,0.002728174603174603,false
Niles 24031,sfr_1_4,estate,1,1,9674,11295,0.00010336985734959685,0.00008853474988933157,false
Northfield 25160,small_mf,unknown,1,7,8,50,0.125,0.14,false
Jefferson 71041,condo_unit,trust,6,6,1003,1003,0.005982053838484547,0.005982053838484547,false
South Chicago 76011,sfr_1_4,corp,1,1,918,918,0.0010893246187363835,0.0010893246187363835,false
Wheeling 38110,sfr_1_4,unknown,1,1,157,157,0.006369426751592357,0.006369426751592357,false
Wheeling 38110,condo_unit,corp,1,1,262,262,0.003816793893129771,0.003816793893129771,false
Palos 30054,sfr_1_4,individual,513,513,553,553,0.9276672694394213,0.9276672694394213,false
Niles 24031,condo_unit,lender_reo,3,3,3568,3568,0.0008408071748878924,0.0008408071748878924,false
Northfield 25100,small_mf,llc,1,7,3,21,0.3333333333333333,0.3333333333333333,false
Evanston 17013,small_mf,unknown,8,56,16,112,0.5,0.5,false
Lake View 73120,condo_unit,individual,556,556,661,661,0.8411497730711044,0.8411497730711044,false
Thornton 37033,mixed_use_res,individual,9,22,11,26,0.8181818181818182,0.8461538461538461,false
Jefferson 71110,sfr_1_4,lender_reo,2,4,2525,4000,0.0007920792079207921,0.001,false
Rich 32100,sfr_1_4,trust,1,1,141,141,0.0070921985815602835,0.0070921985815602835,false
Lemont 19020,sfr_1_4,corp,2,2,862,865,0.002320185614849188,0.0023121387283236996,false
Lyons 21082,condo_unit,corp,3,3,277,277,0.010830324909747292,0.010830324909747292,false
Lake 72070,sfr_1_4,unknown,128,177,5514,7379,0.023213638012332245,0.02398699010706058,false
Northfield 25021,condo_unit,lender_reo,1,1,100,100,0.01,0.01,false
New Trier 23132,sfr_1_4,individual,673,673,724,724,0.9295580110497238,0.9295580110497238,false
Jefferson 71021,sfr_1_4,trust,19,19,1110,1121,0.017117117117117116,0.01694915254237288,false
Rogers Park 75032,mixed_use_res,unknown,1,4,3,12,0.3333333333333333,0.3333333333333333,false
Jefferson 71060,condo_unit,llc,2,2,104,104,0.019230769230769232,0.019230769230769232,false
Proviso 31060,small_mf,lender_reo,2,10,78,489,0.02564102564102564,0.02044989775051125,false
Proviso 31170,mixed_use_res,individual,4,17,6,25,0.6666666666666666,0.68,false
West Chicago 77020,other_res,llc,2,2,2,2,,,true
Jefferson 71440,small_mf,individual,9,59,12,80,0.75,0.7375,false
Palos 30071,sfr_1_4,individual,420,420,447,447,0.9395973154362416,0.9395973154362416,false
Worth 39100,sfr_1_4,estate,1,1,2957,3037,0.00033818058843422386,0.00032927230819888045,false
Worth 39140,sfr_1_4,llc,1,4,168,438,0.005952380952380952,0.0091324200913242,false
Hyde Park 70070,condo_unit,llc,148,148,1432,1432,0.10335195530726257,0.10335195530726257,false
Lake 72030,mixed_use_res,unknown,6,14,222,751,0.02702702702702703,0.018641810918774968,false
North Chicago 74030,small_mf,corp,20,140,115,805,0.17391304347826086,0.17391304347826086,false
North Chicago 74022,condo_unit,unknown,1245,1245,17093,17093,0.0728368337916106,0.0728368337916106,false
Lake View 73110,sfr_1_4,corp,4,6,503,795,0.007952286282306162,0.007547169811320755,false
West Chicago 77091,mixed_use_res,individual,101,394,126,484,0.8015873015873016,0.8140495867768595,false
Lake 72110,sfr_1_4,unknown,88,108,3579,4202,0.024587873707739592,0.02570204664445502,false
Rich 32222,condo_unit,llc,2,2,64,64,0.03125,0.03125,false
West Chicago 77115,sfr_1_4,individual,7439,13425,7770,14100,0.9574002574002574,0.9521276595744681,false
Proviso 31104,sfr_1_4,llc,10,15,2254,2305,0.0044365572315882874,0.006507592190889371,false
Proviso 31160,mixed_use_res,unknown,1,2,23,72,0.043478260869565216,0.027777777777777776,false
Evanston 17140,mixed_use_res,individual,1,2,3,13,0.3333333333333333,0.15384615384615385,false
Proviso 31080,sfr_1_4,lender_reo,8,9,3763,3862,0.002125963327132607,0.002330398757120663,false
Bremen 13342,sfr_1_4,lender_reo,1,1,146,146,0.00684931506849315,0.00684931506849315,false
Thornton 37010,sfr_1_4,corp,6,7,1161,1206,0.00516795865633075,0.005804311774461028,false
Jefferson 71440,condo_unit,unknown,13,13,294,294,0.04421768707482993,0.04421768707482993,false
New Trier 23091,sfr_1_4,llc,2,2,307,307,0.006514657980456026,0.006514657980456026,false
Barrington 10021,sfr_1_4,individual,720,720,799,799,0.9011264080100125,0.9011264080100125,false
Leyden 20090,sfr_1_4,unknown,5,6,173,275,0.028901734104046242,0.02181818181818182,false
South Chicago 76030,condo_unit,unknown,68,68,1380,1380,0.04927536231884058,0.04927536231884058,false
Evanston 17220,small_mf,individual,38,246,85,568,0.4470588235294118,0.43309859154929575,false
Lyons 21032,condo_unit,individual,124,124,148,148,0.8378378378378378,0.8378378378378378,false
Lake 72150,sfr_1_4,individual,1683,2531,1803,2721,0.9334442595673876,0.930172730613745,false
Thornton 37180,sfr_1_4,trust,3,3,169,179,0.01775147928994083,0.01675977653631285,false
Worth 39250,condo_unit,llc,8,8,234,234,0.03418803418803419,0.03418803418803419,false
Norwood Park 26050,sfr_1_4,unknown,9,9,244,244,0.036885245901639344,0.036885245901639344,false
Lake 72281,condo_unit,individual,36,36,42,42,0.8571428571428571,0.8571428571428571,false
Wheeling 38090,small_mf,partnership,5,35,117,710,0.042735042735042736,0.04929577464788732,false
Riverside 34010,condo_unit,individual,54,54,57,57,0.9473684210526315,0.9473684210526315,false
Bremen 13090,condo_unit,trust,5,5,397,397,0.012594458438287154,0.012594458438287154,false
Wheeling 38023,sfr_1_4,unknown,10,10,873,874,0.011454753722794959,0.011441647597254004,false
Elk Grove 16065,condo_unit,unknown,6,6,438,438,0.0136986301369863,0.0136986301369863,false
Elk Grove 16095,sfr_1_4,trust,2,2,99,99,0.020202020202020204,0.020202020202020204,false
Leyden 20081,small_mf,unknown,15,95,235,1463,0.06382978723404255,0.06493506493506493,false
Hanover 18050,mixed_use_res,individual,8,27,11,37,0.7272727272727273,0.7297297297297297,false
Bremen 13080,sfr_1_4,corp,5,5,1135,1212,0.004405286343612335,0.004125412541254125,false
Berwyn 11020,mixed_use_res,trust,3,10,46,142,0.06521739130434782,0.07042253521126761,false
Hyde Park 70020,sfr_1_4,individual,1765,1955,1933,2183,0.9130884635281945,0.8955565735226753,false
Worth 39110,sfr_1_4,unknown,64,65,2508,2532,0.025518341307814992,0.025671406003159557,false
Proviso 31104,sfr_1_4,unknown,84,84,2254,2305,0.037267080745341616,0.03644251626898048,false
Bremen 13210,small_mf,individual,4,24,9,56,0.4444444444444444,0.42857142857142855,false
Leyden 20020,condo_unit,lender_reo,5,5,934,934,0.0053533190578158455,0.0053533190578158455,false
Proviso 31041,small_mf,llc,1,6,20,130,0.05,0.046153846153846156,false
Leyden 20080,sfr_1_4,trust,26,29,4871,5958,0.005337712995278177,0.004867405169519974,false
Proviso 31170,small_mf,lender_reo,1,7,45,262,0.022222222222222223,0.026717557251908396,false
Cicero 15020,sfr_1_4,individual,797,1480,830,1549,0.9602409638554217,0.9554551323434474,false
North Chicago 74022,condo_unit,llc,447,447,17093,17093,0.026151055987831275,0.026151055987831275,false
Lake View 73041,condo_unit,unknown,25,25,349,349,0.07163323782234957,0.07163323782234957,false
South Chicago 76040,sfr_1_4,unknown,6,8,184,220,0.03260869565217391,0.03636363636363636,false
Niles 24013,sfr_1_4,individual,335,353,348,374,0.9626436781609196,0.9438502673796791,false
Worth 39122,sfr_1_4,unknown,53,53,1811,1811,0.029265599116510214,0.029265599116510214,false
Thornton 37052,condo_unit,lender_reo,1,1,108,108,0.009259259259259259,0.009259259259259259,false
Rich 32190,sfr_1_4,corp,4,4,630,630,0.006349206349206349,0.006349206349206349,false
Northfield 25131,sfr_1_4,corp,1,4,837,848,0.0011947431302270011,0.0047169811320754715,false
Lake 72310,sfr_1_4,individual,1361,1393,1535,1569,0.8866449511400651,0.8878266411727215,false
Rich 32340,sfr_1_4,individual,100,100,111,111,0.9009009009009009,0.9009009009009009,false
Palos 30060,sfr_1_4,corp,1,1,89,96,0.011235955056179775,0.010416666666666666,false
Hanover 18010,small_mf,individual,2,14,2,14,1.0,1.0,false
Thornton 37185,sfr_1_4,partnership,1,1,521,545,0.0019193857965451055,0.001834862385321101,false
Proviso 31104,condo_unit,llc,7,7,271,271,0.025830258302583026,0.025830258302583026,false
West Chicago 77170,mixed_use_res,trust,1,2,175,636,0.005714285714285714,0.0031446540880503146,false
South Chicago 76050,small_mf,individual,50,311,87,552,0.5747126436781609,0.5634057971014492,false
Worth 39071,mixed_use_res,individual,14,33,16,37,0.875,0.8918918918918919,false
Worth 39030,sfr_1_4,lender_reo,4,4,854,868,0.00468384074941452,0.004608294930875576,false
Bloom 12141,small_mf,corp,5,35,21,139,0.23809523809523808,0.2517985611510791,false
New Trier 23093,mixed_use_res,individual,12,36,18,60,0.6666666666666666,0.6,false
Evanston 17050,sfr_1_4,unknown,4,4,176,176,0.022727272727272728,0.022727272727272728,false
Berwyn 11070,small_mf,individual,5,31,13,87,0.38461538461538464,0.3563218390804598,false
Niles 24060,sfr_1_4,unknown,17,17,777,779,0.021879021879021878,0.021822849807445442,false
Oak Park 27030,sfr_1_4,llc,11,13,1616,1743,0.006806930693069307,0.007458405048766495,false
Worth 39250,sfr_1_4,trust,7,7,1107,1125,0.006323396567299007,0.006222222222222222,false
Lake View 73034,condo_unit,llc,7,7,14,14,0.5,0.5,false
Niles 24081,mixed_use_res,individual,15,45,23,62,0.6521739130434783,0.7258064516129032,false
Palos 30080,sfr_1_4,individual,854,854,906,906,0.9426048565121413,0.9426048565121413,false
Rich 32255,small_mf,corp,1,7,4,28,0.25,0.25,false
River Forest 33040,sfr_1_4,unknown,23,25,701,742,0.03281027104136947,0.03369272237196765,false
New Trier 23092,sfr_1_4,lender_reo,3,3,1570,1575,0.001910828025477707,0.0019047619047619048,false
Evanston 17130,sfr_1_4,corp,1,1,683,822,0.0014641288433382138,0.0012165450121654502,false
Palatine 29080,sfr_1_4,trust,25,25,1929,1929,0.012960082944530845,0.012960082944530845,false
Northfield 25270,sfr_1_4,individual,291,291,312,312,0.9326923076923077,0.9326923076923077,false
Niles 24013,small_mf,llc,2,12,22,139,0.09090909090909091,0.08633093525179857,false
Worth 39080,condo_unit,unknown,37,37,1439,1439,0.02571230020847811,0.02571230020847811,false
Jefferson 71200,sfr_1_4,estate,1,1,7151,8207,0.00013984058173682003,0.00012184720360667723,false
Niles 24060,sfr_1_4,llc,2,2,777,779,0.002574002574002574,0.0025673940949935813,false
Orland 28050,sfr_1_4,llc,13,19,1283,1315,0.010132501948558068,0.014448669201520912,false
Rogers Park 75032,mixed_use_res,individual,1,4,3,12,0.3333333333333333,0.3333333333333333,false
Proviso 31034,mixed_use_res,llc,1,4,12,39,0.08333333333333333,0.10256410256410256,false
Rogers Park 75022,sfr_1_4,llc,15,36,976,1608,0.015368852459016393,0.022388059701492536,false
Bloom 12087,sfr_1_4,lender_reo,2,2,421,421,0.004750593824228029,0.004750593824228029,false
Jefferson 71110,small_mf,unknown,17,115,156,1042,0.10897435897435898,0.11036468330134357,false
Orland 28022,sfr_1_4,unknown,53,68,1369,1632,0.03871439006574142,0.041666666666666664,false
Rich 32200,sfr_1_4,lender_reo,2,2,520,520,0.0038461538461538464,0.0038461538461538464,false
Maine 22150,small_mf,corp,1,7,22,148,0.045454545454545456,0.0472972972972973,false
Lemont 19050,sfr_1_4,unknown,9,9,437,437,0.020594965675057208,0.020594965675057208,false
Lyons 21082,small_mf,corp,7,49,33,222,0.21212121212121213,0.22072072072072071,false
Bloom 12093,sfr_1_4,individual,171,174,183,186,0.9344262295081968,0.9354838709677419,false
West Chicago 77080,condo_unit,trust,2,2,8,8,,,true
Lake 72293,mixed_use_res,unknown,1,4,6,22,0.16666666666666666,0.18181818181818182,false
Jefferson 71150,sfr_1_4,partnership,8,8,9873,11614,0.0008102906917856781,0.0006888238333046323,false
Wheeling 38014,sfr_1_4,individual,453,453,477,477,0.949685534591195,0.949685534591195,false
Proviso 31103,sfr_1_4,llc,9,26,669,781,0.013452914798206279,0.03329065300896287,false
Hyde Park 70010,small_mf,trust,3,19,720,4743,0.004166666666666667,0.004005903436643475,false
Schaumburg 35035,sfr_1_4,individual,91,91,94,94,0.9680851063829787,0.9680851063829787,false
Orland 28040,condo_unit,individual,159,159,172,172,0.9244186046511628,0.9244186046511628,false
Rich 32161,sfr_1_4,unknown,14,14,435,435,0.03218390804597701,0.03218390804597701,false
Rich 32262,sfr_1_4,llc,1,1,147,147,0.006802721088435374,0.006802721088435374,false
Lake View 73060,condo_unit,trust,150,150,9084,9084,0.016512549537648614,0.016512549537648614,false
West Chicago 77115,small_mf,llc,41,267,181,1133,0.2265193370165746,0.235657546337158,false
Wheeling 38070,sfr_1_4,partnership,3,3,4133,4224,0.0007258649891120251,0.0007102272727272727,false
Lake 72200,mixed_use_res,unknown,2,6,57,197,0.03508771929824561,0.030456852791878174,false
Lake 72170,sfr_1_4,partnership,3,3,2220,3166,0.0013513513513513514,0.0009475679090334807,false
Bloom 12091,small_mf,llc,4,28,9,63,0.4444444444444444,0.4444444444444444,false
Jefferson 71430,condo_unit,corp,3,3,338,338,0.008875739644970414,0.008875739644970414,false
Bloom 12081,sfr_1_4,unknown,6,6,165,165,0.03636363636363636,0.03636363636363636,false
Hyde Park 70240,sfr_1_4,trust,15,21,4649,5203,0.0032265003226500323,0.004036133000192197,false
Jefferson 71402,small_mf,partnership,1,7,45,282,0.022222222222222223,0.024822695035460994,false
Lake 72212,mixed_use_res,individual,24,85,34,127,0.7058823529411765,0.6692913385826772,false
Bremen 13110,sfr_1_4,corp,2,2,350,365,0.005714285714285714,0.005479452054794521,false
New Trier 23080,sfr_1_4,llc,8,8,608,608,0.013157894736842105,0.013157894736842105,false
Hyde Park 70101,mixed_use_res,unknown,2,6,41,124,0.04878048780487805,0.04838709677419355,false
Lake 72282,condo_unit,individual,6,6,6,6,,,true
Bremen 13120,sfr_1_4,individual,1769,1769,1943,1945,0.9104477611940298,0.9095115681233933,false
Jefferson 71140,mixed_use_res,llc,9,27,33,107,0.2727272727272727,0.2523364485981308,false
Proviso 31160,small_mf,individual,12,75,27,174,0.4444444444444444,0.43103448275862066,false
South Chicago 76040,sfr_1_4,llc,2,4,184,220,0.010869565217391304,0.01818181818181818,false
Lyons 21132,sfr_1_4,individual,297,297,315,315,0.9428571428571428,0.9428571428571428,false
Worth 39050,condo_unit,individual,77,77,93,93,0.8279569892473119,0.8279569892473119,false
Jefferson 71082,sfr_1_4,trust,36,66,4527,6888,0.007952286282306162,0.009581881533101045,false
South Chicago 76011,sfr_1_4,trust,18,18,918,918,0.0196078431372549,0.0196078431372549,false
Lake View 73092,sfr_1_4,unknown,12,33,152,337,0.07894736842105263,0.09792284866468842,false
Schaumburg 35020,sfr_1_4,partnership,2,2,2907,2907,0.0006879944960440316,0.0006879944960440316,false
Oak Park 27090,small_mf,corp,6,42,59,404,0.1016949152542373,0.10396039603960396,false
Orland 28101,sfr_1_4,trust,2,2,149,149,0.013422818791946308,0.013422818791946308,false
West Chicago 77080,condo_unit,corp,2,2,8,8,,,true
Rogers Park 75021,condo_unit,lender_reo,2,2,543,543,0.003683241252302026,0.003683241252302026,false
Wheeling 38080,sfr_1_4,trust,16,16,2041,2041,0.007839294463498285,0.007839294463498285,false
Evanston 17043,condo_unit,unknown,20,20,1033,1033,0.01936108422071636,0.01936108422071636,false
Lake 72282,small_mf,unknown,13,82,136,902,0.09558823529411764,0.09090909090909091,false
Calumet 14010,condo_unit,llc,4,4,50,50,0.08,0.08,false
Lyons 21111,coop_building,coop_corp,1,1,1,1,,,true
Bremen 13140,sfr_1_4,trust,9,9,1186,1186,0.007588532883642495,0.007588532883642495,false
Bremen 13151,sfr_1_4,unknown,31,31,580,580,0.05344827586206897,0.05344827586206897,false
Northfield 25010,sfr_1_4,llc,61,61,422,422,0.14454976303317535,0.14454976303317535,false
Schaumburg 35103,condo_unit,llc,1,1,96,96,0.010416666666666666,0.010416666666666666,false
West Chicago 77150,condo_unit,corp,11,11,1527,1527,0.007203667321545514,0.007203667321545514,false
Lake View 73032,mixed_use_res,llc,11,38,58,206,0.1896551724137931,0.18446601941747573,false
South Chicago 76041,sfr_1_4,lender_reo,2,3,841,1191,0.0023781212841854932,0.0025188916876574307,false
Lyons 21061,sfr_1_4,partnership,1,1,384,384,0.0026041666666666665,0.0026041666666666665,false
Lake 72051,small_mf,llc,3,18,8,48,0.375,0.375,false
Lake 72121,small_mf,unknown,1,7,13,84,0.07692307692307693,0.08333333333333333,false
Rogers Park 75010,condo_unit,individual,132,132,141,141,0.9361702127659575,0.9361702127659575,false
Worth 39250,sfr_1_4,lender_reo,3,3,1107,1125,0.0027100271002710027,0.0026666666666666666,false
New Trier 23094,sfr_1_4,individual,765,770,806,812,0.9491315136476427,0.9482758620689655,false
Proviso 31032,small_mf,unknown,3,15,40,233,0.075,0.06437768240343347,false
Elk Grove 16062,sfr_1_4,trust,19,19,3211,3211,0.005917159763313609,0.005917159763313609,false
Maine 22085,small_mf,llc,7,42,101,613,0.06930693069306931,0.06851549755301795,false
Lake 72171,sfr_1_4,partnership,3,4,1756,2558,0.0017084282460136675,0.001563721657544957,false
Lake 72194,sfr_1_4,corp,5,5,1109,1110,0.004508566275924256,0.0045045045045045045,false
Hyde Park 70241,sfr_1_4,trust,3,3,482,482,0.006224066390041493,0.006224066390041493,false
Maine 22087,mixed_use_res,llc,2,6,3,8,,,true
Lake 72212,small_mf,unknown,29,197,124,821,0.23387096774193547,0.23995127892813642,false
Lake 72282,sfr_1_4,llc,202,242,7505,8157,0.02691538974017322,0.02966777001348535,false
West Chicago 77020,mixed_use_res,individual,109,396,141,520,0.7730496453900709,0.7615384615384615,false
Orland 28061,sfr_1_4,llc,3,3,872,872,0.0034403669724770644,0.0034403669724770644,false
Elk Grove 16065,condo_unit,llc,4,4,438,438,0.0091324200913242,0.0091324200913242,false
Jefferson 71041,condo_unit,unknown,73,73,1003,1003,0.07278165503489531,0.07278165503489531,false
Proviso 31150,sfr_1_4,individual,821,835,867,882,0.9469434832756632,0.9467120181405896,false
Berwyn 11050,sfr_1_4,llc,15,24,1982,2446,0.0075681130171543895,0.009811937857726901,false
Palatine 29140,sfr_1_4,unknown,3,3,229,229,0.013100436681222707,0.013100436681222707,false
Elk Grove 16010,condo_unit,unknown,22,22,388,388,0.05670103092783505,0.05670103092783505,false
Jefferson 71021,sfr_1_4,individual,1060,1066,1110,1121,0.954954954954955,0.9509366636931311,false
Niles 24023,sfr_1_4,unknown,8,8,346,346,0.023121387283236993,0.023121387283236993,false
Evanston 17140,condo_unit,unknown,1,1,8,8,,,true
Rogers Park 75040,condo_unit,estate,1,1,1670,1670,0.0005988023952095808,0.0005988023952095808,false
Palatine 29070,sfr_1_4,lender_reo,4,4,4389,4389,0.000911369332421964,0.000911369332421964,false
Rogers Park 75031,condo_unit,partnership,1,1,4133,4133,0.00024195499637067505,0.00024195499637067505,false
Palos 30040,small_mf,individual,17,112,32,214,0.53125,0.5233644859813084,false
Worth 39131,sfr_1_4,trust,5,6,1579,1817,0.0031665611146295125,0.003302146395156852,false
Thornton 37183,mixed_use_res,individual,2,5,2,5,,,true
Rich 32220,condo_unit,trust,2,2,307,307,0.006514657980456026,0.006514657980456026,false
Rich 32130,sfr_1_4,partnership,9,9,1133,1175,0.00794351279788173,0.007659574468085106,false
Northfield 25010,condo_unit,lender_reo,3,3,781,781,0.0038412291933418692,0.0038412291933418692,false
Jefferson 71250,condo_unit,unknown,3,3,33,33,0.09090909090909091,0.09090909090909091,false
North Chicago 74011,small_mf,partnership,11,77,64,444,0.171875,0.17342342342342343,false
Lyons 21102,sfr_1_4,unknown,53,56,1310,1387,0.04045801526717557,0.04037490987743331,false
Jefferson 71371,small_mf,llc,11,72,77,476,0.14285714285714285,0.15126050420168066,false
Lake View 73060,condo_unit,individual,8067,8067,9084,9084,0.8880449141347424,0.8880449141347424,false
Elk Grove 16011,sfr_1_4,corp,1,1,381,381,0.0026246719160104987,0.0026246719160104987,false
Rogers Park 75032,other_res,llc,1,1,1,1,,,true
Thornton 37061,condo_unit,individual,82,82,87,87,0.9425287356321839,0.9425287356321839,false
Hyde Park 70140,condo_unit,unknown,1,1,35,35,0.02857142857142857,0.02857142857142857,false
Jefferson 71070,condo_unit,trust,2,2,1397,1397,0.0014316392269148174,0.0014316392269148174,false
Jefferson 71430,condo_unit,unknown,18,18,338,338,0.05325443786982249,0.05325443786982249,false
Wheeling 38081,sfr_1_4,lender_reo,1,1,1470,1470,0.0006802721088435374,0.0006802721088435374,false
Rich 32181,sfr_1_4,individual,830,830,961,961,0.8636836628511967,0.8636836628511967,false
Proviso 31050,condo_unit,trust,3,3,180,180,0.016666666666666666,0.016666666666666666,false
Orland 28013,sfr_1_4,unknown,6,6,287,287,0.020905923344947737,0.020905923344947737,false
Rich 32120,sfr_1_4,corp,28,28,3004,3004,0.009320905459387484,0.009320905459387484,false
Elk Grove 16010,sfr_1_4,unknown,38,38,2050,2050,0.018536585365853658,0.018536585365853658,false
Palatine 29082,small_mf,llc,2,14,5,35,0.4,0.4,false
Hanover 18035,sfr_1_4,trust,9,9,904,904,0.00995575221238938,0.00995575221238938,false
Schaumburg 35100,condo_unit,individual,490,490,522,522,0.9386973180076629,0.9386973180076629,false
Palos 30011,sfr_1_4,individual,808,808,867,867,0.9319492502883506,0.9319492502883506,false
Worth 39250,condo_unit,unknown,15,15,234,234,0.0641025641025641,0.0641025641025641,false
West Chicago 77103,sfr_1_4,corp,19,32,951,1702,0.019978969505783387,0.01880141010575793,false
Bremen 13182,sfr_1_4,individual,253,253,258,258,0.9806201550387597,0.9806201550387597,false
Evanston 17043,sfr_1_4,llc,5,8,486,518,0.0102880658436214,0.015444015444015444,false
New Trier 23092,mixed_use_res,individual,7,23,14,39,0.5,0.5897435897435898,false
Berwyn 11010,small_mf,individual,88,517,146,882,0.6027397260273972,0.5861678004535147,false
Evanston 17020,small_mf,individual,1,7,7,49,0.14285714285714285,0.14285714285714285,false
Maine 22111,sfr_1_4,estate,1,2,3343,3549,0.0002991325157044571,0.0005635390250774866,false
West Chicago 77102,small_mf,lender_reo,12,81,332,2186,0.03614457831325301,0.03705397987191217,false
Bremen 13120,sfr_1_4,unknown,95,95,1943,1945,0.048893463715903245,0.04884318766066838,false
West Chicago 77101,small_mf,corp,9,56,82,518,0.10975609756097561,0.10810810810810811,false
Northfield 25090,sfr_1_4,llc,5,5,600,602,0.008333333333333333,0.008305647840531562,false
South Chicago 76050,mixed_use_res,individual,116,404,151,540,0.7682119205298014,0.7481481481481481,false
Wheeling 38027,condo_unit,unknown,2,2,56,56,0.03571428571428571,0.03571428571428571,false
Bloom 12071,mixed_use_res,unknown,1,4,1,4,,,true
Leyden 20040,small_mf,individual,1,7,1,7,,,true
Lake 72350,small_mf,unknown,1,7,41,286,0.024390243902439025,0.024475524475524476,false
Lake 72071,mixed_use_res,lender_reo,2,4,64,210,0.03125,0.01904761904761905,false
Rich 32310,sfr_1_4,unknown,4,4,304,304,0.013157894736842105,0.013157894736842105,false
Bloom 12046,sfr_1_4,lender_reo,2,2,549,550,0.0036429872495446266,0.0036363636363636364,false
Jefferson 71140,sfr_1_4,unknown,37,40,1241,1331,0.029814665592264304,0.03005259203606311,false
Wheeling 38081,sfr_1_4,llc,8,8,1470,1470,0.005442176870748299,0.005442176870748299,false
Wheeling 38027,condo_unit,llc,2,2,56,56,0.03571428571428571,0.03571428571428571,false
Rich 32130,condo_unit,unknown,4,4,168,168,0.023809523809523808,0.023809523809523808,false
Bloom 12044,sfr_1_4,lender_reo,1,1,491,494,0.002036659877800407,0.0020242914979757085,false
Lyons 21071,condo_unit,individual,234,234,257,257,0.9105058365758755,0.9105058365758755,false
Lake 72274,small_mf,individual,37,252,64,437,0.578125,0.5766590389016019,false
Rogers Park 75060,condo_unit,lender_reo,1,1,617,617,0.0016207455429497568,0.0016207455429497568,false
Orland 28100,sfr_1_4,corp,57,57,3062,3062,0.018615284128020902,0.018615284128020902,false
Wheeling 38050,condo_unit,llc,4,4,490,490,0.00816326530612245,0.00816326530612245,false
Northfield 25011,small_mf,trust,6,36,77,462,0.07792207792207792,0.07792207792207792,false
Orland 28104,sfr_1_4,corp,1,1,148,148,0.006756756756756757,0.006756756756756757,false
Wheeling 38040,condo_unit,llc,6,6,1532,1532,0.0039164490861618795,0.0039164490861618795,false
Lake View 73012,mixed_use_res,corp,1,2,29,94,0.034482758620689655,0.02127659574468085,false
Palos 30060,condo_unit,trust,3,3,705,705,0.00425531914893617,0.00425531914893617,false
Hyde Park 70130,small_mf,individual,19,125,30,200,0.6333333333333333,0.625,false
Jefferson 71171,small_mf,corp,6,41,77,500,0.07792207792207792,0.082,false
Rich 32075,sfr_1_4,llc,2,2,156,156,0.01282051282051282,0.01282051282051282,false
Cicero 15090,sfr_1_4,unknown,15,17,788,916,0.01903553299492386,0.018558951965065504,false
Lake View 73084,condo_unit,corp,14,14,5003,5003,0.0027983210073955628,0.0027983210073955628,false
Palos 30030,condo_unit,individual,366,366,392,392,0.9336734693877551,0.9336734693877551,false
Proviso 31031,mixed_use_res,individual,1,2,3,6,,,true
Worth 39081,sfr_1_4,lender_reo,2,2,454,454,0.004405286343612335,0.004405286343612335,false
Niles 24031,small_mf,individual,89,562,162,1048,0.5493827160493827,0.5362595419847328,false
Bremen 13240,small_mf,unknown,1,7,2,14,0.5,0.5,false
Proviso 31030,coop_building,coop_corp,3,3,3,3,,,true
South Chicago 76042,small_mf,corp,5,35,14,95,0.35714285714285715,0.3684210526315789,false
Rich 32130,condo_unit,llc,1,1,168,168,0.005952380952380952,0.005952380952380952,false
Maine 22040,sfr_1_4,trust,16,16,2639,2667,0.0060629026146267525,0.005999250093738283,false
West Chicago 77170,mixed_use_res,individual,95,339,175,636,0.5428571428571428,0.5330188679245284,false
Hyde Park 70130,small_mf,corp,1,7,30,200,0.03333333333333333,0.035,false
West Chicago 77120,sfr_1_4,corp,18,31,3166,5552,0.005685407454200884,0.0055835734870317,false
Rogers Park 75022,small_mf,trust,2,14,141,953,0.014184397163120567,0.014690451206715634,false
Rich 32226,sfr_1_4,unknown,45,45,935,935,0.0481283422459893,0.0481283422459893,false
West Chicago 77101,mixed_use_res,corp,3,10,57,202,0.05263157894736842,0.04950495049504951,false
Lake View 73084,small_mf,corp,22,151,387,2570,0.056847545219638244,0.05875486381322957,false
Palos 30061,condo_unit,lender_reo,1,1,383,383,0.0026109660574412533,0.0026109660574412533,false
Lyons 21111,condo_unit,corp,4,4,340,340,0.011764705882352941,0.011764705882352941,false
Bloom 12041,sfr_1_4,individual,196,196,206,206,0.9514563106796117,0.9514563106796117,false
Palatine 29060,mixed_use_res,individual,15,47,24,71,0.625,0.6619718309859155,false
Wheeling 38040,condo_unit,trust,25,25,1532,1532,0.016318537859007835,0.016318537859007835,false
Lake 72092,sfr_1_4,trust,5,11,1863,2955,0.0026838432635534087,0.003722504230118443,false
Berwyn 11010,sfr_1_4,trust,15,27,2228,3617,0.006732495511669659,0.007464749792645839,false
Hyde Park 70091,sfr_1_4,llc,3,3,524,524,0.0057251908396946565,0.0057251908396946565,false
Jefferson 71050,condo_unit,estate,1,1,890,890,0.0011235955056179776,0.0011235955056179776,false
Lake 72120,sfr_1_4,corp,42,56,3354,4393,0.012522361359570662,0.012747552925108126,false
Palos 30061,condo_unit,corp,1,1,383,383,0.0026109660574412533,0.0026109660574412533,false
Jefferson 71150,mixed_use_res,unknown,14,47,141,475,0.09929078014184398,0.09894736842105263,false
Thornton 37150,sfr_1_4,lender_reo,5,5,2164,2165,0.0023105360443622922,0.0023094688221709007,false
Schaumburg 35108,sfr_1_4,trust,3,3,651,651,0.004608294930875576,0.004608294930875576,false
Rich 32020,sfr_1_4,unknown,2,2,181,181,0.011049723756906077,0.011049723756906077,false
Jefferson 71150,mixed_use_res,llc,21,75,141,475,0.14893617021276595,0.15789473684210525,false
Barrington 10014,sfr_1_4,lender_reo,1,1,126,126,0.007936507936507936,0.007936507936507936,false
Lake 72091,sfr_1_4,trust,10,21,3153,5390,0.003171582619727244,0.003896103896103896,false
Hyde Park 70240,mixed_use_res,unknown,1,4,56,178,0.017857142857142856,0.02247191011235955,false
Jefferson 71081,condo_unit,corp,31,31,1941,1941,0.015971148892323546,0.015971148892323546,false
Cicero 15030,small_mf,corp,1,7,80,508,0.0125,0.013779527559055118,false
Proviso 31092,small_mf,unknown,11,75,72,461,0.1527777777777778,0.16268980477223427,false
Lemont 19038,sfr_1_4,trust,1,1,123,123,0.008130081300813009,0.008130081300813009,false
Orland 28036,mixed_use_res,unknown,1,3,4,9,,,true
Hanover 18060,sfr_1_4,lender_reo,1,1,488,488,0.0020491803278688526,0.0020491803278688526,false
Hyde Park 70241,sfr_1_4,unknown,7,7,482,482,0.014522821576763486,0.014522821576763486,false
Bremen 13160,condo_unit,individual,12,12,12,12,1.0,1.0,false
Wheeling 38053,sfr_1_4,individual,681,681,696,696,0.978448275862069,0.978448275862069,false
Jefferson 71071,small_mf,individual,36,238,65,437,0.5538461538461539,0.5446224256292906,false
Thornton 37033,sfr_1_4,individual,3206,3455,3580,3880,0.8955307262569833,0.8904639175257731,false
Hyde Park 70070,small_mf,llc,97,630,359,2330,0.27019498607242337,0.2703862660944206,false
North Chicago 74012,sfr_1_4,llc,183,356,3461,4972,0.05287489164981219,0.07160096540627514,false
West Chicago 77060,small_mf,unknown,41,279,109,720,0.3761467889908257,0.3875,false
West Chicago 77091,mixed_use_res,lender_reo,1,4,126,484,0.007936507936507936,0.008264462809917356,false
Worth 39160,sfr_1_4,trust,8,8,1313,1376,0.006092916984006093,0.005813953488372093,false
West Chicago 77103,small_mf,lender_reo,1,7,39,250,0.02564102564102564,0.028,false
Jefferson 71042,sfr_1_4,corp,5,12,1333,2037,0.0037509377344336083,0.005891016200294551,false
Jefferson 71090,mixed_use_res,individual,51,160,63,202,0.8095238095238095,0.7920792079207921,false
Schaumburg 35170,sfr_1_4,individual,1075,1075,1127,1127,0.9538598047914818,0.9538598047914818,false
Lyons 21151,sfr_1_4,llc,2,2,331,331,0.006042296072507553,0.006042296072507553,false
Rich 32130,sfr_1_4,unknown,52,58,1133,1175,0.04589585172109444,0.04936170212765958,false
Bloom 12112,coop_building,coop_corp,12,12,12,12,1.0,1.0,false
Lake View 73070,mixed_use_res,individual,54,198,90,330,0.6,0.6,false
Palatine 29022,condo_unit,individual,3086,3086,3531,3531,0.8739733786462759,0.8739733786462759,false
Wheeling 38072,condo_unit,trust,36,36,652,652,0.05521472392638037,0.05521472392638037,false
Jefferson 71101,sfr_1_4,partnership,1,1,1742,2352,0.000574052812858783,0.00042517006802721087,false
Jefferson 71402,mixed_use_res,llc,2,4,25,83,0.08,0.04819277108433735,false
Niles 24052,small_mf,individual,7,47,12,82,0.5833333333333334,0.573170731707317,false
Worth 39110,sfr_1_4,individual,2385,2404,2508,2532,0.9509569377990431,0.9494470774091627,false
Thornton 37033,sfr_1_4,unknown,202,217,3580,3880,0.056424581005586595,0.055927835051546394,false
Rich 32120,coop_building,coop_corp,10,10,10,10,1.0,1.0,false
Schaumburg 35074,sfr_1_4,individual,765,765,793,793,0.9646910466582598,0.9646910466582598,false
Lyons 21067,sfr_1_4,unknown,3,3,407,407,0.007371007371007371,0.007371007371007371,false
Lyons 21065,condo_unit,corp,2,2,577,577,0.0034662045060658577,0.0034662045060658577,false
Jefferson 71090,condo_unit,trust,6,6,515,515,0.011650485436893204,0.011650485436893204,false
Wheeling 38051,sfr_1_4,corp,1,1,1105,1105,0.0009049773755656109,0.0009049773755656109,false
Jefferson 71440,sfr_1_4,partnership,1,1,3975,4100,0.00025157232704402514,0.00024390243902439024,false
Hyde Park 70111,sfr_1_4,lender_reo,16,17,4833,5311,0.0033105731429753774,0.0032009037845980044,false
Hyde Park 70030,mixed_use_res,unknown,5,16,75,276,0.06666666666666667,0.057971014492753624,false
Hanover 18020,sfr_1_4,lender_reo,11,11,5089,5089,0.0021615248575358615,0.0021615248575358615,false
Jefferson 71101,sfr_1_4,lender_reo,3,6,1742,2352,0.001722158438576349,0.002551020408163265,false
West Chicago 77052,condo_unit,unknown,17,17,797,797,0.02132998745294856,0.02132998745294856,false
Bremen 13316,sfr_1_4,unknown,10,10,431,431,0.02320185614849188,0.02320185614849188,false
Rich 32020,condo_unit,lender_reo,2,2,705,705,0.0028368794326241137,0.0028368794326241137,false
Lake View 73032,sfr_1_4,unknown,55,97,1371,2191,0.04011670313639679,0.04427202190780465,false
Palos 30042,condo_unit,unknown,39,39,1210,1210,0.032231404958677684,0.032231404958677684,false
Lake 72300,sfr_1_4,partnership,1,1,1318,1366,0.0007587253414264037,0.0007320644216691069,false
West Chicago 77052,condo_unit,llc,55,55,797,797,0.06900878293601004,0.06900878293601004,false
Stickney 36041,sfr_1_4,individual,3949,4146,4145,4356,0.9527141133896261,0.9517906336088154,false
Palatine 29070,condo_unit,unknown,134,134,3516,3516,0.03811149032992037,0.03811149032992037,false
Lake 72092,sfr_1_4,corp,25,40,1863,2955,0.013419216317767043,0.01353637901861252,false
Palos 30030,condo_unit,unknown,13,13,392,392,0.03316326530612245,0.03316326530612245,false
Bremen 13160,mixed_use_res,llc,1,4,3,9,,,true
Schaumburg 35090,sfr_1_4,lender_reo,1,1,1927,1927,0.0005189413596263622,0.0005189413596263622,false
Schaumburg 35074,condo_unit,individual,211,211,238,238,0.8865546218487395,0.8865546218487395,false
Jefferson 71081,condo_unit,trust,6,6,1941,1941,0.0030911901081916537,0.0030911901081916537,false
Worth 39040,condo_unit,trust,4,4,822,822,0.004866180048661801,0.004866180048661801,false
Evanston 17080,coop_building,coop_corp,3,3,3,3,,,true
Thornton 37011,small_mf,llc,10,60,32,192,0.3125,0.3125,false
West Chicago 77091,condo_unit,lender_reo,1,1,135,135,0.007407407407407408,0.007407407407407408,false
Maine 22111,condo_unit,individual,496,496,533,533,0.9305816135084428,0.9305816135084428,false
Hyde Park 70083,sfr_1_4,llc,14,29,743,1215,0.018842530282637954,0.023868312757201648,false
Rich 32360,sfr_1_4,trust,1,1,148,148,0.006756756756756757,0.006756756756756757,false
Elk Grove 16011,sfr_1_4,lender_reo,1,1,381,381,0.0026246719160104987,0.0026246719160104987,false
Evanston 17200,sfr_1_4,unknown,4,4,291,311,0.013745704467353952,0.012861736334405145,false
Berwyn 11060,sfr_1_4,partnership,1,1,545,691,0.001834862385321101,0.001447178002894356,false
Wheeling 38010,condo_unit,unknown,14,14,270,270,0.05185185185185185,0.05185185185185185,false
Evanston 17071,condo_unit,unknown,25,25,1240,1240,0.020161290322580645,0.020161290322580645,false
Jefferson 71260,mixed_use_res,trust,1,3,133,439,0.007518796992481203,0.00683371298405467,false
Palatine 29013,sfr_1_4,unknown,11,11,375,375,0.029333333333333333,0.029333333333333333,false
Lake View 73044,condo_unit,individual,249,249,263,263,0.9467680608365019,0.9467680608365019,false
River Forest 33015,mixed_use_res,individual,8,38,12,47,0.6666666666666666,0.8085106382978723,false
Riverside 34040,sfr_1_4,unknown,3,6,53,84,0.05660377358490566,0.07142857142857142,false
Worth 39130,small_mf,trust,2,10,30,169,0.06666666666666667,0.05917159763313609,false
New Trier 23050,sfr_1_4,corp,2,2,327,327,0.0061162079510703364,0.0061162079510703364,false
Jefferson 71440,small_mf,llc,1,7,12,80,0.08333333333333333,0.0875,false
Lake View 73070,mixed_use_res,unknown,15,54,90,330,0.16666666666666666,0.16363636363636364,false
Elk Grove 16030,condo_unit,lender_reo,4,4,993,993,0.004028197381671702,0.004028197381671702,false
Niles 24031,small_mf,unknown,32,221,162,1048,0.19753086419753085,0.21087786259541985,false
Berwyn 11040,small_mf,partnership,1,7,62,395,0.016129032258064516,0.017721518987341773,false
Wheeling 38071,sfr_1_4,trust,16,16,1314,1314,0.0121765601217656,0.0121765601217656,false
Schaumburg 35150,sfr_1_4,unknown,4,4,206,206,0.019417475728155338,0.019417475728155338,false
Evanston 17071,mixed_use_res,corp,1,2,3,6,,,true
Lake 72171,small_mf,corp,4,28,53,356,0.07547169811320754,0.07865168539325842,false
Rich 32130,mixed_use_res,individual,12,35,16,47,0.75,0.7446808510638298,false
Bloom 12041,sfr_1_4,trust,1,1,206,206,0.0048543689320388345,0.0048543689320388345,false
Lake 72052,sfr_1_4,llc,24,32,1267,1831,0.018942383583267563,0.017476788640087382,false
South Chicago 76011,small_mf,individual,15,105,61,427,0.2459016393442623,0.2459016393442623,false
New Trier 23092,sfr_1_4,llc,13,13,1570,1575,0.008280254777070064,0.008253968253968255,false
Leyden 20050,small_mf,trust,1,7,42,285,0.023809523809523808,0.02456140350877193,false
Bremen 13080,small_mf,partnership,4,28,24,152,0.16666666666666666,0.18421052631578946,false
Maine 22050,condo_unit,corp,23,23,4913,4913,0.004681457358029717,0.004681457358029717,false
Palatine 29090,sfr_1_4,llc,5,5,979,979,0.005107252298263534,0.005107252298263534,false
Rogers Park 75040,condo_unit,trust,45,45,1670,1670,0.02694610778443114,0.02694610778443114,false
Lyons 21052,sfr_1_4,individual,2492,2755,2626,2913,0.948971820258949,0.9457603844833505,false
Worth 39100,mixed_use_res,llc,1,2,24,58,0.041666666666666664,0.034482758620689655,false
Calumet 14020,condo_unit,lender_reo,2,2,168,168,0.011904761904761904,0.011904761904761904,false
Hanover 18013,sfr_1_4,llc,8,8,2110,2110,0.0037914691943127963,0.0037914691943127963,false
New Trier 23021,sfr_1_4,llc,13,13,686,686,0.018950437317784258,0.018950437317784258,false
Evanston 17013,mixed_use_res,individual,2,9,3,14,0.6666666666666666,0.6428571428571429,false
Jefferson 71250,condo_unit,individual,26,26,33,33,0.7878787878787878,0.7878787878787878,false
Palatine 29082,condo_unit,unknown,16,16,566,566,0.028268551236749116,0.028268551236749116,false
Palos 30011,mixed_use_res,individual,1,2,1,2,,,true
Thornton 37183,sfr_1_4,llc,4,8,495,579,0.00808080808080808,0.013816925734024179,false
Rich 32045,sfr_1_4,trust,1,1,578,602,0.0017301038062283738,0.0016611295681063123,false
Riverside 34010,small_mf,lender_reo,1,6,61,378,0.01639344262295082,0.015873015873015872,false
Elk Grove 16010,small_mf,lender_reo,1,7,1,7,,,true
Cicero 15065,small_mf,unknown,3,20,40,259,0.075,0.07722007722007722,false
Palos 30022,mixed_use_res,individual,7,25,8,29,0.875,0.8620689655172413,false
Worth 39101,sfr_1_4,trust,8,8,335,335,0.023880597014925373,0.023880597014925373,false
Lake 72120,sfr_1_4,individual,3042,3963,3354,4393,0.9069767441860465,0.9021170043250626,false
Bremen 13210,mixed_use_res,individual,1,2,2,4,,,true
Oak Park 27090,condo_unit,individual,425,425,468,468,0.9081196581196581,0.9081196581196581,false
Wheeling 38026,sfr_1_4,partnership,1,1,449,449,0.0022271714922048997,0.0022271714922048997,false
Elk Grove 16095,sfr_1_4,unknown,1,1,99,99,0.010101010101010102,0.010101010101010102,false
Jefferson 71070,small_mf,partnership,1,7,380,2476,0.002631578947368421,0.002827140549273021,false
Jefferson 71520,small_mf,individual,19,128,28,186,0.6785714285714286,0.6881720430107527,false
Lyons 21121,sfr_1_4,individual,463,469,488,494,0.9487704918032787,0.9493927125506073,false
North Chicago 74030,sfr_1_4,lender_reo,1,1,116,126,0.008620689655172414,0.007936507936507936,false
Stickney 36050,sfr_1_4,corp,27,27,4260,4468,0.006338028169014085,0.006042972247090421,false
Maine 22111,small_mf,llc,5,32,19,126,0.2631578947368421,0.25396825396825395,false
Schaumburg 35032,sfr_1_4,unknown,13,13,546,546,0.023809523809523808,0.023809523809523808,false
Orland 28040,sfr_1_4,trust,11,11,1338,1338,0.008221225710014948,0.008221225710014948,false
Worth 39220,sfr_1_4,trust,5,6,362,380,0.013812154696132596,0.015789473684210527,false
Leyden 20081,condo_unit,individual,571,571,622,622,0.9180064308681672,0.9180064308681672,false
Jefferson 71050,condo_unit,corp,9,9,890,890,0.010112359550561797,0.010112359550561797,false
Rich 32200,sfr_1_4,partnership,3,3,520,520,0.0057692307692307696,0.0057692307692307696,false
Jefferson 71270,condo_unit,individual,13,13,14,14,0.9285714285714286,0.9285714285714286,false
Lake 72171,mixed_use_res,unknown,3,12,52,180,0.057692307692307696,0.06666666666666667,false
Schaumburg 35011,sfr_1_4,llc,2,2,1341,1341,0.0014914243102162564,0.0014914243102162564,false
Lake View 73081,mixed_use_res,partnership,1,3,112,384,0.008928571428571428,0.0078125,false
Lake 72171,sfr_1_4,individual,1501,2161,1756,2558,0.8547835990888383,0.844800625488663,false
Palos 30054,condo_unit,lender_reo,3,3,678,678,0.004424778761061947,0.004424778761061947,false
Bremen 13341,sfr_1_4,trust,2,2,98,98,0.02040816326530612,0.02040816326530612,false
Bremen 13080,sfr_1_4,unknown,37,40,1135,1212,0.03259911894273128,0.033003300330033,false
Bremen 13050,small_mf,llc,4,28,5,34,0.8,0.8235294117647058,false
Leyden 20020,condo_unit,individual,838,838,934,934,0.8972162740899358,0.8972162740899358,false
Rogers Park 75032,small_mf,llc,38,261,102,696,0.37254901960784315,0.375,false
Northfield 25052,sfr_1_4,trust,38,38,2921,2921,0.013009243409791168,0.013009243409791168,false
River Forest 33020,condo_unit,individual,35,35,35,35,1.0,1.0,false
Hyde Park 70030,small_mf,partnership,2,14,346,2277,0.005780346820809248,0.006148440931049627,false
Bloom 12088,sfr_1_4,lender_reo,3,3,145,145,0.020689655172413793,0.020689655172413793,false
Rich 32181,sfr_1_4,corp,7,7,961,961,0.007284079084287201,0.007284079084287201,false
Bloom 12150,sfr_1_4,unknown,9,9,366,368,0.02459016393442623,0.024456521739130436,false
West Chicago 77080,sfr_1_4,llc,32,55,1561,2502,0.020499679692504803,0.021982414068745005,false
Palatine 29043,condo_unit,lender_reo,1,1,413,413,0.002421307506053269,0.002421307506053269,false
West Chicago 77170,condo_unit,lender_reo,3,3,1809,1809,0.001658374792703151,0.001658374792703151,false
Jefferson 71120,mixed_use_res,unknown,2,9,45,164,0.044444444444444446,0.054878048780487805,false
Stickney 36012,sfr_1_4,llc,7,9,2156,2226,0.003246753246753247,0.004043126684636119,false
Lake 72120,small_mf,corp,2,14,53,351,0.03773584905660377,0.039886039886039885,false
Bloom 12061,mixed_use_res,individual,4,13,4,13,1.0,1.0,false
Bloom 12191,sfr_1_4,llc,1,1,99,99,0.010101010101010102,0.010101010101010102,false
West Chicago 77170,condo_unit,llc,121,121,1809,1809,0.06688778330569375,0.06688778330569375,false
Schaumburg 35151,sfr_1_4,individual,101,101,105,105,0.9619047619047619,0.9619047619047619,false
Palos 30060,condo_unit,individual,639,639,705,705,0.9063829787234042,0.9063829787234042,false
Cicero 15025,sfr_1_4,unknown,6,7,214,357,0.028037383177570093,0.0196078431372549,false
Thornton 37200,sfr_1_4,individual,815,817,861,863,0.9465737514518002,0.9466975666280417,false
Niles 24023,sfr_1_4,individual,326,326,346,346,0.9421965317919075,0.9421965317919075,false
Northfield 25010,sfr_1_4,corp,3,3,422,422,0.0071090047393364926,0.0071090047393364926,false
South Chicago 76030,condo_unit,partnership,1,1,1380,1380,0.0007246376811594203,0.0007246376811594203,false
Lake 72271,small_mf,individual,13,88,24,159,0.5416666666666666,0.5534591194968553,false
Northfield 25200,condo_unit,unknown,30,30,1062,1062,0.02824858757062147,0.02824858757062147,false
Northfield 25180,sfr_1_4,individual,603,603,654,654,0.9220183486238532,0.9220183486238532,false
Riverside 34020,mixed_use_res,llc,2,6,11,34,0.18181818181818182,0.17647058823529413,false
Palos 30051,sfr_1_4,trust,13,13,451,451,0.028824833702882482,0.028824833702882482,false
Lake 72271,small_mf,llc,5,34,24,159,0.20833333333333334,0.2138364779874214,false
Hyde Park 70240,sfr_1_4,corp,12,13,4649,5203,0.002581200258120026,0.0024985585239285027,false
Jefferson 71180,condo_unit,trust,5,5,848,848,0.00589622641509434,0.00589622641509434,false
Bremen 13312,small_mf,unknown,15,105,35,240,0.42857142857142855,0.4375,false
Thornton 37121,sfr_1_4,lender_reo,8,8,2514,2625,0.0031821797931583136,0.0030476190476190477,false
Bloom 12081,sfr_1_4,individual,157,157,165,165,0.9515151515151515,0.9515151515151515,false
Bloom 12073,sfr_1_4,llc,2,2,630,630,0.0031746031746031746,0.0031746031746031746,false
Schaumburg 35109,sfr_1_4,unknown,46,46,1800,1800,0.025555555555555557,0.025555555555555557,false
Lake 72130,mixed_use_res,llc,7,30,68,252,0.10294117647058823,0.11904761904761904,false
Oak Park 27020,mixed_use_res,unknown,3,7,19,74,0.15789473684210525,0.0945945945945946,false
Lake 72192,sfr_1_4,coop_corp,1,1,1193,1199,0.0008382229673093043,0.0008340283569641367,false
Lake 72281,sfr_1_4,trust,8,9,2390,2593,0.0033472803347280333,0.003470883146934053,false
Bremen 13151,sfr_1_4,partnership,7,7,580,580,0.01206896551724138,0.01206896551724138,false
Lyons 21166,sfr_1_4,unknown,81,81,428,443,0.18925233644859812,0.18284424379232506,false
Lyons 21121,condo_unit,unknown,1,1,63,63,0.015873015873015872,0.015873015873015872,false
West Chicago 77052,small_mf,individual,87,543,153,946,0.5686274509803921,0.5739957716701902,false
Bremen 13345,condo_unit,trust,1,1,64,64,0.015625,0.015625,false
West Chicago 77152,mixed_use_res,corp,2,11,16,72,0.125,0.1527777777777778,false
Riverside 34020,small_mf,individual,16,97,25,150,0.64,0.6466666666666666,false
Elk Grove 16062,sfr_1_4,unknown,75,75,3211,3211,0.023357209592027407,0.023357209592027407,false
River Forest 33015,sfr_1_4,lender_reo,1,1,613,633,0.0016313213703099511,0.001579778830963665,false
South Chicago 76011,mixed_use_res,llc,5,19,15,54,0.3333333333333333,0.35185185185185186,false
West Chicago 77030,sfr_1_4,trust,50,88,4841,9021,0.01032844453625284,0.009755016073606031,false
Hyde Park 70010,condo_unit,corp,102,102,4032,4032,0.025297619047619048,0.025297619047619048,false
Thornton 37190,sfr_1_4,trust,2,2,758,762,0.002638522427440633,0.0026246719160104987,false
Rich 32050,sfr_1_4,unknown,11,11,319,319,0.034482758620689655,0.034482758620689655,false
Wheeling 38110,sfr_1_4,partnership,1,1,157,157,0.006369426751592357,0.006369426751592357,false
River Forest 33030,condo_unit,individual,206,206,214,214,0.9626168224299065,0.9626168224299065,false
Lake 72040,sfr_1_4,lender_reo,10,17,5166,8752,0.0019357336430507162,0.0019424131627056673,false
Lake 72212,condo_unit,individual,75,75,82,82,0.9146341463414634,0.9146341463414634,false
Schaumburg 35100,condo_unit,trust,1,1,522,522,0.0019157088122605363,0.0019157088122605363,false
Maine 22010,sfr_1_4,individual,526,529,544,547,0.9669117647058824,0.9670932358318098,false
Hanover 18050,sfr_1_4,unknown,79,82,622,641,0.1270096463022508,0.12792511700468018,false
Evanston 17090,condo_unit,individual,810,810,999,999,0.8108108108108109,0.8108108108108109,false
Lake 72423,sfr_1_4,individual,5264,5393,5521,5662,0.9534504618728491,0.9524902861179795,false
Thornton 37101,sfr_1_4,trust,7,7,2142,2145,0.0032679738562091504,0.0032634032634032634,false
Jefferson 71070,sfr_1_4,trust,59,117,6604,11844,0.008933979406420352,0.009878419452887538,false
Lake View 73050,mixed_use_res,unknown,1,3,15,44,0.06666666666666667,0.06818181818181818,false
New Trier 23170,sfr_1_4,corp,2,2,362,362,0.0055248618784530384,0.0055248618784530384,false
Jefferson 71361,small_mf,individual,18,112,21,130,0.8571428571428571,0.8615384615384616,false
Northfield 25131,condo_unit,unknown,6,6,295,295,0.020338983050847456,0.020338983050847456,false
Lake View 73200,sfr_1_4,unknown,17,17,431,432,0.03944315545243619,0.03935185185185185,false
Elk Grove 16012,small_mf,corp,1,6,38,237,0.02631578947368421,0.02531645569620253,false
Leyden 20050,sfr_1_4,trust,21,21,4790,4833,0.004384133611691023,0.004345127250155183,false
Lyons 21031,sfr_1_4,individual,801,832,843,877,0.9501779359430605,0.9486887115165337,false
Lake 72312,coop_building,coop_corp,2,2,2,2,,,true
Niles 24031,condo_unit,trust,67,67,3568,3568,0.018778026905829595,0.018778026905829595,false
Evanston 17060,small_mf,corp,2,14,23,149,0.08695652173913043,0.09395973154362416,false
New Trier 23094,coop_building,coop_corp,3,3,3,3,,,true
Berwyn 11040,small_mf,trust,1,7,62,395,0.016129032258064516,0.017721518987341773,false
Lemont 19032,sfr_1_4,trust,7,7,636,636,0.0110062893081761,0.0110062893081761,false
Jefferson 71180,condo_unit,individual,701,701,848,848,0.8266509433962265,0.8266509433962265,false
New Trier 23093,small_mf,unknown,3,21,12,82,0.25,0.25609756097560976,false
Cicero 15040,condo_unit,individual,46,46,49,49,0.9387755102040817,0.9387755102040817,false
Lyons 21042,mixed_use_res,individual,36,127,47,165,0.7659574468085106,0.7696969696969697,false
Wheeling 38090,small_mf,individual,78,468,117,710,0.6666666666666666,0.6591549295774648,false
West Chicago 77120,small_mf,partnership,4,24,474,3062,0.008438818565400843,0.007838014369693011,false
Schaumburg 35091,sfr_1_4,trust,2,2,218,218,0.009174311926605505,0.009174311926605505,false
Lake 72150,sfr_1_4,unknown,55,86,1803,2721,0.03050471436494731,0.031606027195883866,false
Thornton 37022,sfr_1_4,corp,6,10,637,694,0.009419152276295133,0.01440922190201729,false
Barrington 10012,mixed_use_res,llc,3,9,11,30,0.2727272727272727,0.3,false
Maine 22111,condo_unit,corp,1,1,533,533,0.001876172607879925,0.001876172607879925,false
Northfield 25131,sfr_1_4,unknown,15,15,837,848,0.017921146953405017,0.01768867924528302,false
Northfield 25310,sfr_1_4,individual,12,12,13,13,0.9230769230769231,0.9230769230769231,false
Norwood Park 26040,mixed_use_res,unknown,1,2,11,35,0.09090909090909091,0.05714285714285714,false
Riverside 34010,mixed_use_res,individual,11,33,15,47,0.7333333333333333,0.7021276595744681,false
West Chicago 77085,mixed_use_res,unknown,1,6,5,21,0.2,0.2857142857142857,false
Hanover 18070,sfr_1_4,partnership,1,1,1898,1982,0.0005268703898840885,0.0005045408678102926,false
Wheeling 38110,sfr_1_4,individual,152,152,157,157,0.9681528662420382,0.9681528662420382,false
Northfield 25061,condo_unit,trust,15,15,209,209,0.07177033492822966,0.07177033492822966,false
Worth 39010,sfr_1_4,lender_reo,3,3,2505,2519,0.0011976047904191617,0.0011909487892020642,false
New Trier 23150,sfr_1_4,unknown,54,54,1940,1941,0.027835051546391754,0.027820710973724884,false
Lake View 73063,mixed_use_res,unknown,4,14,28,107,0.14285714285714285,0.1308411214953271,false
Bremen 13171,condo_unit,unknown,9,9,228,228,0.039473684210526314,0.039473684210526314,false
Elk Grove 16010,sfr_1_4,trust,33,33,2050,2050,0.016097560975609757,0.016097560975609757,false
Lake 72221,sfr_1_4,corp,24,36,3154,4404,0.007609384908053266,0.008174386920980926,false
North Chicago 74013,sfr_1_4,individual,141,145,156,169,0.9038461538461539,0.8579881656804734,false
Worth 39130,sfr_1_4,lender_reo,4,10,831,892,0.0048134777376654635,0.011210762331838564,false
Oak Park 27040,small_mf,unknown,4,28,58,398,0.06896551724137931,0.07035175879396985,false
Elk Grove 16010,condo_unit,lender_reo,2,2,388,388,0.005154639175257732,0.005154639175257732,false
South Chicago 76060,condo_unit,unknown,13,13,159,159,0.08176100628930817,0.08176100628930817,false
Schaumburg 35030,sfr_1_4,corp,12,12,2206,2206,0.005439709882139619,0.005439709882139619,false
River Forest 33015,mixed_use_res,llc,2,4,12,47,0.16666666666666666,0.0851063829787234,false
Worth 39180,sfr_1_4,lender_reo,1,1,719,719,0.0013908205841446453,0.0013908205841446453,false
West Chicago 77101,small_mf,coop_corp,12,72,82,518,0.14634146341463414,0.138996138996139,false
Wheeling 38072,mixed_use_res,corp,1,2,7,22,0.14285714285714285,0.09090909090909091,false
Thornton 37102,condo_unit,unknown,6,6,84,84,0.07142857142857142,0.07142857142857142,false
Evanston 17120,condo_unit,individual,239,239,253,253,0.9446640316205533,0.9446640316205533,false
Maine 22040,mixed_use_res,unknown,1,2,16,64,0.0625,0.03125,false
Lake 72431,mixed_use_res,corp,1,4,13,38,0.07692307692307693,0.10526315789473684,false
Lake 72345,condo_unit,lender_reo,1,1,77,77,0.012987012987012988,0.012987012987012988,false
Thornton 37070,mixed_use_res,corp,3,10,33,113,0.09090909090909091,0.08849557522123894,false
Worth 39110,sfr_1_4,lender_reo,4,4,2508,2532,0.001594896331738437,0.001579778830963665,false
Jefferson 71171,other_res,individual,1,1,1,1,,,true
Jefferson 71101,mixed_use_res,llc,6,25,54,191,0.1111111111111111,0.13089005235602094,false
Evanston 17013,mixed_use_res,llc,1,5,3,14,0.3333333333333333,0.35714285714285715,false
Cicero 15071,mixed_use_res,individual,32,101,37,117,0.8648648648648649,0.8632478632478633,false
Lake 72251,mixed_use_res,unknown,1,2,13,49,0.07692307692307693,0.04081632653061224,false
Lake 72282,sfr_1_4,partnership,1,3,7505,8157,0.00013324450366422385,0.0003677822728944465,false
Wheeling 38070,condo_unit,trust,16,16,684,684,0.023391812865497075,0.023391812865497075,false
Lake 72271,mixed_use_res,corp,1,2,33,95,0.030303030303030304,0.021052631578947368,false
Rich 32310,sfr_1_4,individual,288,288,304,304,0.9473684210526315,0.9473684210526315,false
Northfield 25140,sfr_1_4,unknown,22,22,346,346,0.06358381502890173,0.06358381502890173,false
Orland 28099,condo_unit,unknown,5,5,276,276,0.018115942028985508,0.018115942028985508,false
Schaumburg 35040,sfr_1_4,corp,10,10,5660,5660,0.0017667844522968198,0.0017667844522968198,false
Evanston 17071,condo_unit,llc,11,11,1240,1240,0.008870967741935484,0.008870967741935484,false
Wheeling 38023,small_mf,corp,3,20,84,510,0.03571428571428571,0.0392156862745098,false
Maine 22060,sfr_1_4,unknown,3,3,100,100,0.03,0.03,false
Northfield 25430,condo_unit,llc,10,10,347,347,0.02881844380403458,0.02881844380403458,false
Orland 28040,sfr_1_4,unknown,51,51,1338,1338,0.03811659192825112,0.03811659192825112,false
Jefferson 71010,sfr_1_4,individual,2936,3732,3110,3983,0.9440514469453376,0.9369821742405222,false
Jefferson 71362,mixed_use_res,trust,2,8,15,59,0.13333333333333333,0.13559322033898305,false
Bremen 13312,condo_unit,unknown,2,2,62,62,0.03225806451612903,0.03225806451612903,false
Proviso 31020,small_mf,partnership,1,7,50,313,0.02,0.022364217252396165,false
West Chicago 77120,condo_unit,lender_reo,2,2,5079,5079,0.00039377830281551486,0.00039377830281551486,false
Rogers Park 75031,sfr_1_4,lender_reo,2,2,1541,2225,0.0012978585334198572,0.0008988764044943821,false
Jefferson 71082,small_mf,corp,3,19,251,1670,0.01195219123505976,0.011377245508982036,false
Rogers Park 75033,condo_unit,llc,17,17,1216,1216,0.013980263157894737,0.013980263157894737,false
Bloom 12010,sfr_1_4,partnership,4,4,1495,1507,0.0026755852842809363,0.0026542800265428003,false
West Chicago 77030,condo_unit,lender_reo,6,6,3991,3991,0.0015033826108744675,0.0015033826108744675,false
Wheeling 38031,sfr_1_4,individual,2573,2573,2700,2700,0.952962962962963,0.952962962962963,false
Evanston 17110,sfr_1_4,llc,2,3,1104,1308,0.0018115942028985507,0.0022935779816513763,false
Proviso 31050,sfr_1_4,partnership,2,2,927,938,0.002157497303128371,0.0021321961620469083,false
Palos 30061,small_mf,individual,25,150,34,205,0.7352941176470589,0.7317073170731707,false
Lake View 73150,mixed_use_res,unknown,7,23,42,143,0.16666666666666666,0.16083916083916083,false
Cicero 15085,sfr_1_4,individual,723,814,753,848,0.9601593625498008,0.9599056603773585,false
Jefferson 71074,mixed_use_res,individual,18,59,25,82,0.72,0.7195121951219512,false
Jefferson 71022,sfr_1_4,unknown,18,18,957,982,0.018808777429467086,0.018329938900203666,false
Rogers Park 75031,sfr_1_4,corp,7,7,1541,2225,0.004542504866969501,0.003146067415730337,false
Oak Park 27040,condo_unit,unknown,41,41,1183,1183,0.034657650042265425,0.034657650042265425,false
Berwyn 11060,small_mf,individual,43,289,69,458,0.6231884057971014,0.631004366812227,false
Lake 72150,mixed_use_res,corp,2,8,77,273,0.025974025974025976,0.029304029304029304,false
Hyde Park 70100,condo_unit,unknown,1,1,34,34,0.029411764705882353,0.029411764705882353,false
Barrington 10040,sfr_1_4,unknown,13,13,737,737,0.017639077340569877,0.017639077340569877,false
New Trier 23120,sfr_1_4,llc,15,15,1972,1973,0.007606490872210953,0.007602635580334516,false
Bremen 13315,sfr_1_4,individual,177,177,187,187,0.946524064171123,0.946524064171123,false
Hyde Park 70111,condo_unit,individual,46,46,52,52,0.8846153846153846,0.8846153846153846,false
Bremen 13340,sfr_1_4,llc,15,15,283,283,0.053003533568904596,0.053003533568904596,false
Jefferson 71390,small_mf,individual,159,977,196,1205,0.8112244897959183,0.8107883817427386,false
Leyden 20010,condo_unit,corp,1,1,245,245,0.004081632653061225,0.004081632653061225,false
Niles 24013,mixed_use_res,individual,1,5,6,15,0.16666666666666666,0.3333333333333333,false
Lake 72274,small_mf,lender_reo,2,14,64,437,0.03125,0.032036613272311214,false
Bremen 13250,small_mf,unknown,1,6,6,36,0.16666666666666666,0.16666666666666666,false
Rogers Park 75023,condo_unit,llc,3,3,56,56,0.05357142857142857,0.05357142857142857,false
Wheeling 38052,small_mf,trust,1,7,18,103,0.05555555555555555,0.06796116504854369,false
Bremen 13345,sfr_1_4,llc,1,1,207,207,0.004830917874396135,0.004830917874396135,false
Lake 72293,condo_unit,individual,6,6,9,9,,,true
Bloom 12044,condo_unit,unknown,2,2,114,114,0.017543859649122806,0.017543859649122806,false
Orland 28036,sfr_1_4,corp,6,6,2654,2657,0.002260738507912585,0.002258185923974407,false
Elk Grove 16096,sfr_1_4,trust,3,3,121,121,0.024793388429752067,0.024793388429752067,false
Lake 72192,sfr_1_4,corp,1,1,1193,1199,0.0008382229673093043,0.0008340283569641367,false
Rich 32226,mixed_use_res,individual,1,2,1,2,,,true
Stickney 36012,small_mf,individual,36,243,45,306,0.8,0.7941176470588235,false
Hanover 18090,condo_unit,trust,4,4,604,604,0.006622516556291391,0.006622516556291391,false
Jefferson 71110,small_mf,corp,6,42,156,1042,0.038461538461538464,0.04030710172744722,false
Proviso 31200,small_mf,corp,2,14,17,108,0.11764705882352941,0.12962962962962962,false
Oak Park 27070,condo_unit,lender_reo,3,3,590,590,0.005084745762711864,0.005084745762711864,false
Rogers Park 75021,sfr_1_4,llc,13,36,1120,1803,0.011607142857142858,0.019966722129783693,false
Proviso 31042,sfr_1_4,partnership,1,2,1557,2343,0.0006422607578676942,0.0008536064874093043,false
River Forest 33015,sfr_1_4,individual,584,604,613,633,0.9526916802610114,0.9541864139020537,false
Proviso 31034,sfr_1_4,corp,18,20,2110,2329,0.008530805687203791,0.008587376556462,false
Proviso 31091,sfr_1_4,individual,983,1395,1067,1518,0.9212746016869728,0.9189723320158103,false
Cicero 15025,sfr_1_4,trust,2,4,214,357,0.009345794392523364,0.011204481792717087,false
Northfield 25200,small_mf,llc,1,7,1,7,,,true
Maine 22150,mixed_use_res,individual,6,24,13,46,0.46153846153846156,0.5217391304347826,false
Wheeling 38045,sfr_1_4,individual,556,556,603,603,0.9220563847429519,0.9220563847429519,false
New Trier 23080,sfr_1_4,trust,20,20,608,608,0.03289473684210526,0.03289473684210526,false
Lake 72260,sfr_1_4,lender_reo,3,6,1051,1282,0.0028544243577545195,0.0046801872074883,false
Hyde Park 70240,sfr_1_4,lender_reo,9,9,4649,5203,0.0019359001935900194,0.0017297712857966558,false
Lemont 19100,sfr_1_4,lender_reo,1,1,380,380,0.002631578947368421,0.002631578947368421,false
Thornton 37171,sfr_1_4,individual,943,956,1014,1027,0.9299802761341223,0.9308666017526777,false
Niles 24031,sfr_1_4,llc,124,211,9674,11295,0.012817862311350011,0.01868083222664896,false
Schaumburg 35012,small_mf,corp,2,14,7,49,0.2857142857142857,0.2857142857142857,false
Maine 22022,sfr_1_4,lender_reo,2,2,383,383,0.005221932114882507,0.005221932114882507,false
Palos 30012,mixed_use_res,unknown,3,10,27,91,0.1111111111111111,0.10989010989010989,false
Lyons 21133,sfr_1_4,llc,1,1,166,166,0.006024096385542169,0.006024096385542169,false
Jefferson 71120,condo_unit,unknown,11,11,251,251,0.043824701195219126,0.043824701195219126,false
Lyons 21082,condo_unit,trust,4,4,277,277,0.01444043321299639,0.01444043321299639,false
Cicero 15065,mixed_use_res,individual,29,92,32,103,0.90625,0.8932038834951457,false
Northfield 25010,condo_unit,individual,650,650,781,781,0.8322663252240717,0.8322663252240717,false
Lyons 21012,sfr_1_4,partnership,1,1,1658,1673,0.0006031363088057901,0.0005977286312014345,false
Lyons 21102,small_mf,unknown,6,37,120,739,0.05,0.05006765899864682,false
Stickney 36060,condo_unit,individual,7,7,8,8,,,true
Bloom 12021,condo_unit,individual,53,53,96,96,0.5520833333333334,0.5520833333333334,false
Leyden 20090,condo_unit,trust,2,2,516,516,0.003875968992248062,0.003875968992248062,false
Northfield 25400,sfr_1_4,unknown,5,5,201,201,0.024875621890547265,0.024875621890547265,false
South Chicago 76050,other_res,individual,2,2,2,2,,,true
Proviso 31170,small_mf,individual,28,162,45,262,0.6222222222222222,0.6183206106870229,false
Lake 72170,sfr_1_4,corp,51,67,2220,3166,0.022972972972972974,0.021162349968414405,false
Wheeling 38070,mixed_use_res,individual,4,14,4,14,1.0,1.0,false
Worth 39010,small_mf,llc,3,21,9,58,0.3333333333333333,0.3620689655172414,false
Jefferson 71070,sfr_1_4,estate,1,2,6604,11844,0.00015142337976983646,0.00016886187098953058,false
Hanover 18030,sfr_1_4,individual,263,263,428,428,0.6144859813084113,0.6144859813084113,false
Hanover 18035,condo_unit,llc,3,3,172,172,0.01744186046511628,0.01744186046511628,false
Jefferson 71042,condo_unit,llc,84,84,1615,1615,0.05201238390092879,0.05201238390092879,false
Bremen 13140,condo_unit,lender_reo,2,2,408,408,0.004901960784313725,0.004901960784313725,false
Rich 32250,sfr_1_4,corp,1,1,306,306,0.0032679738562091504,0.0032679738562091504,false
Wheeling 38014,condo_unit,trust,5,5,578,578,0.00865051903114187,0.00865051903114187,false
Worth 39020,sfr_1_4,llc,4,4,652,652,0.006134969325153374,0.006134969325153374,false
Worth 39290,sfr_1_4,unknown,4,4,285,285,0.014035087719298246,0.014035087719298246,false
Oak Park 27050,sfr_1_4,individual,1413,1492,1480,1568,0.9547297297297297,0.951530612244898,false
Rich 32055,sfr_1_4,partnership,2,2,421,422,0.004750593824228029,0.004739336492890996,false
Berwyn 11010,mixed_use_res,llc,3,8,31,97,0.0967741935483871,0.08247422680412371,false
Worth 39122,sfr_1_4,corp,7,7,1811,1811,0.003865267807840972,0.003865267807840972,false
Evanston 17020,sfr_1_4,llc,1,1,403,406,0.0024813895781637717,0.0024630541871921183,false
New Trier 23150,small_mf,individual,2,12,6,40,0.3333333333333333,0.3,false
Jefferson 71390,small_mf,unknown,14,83,196,1205,0.07142857142857142,0.06887966804979254,false
North Chicago 74030,condo_unit,corp,135,135,19344,19344,0.006978908188585608,0.006978908188585608,false
Hyde Park 70111,sfr_1_4,unknown,178,191,4833,5311,0.036830126215601076,0.035963095462248164,false
Rich 32070,sfr_1_4,corp,3,3,593,593,0.00505902192242833,0.00505902192242833,false
Lake 72321,mixed_use_res,individual,15,54,16,58,0.9375,0.9310344827586207,false
Lake 72171,sfr_1_4,llc,107,174,1756,2558,0.06093394077448747,0.06802189210320563,false
West Chicago 77052,small_mf,partnership,2,12,153,946,0.013071895424836602,0.012684989429175475,false
Proviso 31040,condo_unit,llc,10,10,25,25,0.4,0.4,false
Lyons 21042,condo_unit,lender_reo,1,1,93,93,0.010752688172043012,0.010752688172043012,false
Jefferson 71210,mixed_use_res,llc,5,17,64,216,0.078125,0.0787037037037037,false
Orland 28015,condo_unit,individual,1070,1070,1165,1165,0.9184549356223176,0.9184549356223176,false
Proviso 31080,condo_unit,llc,4,4,84,84,0.047619047619047616,0.047619047619047616,false
Calumet 14020,small_mf,corp,1,5,90,578,0.011111111111111112,0.00865051903114187,false
Hyde Park 70120,condo_unit,lender_reo,1,1,222,222,0.0045045045045045045,0.0045045045045045045,false
Niles 24101,sfr_1_4,individual,4012,4106,4195,4299,0.9563766388557807,0.9551058385671086,false
North Chicago 74013,small_mf,llc,20,140,80,553,0.25,0.25316455696202533,false
West Chicago 77141,small_mf,unknown,60,382,368,2321,0.16304347826086957,0.16458423093494184,false
Jefferson 71210,small_mf,llc,11,76,47,315,0.23404255319148937,0.24126984126984127,false
Niles 24052,mixed_use_res,individual,1,2,1,2,,,true
Bremen 13345,sfr_1_4,individual,184,184,207,207,0.8888888888888888,0.8888888888888888,false
Lake 72051,condo_unit,individual,167,167,171,171,0.9766081871345029,0.9766081871345029,false
Bremen 13170,mixed_use_res,unknown,5,19,31,100,0.16129032258064516,0.19,false
Palos 30054,condo_unit,corp,1,1,678,678,0.0014749262536873156,0.0014749262536873156,false
Bloom 12010,sfr_1_4,unknown,42,42,1495,1507,0.028093645484949834,0.027869940278699403,false
Wheeling 38056,sfr_1_4,corp,3,3,1070,1076,0.002803738317757009,0.0027881040892193307,false
Berwyn 11020,small_mf,individual,9,55,16,102,0.5625,0.5392156862745098,false
Northfield 25072,condo_unit,individual,212,212,236,236,0.8983050847457628,0.8983050847457628,false
Lake 72312,small_mf,individual,1,7,10,70,0.1,0.1,false
North Chicago 74012,sfr_1_4,trust,126,165,3461,4972,0.036405663103149376,0.033185840707964605,false
Norwood Park 26040,sfr_1_4,corp,5,5,1447,1453,0.0034554250172771253,0.0034411562284927736,false
Evanston 17013,sfr_1_4,unknown,20,21,1239,1286,0.016142050040355124,0.016329704510108865,false
South Chicago 76040,condo_unit,trust,10,10,1159,1159,0.008628127696289905,0.008628127696289905,false
Bremen 13140,condo_unit,llc,3,3,408,408,0.007352941176470588,0.007352941176470588,false
Rich 32080,sfr_1_4,corp,2,2,178,178,0.011235955056179775,0.011235955056179775,false
Bloom 12072,sfr_1_4,individual,531,672,593,743,0.8954468802698144,0.9044414535666218,false
Jefferson 71071,condo_unit,individual,308,308,351,351,0.8774928774928775,0.8774928774928775,false
Thornton 37033,condo_unit,individual,69,69,77,77,0.8961038961038961,0.8961038961038961,false
Berwyn 11050,sfr_1_4,partnership,2,2,1982,2446,0.0010090817356205853,0.0008176614881439084,false
Jefferson 71171,small_mf,trust,2,12,77,500,0.025974025974025976,0.024,false
West Chicago 77051,sfr_1_4,unknown,47,122,630,1451,0.0746031746031746,0.08407994486560992,false
Jefferson 71171,condo_unit,unknown,6,6,125,125,0.048,0.048,false
Schaumburg 35090,sfr_1_4,trust,12,12,1927,1927,0.006227296315516347,0.006227296315516347,false
Palos 30042,condo_unit,trust,16,16,1210,1210,0.013223140495867768,0.013223140495867768,false
Maine 22130,sfr_1_4,corp,2,2,939,945,0.002129925452609159,0.0021164021164021165,false
Proviso 31091,sfr_1_4,lender_reo,1,2,1067,1518,0.0009372071227741331,0.0013175230566534915,false
West Chicago 77102,mixed_use_res,lender_reo,1,3,137,477,0.0072992700729927005,0.006289308176100629,false
Leyden 20010,small_mf,unknown,2,12,44,263,0.045454545454545456,0.045627376425855515,false
Bremen 13152,sfr_1_4,corp,8,8,542,545,0.014760147601476014,0.014678899082568808,false
Evanston 17071,small_mf,corp,6,42,46,317,0.13043478260869565,0.13249211356466878,false
Leyden 20011,small_mf,trust,2,14,11,77,0.18181818181818182,0.18181818181818182,false
Rich 32055,small_mf,partnership,11,77,11,77,1.0,1.0,false
Berwyn 11030,small_mf,unknown,4,27,20,133,0.2,0.20300751879699247,false
Lake View 73031,mixed_use_res,lender_reo,1,3,106,378,0.009433962264150943,0.007936507936507936,false
Leyden 20050,mixed_use_res,trust,1,4,25,78,0.04,0.05128205128205128,false
Proviso 31020,sfr_1_4,llc,36,38,3302,3391,0.010902483343428226,0.011206133883810086,false
Proviso 31150,condo_unit,individual,17,17,17,17,1.0,1.0,false
Cicero 15072,mixed_use_res,individual,16,51,23,75,0.6956521739130435,0.68,false
Hyde Park 70230,sfr_1_4,lender_reo,2,4,1119,1417,0.0017873100983020554,0.0028228652081863093,false
Rich 32226,sfr_1_4,trust,4,4,935,935,0.0042780748663101605,0.0042780748663101605,false
Rich 32045,condo_unit,individual,9,9,12,12,0.75,0.75,false
West Chicago 77052,mixed_use_res,llc,24,101,89,365,0.2696629213483146,0.27671232876712326,false
Calumet 14040,condo_unit,corp,1,1,119,119,0.008403361344537815,0.008403361344537815,false
Lake 72422,sfr_1_4,llc,6,6,3014,3024,0.0019907100199071004,0.001984126984126984,false
Palatine 29022,sfr_1_4,lender_reo,2,2,907,935,0.002205071664829107,0.0021390374331550803,false
Bremen 13110,sfr_1_4,unknown,11,11,350,365,0.03142857142857143,0.030136986301369864,false
North Chicago 74012,mixed_use_res,llc,55,200,216,786,0.25462962962962965,0.2544529262086514,false
River Forest 33040,condo_unit,lender_reo,1,1,471,471,0.0021231422505307855,0.0021231422505307855,false
Bremen 13060,sfr_1_4,unknown,9,9,371,371,0.02425876010781671,0.02425876010781671,false
Elk Grove 16096,condo_unit,lender_reo,1,1,152,152,0.006578947368421052,0.006578947368421052,false
Lake 72222,mixed_use_res,individual,1,6,1,6,,,true
Elk Grove 16095,sfr_1_4,individual,96,96,99,99,0.9696969696969697,0.9696969696969697,false
Stickney 36012,mixed_use_res,trust,1,4,8,30,0.125,0.13333333333333333,false
Lake View 73031,sfr_1_4,corp,2,5,1852,3369,0.0010799136069114472,0.0014841199168892847,false
Lyons 21084,small_mf,llc,1,7,23,154,0.043478260869565216,0.045454545454545456,false
Worth 39410,condo_unit,trust,13,13,334,334,0.038922155688622756,0.038922155688622756,false
Palatine 29022,sfr_1_4,corp,4,8,907,935,0.004410143329658214,0.008556149732620321,false
New Trier 23011,sfr_1_4,unknown,8,8,390,390,0.020512820512820513,0.020512820512820513,false
Lake 72110,sfr_1_4,llc,15,22,3579,4202,0.004191114836546521,0.005235602094240838,false
Oak Park 27020,mixed_use_res,individual,9,35,19,74,0.47368421052631576,0.47297297297297297,false
Hyde Park 70080,mixed_use_res,individual,43,140,58,196,0.7413793103448276,0.7142857142857143,false
Hyde Park 70100,small_mf,individual,69,444,149,971,0.46308724832214765,0.4572605561277034,false
Orland 28104,sfr_1_4,unknown,2,2,148,148,0.013513513513513514,0.013513513513513514,false
Evanston 17130,mixed_use_res,llc,1,4,2,7,,,true
Bremen 13180,sfr_1_4,unknown,7,7,329,360,0.02127659574468085,0.019444444444444445,false
Palatine 29031,sfr_1_4,unknown,11,11,459,459,0.023965141612200435,0.023965141612200435,false
Maine 22180,condo_unit,corp,8,8,3653,3653,0.0021899808376676703,0.0021899808376676703,false
Lyons 21121,sfr_1_4,corp,1,1,488,494,0.0020491803278688526,0.0020242914979757085,false
Palos 30022,sfr_1_4,unknown,17,17,503,525,0.033797216699801194,0.03238095238095238,false
Jefferson 71280,small_mf,corp,1,6,33,211,0.030303030303030304,0.02843601895734597,false
Bloom 12087,sfr_1_4,llc,2,2,421,421,0.004750593824228029,0.004750593824228029,false
Barrington 10024,sfr_1_4,individual,475,475,539,539,0.8812615955473099,0.8812615955473099,false
Worth 39060,sfr_1_4,corp,8,8,1547,1550,0.005171299288946348,0.005161290322580645,false
Orland 28104,sfr_1_4,trust,2,2,148,148,0.013513513513513514,0.013513513513513514,false
Oak Park 27030,small_mf,unknown,10,68,35,241,0.2857142857142857,0.2821576763485477,false
Maine 22110,mixed_use_res,llc,2,4,2,4,,,true
Bremen 13210,sfr_1_4,individual,1385,1426,1446,1487,0.9578146611341632,0.9589778076664425,false
Jefferson 71010,sfr_1_4,lender_reo,8,10,3110,3983,0.002572347266881029,0.0025106703489831783,false
New Trier 23093,sfr_1_4,trust,28,28,1652,1685,0.01694915254237288,0.01661721068249258,false
Jefferson 71041,small_mf,individual,103,691,160,1074,0.64375,0.6433891992551211,false
West Chicago 77013,condo_unit,trust,4,4,226,226,0.017699115044247787,0.017699115044247787,false
North Chicago 74012,condo_unit,corp,37,37,8283,8283,0.004466980562598093,0.004466980562598093,false
Bremen 13170,condo_unit,unknown,26,26,496,496,0.05241935483870968,0.05241935483870968,false
Elk Grove 16061,condo_unit,unknown,39,39,1301,1301,0.02997694081475788,0.02997694081475788,false
Wheeling 38040,condo_unit,corp,6,6,1532,1532,0.0039164490861618795,0.0039164490861618795,false
Wheeling 38014,condo_unit,individual,534,534,578,578,0.9238754325259516,0.9238754325259516,false
Palatine 29022,sfr_1_4,partnership,1,1,907,935,0.0011025358324145535,0.0010695187165775401,false
Evanston 17090,mixed_use_res,llc,1,3,5,17,0.2,0.17647058823529413,false
Rogers Park 75031,small_mf,individual,172,1176,379,2595,0.45382585751978893,0.4531791907514451,false
Jefferson 71371,condo_unit,unknown,38,38,562,562,0.06761565836298933,0.06761565836298933,false
Jefferson 71010,sfr_1_4,trust,44,59,3110,3983,0.01414790996784566,0.014812955059000753,false
Jefferson 71150,condo_unit,corp,8,8,695,695,0.011510791366906475,0.011510791366906475,false
Lake View 73093,sfr_1_4,individual,1364,1914,1585,2360,0.8605678233438486,0.8110169491525424,false
Maine 22085,sfr_1_4,lender_reo,6,6,3745,3991,0.0016021361815754338,0.0015033826108744675,false
Palatine 29043,small_mf,individual,15,90,76,503,0.19736842105263158,0.17892644135188868,false
Jefferson 71270,mixed_use_res,individual,59,182,71,225,0.8309859154929577,0.8088888888888889,false
Proviso 31190,mixed_use_res,corp,1,2,10,24,0.1,0.08333333333333333,false
Rogers Park 75032,condo_unit,individual,806,806,900,900,0.8955555555555555,0.8955555555555555,false
Lyons 21067,sfr_1_4,individual,387,387,407,407,0.9508599508599509,0.9508599508599509,false
Berwyn 11070,mixed_use_res,unknown,1,2,15,43,0.06666666666666667,0.046511627906976744,false
West Chicago 77141,mixed_use_res,individual,396,1445,563,2118,0.7033747779751333,0.682247403210576,false
Lake 72110,small_mf,corp,4,28,56,373,0.07142857142857142,0.07506702412868632,false
West Chicago 77051,mixed_use_res,llc,32,113,106,375,0.3018867924528302,0.30133333333333334,false
Hanover 18010,sfr_1_4,trust,11,11,2588,2588,0.004250386398763524,0.004250386398763524,false
Maine 22040,condo_unit,llc,3,3,23,23,0.13043478260869565,0.13043478260869565,false
Cicero 15025,sfr_1_4,corp,4,6,214,357,0.018691588785046728,0.01680672268907563,false
Jefferson 71600,condo_unit,trust,18,18,903,903,0.019933554817275746,0.019933554817275746,false
Oak Park 27090,sfr_1_4,corp,2,2,735,857,0.0027210884353741495,0.002333722287047841,false
Hyde Park 70030,sfr_1_4,llc,339,636,4700,7901,0.07212765957446808,0.08049613972914821,false
Lake 72092,small_mf,individual,82,545,169,1137,0.48520710059171596,0.4793315743183817,false
Palos 30030,sfr_1_4,lender_reo,2,2,749,783,0.0026702269692923898,0.002554278416347382,false
Lake 72330,sfr_1_4,llc,364,410,7023,8085,0.05182970240637904,0.05071119356833643,false
Worth 39050,condo_unit,llc,6,6,93,93,0.06451612903225806,0.06451612903225806,false
Orland 28047,condo_unit,trust,1,1,192,192,0.005208333333333333,0.005208333333333333,false
Rich 32050,sfr_1_4,trust,3,3,319,319,0.009404388714733543,0.009404388714733543,false
Rich 32220,sfr_1_4,unknown,16,16,619,619,0.025848142164781908,0.025848142164781908,false
Elk Grove 16030,sfr_1_4,llc,9,9,1600,1607,0.005625,0.005600497822028625,false
Berwyn 11040,sfr_1_4,individual,1436,1575,1510,1663,0.9509933774834437,0.947083583884546,false
Hyde Park 70100,sfr_1_4,llc,202,365,3953,6130,0.05110043005312421,0.05954323001631321,false
Niles 24081,sfr_1_4,individual,9210,9512,9576,9901,0.9617794486215538,0.9607110392889607,false
Rich 32360,sfr_1_4,individual,142,142,148,148,0.9594594594594594,0.9594594594594594,false
Evanston 17112,small_mf,individual,14,91,47,318,0.2978723404255319,0.2861635220125786,false
Bloom 12085,sfr_1_4,individual,685,736,733,787,0.9345156889495225,0.9351969504447268,false
West Chicago 77013,small_mf,unknown,47,314,391,2611,0.12020460358056266,0.12026043661432402,false
Lake 72251,mixed_use_res,llc,1,4,13,49,0.07692307692307693,0.08163265306122448,false
Thornton 37180,mixed_use_res,llc,1,2,1,2,,,true
Riverside 34080,condo_unit,unknown,5,5,155,155,0.03225806451612903,0.03225806451612903,false
Lake 72052,sfr_1_4,individual,1154,1644,1267,1831,0.9108129439621152,0.8978700163844894,false
Bremen 13140,small_mf,unknown,7,42,72,433,0.09722222222222222,0.09699769053117784,false
Rich 32190,sfr_1_4,trust,6,6,630,630,0.009523809523809525,0.009523809523809525,false
Bremen 13180,condo_unit,unknown,13,13,183,183,0.07103825136612021,0.07103825136612021,false
New Trier 23093,mixed_use_res,llc,3,12,18,60,0.16666666666666666,0.2,false
Worth 39210,condo_unit,partnership,3,3,1460,1460,0.002054794520547945,0.002054794520547945,false
Jefferson 71402,sfr_1_4,lender_reo,3,3,1111,1629,0.0027002700270027003,0.001841620626151013,false
Bloom 12031,sfr_1_4,trust,4,4,256,260,0.015625,0.015384615384615385,false
Bloom 12141,mixed_use_res,llc,1,4,9,27,0.1111111111111111,0.14814814814814814,false
Thornton 37121,sfr_1_4,individual,2259,2360,2514,2625,0.8985680190930787,0.8990476190476191,false
Lake View 73031,condo_unit,unknown,487,487,10096,10096,0.04823692551505547,0.04823692551505547,false
Wheeling 38056,condo_unit,corp,4,4,376,376,0.010638297872340425,0.010638297872340425,false
Proviso 31030,sfr_1_4,trust,8,8,1428,1432,0.0056022408963585435,0.00558659217877095,false
Rogers Park 75021,small_mf,individual,48,314,96,645,0.5,0.4868217054263566,false
Jefferson 71074,condo_unit,unknown,26,26,929,929,0.02798708288482239,0.02798708288482239,false
Lake View 73150,small_mf,corp,6,33,86,559,0.06976744186046512,0.059033989266547404,false
Hyde Park 70080,condo_unit,lender_reo,13,13,1210,1210,0.010743801652892562,0.010743801652892562,false
Bremen 13312,sfr_1_4,llc,9,15,829,865,0.010856453558504222,0.017341040462427744,false
Rich 32255,condo_unit,individual,49,49,54,54,0.9074074074074074,0.9074074074074074,false
Maine 22085,sfr_1_4,trust,47,52,3745,3991,0.012550066755674232,0.013029315960912053,false
Palatine 29031,sfr_1_4,individual,434,434,459,459,0.9455337690631809,0.9455337690631809,false
Palatine 29100,sfr_1_4,unknown,194,194,3130,3146,0.061980830670926516,0.06166560712015257,false
Lyons 21067,sfr_1_4,estate,1,1,407,407,0.002457002457002457,0.002457002457002457,false
Proviso 31174,condo_unit,individual,72,72,76,76,0.9473684210526315,0.9473684210526315,false
River Forest 33015,condo_unit,llc,9,9,322,322,0.027950310559006212,0.027950310559006212,false
Lake 72312,sfr_1_4,partnership,4,4,2342,2510,0.0017079419299743809,0.0015936254980079682,false
Thornton 37185,sfr_1_4,corp,2,2,521,545,0.003838771593090211,0.003669724770642202,false
Riverside 34070,sfr_1_4,unknown,18,18,578,629,0.031141868512110725,0.028616852146263912,false
Leyden 20020,sfr_1_4,llc,6,10,2350,2637,0.002553191489361702,0.0037921880925293893,false
Northfield 25220,sfr_1_4,individual,77,77,79,79,0.9746835443037974,0.9746835443037974,false
Lake 72300,condo_unit,trust,2,2,307,307,0.006514657980456026,0.006514657980456026,false
Rich 32060,sfr_1_4,corp,2,2,347,347,0.005763688760806916,0.005763688760806916,false
Maine 22150,sfr_1_4,individual,2923,2955,3078,3116,0.9496426250812215,0.9483311938382541,false
Lake 72380,sfr_1_4,lender_reo,51,59,13000,13727,0.003923076923076923,0.00429809863772128,false
Worth 39140,condo_unit,trust,7,7,949,949,0.007376185458377239,0.007376185458377239,false
Maine 22031,small_mf,unknown,2,14,5,35,0.4,0.4,false
Niles 24031,sfr_1_4,individual,9249,10668,9674,11295,0.9560678106264213,0.9444887118193891,false
West Chicago 77092,sfr_1_4,individual,560,1005,615,1110,0.9105691056910569,0.9054054054054054,false
Worth 39071,condo_unit,llc,25,25,1323,1323,0.01889644746787604,0.01889644746787604,false
Lake 72300,condo_unit,lender_reo,1,1,307,307,0.003257328990228013,0.003257328990228013,false
Lake View 73200,condo_unit,individual,472,472,537,537,0.8789571694599627,0.8789571694599627,false
Palos 30070,sfr_1_4,individual,1135,1135,1213,1213,0.9356966199505359,0.9356966199505359,false
Thornton 37021,mixed_use_res,individual,15,44,19,58,0.7894736842105263,0.7586206896551724,false
Leyden 20091,sfr_1_4,corp,3,12,59,232,0.05084745762711865,0.05172413793103448,false
Worth 39211,sfr_1_4,llc,22,22,1645,1666,0.013373860182370821,0.013205282112845138,false
Thornton 37011,sfr_1_4,corp,2,2,223,245,0.008968609865470852,0.00816326530612245,false
Worth 39122,condo_unit,individual,412,412,426,426,0.9671361502347418,0.9671361502347418,false
Lake 72080,mixed_use_res,corp,2,5,149,546,0.013422818791946308,0.009157509157509158,false
Bloom 12063,sfr_1_4,individual,159,163,169,173,0.9408284023668639,0.9421965317919075,false
Lake 72221,small_mf,llc,63,436,234,1573,0.2692307692307692,0.277177368086459,false
Barrington 10012,mixed_use_res,individual,3,7,11,30,0.2727272727272727,0.23333333333333334,false
Lake 72150,small_mf,corp,4,28,50,327,0.08,0.0856269113149847,false
Proviso 31160,condo_unit,unknown,8,8,79,79,0.10126582278481013,0.10126582278481013,false
Northfield 25051,sfr_1_4,trust,15,15,530,530,0.02830188679245283,0.02830188679245283,false
Hanover 18080,coop_building,coop_corp,5,5,5,5,,,true
Lake 72281,sfr_1_4,estate,1,1,2390,2593,0.00041841004184100416,0.0003856536829926726,false
Niles 24031,mixed_use_res,trust,1,2,64,160,0.015625,0.0125,false
Lyons 21064,sfr_1_4,llc,18,18,547,547,0.03290676416819013,0.03290676416819013,false
Schaumburg 35104,sfr_1_4,individual,190,190,197,197,0.9644670050761421,0.9644670050761421,false
Hyde Park 70111,mixed_use_res,unknown,3,10,23,85,0.13043478260869565,0.11764705882352941,false
Rich 32120,condo_unit,corp,4,4,280,280,0.014285714285714285,0.014285714285714285,false
Jefferson 71260,sfr_1_4,individual,3482,5026,3630,5245,0.9592286501377411,0.9582459485224023,false
Riverside 34020,mixed_use_res,trust,2,8,11,34,0.18181818181818182,0.23529411764705882,false
Palos 30060,condo_unit,lender_reo,3,3,705,705,0.00425531914893617,0.00425531914893617,false
Wheeling 38080,sfr_1_4,corp,4,4,2041,2041,0.0019598236158745713,0.0019598236158745713,false
Calumet 14030,sfr_1_4,corp,10,10,2139,2240,0.004675081813931743,0.004464285714285714,false
Worth 39132,sfr_1_4,trust,7,10,858,1019,0.008158508158508158,0.009813542688910697,false
Lake 72380,condo_unit,trust,7,7,1038,1038,0.00674373795761079,0.00674373795761079,false
Bloom 12044,sfr_1_4,partnership,6,6,491,494,0.012219959266802444,0.012145748987854251,false
Worth 39110,condo_unit,estate,1,1,316,316,0.0031645569620253164,0.0031645569620253164,false
North Chicago 74012,small_mf,partnership,1,7,304,1978,0.003289473684210526,0.003538928210313448,false
Palatine 29060,small_mf,corp,3,18,48,307,0.0625,0.05863192182410423,false
North Chicago 74013,sfr_1_4,corp,1,1,156,169,0.00641025641025641,0.005917159763313609,false
Rich 32226,sfr_1_4,partnership,1,1,935,935,0.0010695187165775401,0.0010695187165775401,false
Hyde Park 70070,mixed_use_res,llc,7,27,35,112,0.2,0.24107142857142858,false
Hanover 18013,condo_unit,lender_reo,1,1,641,641,0.0015600624024961,0.0015600624024961,false
Palatine 29130,sfr_1_4,trust,1,1,83,83,0.012048192771084338,0.012048192771084338,false
Proviso 31032,coop_building,coop_corp,2,2,2,2,,,true
Niles 24013,mixed_use_res,unknown,4,8,6,15,0.6666666666666666,0.5333333333333333,false
Rich 32200,sfr_1_4,individual,479,479,520,520,0.9211538461538461,0.9211538461538461,false
Wheeling 38012,condo_unit,lender_reo,2,2,1005,1005,0.001990049751243781,0.001990049751243781,false
Rich 32255,sfr_1_4,partnership,1,1,394,396,0.0025380710659898475,0.0025252525252525255,false
Bloom 12010,sfr_1_4,lender_reo,5,5,1495,1507,0.0033444816053511705,0.0033178500331785005,false
Worth 39180,sfr_1_4,llc,2,2,719,719,0.0027816411682892906,0.0027816411682892906,false
Bloom 12063,sfr_1_4,llc,2,2,169,173,0.011834319526627219,0.011560693641618497,false
Proviso 31091,small_mf,corp,7,47,101,673,0.06930693069306931,0.06983655274888559,false
Northfield 25102,condo_unit,lender_reo,1,1,579,579,0.0017271157167530224,0.0017271157167530224,false
Rich 32150,small_mf,individual,24,155,37,240,0.6486486486486487,0.6458333333333334,false
Jefferson 71101,small_mf,llc,20,139,66,441,0.30303030303030304,0.31519274376417233,false
Proviso 31030,sfr_1_4,unknown,48,48,1428,1432,0.03361344537815126,0.0335195530726257,false
Oak Park 27080,condo_unit,unknown,4,4,56,56,0.07142857142857142,0.07142857142857142,false
Lemont 19032,sfr_1_4,llc,12,12,636,636,0.018867924528301886,0.018867924528301886,false
Rogers Park 75021,condo_unit,unknown,33,33,543,543,0.06077348066298342,0.06077348066298342,false
Riverside 34080,sfr_1_4,individual,233,330,246,349,0.9471544715447154,0.9455587392550143,false
Thornton 37053,mixed_use_res,individual,9,28,11,36,0.8181818181818182,0.7777777777777778,false
Bremen 13152,sfr_1_4,trust,3,3,542,545,0.005535055350553505,0.005504587155963303,false
Wheeling 38013,sfr_1_4,corp,35,35,1605,1633,0.021806853582554516,0.021432945499081445,false
Lake 72271,condo_unit,llc,3,3,62,62,0.04838709677419355,0.04838709677419355,false
Bremen 13240,small_mf,llc,1,7,2,14,0.5,0.5,false
Thornton 37021,mixed_use_res,unknown,3,10,19,58,0.15789473684210525,0.1724137931034483,false
New Trier 23043,sfr_1_4,llc,6,7,460,461,0.013043478260869565,0.015184381778741865,false
Lake 72330,sfr_1_4,unknown,400,468,7023,8085,0.05695571693008686,0.05788497217068646,false
Palatine 29043,condo_unit,individual,392,392,413,413,0.9491525423728814,0.9491525423728814,false
Lyons 21131,sfr_1_4,unknown,11,11,270,270,0.040740740740740744,0.040740740740740744,false
Jefferson 71463,small_mf,individual,5,34,9,58,0.5555555555555556,0.5862068965517241,false
Northfield 25052,sfr_1_4,unknown,67,67,2921,2921,0.02293735022252653,0.02293735022252653,false
Barrington 10011,sfr_1_4,individual,168,168,177,177,0.9491525423728814,0.9491525423728814,false
Worth 39270,condo_unit,trust,1,1,128,128,0.0078125,0.0078125,false
West Chicago 77115,condo_unit,llc,3,3,32,32,0.09375,0.09375,false
Bremen 13032,condo_unit,trust,8,8,444,444,0.018018018018018018,0.018018018018018018,false
Northfield 25132,mixed_use_res,unknown,1,3,7,24,0.14285714285714285,0.125,false
Rich 32160,sfr_1_4,lender_reo,24,24,553,553,0.0433996383363472,0.0433996383363472,false
Orland 28099,sfr_1_4,trust,6,6,327,327,0.01834862385321101,0.01834862385321101,false
Bloom 12063,sfr_1_4,lender_reo,1,1,169,173,0.005917159763313609,0.005780346820809248,false
Elk Grove 16010,condo_unit,trust,4,4,388,388,0.010309278350515464,0.010309278350515464,false
West Chicago 77131,sfr_1_4,unknown,36,54,776,1106,0.04639175257731959,0.048824593128390596,false
Niles 24081,small_mf,individual,14,88,33,220,0.42424242424242425,0.4,false
Lemont 19010,sfr_1_4,unknown,38,43,1215,1336,0.031275720164609055,0.03218562874251497,false
Hyde Park 70010,sfr_1_4,corp,79,116,3384,5653,0.0233451536643026,0.020520077834777994,false
Lake View 73063,small_mf,trust,1,7,96,645,0.010416666666666666,0.010852713178294573,false
Jefferson 71070,small_mf,corp,17,111,380,2476,0.04473684210526316,0.04483037156704362,false
Proviso 31160,sfr_1_4,trust,12,19,2206,2376,0.005439709882139619,0.007996632996632997,false
Berwyn 11060,sfr_1_4,llc,5,7,545,691,0.009174311926605505,0.010130246020260492,false
Norwood Park 26030,sfr_1_4,trust,7,7,383,385,0.018276762402088774,0.01818181818181818,false
Niles 24081,sfr_1_4,partnership,1,1,9576,9901,0.00010442773600668337,0.000100999899000101,false
Lyons 21042,mixed_use_res,corp,8,23,47,165,0.1702127659574468,0.1393939393939394,false
Lyons 21062,sfr_1_4,lender_reo,1,1,550,550,0.0018181818181818182,0.0018181818181818182,false
Worth 39130,sfr_1_4,unknown,25,30,831,892,0.030084235860409144,0.033632286995515695,false
River Forest 33040,sfr_1_4,llc,17,18,701,742,0.024251069900142655,0.02425876010781671,false
Lake 72251,sfr_1_4,corp,17,24,800,1198,0.02125,0.02003338898163606,false
Cicero 15030,mixed_use_res,trust,2,8,112,361,0.017857142857142856,0.0221606648199446,false
Hyde Park 70111,sfr_1_4,estate,1,1,4833,5311,0.0002069108214359611,0.00018828845791752966,false
Jefferson 71050,mixed_use_res,llc,1,5,22,74,0.045454545454545456,0.06756756756756757,false
Maine 22120,sfr_1_4,trust,28,28,1075,1078,0.026046511627906978,0.025974025974025976,false
Jefferson 71250,mixed_use_res,corp,2,6,37,112,0.05405405405405406,0.05357142857142857,false
Rogers Park 75040,coop_building,coop_corp,1,1,1,1,,,true
Lyons 21062,sfr_1_4,llc,4,4,550,550,0.007272727272727273,0.007272727272727273,false
Hyde Park 70121,sfr_1_4,trust,5,5,1067,1252,0.004686035613870665,0.003993610223642172,false
Lake View 73042,condo_unit,individual,606,606,750,750,0.808,0.808,false
Proviso 31042,small_mf,llc,4,26,65,402,0.06153846153846154,0.06467661691542288,false
Orland 28047,sfr_1_4,trust,11,11,983,983,0.011190233977619531,0.011190233977619531,false
Hyde Park 70091,sfr_1_4,unknown,23,23,524,524,0.04389312977099236,0.04389312977099236,false
Elk Grove 16062,sfr_1_4,llc,10,10,3211,3211,0.003114294612270321,0.003114294612270321,false
Riverside 34010,sfr_1_4,corp,10,27,1701,1758,0.005878894767783657,0.015358361774744027,false
Wheeling 38052,sfr_1_4,unknown,25,25,1334,1376,0.018740629685157422,0.018168604651162792,false
Barrington 10012,sfr_1_4,llc,18,21,1159,1208,0.015530629853321829,0.0173841059602649,false
Lake 72361,sfr_1_4,llc,9,9,793,834,0.011349306431273645,0.01079136690647482,false
Niles 24140,sfr_1_4,individual,78,78,83,83,0.9397590361445783,0.9397590361445783,false
Proviso 31033,sfr_1_4,individual,208,225,212,231,0.9811320754716981,0.974025974025974,false
Rich 32340,condo_unit,trust,1,1,88,88,0.011363636363636364,0.011363636363636364,false
Bloom 12191,sfr_1_4,corp,2,2,99,99,0.020202020202020204,0.020202020202020204,false
Maine 22100,sfr_1_4,unknown,8,8,333,333,0.024024024024024024,0.024024024024024024,false
Bloom 12071,sfr_1_4,corp,4,4,867,873,0.00461361014994233,0.004581901489117984,false
Hyde Park 70010,sfr_1_4,unknown,194,352,3384,5653,0.057328605200945626,0.062267822395188396,false
Evanston 17220,sfr_1_4,partnership,2,2,784,951,0.002551020408163265,0.002103049421661409,false
Worth 39040,mixed_use_res,individual,9,22,12,32,0.75,0.6875,false
Rich 32201,sfr_1_4,trust,2,2,158,158,0.012658227848101266,0.012658227848101266,false
Maine 22087,sfr_1_4,trust,16,16,953,953,0.016789087093389297,0.016789087093389297,false
Palos 30042,condo_unit,individual,1146,1146,1210,1210,0.947107438016529,0.947107438016529,false
Riverside 34020,condo_unit,individual,102,102,110,110,0.9272727272727272,0.9272727272727272,false
Wheeling 38023,small_mf,trust,2,12,84,510,0.023809523809523808,0.023529411764705882,false
Leyden 20050,mixed_use_res,individual,17,54,25,78,0.68,0.6923076923076923,false
Cicero 15040,condo_unit,llc,2,2,49,49,0.04081632653061224,0.04081632653061224,false
Schaumburg 35071,sfr_1_4,llc,2,2,744,744,0.002688172043010753,0.002688172043010753,false
Schaumburg 35113,sfr_1_4,lender_reo,1,1,398,398,0.002512562814070352,0.002512562814070352,false
Jefferson 71440,sfr_1_4,unknown,125,133,3975,4100,0.031446540880503145,0.032439024390243903,false
West Chicago 77115,small_mf,trust,1,7,181,1133,0.0055248618784530384,0.00617828773168579,false
Worth 39220,sfr_1_4,unknown,15,16,362,380,0.04143646408839779,0.042105263157894736,false
Oak Park 27020,condo_unit,llc,17,17,842,842,0.020190023752969122,0.020190023752969122,false
Rich 32055,condo_unit,unknown,6,6,116,116,0.05172413793103448,0.05172413793103448,false
Schaumburg 35113,condo_unit,llc,10,10,180,180,0.05555555555555555,0.05555555555555555,false
Lemont 19025,sfr_1_4,unknown,7,7,608,608,0.011513157894736841,0.011513157894736841,false
Oak Park 27100,sfr_1_4,individual,666,729,707,782,0.942008486562942,0.9322250639386189,false
Bremen 13310,condo_unit,unknown,43,43,845,845,0.05088757396449704,0.05088757396449704,false
West Chicago 77052,small_mf,unknown,15,93,153,946,0.09803921568627451,0.09830866807610994,false
Jefferson 71560,sfr_1_4,individual,696,707,722,734,0.96398891966759,0.9632152588555858,false
Jefferson 71120,small_mf,llc,30,202,136,903,0.22058823529411764,0.22369878183831673,false
Lake View 73032,coop_building,coop_corp,3,3,3,3,,,true
Worth 39020,sfr_1_4,trust,5,5,652,652,0.007668711656441718,0.007668711656441718,false
Lake 72212,condo_unit,unknown,6,6,82,82,0.07317073170731707,0.07317073170731707,false
Proviso 31034,mixed_use_res,unknown,2,8,12,39,0.16666666666666666,0.20512820512820512,false
Lake View 73093,small_mf,unknown,38,250,126,823,0.30158730158730157,0.3037667071688943,false
Thornton 37070,sfr_1_4,individual,3948,4415,4343,4879,0.9090490444393277,0.9048985447837672,false
Jefferson 71022,sfr_1_4,lender_reo,1,2,957,982,0.0010449320794148381,0.002036659877800407,false
Bloom 12112,condo_unit,individual,96,96,100,100,0.96,0.96,false
South Chicago 76060,mixed_use_res,unknown,7,27,150,497,0.04666666666666667,0.05432595573440644,false
Worth 39040,mixed_use_res,corp,2,6,12,32,0.16666666666666666,0.1875,false
Jefferson 71010,condo_unit,unknown,1,1,91,91,0.01098901098901099,0.01098901098901099,false
Jefferson 71021,condo_unit,lender_reo,1,1,81,81,0.012345679012345678,0.012345679012345678,false
Stickney 36012,condo_unit,individual,145,145,160,160,0.90625,0.90625,false
Lake 72030,mixed_use_res,lender_reo,2,5,222,751,0.009009009009009009,0.006657789613848202,false
Proviso 31034,mixed_use_res,trust,1,3,12,39,0.08333333333333333,0.07692307692307693,false
Palos 30080,condo_unit,individual,27,27,29,29,0.9310344827586207,0.9310344827586207,false
Jefferson 71060,small_mf,llc,4,27,14,93,0.2857142857142857,0.2903225806451613,false
Northfield 25280,sfr_1_4,trust,7,7,256,256,0.02734375,0.02734375,false
Worth 39100,sfr_1_4,corp,23,23,2957,3037,0.007778153533987149,0.007573263088574251,false
Maine 22150,sfr_1_4,partnership,2,2,3078,3116,0.000649772579597141,0.0006418485237483953,false
Hyde Park 70010,sfr_1_4,trust,20,34,3384,5653,0.00591016548463357,0.006014505572262516,false
West Chicago 77131,small_mf,individual,78,541,287,1990,0.27177700348432055,0.2718592964824121,false
Thornton 37190,sfr_1_4,individual,726,728,758,762,0.9577836411609498,0.9553805774278216,false
Northfield 25011,condo_unit,individual,1489,1489,1579,1579,0.9430018999366688,0.9430018999366688,false
Worth 39131,sfr_1_4,llc,11,27,1579,1817,0.006966434452184927,0.014859658778205834,false
Jefferson 71371,mixed_use_res,llc,5,20,71,249,0.07042253521126761,0.08032128514056225,false
Jefferson 71042,mixed_use_res,unknown,1,3,11,42,0.09090909090909091,0.07142857142857142,false
Northfield 25132,condo_unit,individual,368,368,397,397,0.9269521410579346,0.9269521410579346,false
Schaumburg 35075,sfr_1_4,individual,585,585,599,599,0.9766277128547579,0.9766277128547579,false
Evanston 17220,sfr_1_4,llc,8,22,784,951,0.01020408163265306,0.023133543638275498,false
Northfield 25102,condo_unit,individual,533,533,579,579,0.9205526770293609,0.9205526770293609,false
Jefferson 71200,mixed_use_res,unknown,7,23,118,408,0.059322033898305086,0.056372549019607844,false
Berwyn 11020,condo_unit,individual,155,155,173,173,0.8959537572254336,0.8959537572254336,false
South Chicago 76041,small_mf,llc,6,39,151,1035,0.039735099337748346,0.03768115942028986,false
Lemont 19010,condo_unit,individual,142,142,156,156,0.9102564102564102,0.9102564102564102,false
Lyons 21111,mixed_use_res,individual,9,32,12,39,0.75,0.8205128205128205,false
Northfield 25052,condo_unit,trust,12,12,496,496,0.024193548387096774,0.024193548387096774,false
Leyden 20091,sfr_1_4,unknown,2,8,59,232,0.03389830508474576,0.034482758620689655,false
Worth 39060,small_mf,llc,1,5,1,5,,,true
Hyde Park 70250,sfr_1_4,corp,4,4,537,557,0.0074487895716946,0.00718132854578097,false
Jefferson 71402,mixed_use_res,individual,22,73,25,83,0.88,0.8795180722891566,false
Northfield 25100,small_mf,unknown,1,7,3,21,0.3333333333333333,0.3333333333333333,false
Evanston 17120,sfr_1_4,unknown,16,18,1252,1339,0.012779552715654952,0.01344286781179985,false
Bloom 12142,sfr_1_4,trust,8,10,1617,1698,0.004947433518862091,0.005889281507656066,false
Orland 28014,sfr_1_4,unknown,17,17,433,433,0.03926096997690531,0.03926096997690531,false
Rogers Park 75010,condo_unit,llc,3,3,141,141,0.02127659574468085,0.02127659574468085,false
Lake View 73070,small_mf,partnership,1,7,71,464,0.014084507042253521,0.015086206896551725,false
West Chicago 77104,coop_building,coop_corp,4,4,4,4,,,true
West Chicago 77141,condo_unit,unknown,102,102,839,839,0.12157330154946365,0.12157330154946365,false
Hyde Park 70120,small_mf,lender_reo,2,14,468,3073,0.004273504273504274,0.004555808656036446,false
Wheeling 38090,mixed_use_res,individual,1,6,1,6,,,true
Thornton 37161,sfr_1_4,trust,3,3,305,343,0.009836065573770493,0.008746355685131196,false
Hyde Park 70070,sfr_1_4,lender_reo,15,25,2952,4754,0.00508130081300813,0.005258729490954985,false
Palatine 29022,mixed_use_res,llc,2,4,4,12,0.5,0.3333333333333333,false
Lake View 73034,mixed_use_res,individual,3,13,7,23,0.42857142857142855,0.5652173913043478,false
Niles 24022,sfr_1_4,trust,4,4,186,186,0.021505376344086023,0.021505376344086023,false
Leyden 20030,sfr_1_4,individual,3836,3966,3979,4123,0.964061321940186,0.9619209313606597,false
Jefferson 71050,small_mf,individual,64,432,89,599,0.7191011235955056,0.7212020033388982,false
West Chicago 77103,condo_unit,corp,5,5,492,492,0.01016260162601626,0.01016260162601626,false
Rich 32150,sfr_1_4,individual,699,720,742,772,0.9420485175202157,0.9326424870466321,false
Lyons 21065,sfr_1_4,unknown,6,6,389,389,0.015424164524421594,0.015424164524421594,false
Bloom 12022,sfr_1_4,llc,13,13,1598,1598,0.008135168961201502,0.008135168961201502,false
Proviso 31020,sfr_1_4,lender_reo,11,11,3302,3391,0.003331314354936402,0.0032438808611029196,false
Jefferson 71390,condo_unit,individual,2499,2499,2771,2771,0.901840490797546,0.901840490797546,false
Oak Park 27041,condo_unit,llc,11,11,715,715,0.015384615384615385,0.015384615384615385,false
Worth 39030,sfr_1_4,corp,7,7,854,868,0.00819672131147541,0.008064516129032258,false
Elk Grove 16011,small_mf,individual,2,14,27,189,0.07407407407407407,0.07407407407407407,false
Jefferson 71420,sfr_1_4,unknown,31,32,931,956,0.03329752953813104,0.03347280334728033,false
Oak Park 27030,sfr_1_4,partnership,2,2,1616,1743,0.0012376237623762376,0.0011474469305794606,false
Palatine 29022,condo_unit,unknown,213,213,3531,3531,0.06032285471537808,0.06032285471537808,false
Jefferson 71520,mixed_use_res,unknown,2,7,62,200,0.03225806451612903,0.035,false
South Chicago 76012,condo_unit,llc,61,61,2670,2670,0.022846441947565542,0.022846441947565542,false
Thornton 37183,sfr_1_4,individual,467,535,495,579,0.9434343434343434,0.924006908462867,false
Maine 22120,mixed_use_res,individual,1,5,4,16,0.25,0.3125,false
Maine 22050,mixed_use_res,individual,1,2,1,2,,,true
Hyde Park 70020,condo_unit,partnership,4,4,5464,5464,0.0007320644216691069,0.0007320644216691069,false
West Chicago 77120,mixed_use_res,lender_reo,5,16,381,1322,0.013123359580052493,0.012102874432677761,false
Proviso 31040,mixed_use_res,unknown,4,13,16,55,0.25,0.23636363636363636,false
Worth 39050,sfr_1_4,partnership,4,4,2643,2706,0.001513431706394249,0.0014781966001478197,false
Lake 72052,small_mf,llc,3,21,10,69,0.3,0.30434782608695654,false
Lake View 73011,condo_unit,trust,13,13,2155,2155,0.0060324825986078886,0.0060324825986078886,false
Lemont 19011,sfr_1_4,individual,261,262,279,280,0.9354838709677419,0.9357142857142857,false
Berwyn 11050,small_mf,unknown,4,27,25,166,0.16,0.16265060240963855,false
Oak Park 27030,mixed_use_res,llc,2,7,13,41,0.15384615384615385,0.17073170731707318,false
West Chicago 77141,small_mf,llc,85,537,368,2321,0.23097826086956522,0.23136579060749676,false
West Chicago 77060,sfr_1_4,individual,815,1351,934,1612,0.8725910064239829,0.8380893300248139,false
West Chicago 77020,small_mf,coop_corp,1,7,131,834,0.007633587786259542,0.008393285371702638,false
Worth 39211,sfr_1_4,lender_reo,2,2,1645,1666,0.0012158054711246201,0.0012004801920768306,false
Bremen 13240,condo_unit,individual,21,21,24,24,0.875,0.875,false
Worth 39122,sfr_1_4,trust,13,13,1811,1811,0.00717835450027609,0.00717835450027609,false
Palos 30030,mixed_use_res,llc,1,2,19,76,0.05263157894736842,0.02631578947368421,false
Lyons 21065,condo_unit,unknown,9,9,577,577,0.01559792027729636,0.01559792027729636,false
Palatine 29120,sfr_1_4,trust,2,2,140,140,0.014285714285714285,0.014285714285714285,false
Berwyn 11040,condo_unit,unknown,4,4,69,69,0.057971014492753624,0.057971014492753624,false
Northfield 25240,sfr_1_4,individual,26,26,27,27,0.9629629629629629,0.9629629629629629,false
Rich 32255,sfr_1_4,individual,374,376,394,396,0.949238578680203,0.9494949494949495,false
Evanston 17090,condo_unit,unknown,150,150,999,999,0.15015015015015015,0.15015015015015015,false
Palos 30012,small_mf,llc,4,25,57,365,0.07017543859649122,0.0684931506849315,false
Oak Park 27050,condo_unit,individual,182,182,194,194,0.9381443298969072,0.9381443298969072,false
Northfield 25320,condo_unit,individual,42,42,45,45,0.9333333333333333,0.9333333333333333,false
Thornton 37134,sfr_1_4,individual,191,209,218,239,0.8761467889908257,0.8744769874476988,false
Jefferson 71402,condo_unit,individual,730,730,781,781,0.9346991037131882,0.9346991037131882,false
Rich 32020,sfr_1_4,corp,1,1,181,181,0.0055248618784530384,0.0055248618784530384,false
Cicero 15030,small_mf,individual,51,318,80,508,0.6375,0.6259842519685039,false
Bremen 13240,sfr_1_4,trust,8,8,1909,1909,0.0041906757464641176,0.0041906757464641176,false
Bloom 12046,sfr_1_4,llc,3,3,549,550,0.00546448087431694,0.005454545454545455,false
Oak Park 27070,condo_unit,individual,551,551,590,590,0.9338983050847458,0.9338983050847458,false
Evanston 17060,sfr_1_4,lender_reo,2,2,1033,1383,0.001936108422071636,0.0014461315979754157,false
Northfield 25061,condo_unit,lender_reo,1,1,209,209,0.004784688995215311,0.004784688995215311,false
Evanston 17140,sfr_1_4,lender_reo,1,1,879,902,0.0011376564277588168,0.0011086474501108647,false
Leyden 20080,condo_unit,llc,63,63,1453,1453,0.043358568479008944,0.043358568479008944,false
Jefferson 71420,condo_unit,individual,26,26,31,31,0.8387096774193549,0.8387096774193549,false
North Chicago 74030,condo_unit,estate,2,2,19344,19344,0.00010339123242349049,0.00010339123242349049,false
Schaumburg 35115,sfr_1_4,corp,1,1,251,251,0.00398406374501992,0.00398406374501992,false
West Chicago 77152,condo_unit,llc,42,42,442,442,0.09502262443438914,0.09502262443438914,false
New Trier 23110,sfr_1_4,unknown,24,24,490,490,0.04897959183673469,0.04897959183673469,false
West Chicago 77085,sfr_1_4,lender_reo,1,2,292,454,0.003424657534246575,0.004405286343612335,false
Jefferson 71090,sfr_1_4,corp,9,10,3374,4571,0.0026674570243034974,0.002187705097352877,false
Schaumburg 35020,sfr_1_4,corp,12,12,2907,2907,0.0041279669762641896,0.0041279669762641896,false
Schaumburg 35105,sfr_1_4,unknown,5,5,234,234,0.021367521367521368,0.021367521367521368,false
Maine 22023,mixed_use_res,llc,1,3,3,7,,,true
Niles 24140,mixed_use_res,individual,1,3,1,3,,,true
Lemont 19010,mixed_use_res,unknown,6,15,51,156,0.11764705882352941,0.09615384615384616,false
Jefferson 71210,sfr_1_4,corp,11,18,2548,3981,0.0043171114599686025,0.00452147701582517,false
Rich 32201,sfr_1_4,partnership,1,1,158,158,0.006329113924050633,0.006329113924050633,false
Lake 72350,sfr_1_4,unknown,56,62,2710,2927,0.020664206642066422,0.02118209771096686,false
West Chicago 77115,mixed_use_res,trust,4,19,464,1719,0.008620689655172414,0.011052937754508435,false
Lyons 21102,condo_unit,corp,4,4,375,375,0.010666666666666666,0.010666666666666666,false
Bremen 13100,condo_unit,individual,432,432,454,454,0.9515418502202643,0.9515418502202643,false
Thornton 37092,small_mf,llc,1,7,1,7,,,true
West Chicago 77101,sfr_1_4,llc,76,150,1389,2354,0.054715622750179986,0.0637213254035684,false
Calumet 14030,sfr_1_4,llc,51,55,2139,2240,0.023842917251051893,0.024553571428571428,false
Rogers Park 75023,mixed_use_res,unknown,1,2,5,17,0.2,0.11764705882352941,false
Palos 30011,condo_unit,individual,344,344,364,364,0.945054945054945,0.945054945054945,false
Niles 24021,sfr_1_4,unknown,2,2,65,65,0.03076923076923077,0.03076923076923077,false
Cicero 15015,sfr_1_4,unknown,13,20,946,1210,0.013742071881606765,0.01652892561983471,false
Rich 32060,sfr_1_4,individual,327,327,347,347,0.9423631123919308,0.9423631123919308,false
Riverside 34010,sfr_1_4,unknown,44,51,1701,1758,0.02586713697824809,0.02901023890784983,false
Proviso 31141,small_mf,llc,2,14,8,52,0.25,0.2692307692307692,false
Hyde Park 70220,small_mf,individual,67,429,111,714,0.6036036036036037,0.6008403361344538,false
Proviso 31010,mixed_use_res,individual,4,13,6,20,0.6666666666666666,0.65,false
Worth 39100,sfr_1_4,llc,26,26,2957,3037,0.00879269529928982,0.008561080013170892,false
Rich 32230,sfr_1_4,unknown,12,12,750,750,0.016,0.016,false
Lake View 73022,condo_unit,individual,125,125,134,134,0.9328358208955224,0.9328358208955224,false
Wheeling 38040,small_mf,llc,7,49,11,77,0.6363636363636364,0.6363636363636364,false
Cicero 15071,sfr_1_4,unknown,30,58,1670,2805,0.017964071856287425,0.02067736185383244,false
Bremen 13130,sfr_1_4,corp,17,17,3420,3422,0.004970760233918129,0.004967855055523086,false
Lake 72171,sfr_1_4,trust,8,12,1756,2558,0.004555808656036446,0.004691164972634871,false
Cicero 15071,condo_unit,llc,4,4,69,69,0.057971014492753624,0.057971014492753624,false
Bremen 13050,sfr_1_4,individual,1831,2000,1917,2093,0.9551382368283776,0.9555661729574773,false
Palatine 29084,sfr_1_4,trust,14,14,1154,1154,0.012131715771230503,0.012131715771230503,false
Thornton 37051,small_mf,trust,1,6,84,514,0.011904761904761904,0.011673151750972763,false
West Chicago 77051,sfr_1_4,corp,11,31,630,1451,0.01746031746031746,0.021364576154376293,false
Lyons 21013,mixed_use_res,llc,3,13,8,29,0.375,0.4482758620689655,false
Palatine 29080,sfr_1_4,corp,12,12,1929,1929,0.006220839813374806,0.006220839813374806,false
Calumet 14030,sfr_1_4,individual,1992,2080,2139,2240,0.9312762973352033,0.9285714285714286,false
Cicero 15025,mixed_use_res,individual,5,18,5,18,1.0,1.0,false
Rich 32255,mixed_use_res,individual,1,2,3,9,,,true
Palos 30071,sfr_1_4,trust,5,5,447,447,0.011185682326621925,0.011185682326621925,false
Northfield 25260,sfr_1_4,individual,878,878,911,911,0.9637760702524698,0.9637760702524698,false
Schaumburg 35105,condo_unit,llc,4,4,360,360,0.011111111111111112,0.011111111111111112,false
Bremen 13312,condo_unit,llc,8,8,62,62,0.12903225806451613,0.12903225806451613,false
Wheeling 38022,sfr_1_4,llc,14,14,1190,1190,0.011764705882352941,0.011764705882352941,false
Proviso 31102,sfr_1_4,corp,2,2,1090,1127,0.001834862385321101,0.001774622892635315,false
Niles 24052,sfr_1_4,individual,618,661,641,688,0.9641185647425897,0.9607558139534884,false
Lyons 21011,sfr_1_4,lender_reo,1,1,358,358,0.002793296089385475,0.002793296089385475,false
Proviso 31060,condo_unit,unknown,14,14,110,110,0.12727272727272726,0.12727272727272726,false
Northfield 25190,sfr_1_4,unknown,2,2,189,189,0.010582010582010581,0.010582010582010581,false
Maine 22087,sfr_1_4,lender_reo,4,4,953,953,0.004197271773347324,0.004197271773347324,false
West Chicago 77020,condo_unit,individual,113,113,175,175,0.6457142857142857,0.6457142857142857,false
Lake View 73011,mixed_use_res,corp,3,12,24,80,0.125,0.15,false
North Chicago 74011,condo_unit,corp,2,2,1331,1331,0.0015026296018031556,0.0015026296018031556,false
Elk Grove 16100,sfr_1_4,individual,3432,3514,3568,3652,0.9618834080717489,0.9622124863088719,false
Lake View 73063,mixed_use_res,llc,9,36,28,107,0.32142857142857145,0.3364485981308411,false
Schaumburg 35080,mixed_use_res,individual,1,2,1,2,,,true
Oak Park 27050,small_mf,unknown,6,41,27,183,0.2222222222222222,0.22404371584699453,false
Lyons 21102,sfr_1_4,corp,2,2,1310,1387,0.0015267175572519084,0.0014419610670511895,false
Rogers Park 75032,small_mf,unknown,16,112,102,696,0.1568627450980392,0.16091954022988506,false
Worth 39100,mixed_use_res,individual,18,42,24,58,0.75,0.7241379310344828,false
Thornton 37181,small_mf,llc,22,144,92,592,0.2391304347826087,0.24324324324324326,false
Hyde Park 70150,sfr_1_4,individual,295,364,311,385,0.9485530546623794,0.9454545454545454,false
Thornton 37163,small_mf,llc,1,7,1,7,,,true
Rich 32010,sfr_1_4,llc,29,29,1265,1265,0.02292490118577075,0.02292490118577075,false
Worth 39130,sfr_1_4,individual,786,836,831,892,0.9458483754512635,0.9372197309417041,false
Lake 72200,sfr_1_4,corp,22,23,6931,7127,0.0031741451450007212,0.0032271643047565596,false
Lake 72092,sfr_1_4,partnership,1,1,1863,2955,0.0005367686527106817,0.00033840947546531303,false
Northfield 25280,sfr_1_4,corp,3,3,256,256,0.01171875,0.01171875,false
Lake 72194,condo_unit,unknown,66,66,443,443,0.1489841986455982,0.1489841986455982,false
Bremen 13130,sfr_1_4,unknown,92,92,3420,3422,0.026900584795321637,0.026884862653419054,false
Elk Grove 16100,small_mf,individual,48,294,65,398,0.7384615384615385,0.7386934673366834,false
Jefferson 71071,small_mf,corp,3,21,65,437,0.046153846153846156,0.04805491990846682,false
Rich 32175,sfr_1_4,individual,623,623,703,703,0.8862019914651493,0.8862019914651493,false
Northfield 25072,sfr_1_4,individual,1481,1481,1570,1570,0.943312101910828,0.943312101910828,false
Lake View 73022,sfr_1_4,unknown,9,11,336,427,0.026785714285714284,0.02576112412177986,false
Lake 72070,small_mf,trust,2,14,173,1188,0.011560693641618497,0.011784511784511785,false
Rich 32060,sfr_1_4,lender_reo,5,5,347,347,0.01440922190201729,0.01440922190201729,false
Jefferson 71430,small_mf,unknown,3,18,42,261,0.07142857142857142,0.06896551724137931,false
Lake View 73150,sfr_1_4,llc,37,91,686,1259,0.05393586005830904,0.07227958697378872,false
Palos 30012,small_mf,individual,44,281,57,365,0.7719298245614035,0.7698630136986301,false
Rich 32270,sfr_1_4,lender_reo,1,1,307,307,0.003257328990228013,0.003257328990228013,false
West Chicago 77013,sfr_1_4,trust,43,80,6365,10159,0.006755695208169678,0.007874790825868687,false
West Chicago 77091,condo_unit,unknown,4,4,135,135,0.02962962962962963,0.02962962962962963,false
Bloom 12033,sfr_1_4,individual,618,620,666,670,0.9279279279279279,0.9253731343283582,false
North Chicago 74030,small_mf,unknown,12,84,115,805,0.10434782608695652,0.10434782608695652,false
Jefferson 71440,mixed_use_res,individual,1,3,1,3,,,true
West Chicago 77170,condo_unit,trust,29,29,1809,1809,0.016030956329463792,0.016030956329463792,false
Thornton 37101,sfr_1_4,llc,123,124,2142,2145,0.05742296918767507,0.05780885780885781,false
Jefferson 71280,small_mf,llc,16,105,33,211,0.48484848484848486,0.4976303317535545,false
Jefferson 71200,condo_unit,individual,1065,1065,1159,1159,0.9188955996548749,0.9188955996548749,false
North Chicago 74011,condo_unit,unknown,70,70,1331,1331,0.05259203606311044,0.05259203606311044,false
Lake 72051,other_res,individual,1,1,1,1,,,true
Lake 72271,condo_unit,corp,1,1,62,62,0.016129032258064516,0.016129032258064516,false
Evanston 17210,sfr_1_4,corp,2,2,516,732,0.003875968992248062,0.00273224043715847,false
Orland 28031,small_mf,individual,4,28,4,28,1.0,1.0,false
Lake View 73044,sfr_1_4,corp,1,4,304,405,0.003289473684210526,0.009876543209876543,false
Norwood Park 26010,small_mf,llc,21,137,125,821,0.168,0.1668696711327649,false
Bremen 13342,sfr_1_4,individual,143,143,146,146,0.9794520547945206,0.9794520547945206,false
Bremen 13170,sfr_1_4,trust,15,17,2234,2329,0.006714413607878245,0.0072992700729927005,false
Wheeling 38040,sfr_1_4,llc,18,19,4184,4193,0.004302103250478011,0.004531361793465299,false
Elk Grove 16070,small_mf,individual,70,419,123,749,0.5691056910569106,0.5594125500667557,false
Elk Grove 16012,sfr_1_4,llc,4,4,1050,1054,0.0038095238095238095,0.003795066413662239,false
Wheeling 38031,condo_unit,lender_reo,1,1,1854,1854,0.0005393743257820927,0.0005393743257820927,false
Thornton 37185,small_mf,corp,1,7,1,7,,,true
Worth 39220,mixed_use_res,individual,1,2,1,2,,,true
Northfield 25072,condo_unit,corp,1,1,236,236,0.00423728813559322,0.00423728813559322,false
South Chicago 76012,condo_unit,corp,10,10,2670,2670,0.003745318352059925,0.003745318352059925,false
Hyde Park 70150,condo_unit,unknown,10,10,109,109,0.09174311926605505,0.09174311926605505,false
Jefferson 71361,condo_unit,llc,1,1,29,29,0.034482758620689655,0.034482758620689655,false
Oak Park 27070,condo_unit,llc,6,6,590,590,0.010169491525423728,0.010169491525423728,false
Hyde Park 70070,condo_unit,corp,43,43,1432,1432,0.030027932960893854,0.030027932960893854,false
Orland 28046,small_mf,individual,44,308,44,308,1.0,1.0,false
Cicero 15080,sfr_1_4,llc,3,3,1565,1689,0.0019169329073482429,0.0017761989342806395,false
Bloom 12043,sfr_1_4,trust,1,1,300,302,0.0033333333333333335,0.0033112582781456954,false
Maine 22080,sfr_1_4,llc,13,16,4290,4473,0.0030303030303030303,0.003577017661524704,false
Palos 30051,condo_unit,trust,2,2,232,232,0.008620689655172414,0.008620689655172414,false
Thornton 37190,mixed_use_res,unknown,3,10,4,13,0.75,0.7692307692307693,false
Hanover 18040,sfr_1_4,individual,472,479,564,573,0.8368794326241135,0.8359511343804538,false
Oak Park 27041,sfr_1_4,llc,4,9,436,514,0.009174311926605505,0.017509727626459144,false
Oak Park 27060,sfr_1_4,trust,15,15,1581,1700,0.009487666034155597,0.008823529411764706,false
Wheeling 38050,sfr_1_4,corp,5,5,1816,1816,0.0027533039647577094,0.0027533039647577094,false
Worth 39030,small_mf,unknown,1,5,1,5,,,true
Rogers Park 75031,small_mf,partnership,3,21,379,2595,0.0079155672823219,0.008092485549132947,false
Jefferson 71120,small_mf,corp,2,14,136,903,0.014705882352941176,0.015503875968992248,false
Lake 72071,small_mf,unknown,21,146,101,684,0.2079207920792079,0.2134502923976608,false
South Chicago 76050,mixed_use_res,corp,3,10,151,540,0.019867549668874173,0.018518518518518517,false
Lake 72051,sfr_1_4,lender_reo,2,3,1098,1922,0.0018214936247723133,0.0015608740894901144,false
Rich 32224,sfr_1_4,trust,3,3,260,262,0.011538461538461539,0.011450381679389313,false
Lake 72422,condo_unit,individual,176,176,195,195,0.9025641025641026,0.9025641025641026,false
Jefferson 71101,small_mf,individual,33,215,66,441,0.5,0.4875283446712018,false
Hyde Park 70111,small_mf,individual,62,406,93,617,0.6666666666666666,0.6580226904376013,false
Proviso 31173,sfr_1_4,trust,1,1,193,193,0.0051813471502590676,0.0051813471502590676,false
Wheeling 38013,condo_unit,estate,1,1,3416,3416,0.0002927400468384075,0.0002927400468384075,false
Calumet 14010,small_mf,partnership,23,149,61,401,0.3770491803278688,0.371571072319202,false
Northfield 25023,sfr_1_4,trust,15,15,555,555,0.02702702702702703,0.02702702702702703,false
New Trier 23171,condo_unit,llc,5,5,316,316,0.015822784810126583,0.015822784810126583,false
Norwood Park 26010,sfr_1_4,unknown,135,136,6048,6395,0.022321428571428572,0.021266614542611414,false
Bloom 12082,sfr_1_4,individual,372,375,386,389,0.9637305699481865,0.9640102827763496,false
Jefferson 71260,small_mf,unknown,30,205,175,1162,0.17142857142857143,0.1764199655765921,false
West Chicago 77030,mixed_use_res,corp,13,48,369,1414,0.03523035230352303,0.033946251768033946,false
Worth 39030,sfr_1_4,individual,806,820,854,868,0.9437939110070258,0.9447004608294931,false
Rich 32100,sfr_1_4,corp,1,1,141,141,0.0070921985815602835,0.0070921985815602835,false
Lake 72040,condo_unit,individual,23,23,36,36,0.6388888888888888,0.6388888888888888,false
Palos 30022,sfr_1_4,estate,1,1,503,525,0.0019880715705765406,0.0019047619047619048,false
Schaumburg 35104,sfr_1_4,unknown,2,2,197,197,0.01015228426395939,0.01015228426395939,false
Proviso 31190,small_mf,individual,9,63,17,119,0.5294117647058824,0.5294117647058824,false
Orland 28050,condo_unit,unknown,19,19,524,524,0.03625954198473282,0.03625954198473282,false
Jefferson 71402,condo_unit,lender_reo,4,4,781,781,0.005121638924455826,0.005121638924455826,false
West Chicago 77104,sfr_1_4,individual,139,139,142,142,0.9788732394366197,0.9788732394366197,false
South Chicago 76010,small_mf,llc,21,147,109,763,0.1926605504587156,0.1926605504587156,false
Palos 30062,sfr_1_4,unknown,10,10,607,607,0.016474464579901153,0.016474464579901153,false
West Chicago 77060,sfr_1_4,trust,17,33,934,1612,0.018201284796573874,0.020471464019851116,false
Rich 32175,condo_unit,unknown,6,6,120,120,0.05,0.05,false
Lyons 21084,mixed_use_res,corp,1,2,5,18,0.2,0.1111111111111111,false
New Trier 23091,condo_unit,unknown,1,1,103,103,0.009708737864077669,0.009708737864077669,false
Schaumburg 35020,condo_unit,llc,49,49,989,989,0.04954499494438827,0.04954499494438827,false
Northfield 25420,sfr_1_4,individual,87,87,97,97,0.8969072164948454,0.8969072164948454,false
Jefferson 71270,sfr_1_4,trust,2,4,1731,2440,0.0011554015020219526,0.001639344262295082,false
Jefferson 71010,small_mf,individual,30,184,41,255,0.7317073170731707,0.7215686274509804,false
Schaumburg 35108,sfr_1_4,llc,7,7,651,651,0.010752688172043012,0.010752688172043012,false
Berwyn 11050,mixed_use_res,trust,3,7,42,120,0.07142857142857142,0.058333333333333334,false
Thornton 37101,sfr_1_4,partnership,1,1,2142,2145,0.00046685340802987864,0.0004662004662004662,false
Maine 22130,small_mf,trust,3,18,81,486,0.037037037037037035,0.037037037037037035,false
Bloom 12032,sfr_1_4,individual,555,565,721,731,0.7697642163661581,0.7729138166894665,false
South Chicago 76041,sfr_1_4,individual,750,1060,841,1191,0.89179548156956,0.8900083963056256,false
Niles 24140,small_mf,llc,3,21,3,21,1.0,1.0,false
Palatine 29100,sfr_1_4,llc,6,6,3130,3146,0.0019169329073482429,0.0019071837253655435,false
Hyde Park 70120,sfr_1_4,unknown,171,250,3174,4681,0.05387523629489603,0.05340739158299509,false
West Chicago 77103,condo_unit,partnership,1,1,492,492,0.0020325203252032522,0.0020325203252032522,false
Thornton 37130,mixed_use_res,corp,1,4,30,95,0.03333333333333333,0.042105263157894736,false
New Trier 23091,small_mf,individual,1,7,2,12,0.5,0.5833333333333334,false
West Chicago 77131,other_res,unknown,1,1,2,2,,,true
Stickney 36012,condo_unit,unknown,14,14,160,160,0.0875,0.0875,false
Jefferson 71110,mixed_use_res,unknown,3,11,73,243,0.0410958904109589,0.04526748971193416,false
Bremen 13032,sfr_1_4,unknown,36,36,1496,1509,0.02406417112299465,0.02385685884691849,false
Barrington 10023,sfr_1_4,llc,1,1,735,735,0.0013605442176870747,0.0013605442176870747,false
Lyons 21061,sfr_1_4,individual,348,348,384,384,0.90625,0.90625,false
Maine 22091,condo_unit,lender_reo,4,4,1184,1184,0.0033783783783783786,0.0033783783783783786,false
Niles 24103,sfr_1_4,llc,2,2,619,619,0.0032310177705977385,0.0032310177705977385,false
West Chicago 77011,condo_unit,individual,9,9,12,12,0.75,0.75,false
West Chicago 77131,small_mf,unknown,48,333,287,1990,0.1672473867595819,0.16733668341708544,false
Lake 72200,small_mf,unknown,7,49,38,257,0.18421052631578946,0.19066147859922178,false
Thornton 37163,sfr_1_4,llc,2,4,170,256,0.011764705882352941,0.015625,false
Berwyn 11070,mixed_use_res,llc,1,3,15,43,0.06666666666666667,0.06976744186046512,false
North Chicago 74011,small_mf,individual,32,220,64,444,0.5,0.4954954954954955,false
Berwyn 11060,mixed_use_res,llc,3,8,25,99,0.12,0.08080808080808081,false
Evanston 17050,condo_unit,trust,1,1,3,3,,,true
Lake 72423,sfr_1_4,corp,13,13,5521,5662,0.00235464589748234,0.0022960084775697632,false
South Chicago 76060,mixed_use_res,trust,2,8,150,497,0.013333333333333334,0.01609657947686117,false
Bremen 13210,condo_unit,trust,3,3,570,570,0.005263157894736842,0.005263157894736842,false
Leyden 20060,mixed_use_res,individual,2,6,2,6,,,true
Schaumburg 35040,condo_unit,corp,3,3,950,950,0.003157894736842105,0.003157894736842105,false
West Chicago 77011,sfr_1_4,unknown,85,131,2531,3687,0.033583563808771234,0.03553024138866287,false
Jefferson 71090,condo_unit,llc,4,4,515,515,0.007766990291262136,0.007766990291262136,false
Jefferson 71050,mixed_use_res,trust,1,2,22,74,0.045454545454545456,0.02702702702702703,false
Oak Park 27030,condo_unit,trust,3,3,230,230,0.013043478260869565,0.013043478260869565,false
Lemont 19025,sfr_1_4,trust,11,11,608,608,0.018092105263157895,0.018092105263157895,false
West Chicago 77170,mixed_use_res,corp,9,34,175,636,0.05142857142857143,0.05345911949685535,false
Thornton 37180,condo_unit,trust,1,1,20,20,0.05,0.05,false
Thornton 37190,sfr_1_4,unknown,18,20,758,762,0.023746701846965697,0.026246719160104987,false
Proviso 31150,sfr_1_4,trust,8,8,867,882,0.00922722029988466,0.009070294784580499,false
Elk Grove 16012,sfr_1_4,unknown,25,25,1050,1054,0.023809523809523808,0.023719165085388995,false
Hyde Park 70101,sfr_1_4,trust,4,7,771,1237,0.005188067444876783,0.005658852061438965,false
Lake View 73031,small_mf,llc,122,830,473,3176,0.25792811839323465,0.26133501259445846,false
Maine 22093,sfr_1_4,trust,9,9,854,854,0.01053864168618267,0.01053864168618267,false
Bremen 13240,condo_unit,unknown,1,1,24,24,0.041666666666666664,0.041666666666666664,false
Lake View 73150,small_mf,partnership,1,7,86,559,0.011627906976744186,0.012522361359570662,false
Wheeling 38031,condo_unit,individual,1713,1713,1854,1854,0.9239482200647249,0.9239482200647249,false
Lake View 73060,mixed_use_res,individual,1,4,1,4,,,true
Lake View 73092,other_res,individual,1,1,2,2,,,true
Worth 39082,sfr_1_4,unknown,13,13,649,661,0.020030816640986132,0.019667170953101363,false
Worth 39133,mixed_use_res,individual,19,48,20,50,0.95,0.96,false
Thornton 37121,small_mf,corp,1,7,4,28,0.25,0.25,false
Hanover 18015,small_mf,llc,4,28,4,28,1.0,1.0,false
Lyons 21091,sfr_1_4,unknown,58,91,2425,3323,0.023917525773195877,0.02738489316882335,false
Elk Grove 16062,small_mf,unknown,2,13,36,226,0.05555555555555555,0.05752212389380531,false
Northfield 25270,sfr_1_4,trust,6,6,312,312,0.019230769230769232,0.019230769230769232,false
Maine 22040,condo_unit,individual,16,16,23,23,0.6956521739130435,0.6956521739130435,false
Proviso 31160,sfr_1_4,partnership,2,2,2206,2376,0.0009066183136899365,0.0008417508417508417,false
Schaumburg 35074,condo_unit,trust,2,2,238,238,0.008403361344537815,0.008403361344537815,false
Jefferson 71110,condo_unit,llc,124,124,1469,1469,0.08441116405718176,0.08441116405718176,false
Evanston 17200,sfr_1_4,llc,1,2,291,311,0.003436426116838488,0.006430868167202572,false
Jefferson 71110,sfr_1_4,corp,3,7,2525,4000,0.001188118811881188,0.00175,false
Lake View 73032,sfr_1_4,trust,21,30,1371,2191,0.015317286652078774,0.013692377909630305,false
Wheeling 38011,sfr_1_4,corp,3,3,764,764,0.003926701570680628,0.003926701570680628,false
New Trier 23044,mixed_use_res,individual,2,7,9,32,0.2222222222222222,0.21875,false
West Chicago 77103,condo_unit,individual,380,380,492,492,0.7723577235772358,0.7723577235772358,false
Jefferson 71410,condo_unit,individual,616,616,680,680,0.9058823529411765,0.9058823529411765,false
Palos 30054,condo_unit,trust,41,41,678,678,0.06047197640117994,0.06047197640117994,false
Worth 39211,condo_unit,corp,1,1,377,377,0.002652519893899204,0.002652519893899204,false
West Chicago 77052,sfr_1_4,llc,28,76,690,1492,0.04057971014492753,0.05093833780160858,false
Lake 72431,sfr_1_4,corp,2,2,832,832,0.002403846153846154,0.002403846153846154,false
Rich 32042,condo_unit,individual,22,22,24,24,0.9166666666666666,0.9166666666666666,false
Bloom 12033,condo_unit,unknown,19,19,252,252,0.07539682539682539,0.07539682539682539,false
Elk Grove 16085,condo_unit,trust,4,4,508,508,0.007874015748031496,0.007874015748031496,false
Oak Park 27050,condo_unit,corp,2,2,194,194,0.010309278350515464,0.010309278350515464,false
Orland 28043,condo_unit,individual,809,809,850,850,0.951764705882353,0.951764705882353,false
Lake 72221,small_mf,unknown,48,328,234,1573,0.20512820512820512,0.20851875397329941,false
Riverside 34010,mixed_use_res,llc,3,8,15,47,0.2,0.1702127659574468,false
Palos 30012,mixed_use_res,corp,3,6,27,91,0.1111111111111111,0.06593406593406594,false
Palatine 29022,condo_unit,lender_reo,3,3,3531,3531,0.0008496176720475786,0.0008496176720475786,false
Wheeling 38070,sfr_1_4,lender_reo,1,1,4133,4224,0.00024195499637067505,0.00023674242424242425,false
West Chicago 77152,sfr_1_4,llc,17,51,304,566,0.05592105263157895,0.09010600706713781,false
Lyons 21041,sfr_1_4,lender_reo,1,1,323,391,0.0030959752321981426,0.0025575447570332483,false
Hyde Park 70100,sfr_1_4,lender_reo,22,34,3953,6130,0.005565393372122439,0.005546492659053833,false
Lake 72080,sfr_1_4,corp,6,16,1852,3577,0.0032397408207343412,0.004473022085546547,false
Evanston 17071,condo_unit,trust,43,43,1240,1240,0.03467741935483871,0.03467741935483871,false
Worth 39110,mixed_use_res,individual,7,20,11,31,0.6363636363636364,0.6451612903225806,false
Rogers Park 75060,condo_unit,trust,1,1,617,617,0.0016207455429497568,0.0016207455429497568,false
Lake 72423,mixed_use_res,llc,7,23,51,172,0.13725490196078433,0.13372093023255813,false
Palatine 29032,sfr_1_4,llc,2,2,993,993,0.002014098690835851,0.002014098690835851,false
Wheeling 38023,mixed_use_res,llc,4,8,6,12,0.6666666666666666,0.6666666666666666,false
Maine 22150,condo_unit,unknown,37,37,522,522,0.07088122605363985,0.07088122605363985,false
Lyons 21042,sfr_1_4,partnership,1,1,2707,3257,0.0003694126339120798,0.00030703101013202335,false
Schaumburg 35032,sfr_1_4,trust,1,1,546,546,0.0018315018315018315,0.0018315018315018315,false
New Trier 23092,mixed_use_res,corp,1,3,14,39,0.07142857142857142,0.07692307692307693,false
Worth 39211,condo_unit,lender_reo,2,2,377,377,0.005305039787798408,0.005305039787798408,false
Bloom 12022,sfr_1_4,partnership,11,11,1598,1598,0.00688360450563204,0.00688360450563204,false
Palatine 29082,sfr_1_4,llc,3,3,416,416,0.007211538461538462,0.007211538461538462,false
West Chicago 77091,small_mf,corp,15,93,313,2027,0.04792332268370607,0.045880611741489885,false
West Chicago 77051,small_mf,partnership,1,7,102,648,0.00980392156862745,0.010802469135802469,false
Stickney 36021,sfr_1_4,lender_reo,4,5,952,1009,0.004201680672268907,0.004955401387512388,false
Rich 32150,small_mf,unknown,7,46,37,240,0.1891891891891892,0.19166666666666668,false
Barrington 10031,sfr_1_4,lender_reo,2,2,950,950,0.002105263157894737,0.002105263157894737,false
New Trier 23022,sfr_1_4,unknown,28,30,1455,1459,0.019243986254295534,0.0205620287868403,false
New Trier 23044,sfr_1_4,unknown,18,18,600,606,0.03,0.0297029702970297,false
Proviso 31200,small_mf,individual,13,81,17,108,0.7647058823529411,0.75,false
Worth 39211,small_mf,unknown,7,46,53,342,0.1320754716981132,0.13450292397660818,false
Berwyn 11020,mixed_use_res,unknown,3,8,46,142,0.06521739130434782,0.056338028169014086,false
Thornton 37171,small_mf,individual,4,28,7,49,0.5714285714285714,0.5714285714285714,false
Hyde Park 70130,sfr_1_4,individual,4111,4383,4445,4752,0.924859392575928,0.9223484848484849,false
Palatine 29070,small_mf,individual,88,530,149,897,0.5906040268456376,0.5908584169453734,false
Northfield 25200,condo_unit,partnership,1,1,1062,1062,0.0009416195856873823,0.0009416195856873823,false
Hanover 18060,condo_unit,unknown,21,21,145,145,0.14482758620689656,0.14482758620689656,false
Lake View 73081,sfr_1_4,llc,71,158,2100,3193,0.03380952380952381,0.04948324459755716,false
Lake View 73063,condo_unit,lender_reo,3,3,4009,4009,0.0007483162883512097,0.0007483162883512097,false
Lemont 19010,sfr_1_4,corp,8,8,1215,1336,0.006584362139917695,0.005988023952095809,false
Lake 72423,mixed_use_res,individual,32,100,51,172,0.6274509803921569,0.5813953488372093,false
Palatine 29060,sfr_1_4,partnership,2,2,3802,3931,0.0005260389268805891,0.0005087763927753752,false
South Chicago 76030,mixed_use_res,llc,29,102,256,932,0.11328125,0.10944206008583691,false
Worth 39210,condo_unit,lender_reo,2,2,1460,1460,0.0013698630136986301,0.0013698630136986301,false
Proviso 31103,small_mf,llc,2,14,26,181,0.07692307692307693,0.07734806629834254,false
Bloom 12142,sfr_1_4,lender_reo,4,4,1617,1698,0.0024737167594310453,0.002355712603062426,false
Hyde Park 70111,mixed_use_res,individual,20,75,23,85,0.8695652173913043,0.8823529411764706,false
Lyons 21120,sfr_1_4,individual,194,225,201,236,0.9651741293532339,0.9533898305084746,false
Rich 32232,sfr_1_4,partnership,1,1,277,277,0.0036101083032490976,0.0036101083032490976,false
Lake View 73084,mixed_use_res,lender_reo,1,6,200,720,0.005,0.008333333333333333,false
Lake View 73011,small_mf,llc,29,197,131,866,0.22137404580152673,0.22748267898383373,false
Lyons 21071,sfr_1_4,individual,1896,1896,2002,2002,0.9470529470529471,0.9470529470529471,false
North Chicago 74022,condo_unit,corp,96,96,17093,17093,0.005616334171883227,0.005616334171883227,false
West Chicago 77013,small_mf,corp,11,74,391,2611,0.028132992327365727,0.028341631558789736,false
Worth 39151,condo_unit,corp,2,2,272,272,0.007352941176470588,0.007352941176470588,false
Bloom 12031,sfr_1_4,unknown,9,9,256,260,0.03515625,0.03461538461538462,false
Stickney 36012,sfr_1_4,lender_reo,3,3,2156,2226,0.0013914656771799629,0.0013477088948787063,false
Niles 24031,coop_building,coop_corp,1,1,1,1,,,true
Lyons 21042,small_mf,trust,1,5,63,360,0.015873015873015872,0.013888888888888888,false
North Chicago 74013,mixed_use_res,trust,1,2,15,51,0.06666666666666667,0.0392156862745098,false
Lyons 21013,sfr_1_4,corp,4,7,848,879,0.0047169811320754715,0.007963594994311717,false
Norwood Park 26010,sfr_1_4,lender_reo,24,28,6048,6395,0.003968253968253968,0.00437842064112588,false
New Trier 23093,condo_unit,llc,4,4,289,289,0.01384083044982699,0.01384083044982699,false
Calumet 14010,sfr_1_4,individual,441,480,467,512,0.9443254817987152,0.9375,false
Rich 32061,condo_unit,unknown,1,1,12,12,0.08333333333333333,0.08333333333333333,false
Proviso 31141,sfr_1_4,trust,26,35,2047,2211,0.012701514411333659,0.015829941203075532,false
Cicero 15065,sfr_1_4,llc,10,24,1090,1794,0.009174311926605505,0.013377926421404682,false
Palos 30040,small_mf,lender_reo,1,6,32,214,0.03125,0.028037383177570093,false
Thornton 37200,condo_unit,trust,5,5,575,575,0.008695652173913044,0.008695652173913044,false
Lake 72432,sfr_1_4,unknown,10,10,294,294,0.034013605442176874,0.034013605442176874,false
Rich 32175,sfr_1_4,unknown,49,49,703,703,0.06970128022759602,0.06970128022759602,false
Bremen 13210,small_mf,corp,2,12,9,56,0.2222222222222222,0.21428571428571427,false
Hyde Park 70111,sfr_1_4,corp,28,31,4833,5311,0.005793503000206911,0.00583694219544342,false
Lake 72423,mixed_use_res,unknown,9,37,51,172,0.17647058823529413,0.21511627906976744,false
Lemont 19030,sfr_1_4,trust,3,3,279,279,0.010752688172043012,0.010752688172043012,false
Palos 30100,sfr_1_4,trust,1,1,39,39,0.02564102564102564,0.02564102564102564,false
Berwyn 11050,small_mf,corp,3,20,25,166,0.12,0.12048192771084337,false
Jefferson 71010,mixed_use_res,corp,3,11,62,223,0.04838709677419355,0.04932735426008968,false
Lake 72130,mixed_use_res,individual,50,184,68,252,0.7352941176470589,0.7301587301587301,false
Rogers Park 75031,sfr_1_4,unknown,48,87,1541,2225,0.031148604802076575,0.03910112359550562,false
Hyde Park 70010,sfr_1_4,lender_reo,9,23,3384,5653,0.0026595744680851063,0.004068636122412878,false
Hanover 18060,sfr_1_4,corp,8,8,488,488,0.01639344262295082,0.01639344262295082,false
Palos 30042,condo_unit,llc,2,2,1210,1210,0.001652892561983471,0.001652892561983471,false
Rogers Park 75040,small_mf,unknown,5,31,35,232,0.14285714285714285,0.1336206896551724,false
Worth 39210,condo_unit,individual,1335,1335,1460,1460,0.9143835616438356,0.9143835616438356,false
Bremen 13020,sfr_1_4,corp,3,3,521,523,0.005758157389635317,0.0057361376673040155,false
Rogers Park 75033,condo_unit,unknown,61,61,1216,1216,0.05016447368421053,0.05016447368421053,false
Lyons 21101,sfr_1_4,trust,7,9,1001,1116,0.006993006993006993,0.008064516129032258,false
Schaumburg 35011,sfr_1_4,unknown,22,22,1341,1341,0.01640566741237882,0.01640566741237882,false
Northfield 25072,mixed_use_res,individual,2,8,2,8,,,true
New Trier 23170,condo_unit,individual,1,1,1,1,,,true
Riverside 34010,sfr_1_4,llc,6,6,1701,1758,0.003527336860670194,0.0034129692832764505,false
Evanston 17220,condo_unit,trust,8,8,607,607,0.013179571663920923,0.013179571663920923,false
Thornton 37102,condo_unit,llc,1,1,84,84,0.011904761904761904,0.011904761904761904,false
Lake View 73081,sfr_1_4,unknown,92,180,2100,3193,0.04380952380952381,0.05637331663012841,false
Proviso 31032,sfr_1_4,llc,21,24,1734,1936,0.012110726643598616,0.012396694214876033,false
Lyons 21162,condo_unit,individual,378,378,426,426,0.8873239436619719,0.8873239436619719,false
New Trier 23120,condo_unit,individual,333,333,359,359,0.9275766016713092,0.9275766016713092,false
Palos 30070,condo_unit,unknown,9,9,283,283,0.03180212014134275,0.03180212014134275,false
Worth 39130,small_mf,individual,22,122,30,169,0.7333333333333333,0.7218934911242604,false
Worth 39080,condo_unit,corp,5,5,1439,1439,0.0034746351633078527,0.0034746351633078527,false
West Chicago 77011,small_mf,individual,45,287,79,521,0.569620253164557,0.5508637236084453,false
Worth 39200,condo_unit,individual,15,15,15,15,1.0,1.0,false
Maine 22030,sfr_1_4,unknown,19,20,1154,1165,0.016464471403812825,0.017167381974248927,false
Lake View 73041,mixed_use_res,corp,2,8,85,302,0.023529411764705882,0.026490066225165563,false
Northfield 25260,sfr_1_4,unknown,16,16,911,911,0.01756311745334797,0.01756311745334797,false
Worth 39140,condo_unit,lender_reo,2,2,949,949,0.002107481559536354,0.002107481559536354,false
Lake View 73093,mixed_use_res,llc,22,84,81,299,0.2716049382716049,0.2809364548494983,false
Lyons 21062,condo_unit,individual,345,345,388,388,0.8891752577319587,0.8891752577319587,false
Rogers Park 75033,sfr_1_4,llc,5,13,143,211,0.03496503496503497,0.061611374407582936,false
Hanover 18011,condo_unit,unknown,49,49,408,408,0.12009803921568628,0.12009803921568628,false
Jefferson 71200,sfr_1_4,partnership,13,13,7151,8207,0.0018179275625786603,0.0015840136468868039,false
Northfield 25270,sfr_1_4,llc,8,8,312,312,0.02564102564102564,0.02564102564102564,false
Lyons 21132,condo_unit,trust,3,3,479,479,0.006263048016701462,0.006263048016701462,false
Bremen 13070,sfr_1_4,lender_reo,2,2,513,513,0.003898635477582846,0.003898635477582846,false
Evanston 17210,sfr_1_4,unknown,17,24,516,732,0.03294573643410853,0.03278688524590164,false
Lake 72110,condo_unit,corp,5,5,61,61,0.08196721311475409,0.08196721311475409,false
Cicero 15015,small_mf,unknown,3,21,22,148,0.13636363636363635,0.14189189189189189,false
Rich 32050,sfr_1_4,individual,295,295,319,319,0.9247648902821317,0.9247648902821317,false
Wheeling 38050,sfr_1_4,trust,29,29,1816,1816,0.015969162995594713,0.015969162995594713,false
West Chicago 77040,sfr_1_4,corp,6,13,1511,2586,0.003970880211780278,0.005027068832173241,false
Stickney 36021,small_mf,individual,2,12,2,12,1.0,1.0,false
Hanover 18050,condo_unit,individual,646,646,797,797,0.8105395232120451,0.8105395232120451,false
Northfield 25320,sfr_1_4,unknown,1,1,36,36,0.027777777777777776,0.027777777777777776,false
Cicero 15020,sfr_1_4,unknown,17,30,830,1549,0.020481927710843374,0.019367333763718526,false
Hanover 18014,sfr_1_4,unknown,84,84,622,622,0.13504823151125403,0.13504823151125403,false
Hyde Park 70010,mixed_use_res,individual,21,75,28,103,0.75,0.7281553398058253,false
Hanover 18080,condo_unit,llc,4,4,84,84,0.047619047619047616,0.047619047619047616,false
Rich 32310,sfr_1_4,corp,9,9,304,304,0.029605263157894735,0.029605263157894735,false
Wheeling 38013,sfr_1_4,partnership,2,2,1605,1633,0.0012461059190031153,0.001224739742804654,false
Northfield 25160,sfr_1_4,individual,1654,1668,1846,1862,0.8959913326110509,0.8958109559613319,false
West Chicago 77151,condo_unit,llc,7,7,178,178,0.03932584269662921,0.03932584269662921,false
Schaumburg 35116,sfr_1_4,unknown,14,14,422,422,0.03317535545023697,0.03317535545023697,false
Lyons 21084,small_mf,partnership,1,6,23,154,0.043478260869565216,0.03896103896103896,false
Hyde Park 70280,condo_unit,individual,15,15,18,18,0.8333333333333334,0.8333333333333334,false
Orland 28043,mixed_use_res,individual,1,5,1,5,,,true
Northfield 25132,condo_unit,unknown,10,10,397,397,0.02518891687657431,0.02518891687657431,false
Lake 72345,mixed_use_res,trust,1,4,1,4,,,true
Hanover 18011,condo_unit,individual,354,354,408,408,0.8676470588235294,0.8676470588235294,false
Hanover 18013,sfr_1_4,individual,1754,1754,2110,2110,0.8312796208530806,0.8312796208530806,false
Schaumburg 35012,small_mf,partnership,4,28,7,49,0.5714285714285714,0.5714285714285714,false
Jefferson 71074,condo_unit,trust,4,4,929,929,0.004305705059203444,0.004305705059203444,false
Lake View 73150,sfr_1_4,partnership,2,3,686,1259,0.0029154518950437317,0.0023828435266084196,false
Niles 24160,sfr_1_4,trust,1,1,57,57,0.017543859649122806,0.017543859649122806,false
Palatine 29013,sfr_1_4,individual,358,358,375,375,0.9546666666666667,0.9546666666666667,false
Rogers Park 75033,condo_unit,lender_reo,2,2,1216,1216,0.001644736842105263,0.001644736842105263,false
Lake View 73012,sfr_1_4,lender_reo,1,1,1472,2204,0.0006793478260869565,0.00045372050816696913,false
Hyde Park 70151,condo_unit,individual,8,8,8,8,,,true
Lake 72274,condo_unit,trust,3,3,138,138,0.021739130434782608,0.021739130434782608,false
North Chicago 74013,condo_unit,llc,167,167,1796,1796,0.09298440979955457,0.09298440979955457,false
Maine 22091,condo_unit,trust,13,13,1184,1184,0.01097972972972973,0.01097972972972973,false
Cicero 15015,mixed_use_res,llc,2,6,27,89,0.07407407407407407,0.06741573033707865,false
Lyons 21091,sfr_1_4,corp,13,20,2425,3323,0.0053608247422680414,0.006018657839301836,false
Bloom 12190,sfr_1_4,unknown,4,4,188,188,0.02127659574468085,0.02127659574468085,false
Lake 72130,sfr_1_4,unknown,139,244,2338,3779,0.05945252352437981,0.06456734585869278,false
Lyons 21022,sfr_1_4,lender_reo,1,1,1143,1174,0.0008748906386701663,0.0008517887563884157,false
Lake 72282,small_mf,individual,47,296,136,902,0.34558823529411764,0.328159645232816,false
Palatine 29043,sfr_1_4,trust,6,6,502,502,0.01195219123505976,0.01195219123505976,false
Jefferson 71082,mixed_use_res,lender_reo,1,4,185,629,0.005405405405405406,0.006359300476947536,false
Lyons 21091,sfr_1_4,llc,16,27,2425,3323,0.006597938144329897,0.008125188083057478,false
West Chicago 77020,small_mf,individual,70,439,131,834,0.5343511450381679,0.526378896882494,false
Worth 39210,condo_unit,corp,8,8,1460,1460,0.005479452054794521,0.005479452054794521,false
Worth 39210,mixed_use_res,individual,3,6,6,17,0.5,0.35294117647058826,false
Hyde Park 70101,small_mf,individual,10,53,17,99,0.5882352941176471,0.5353535353535354,false
Worth 39080,sfr_1_4,individual,4811,4945,5068,5245,0.9492896606156275,0.9428026692087702,false
Orland 28099,sfr_1_4,llc,4,4,327,327,0.012232415902140673,0.012232415902140673,false
Leyden 20030,sfr_1_4,partnership,1,1,3979,4123,0.00025131942699170643,0.00024254183846713557,false
Hyde Park 70083,condo_unit,corp,7,7,1493,1493,0.004688546550569324,0.004688546550569324,false
West Chicago 77170,sfr_1_4,corp,20,49,2431,3854,0.008227067050596462,0.012714063310845874,false
South Chicago 76041,sfr_1_4,llc,41,58,841,1191,0.04875148632580262,0.04869857262804366,false
Lake 72080,mixed_use_res,llc,7,21,149,546,0.04697986577181208,0.038461538461538464,false
Oak Park 27041,sfr_1_4,lender_reo,1,1,436,514,0.0022935779816513763,0.0019455252918287938,false
Bloom 12122,sfr_1_4,unknown,26,26,554,605,0.04693140794223827,0.04297520661157025,false
Palatine 29060,condo_unit,lender_reo,2,2,1607,1607,0.0012445550715619166,0.0012445550715619166,false
Proviso 31110,condo_unit,individual,69,69,80,80,0.8625,0.8625,false
Lyons 21101,condo_unit,lender_reo,1,1,349,349,0.0028653295128939827,0.0028653295128939827,false
Lemont 19032,sfr_1_4,individual,594,594,636,636,0.9339622641509434,0.9339622641509434,false
Palos 30061,sfr_1_4,corp,1,1,265,294,0.0037735849056603774,0.003401360544217687,false
Proviso 31031,small_mf,individual,4,25,8,50,0.5,0.5,false
Lake 72274,sfr_1_4,lender_reo,31,32,2284,2393,0.013572679509632224,0.013372335979941497,false
Barrington 10023,sfr_1_4,lender_reo,2,2,735,735,0.0027210884353741495,0.0027210884353741495,false
Niles 24031,condo_unit,individual,3136,3136,3568,3568,0.8789237668161435,0.8789237668161435,false
Maine 22040,mixed_use_res,llc,5,27,16,64,0.3125,0.421875,false
Rich 32060,sfr_1_4,trust,1,1,347,347,0.002881844380403458,0.002881844380403458,false
Lake 72120,mixed_use_res,corp,1,2,58,185,0.017241379310344827,0.010810810810810811,false
Palatine 29100,sfr_1_4,individual,2886,2902,3130,3146,0.9220447284345048,0.9224411951684679,false
Jefferson 71270,small_mf,llc,7,44,18,111,0.3888888888888889,0.3963963963963964,false
Proviso 31110,condo_unit,unknown,2,2,80,80,0.025,0.025,false
West Chicago 77030,sfr_1_4,partnership,2,6,4841,9021,0.0004131377814501136,0.0006651147322913202,false
Jefferson 71420,sfr_1_4,trust,21,21,931,956,0.022556390977443608,0.021966527196652718,false
Lyons 21162,condo_unit,corp,4,4,426,426,0.009389671361502348,0.009389671361502348,false
Hanover 18012,sfr_1_4,corp,2,2,2179,2179,0.0009178522257916476,0.0009178522257916476,false
Barrington 10031,sfr_1_4,individual,830,830,950,950,0.8736842105263158,0.8736842105263158,false
Proviso 31080,mixed_use_res,unknown,2,8,21,85,0.09523809523809523,0.09411764705882353,false
Rogers Park 75033,small_mf,partnership,1,7,92,627,0.010869565217391304,0.011164274322169059,false
Lake 72110,small_mf,llc,10,65,56,373,0.17857142857142858,0.1742627345844504,false
Bloom 12072,mixed_use_res,individual,1,4,1,4,,,true
Palos 30053,condo_unit,trust,1,1,204,204,0.004901960784313725,0.004901960784313725,false
Rich 32230,condo_unit,unknown,24,24,720,720,0.03333333333333333,0.03333333333333333,false
Proviso 31042,sfr_1_4,llc,20,30,1557,2343,0.012845215157353885,0.012804097311139564,false
Palatine 29080,small_mf,individual,1,7,1,7,,,true
Jefferson 71150,condo_unit,llc,4,4,695,695,0.0057553956834532375,0.0057553956834532375,false
Evanston 17043,condo_unit,llc,5,5,1033,1033,0.00484027105517909,0.00484027105517909,false
Bloom 12044,sfr_1_4,individual,460,460,491,494,0.9368635437881874,0.9311740890688259,false
Bremen 13250,sfr_1_4,unknown,35,35,853,853,0.041031652989449004,0.041031652989449004,false
Elk Grove 16085,condo_unit,llc,22,22,508,508,0.04330708661417323,0.04330708661417323,false
Rogers Park 75040,condo_unit,lender_reo,2,2,1670,1670,0.0011976047904191617,0.0011976047904191617,false
Bremen 13032,mixed_use_res,individual,1,2,3,8,,,true
Bremen 13080,small_mf,individual,7,42,24,152,0.2916666666666667,0.27631578947368424,false
Jefferson 71050,mixed_use_res,corp,1,6,22,74,0.045454545454545456,0.08108108108108109,false
Lake 72223,small_mf,individual,7,46,19,127,0.3684210526315789,0.36220472440944884,false
Lake View 73044,small_mf,llc,9,59,24,156,0.375,0.3782051282051282,false
Lyons 21102,small_mf,corp,3,19,120,739,0.025,0.02571041948579161,false
Thornton 37163,condo_unit,individual,642,642,678,678,0.9469026548672567,0.9469026548672567,false
Bloom 12151,sfr_1_4,lender_reo,2,2,263,264,0.0076045627376425855,0.007575757575757576,false
Lake 72212,small_mf,trust,1,5,124,821,0.008064516129032258,0.0060901339829476245,false
Elk Grove 16062,condo_unit,llc,1,1,162,162,0.006172839506172839,0.006172839506172839,false
Lemont 19100,sfr_1_4,corp,2,2,380,380,0.005263157894736842,0.005263157894736842,false
Orland 28045,condo_unit,unknown,7,7,186,186,0.03763440860215054,0.03763440860215054,false
New Trier 23141,condo_unit,unknown,1,1,55,55,0.01818181818181818,0.01818181818181818,false
Worth 39080,small_mf,trust,2,14,80,519,0.025,0.02697495183044316,false
Northfield 25240,sfr_1_4,unknown,1,1,27,27,0.037037037037037035,0.037037037037037035,false
Leyden 20030,sfr_1_4,trust,13,14,3979,4123,0.003267152550892184,0.003395585738539898,false
Jefferson 71371,condo_unit,lender_reo,4,4,562,562,0.0071174377224199285,0.0071174377224199285,false
Lake 72080,small_mf,unknown,4,26,69,410,0.057971014492753624,0.06341463414634146,false
Hyde Park 70111,sfr_1_4,trust,35,37,4833,5311,0.007241878750258638,0.006966672942948597,false
West Chicago 77080,sfr_1_4,individual,1445,2304,1561,2502,0.9256886611146701,0.920863309352518,false
West Chicago 77103,condo_unit,trust,4,4,492,492,0.008130081300813009,0.008130081300813009,false
Lyons 21132,sfr_1_4,unknown,13,13,315,315,0.04126984126984127,0.04126984126984127,false
Proviso 31160,sfr_1_4,llc,17,21,2206,2376,0.0077062556663644605,0.008838383838383838,false
Lake 72193,condo_unit,unknown,2,2,114,114,0.017543859649122806,0.017543859649122806,false
Cicero 15072,small_mf,llc,1,6,7,47,0.14285714285714285,0.1276595744680851,false
Oak Park 27100,mixed_use_res,corp,1,2,14,44,0.07142857142857142,0.045454545454545456,false
Lyons 21061,sfr_1_4,unknown,15,15,384,384,0.0390625,0.0390625,false
West Chicago 77092,small_mf,llc,3,20,6,40,0.5,0.5,false
Rogers Park 75032,condo_unit,lender_reo,3,3,900,900,0.0033333333333333335,0.0033333333333333335,false
Wheeling 38027,sfr_1_4,trust,3,4,493,544,0.006085192697768763,0.007352941176470588,false
Jefferson 71361,condo_unit,individual,26,26,29,29,0.896551724137931,0.896551724137931,false
Norwood Park 26010,mixed_use_res,lender_reo,5,10,22,62,0.22727272727272727,0.16129032258064516,false
Jefferson 71520,mixed_use_res,llc,5,17,62,200,0.08064516129032258,0.085,false
Worth 39040,small_mf,corp,3,20,60,374,0.05,0.053475935828877004,false
Wheeling 38013,small_mf,individual,36,217,65,410,0.5538461538461539,0.5292682926829269,false
West Chicago 77152,condo_unit,unknown,12,12,442,442,0.027149321266968326,0.027149321266968326,false
Lyons 21031,condo_unit,lender_reo,1,1,155,155,0.0064516129032258064,0.0064516129032258064,false
Hyde Park 70020,mixed_use_res,unknown,1,4,5,19,0.2,0.21052631578947367,false
Hanover 18080,sfr_1_4,unknown,22,24,144,147,0.1527777777777778,0.16326530612244897,false
Niles 24081,mixed_use_res,unknown,3,6,23,62,0.13043478260869565,0.0967741935483871,false
Lake View 73022,sfr_1_4,llc,4,7,336,427,0.011904761904761904,0.01639344262295082,false
Lake 72321,sfr_1_4,lender_reo,16,16,3769,3913,0.0042451578668081715,0.004088934321492461,false
Jefferson 71410,sfr_1_4,individual,3140,3758,3317,3986,0.9466385287910762,0.9427997992975414,false
Lake 72300,small_mf,unknown,6,39,22,146,0.2727272727272727,0.2671232876712329,false
Lake 72274,small_mf,corp,2,14,64,437,0.03125,0.032036613272311214,false
Maine 22130,small_mf,individual,70,420,81,486,0.8641975308641975,0.8641975308641975,false
Bremen 13151,sfr_1_4,lender_reo,2,2,580,580,0.0034482758620689655,0.0034482758620689655,false
Barrington 10040,sfr_1_4,lender_reo,1,1,737,737,0.0013568521031207597,0.0013568521031207597,false
Cicero 15080,mixed_use_res,individual,19,60,26,87,0.7307692307692307,0.6896551724137931,false
Orland 28043,sfr_1_4,corp,2,2,2179,2180,0.0009178522257916476,0.0009174311926605505,false
Thornton 37130,small_mf,unknown,2,14,6,42,0.3333333333333333,0.3333333333333333,false
Thornton 37052,mixed_use_res,individual,1,2,1,2,,,true
North Chicago 74022,coop_building,trust,1,1,32,32,0.03125,0.03125,false
Hanover 18035,sfr_1_4,individual,765,765,904,904,0.8462389380530974,0.8462389380530974,false
Palatine 29042,condo_unit,llc,1,1,63,63,0.015873015873015872,0.015873015873015872,false
Rogers Park 75031,coop_building,coop_corp,2,2,2,2,,,true
Jefferson 71171,condo_unit,llc,19,19,125,125,0.152,0.152,false
South Chicago 76050,sfr_1_4,trust,10,12,3383,5140,0.0029559562518474726,0.0023346303501945525,false
Northfield 25023,condo_unit,individual,6,6,8,8,,,true
New Trier 23041,sfr_1_4,trust,13,13,797,797,0.01631116687578419,0.01631116687578419,false
Rich 32350,sfr_1_4,corp,1,1,95,95,0.010526315789473684,0.010526315789473684,false
Rich 32181,condo_unit,corp,2,2,100,100,0.02,0.02,false
New Trier 23093,condo_unit,individual,262,262,289,289,0.9065743944636678,0.9065743944636678,false
Jefferson 71041,small_mf,unknown,16,108,160,1074,0.1,0.1005586592178771,false
Lemont 19010,condo_unit,corp,1,1,156,156,0.00641025641025641,0.00641025641025641,false
Hyde Park 70070,condo_unit,trust,6,6,1432,1432,0.004189944134078212,0.004189944134078212,false
West Chicago 77103,small_mf,individual,22,143,39,250,0.5641025641025641,0.572,false
Oak Park 27020,condo_unit,unknown,20,20,842,842,0.023752969121140142,0.023752969121140142,false
Rich 32350,condo_unit,trust,1,1,96,96,0.010416666666666666,0.010416666666666666,false
Schaumburg 35060,sfr_1_4,individual,221,221,229,229,0.9650655021834061,0.9650655021834061,false
Northfield 25270,sfr_1_4,corp,2,2,312,312,0.00641025641025641,0.00641025641025641,false
Jefferson 71371,sfr_1_4,llc,21,30,6044,6548,0.003474520185307743,0.004581551618814905,false
Proviso 31050,condo_unit,individual,157,157,180,180,0.8722222222222222,0.8722222222222222,false
Lyons 21084,small_mf,unknown,2,14,23,154,0.08695652173913043,0.09090909090909091,false
Bremen 13070,sfr_1_4,partnership,1,1,513,513,0.001949317738791423,0.001949317738791423,false
New Trier 23120,sfr_1_4,unknown,41,41,1972,1973,0.02079107505070994,0.020780537252914344,false
Lyons 21071,condo_unit,unknown,10,10,257,257,0.038910505836575876,0.038910505836575876,false
Hyde Park 70210,mixed_use_res,trust,1,4,113,386,0.008849557522123894,0.010362694300518135,false
Schaumburg 35116,condo_unit,individual,138,138,144,144,0.9583333333333334,0.9583333333333334,false
Bremen 13310,condo_unit,individual,783,783,845,845,0.9266272189349113,0.9266272189349113,false
Lake 72130,sfr_1_4,individual,2002,3192,2338,3779,0.8562874251497006,0.8446679015612596,false
Palos 30011,sfr_1_4,lender_reo,1,1,867,867,0.0011534025374855825,0.0011534025374855825,false
Bremen 13171,sfr_1_4,individual,486,498,505,521,0.9623762376237623,0.9558541266794626,false
Lake View 73011,condo_unit,llc,84,84,2155,2155,0.03897911832946636,0.03897911832946636,false
Lake 72040,small_mf,llc,4,28,41,263,0.0975609756097561,0.10646387832699619,false
Jefferson 71180,condo_unit,unknown,28,28,848,848,0.0330188679245283,0.0330188679245283,false
Lake 72040,condo_unit,unknown,4,4,36,36,0.1111111111111111,0.1111111111111111,false
Lake 72350,sfr_1_4,lender_reo,7,8,2710,2927,0.0025830258302583027,0.0027331738981892723,false
West Chicago 77150,small_mf,corp,4,28,139,919,0.02877697841726619,0.030467899891186073,false
Rogers Park 75033,sfr_1_4,individual,132,184,143,211,0.9230769230769231,0.8720379146919431,false
North Chicago 74022,small_mf,unknown,26,175,151,1032,0.17218543046357615,0.1695736434108527,false
West Chicago 77040,sfr_1_4,lender_reo,4,7,1511,2586,0.0026472534745201853,0.0027068832173240526,false
Lyons 21071,sfr_1_4,corp,2,2,2002,2002,0.000999000999000999,0.000999000999000999,false
Maine 22080,mixed_use_res,individual,10,35,12,41,0.8333333333333334,0.8536585365853658,false
Maine 22143,condo_unit,unknown,3,3,277,277,0.010830324909747292,0.010830324909747292,false
Jefferson 71200,small_mf,llc,51,341,168,1099,0.30357142857142855,0.31028207461328483,false
Lake View 73084,other_res,individual,2,2,2,2,,,true
Lake 72091,condo_unit,corp,1,1,3,3,,,true
Lake View 73012,sfr_1_4,llc,34,64,1472,2204,0.02309782608695652,0.029038112522686024,false
Lake 72091,sfr_1_4,individual,2760,4650,3153,5390,0.8753568030447193,0.862708719851577,false
Lake 72221,mixed_use_res,unknown,6,16,54,188,0.1111111111111111,0.0851063829787234,false
Lake 72171,sfr_1_4,unknown,84,129,1756,2558,0.04783599088838269,0.05043002345582486,false
Orland 28043,condo_unit,llc,1,1,850,850,0.001176470588235294,0.001176470588235294,false
South Chicago 76011,other_res,corp,2,2,3,3,,,true
Worth 39131,condo_unit,individual,153,153,166,166,0.9216867469879518,0.9216867469879518,false
Hyde Park 70230,sfr_1_4,partnership,1,1,1119,1417,0.0008936550491510277,0.0007057163020465773,false
New Trier 23041,sfr_1_4,llc,3,3,797,797,0.0037641154328732747,0.0037641154328732747,false
Lake 72193,condo_unit,individual,112,112,114,114,0.9824561403508771,0.9824561403508771,false
Rich 32150,small_mf,llc,5,33,37,240,0.13513513513513514,0.1375,false
South Chicago 76012,sfr_1_4,trust,5,5,146,146,0.03424657534246575,0.03424657534246575,false
Wheeling 38011,sfr_1_4,trust,9,9,764,764,0.011780104712041885,0.011780104712041885,false
Lyons 21082,mixed_use_res,individual,8,33,9,35,0.8888888888888888,0.9428571428571428,false
Worth 39200,sfr_1_4,individual,665,665,698,698,0.9527220630372493,0.9527220630372493,false
Evanston 17060,small_mf,llc,4,27,23,149,0.17391304347826086,0.18120805369127516,false
Lake 72300,sfr_1_4,trust,18,18,1318,1366,0.013657056145675266,0.013177159590043924,false
Rich 32160,sfr_1_4,trust,1,1,553,553,0.0018083182640144665,0.0018083182640144665,false
Lake View 73070,mixed_use_res,llc,19,73,90,330,0.2111111111111111,0.22121212121212122,false
Palos 30071,sfr_1_4,unknown,15,15,447,447,0.03355704697986577,0.03355704697986577,false
Thornton 37051,sfr_1_4,individual,1129,1407,1219,1551,0.92616899097621,0.90715667311412,false
Thornton 37102,sfr_1_4,llc,40,40,932,934,0.04291845493562232,0.042826552462526764,false
Bloom 12142,sfr_1_4,individual,1502,1563,1617,1698,0.9288806431663574,0.9204946996466431,false
Lyons 21071,mixed_use_res,llc,1,2,1,2,,,true
Thornton 37185,sfr_1_4,llc,9,12,521,545,0.01727447216890595,0.022018348623853212,false
Northfield 25021,condo_unit,unknown,2,2,100,100,0.02,0.02,false
Leyden 20011,sfr_1_4,lender_reo,6,6,480,506,0.0125,0.011857707509881422,false
Bloom 12151,sfr_1_4,individual,251,252,263,264,0.9543726235741445,0.9545454545454546,false
Proviso 31050,sfr_1_4,lender_reo,1,1,927,938,0.0010787486515641855,0.0010660980810234541,false
Northfield 25090,condo_unit,llc,1,1,103,103,0.009708737864077669,0.009708737864077669,false
Lyons 21052,condo_unit,llc,29,29,341,341,0.08504398826979472,0.08504398826979472,false
Maine 22091,condo_unit,llc,24,24,1184,1184,0.02027027027027027,0.02027027027027027,false
Lake 72251,small_mf,unknown,13,90,52,348,0.25,0.25862068965517243,false
Rich 32170,sfr_1_4,unknown,21,21,403,403,0.052109181141439205,0.052109181141439205,false
Rich 32180,sfr_1_4,corp,1,1,351,351,0.002849002849002849,0.002849002849002849,false
Jefferson 71362,condo_unit,individual,638,638,739,739,0.8633288227334236,0.8633288227334236,false
Bloom 12141,mixed_use_res,individual,8,23,9,27,0.8888888888888888,0.8518518518518519,false
Hyde Park 70260,sfr_1_4,trust,2,4,474,488,0.004219409282700422,0.00819672131147541,false
Worth 39270,sfr_1_4,individual,332,332,372,372,0.8924731182795699,0.8924731182795699,false
Evanston 17013,sfr_1_4,trust,18,18,1239,1286,0.014527845036319613,0.013996889580093312,false
South Chicago 76060,sfr_1_4,individual,4574,6620,4850,7048,0.9430927835051547,0.9392735527809307,false
Worth 39080,sfr_1_4,corp,21,24,5068,5245,0.004143646408839779,0.00457578646329838,false
North Chicago 74022,condo_unit,partnership,9,9,17093,17093,0.0005265313286140525,0.0005265313286140525,false
Riverside 34050,sfr_1_4,individual,649,650,684,688,0.9488304093567251,0.9447674418604651,false
Proviso 31210,sfr_1_4,llc,2,2,753,770,0.0026560424966799467,0.0025974025974025974,false
Palos 30100,sfr_1_4,lender_reo,1,1,39,39,0.02564102564102564,0.02564102564102564,false
New Trier 23042,condo_unit,corp,1,1,73,73,0.0136986301369863,0.0136986301369863,false
Northfield 25160,condo_unit,partnership,5,5,1050,1050,0.004761904761904762,0.004761904761904762,false
Jefferson 71260,mixed_use_res,individual,108,354,133,439,0.8120300751879699,0.806378132118451,false
Lake View 73060,small_mf,unknown,23,156,120,820,0.19166666666666668,0.1902439024390244,false
Elk Grove 16012,condo_unit,individual,475,475,510,510,0.9313725490196079,0.9313725490196079,false
South Chicago 76030,condo_unit,trust,8,8,1380,1380,0.005797101449275362,0.005797101449275362,false
Lake View 73092,other_res,llc,1,1,2,2,,,true
Lake 72274,small_mf,llc,14,95,64,437,0.21875,0.21739130434782608,false
Lake View 73032,condo_unit,unknown,62,62,2569,2569,0.02413390424289607,0.02413390424289607,false
Bloom 12151,sfr_1_4,trust,1,1,263,264,0.0038022813688212928,0.003787878787878788,false
Bloom 12150,sfr_1_4,individual,352,354,366,368,0.9617486338797814,0.9619565217391305,false
Evanston 17041,condo_unit,llc,23,23,1031,1031,0.02230843840931135,0.02230843840931135,false
Elk Grove 16100,condo_unit,trust,12,12,894,894,0.013422818791946308,0.013422818791946308,false
Lake 72274,sfr_1_4,partnership,14,14,2284,2393,0.006129597197898424,0.0058503969912244045,false
Hyde Park 70220,small_mf,unknown,16,100,111,714,0.14414414414414414,0.1400560224089636,false
Evanston 17220,small_mf,unknown,14,95,85,568,0.16470588235294117,0.16725352112676056,false
Oak Park 27090,mixed_use_res,llc,1,4,15,50,0.06666666666666667,0.08,false
New Trier 23120,sfr_1_4,partnership,2,2,1972,1973,0.0010141987829614604,0.0010136847440446021,false
Lake 72330,small_mf,individual,5,32,17,114,0.29411764705882354,0.2807017543859649,false
Thornton 37033,condo_unit,llc,1,1,77,77,0.012987012987012988,0.012987012987012988,false
Lake 72070,small_mf,unknown,28,191,173,1188,0.16184971098265896,0.16077441077441076,false
Lake 72310,sfr_1_4,lender_reo,5,5,1535,1569,0.003257328990228013,0.0031867431485022306,false
Elk Grove 16061,sfr_1_4,individual,1825,1825,1897,1897,0.9620453347390617,0.9620453347390617,false
Lake 72030,sfr_1_4,individual,13392,15295,13815,15814,0.9693811074918567,0.9671809788794739,false
Calumet 14020,sfr_1_4,corp,3,3,1412,1838,0.002124645892351275,0.001632208922742111,false
Rich 32255,sfr_1_4,unknown,14,14,394,396,0.03553299492385787,0.03535353535353535,false
Jefferson 71420,sfr_1_4,individual,874,898,931,956,0.9387755102040817,0.9393305439330544,false
Lake View 73032,small_mf,llc,90,610,306,2045,0.29411764705882354,0.2982885085574572,false
Jefferson 71150,sfr_1_4,llc,70,117,9873,11614,0.007090043553124683,0.010074048562080247,false
Worth 39080,small_mf,individual,50,323,80,519,0.625,0.6223506743737958,false
Bremen 13250,condo_unit,individual,102,102,112,112,0.9107142857142857,0.9107142857142857,false
Wheeling 38051,sfr_1_4,llc,1,1,1105,1105,0.0009049773755656109,0.0009049773755656109,false
Jefferson 71210,sfr_1_4,unknown,79,131,2548,3981,0.031004709576138146,0.032906304948505403,false
Bremen 13080,mixed_use_res,individual,10,34,11,38,0.9090909090909091,0.8947368421052632,false
Bremen 13314,sfr_1_4,individual,1355,1364,1466,1485,0.9242837653478854,0.9185185185185185,false
Berwyn 11040,small_mf,unknown,2,13,62,395,0.03225806451612903,0.03291139240506329,false
Thornton 37022,sfr_1_4,individual,583,625,637,694,0.9152276295133438,0.9005763688760807,false
New Trier 23100,small_mf,llc,10,70,10,70,1.0,1.0,false
Worth 39290,sfr_1_4,individual,278,278,285,285,0.9754385964912281,0.9754385964912281,false
South Chicago 76010,small_mf,corp,9,63,109,763,0.08256880733944955,0.08256880733944955,false
Jefferson 71074,small_mf,individual,32,208,76,512,0.42105263157894735,0.40625,false
Northfield 25132,sfr_1_4,unknown,44,44,2192,2202,0.020072992700729927,0.019981834695731154,false
Jefferson 71010,sfr_1_4,corp,16,26,3110,3983,0.005144694533762058,0.006527742907356264,false
West Chicago 77120,mixed_use_res,individual,263,892,381,1322,0.6902887139107612,0.6747352496217852,false
Northfield 25250,sfr_1_4,unknown,3,3,140,140,0.02142857142857143,0.02142857142857143,false
Northfield 25430,condo_unit,trust,4,4,347,347,0.011527377521613832,0.011527377521613832,false
Niles 24052,sfr_1_4,unknown,10,10,641,688,0.015600624024960999,0.014534883720930232,false
Proviso 31032,sfr_1_4,trust,8,17,1734,1936,0.00461361014994233,0.00878099173553719,false
Hyde Park 70210,mixed_use_res,corp,3,6,113,386,0.02654867256637168,0.015544041450777202,false
Wheeling 38022,sfr_1_4,unknown,40,40,1190,1190,0.03361344537815126,0.03361344537815126,false
Wheeling 38041,sfr_1_4,trust,3,3,201,201,0.014925373134328358,0.014925373134328358,false
Jefferson 71082,mixed_use_res,trust,2,5,185,629,0.010810810810810811,0.00794912559618442,false
Lyons 21032,small_mf,corp,1,7,26,177,0.038461538461538464,0.03954802259887006,false
West Chicago 77115,mixed_use_res,unknown,27,101,464,1719,0.05818965517241379,0.058755090168702735,false
Lyons 21162,condo_unit,unknown,8,8,426,426,0.018779342723004695,0.018779342723004695,false
Lyons 21101,sfr_1_4,llc,17,17,1001,1116,0.016983016983016984,0.015232974910394265,false
Jefferson 71371,condo_unit,llc,1,1,562,562,0.0017793594306049821,0.0017793594306049821,false
North Chicago 74011,mixed_use_res,llc,11,31,39,131,0.28205128205128205,0.2366412213740458,false
Thornton 37163,sfr_1_4,trust,2,8,170,256,0.011764705882352941,0.03125,false
Maine 22031,small_mf,llc,1,7,5,35,0.2,0.2,false
Lake View 73062,condo_unit,lender_reo,2,2,7810,7810,0.00025608194622279127,0.00025608194622279127,false
Palatine 29100,sfr_1_4,estate,1,1,3130,3146,0.0003194888178913738,0.0003178639542275906,false
Jefferson 71082,small_mf,partnership,7,49,251,1670,0.027888446215139442,0.029341317365269463,false
Hyde Park 70010,condo_unit,individual,3129,3129,4032,4032,0.7760416666666666,0.7760416666666666,false
Evanston 17020,condo_unit,llc,1,1,63,63,0.015873015873015872,0.015873015873015872,false
Evanston 17130,condo_unit,individual,7,7,7,7,,,true
Lake View 73011,mixed_use_res,unknown,3,14,24,80,0.125,0.175,false
Lake 72260,sfr_1_4,unknown,41,50,1051,1282,0.0390104662226451,0.0390015600624025,false
Hanover 18030,sfr_1_4,corp,1,1,428,428,0.002336448598130841,0.002336448598130841,false
Thornton 37033,condo_unit,unknown,5,5,77,77,0.06493506493506493,0.06493506493506493,false
Evanston 17120,condo_unit,trust,4,4,253,253,0.015810276679841896,0.015810276679841896,false
South Chicago 76010,condo_unit,corp,123,123,12497,12497,0.009842362166920061,0.009842362166920061,false
Jefferson 71371,small_mf,individual,57,346,77,476,0.7402597402597403,0.726890756302521,false
Bloom 12033,sfr_1_4,lender_reo,5,5,666,670,0.0075075075075075074,0.007462686567164179,false
Jefferson 71250,sfr_1_4,trust,12,15,1603,2099,0.007485963817841547,0.007146260123868509,false
Rogers Park 75031,small_mf,unknown,58,397,379,2595,0.15303430079155672,0.15298651252408477,false
Lake 72071,small_mf,corp,4,27,101,684,0.039603960396039604,0.039473684210526314,false
Lake View 73120,mixed_use_res,corp,3,10,55,197,0.05454545454545454,0.050761421319796954,false
Jefferson 71120,condo_unit,corp,4,4,251,251,0.01593625498007968,0.01593625498007968,false
Lake 72423,sfr_1_4,trust,72,72,5521,5662,0.013041115739902192,0.012716354645001766,false
Oak Park 27020,mixed_use_res,llc,7,32,19,74,0.3684210526315789,0.43243243243243246,false
Hanover 18019,sfr_1_4,individual,1040,1040,1226,1226,0.8482871125611745,0.8482871125611745,false
Northfield 25131,small_mf,unknown,1,6,14,86,0.07142857142857142,0.06976744186046512,false
Elk Grove 16030,sfr_1_4,unknown,32,32,1600,1607,0.02,0.019912881144990666,false
Proviso 31060,sfr_1_4,individual,2607,3291,2822,3594,0.9238128986534373,0.9156928213689483,false
Leyden 20081,condo_unit,corp,11,11,622,622,0.017684887459807074,0.017684887459807074,false
Rich 32150,condo_unit,individual,15,15,23,23,0.6521739130434783,0.6521739130434783,false
North Chicago 74013,mixed_use_res,individual,6,20,15,51,0.4,0.39215686274509803,false
Lyons 21082,small_mf,unknown,5,35,33,222,0.15151515151515152,0.15765765765765766,false
Bremen 13020,sfr_1_4,trust,1,1,521,523,0.0019193857965451055,0.0019120458891013384,false
South Chicago 76030,sfr_1_4,partnership,1,2,4648,7521,0.0002151462994836489,0.00026592208482914504,false
West Chicago 77131,condo_unit,individual,9395,9395,10908,10908,0.8612944627796113,0.8612944627796113,false
Leyden 20010,small_mf,trust,2,12,44,263,0.045454545454545456,0.045627376425855515,false
Hyde Park 70101,sfr_1_4,llc,10,22,771,1237,0.01297016861219196,0.01778496362166532,false
Palos 30040,sfr_1_4,corp,1,1,409,412,0.0024449877750611247,0.0024271844660194173,false
Bremen 13310,mixed_use_res,individual,1,4,1,4,,,true
Proviso 31031,mixed_use_res,llc,1,2,3,6,,,true
Oak Park 27070,sfr_1_4,llc,2,2,534,589,0.003745318352059925,0.003395585738539898,false
Jefferson 71074,condo_unit,lender_reo,1,1,929,929,0.001076426264800861,0.001076426264800861,false
Berwyn 11020,condo_unit,llc,8,8,173,173,0.046242774566473986,0.046242774566473986,false
Cicero 15085,mixed_use_res,individual,2,6,2,6,,,true
Stickney 36050,condo_unit,corp,10,10,277,277,0.036101083032490974,0.036101083032490974,false
Maine 22091,small_mf,individual,19,116,22,135,0.8636363636363636,0.8592592592592593,false
Jefferson 71410,condo_unit,unknown,35,35,680,680,0.051470588235294115,0.051470588235294115,false
Maine 22150,sfr_1_4,llc,20,22,3078,3116,0.00649772579597141,0.007060333761232349,false
Maine 22130,sfr_1_4,lender_reo,1,1,939,945,0.0010649627263045794,0.0010582010582010583,false
Lake View 73110,small_mf,individual,5,33,21,141,0.23809523809523808,0.23404255319148937,false
Lake 72200,small_mf,llc,6,39,38,257,0.15789473684210525,0.1517509727626459,false
West Chicago 77011,small_mf,unknown,12,83,79,521,0.1518987341772152,0.15930902111324377,false
Hyde Park 70030,small_mf,individual,162,1050,346,2277,0.4682080924855491,0.461133069828722,false
Rich 32220,sfr_1_4,individual,559,559,619,619,0.9030694668820679,0.9030694668820679,false
New Trier 23022,mixed_use_res,unknown,1,6,13,51,0.07692307692307693,0.11764705882352941,false
Schaumburg 35117,small_mf,unknown,1,7,1,7,,,true
Lake 72193,sfr_1_4,unknown,28,31,1549,1634,0.018076178179470628,0.018971848225214197,false
Rich 32275,sfr_1_4,trust,1,1,91,91,0.01098901098901099,0.01098901098901099,false
Bloom 12042,sfr_1_4,lender_reo,3,3,685,690,0.004379562043795621,0.004347826086956522,false
Oak Park 27030,small_mf,corp,3,21,35,241,0.08571428571428572,0.08713692946058091,false
Evanston 17090,mixed_use_res,corp,1,4,5,17,0.2,0.23529411764705882,false
Lyons 21065,sfr_1_4,lender_reo,3,3,389,389,0.007712082262210797,0.007712082262210797,false
Elk Grove 16100,sfr_1_4,trust,48,48,3568,3652,0.013452914798206279,0.013143483023001095,false
Niles 24031,mixed_use_res,corp,1,2,64,160,0.015625,0.0125,false
Jefferson 71060,mixed_use_res,individual,11,35,11,35,1.0,1.0,false
North Chicago 74011,mixed_use_res,individual,17,59,39,131,0.4358974358974359,0.45038167938931295,false
Berwyn 11030,small_mf,llc,7,47,20,133,0.35,0.3533834586466165,false
Palos 30022,condo_unit,corp,7,7,453,453,0.01545253863134658,0.01545253863134658,false
Worth 39151,sfr_1_4,individual,2501,2576,2604,2690,0.9604454685099847,0.9576208178438662,false
Worth 39250,condo_unit,corp,3,3,234,234,0.01282051282051282,0.01282051282051282,false
Orland 28047,condo_unit,individual,187,187,192,192,0.9739583333333334,0.9739583333333334,false
Lyons 21071,sfr_1_4,unknown,47,47,2002,2002,0.023476523476523476,0.023476523476523476,false
Palos 30092,sfr_1_4,individual,246,246,265,265,0.9283018867924528,0.9283018867924528,false
North Chicago 74013,sfr_1_4,llc,10,19,156,169,0.0641025641025641,0.11242603550295859,false
Leyden 20080,sfr_1_4,individual,4627,5624,4871,5958,0.949907616505851,0.9439409197717354,false
Jefferson 71180,mixed_use_res,corp,6,18,251,863,0.02390438247011952,0.02085747392815759,false
Lake 72120,small_mf,llc,19,126,53,351,0.3584905660377358,0.358974358974359,false
Worth 39020,sfr_1_4,corp,5,5,652,652,0.007668711656441718,0.007668711656441718,false
Thornton 37150,sfr_1_4,partnership,11,11,2164,2165,0.005083179297597043,0.005080831408775982,false
Calumet 14020,condo_unit,llc,5,5,168,168,0.02976190476190476,0.02976190476190476,false
Wheeling 38052,small_mf,corp,2,13,18,103,0.1111111111111111,0.1262135922330097,false
Maine 22111,condo_unit,trust,17,17,533,533,0.03189493433395872,0.03189493433395872,false
Evanston 17090,condo_unit,corp,3,3,999,999,0.003003003003003003,0.003003003003003003,false
Bloom 12084,small_mf,corp,4,28,10,65,0.4,0.4307692307692308,false
Jefferson 71520,small_mf,llc,7,46,28,186,0.25,0.24731182795698925,false
North Chicago 74013,small_mf,corp,5,33,80,553,0.0625,0.059674502712477394,false
Wheeling 38041,condo_unit,unknown,10,10,424,424,0.02358490566037736,0.02358490566037736,false
Evanston 17043,mixed_use_res,llc,2,7,6,22,0.3333333333333333,0.3181818181818182,false
West Chicago 77115,condo_unit,unknown,4,4,32,32,0.125,0.125,false
Thornton 37010,sfr_1_4,unknown,62,62,1161,1206,0.053402239448751075,0.05140961857379768,false
Northfield 25100,condo_unit,llc,1,1,197,197,0.005076142131979695,0.005076142131979695,false
West Chicago 77103,mixed_use_res,unknown,1,3,38,141,0.02631578947368421,0.02127659574468085,false
West Chicago 77131,small_mf,trust,1,7,287,1990,0.003484320557491289,0.0035175879396984926,false
Lake 72151,sfr_1_4,individual,720,827,756,876,0.9523809523809523,0.9440639269406392,false
Jefferson 71042,sfr_1_4,trust,19,25,1333,2037,0.014253563390847712,0.012272950417280314,false
West Chicago 77051,mixed_use_res,unknown,10,36,106,375,0.09433962264150944,0.096,false
Hyde Park 70120,condo_unit,corp,13,13,222,222,0.05855855855855856,0.05855855855855856,false
Rich 32043,condo_unit,llc,2,2,90,90,0.022222222222222223,0.022222222222222223,false
Niles 24081,small_mf,llc,3,21,33,220,0.09090909090909091,0.09545454545454546,false
Hyde Park 70030,sfr_1_4,lender_reo,20,34,4700,7901,0.00425531914893617,0.004303252752816099,false
West Chicago 77120,coop_building,coop_corp,6,6,6,6,,,true
Calumet 14030,condo_unit,trust,1,1,30,30,0.03333333333333333,0.03333333333333333,false
Jefferson 71042,small_mf,unknown,25,167,156,1050,0.16025641025641027,0.15904761904761905,false
Niles 24140,sfr_1_4,unknown,2,2,83,83,0.024096385542168676,0.024096385542168676,false
Lake 72330,mixed_use_res,corp,3,12,59,218,0.05084745762711865,0.05504587155963303,false
Maine 22100,sfr_1_4,individual,315,315,333,333,0.9459459459459459,0.9459459459459459,false
Thornton 37051,small_mf,corp,5,30,84,514,0.05952380952380952,0.058365758754863814,false
Jefferson 71362,small_mf,individual,27,174,58,379,0.46551724137931033,0.45910290237467016,false
Niles 24081,sfr_1_4,llc,47,57,9576,9901,0.004908103592314118,0.005756994243005757,false
Jefferson 71101,condo_unit,unknown,12,12,291,291,0.041237113402061855,0.041237113402061855,false
Proviso 31104,sfr_1_4,corp,5,5,2254,2305,0.0022182786157941437,0.0021691973969631237,false
Elk Grove 16012,condo_unit,lender_reo,1,1,510,510,0.00196078431372549,0.00196078431372549,false
West Chicago 77151,condo_unit,corp,2,2,178,178,0.011235955056179775,0.011235955056179775,false
Northfield 25021,condo_unit,individual,92,92,100,100,0.92,0.92,false
West Chicago 77091,condo_unit,individual,108,108,135,135,0.8,0.8,false
Lake 72422,sfr_1_4,trust,41,41,3014,3024,0.013603185136031851,0.013558201058201057,false
Berwyn 11040,sfr_1_4,trust,9,9,1510,1663,0.005960264900662252,0.005411906193625977,false
Bremen 13320,sfr_1_4,individual,687,687,805,805,0.853416149068323,0.853416149068323,false
Jefferson 71030,condo_unit,individual,66,66,71,71,0.9295774647887324,0.9295774647887324,false
Thornton 37180,condo_unit,individual,18,18,20,20,0.9,0.9,false
Proviso 31031,sfr_1_4,lender_reo,7,7,1251,1292,0.005595523581135092,0.005417956656346749,false
Schaumburg 35012,small_mf,llc,1,7,7,49,0.14285714285714285,0.14285714285714285,false
Lyons 21165,sfr_1_4,unknown,22,22,473,473,0.046511627906976744,0.046511627906976744,false
Niles 24013,small_mf,individual,17,107,22,139,0.7727272727272727,0.7697841726618705,false
Lyons 21052,condo_unit,corp,3,3,341,341,0.008797653958944282,0.008797653958944282,false
Lake 72221,mixed_use_res,lender_reo,1,4,54,188,0.018518518518518517,0.02127659574468085,false
Worth 39131,small_mf,llc,6,37,41,262,0.14634146341463414,0.14122137404580154,false
Lake 72323,sfr_1_4,trust,6,7,971,988,0.006179196704428424,0.00708502024291498,false
River Forest 33030,condo_unit,corp,1,1,214,214,0.004672897196261682,0.004672897196261682,false
Jefferson 71010,small_mf,llc,8,51,41,255,0.1951219512195122,0.2,false
Lake View 73031,small_mf,partnership,5,35,473,3176,0.010570824524312896,0.01102015113350126,false
Worth 39080,mixed_use_res,corp,8,27,41,105,0.1951219512195122,0.2571428571428571,false
Jefferson 71120,condo_unit,individual,199,199,251,251,0.7928286852589641,0.7928286852589641,false
Cicero 15030,mixed_use_res,lender_reo,2,12,112,361,0.017857142857142856,0.0332409972299169,false
Northfield 25011,small_mf,individual,48,288,77,462,0.6233766233766234,0.6233766233766234,false
Oak Park 27080,sfr_1_4,trust,12,21,934,1087,0.01284796573875803,0.019319227230910764,false
Stickney 36050,sfr_1_4,lender_reo,14,15,4260,4468,0.0032863849765258214,0.0033572068039391225,false
Thornton 37102,condo_unit,trust,2,2,84,84,0.023809523809523808,0.023809523809523808,false
South Chicago 76060,small_mf,unknown,10,63,58,364,0.1724137931034483,0.17307692307692307,false
Rich 32043,sfr_1_4,individual,101,101,102,102,0.9901960784313726,0.9901960784313726,false
Bloom 12101,small_mf,llc,4,25,25,155,0.16,0.16129032258064516,false
Wheeling 38013,condo_unit,trust,41,41,3416,3416,0.012002341920374707,0.012002341920374707,false
Lake View 73063,sfr_1_4,llc,16,37,359,537,0.04456824512534819,0.06890130353817504,false
Maine 22143,sfr_1_4,unknown,7,7,177,180,0.03954802259887006,0.03888888888888889,false
Stickney 36050,condo_unit,individual,255,255,277,277,0.9205776173285198,0.9205776173285198,false
Lake 72151,small_mf,unknown,2,12,20,127,0.1,0.09448818897637795,false
Lemont 19032,sfr_1_4,partnership,1,1,636,636,0.0015723270440251573,0.0015723270440251573,false
Lake View 73150,condo_unit,individual,1334,1334,1482,1482,0.9001349527665317,0.9001349527665317,false
Lake 72151,small_mf,llc,2,13,20,127,0.1,0.10236220472440945,false
South Chicago 76060,sfr_1_4,unknown,151,248,4850,7048,0.0311340206185567,0.03518728717366629,false
Hyde Park 70030,small_mf,corp,9,60,346,2277,0.02601156069364162,0.026350461133069828,false
Northfield 25430,sfr_1_4,individual,642,642,667,667,0.9625187406296851,0.9625187406296851,false
Elk Grove 16100,sfr_1_4,lender_reo,4,4,3568,3652,0.0011210762331838565,0.001095290251916758,false
Leyden 20020,sfr_1_4,lender_reo,7,10,2350,2637,0.0029787234042553193,0.0037921880925293893,false
Stickney 36050,sfr_1_4,trust,23,23,4260,4468,0.00539906103286385,0.005147717099373322,false
Orland 28099,condo_unit,individual,261,261,276,276,0.9456521739130435,0.9456521739130435,false
Rich 32080,sfr_1_4,llc,1,1,178,178,0.0056179775280898875,0.0056179775280898875,false
Orland 28015,sfr_1_4,trust,30,30,2761,2761,0.010865628395508874,0.010865628395508874,false
Northfield 25072,condo_unit,unknown,9,9,236,236,0.038135593220338986,0.038135593220338986,false
Lake 72222,small_mf,llc,1,6,2,13,0.5,0.46153846153846156,false
Bloom 12071,condo_unit,individual,32,32,32,32,1.0,1.0,false
Thornton 37190,mixed_use_res,individual,1,3,4,13,0.25,0.23076923076923078,false
Lake 72092,sfr_1_4,lender_reo,7,13,1863,2955,0.003757380568974772,0.004399323181049069,false
Wheeling 38022,sfr_1_4,corp,6,6,1190,1190,0.005042016806722689,0.005042016806722689,false
Jefferson 71081,small_mf,corp,5,35,315,2125,0.015873015873015872,0.01647058823529412,false
Bremen 13120,sfr_1_4,trust,1,1,1943,1945,0.000514668039114771,0.0005141388174807198,false
Rich 32226,sfr_1_4,lender_reo,4,4,935,935,0.0042780748663101605,0.0042780748663101605,false
Lake 72030,sfr_1_4,unknown,246,295,13815,15814,0.017806731813246473,0.018654356898950297,false
Bloom 12091,small_mf,individual,1,7,9,63,0.1111111111111111,0.1111111111111111,false
Bloom 12121,sfr_1_4,unknown,28,28,666,666,0.042042042042042045,0.042042042042042045,false
Schaumburg 35107,sfr_1_4,unknown,6,6,280,280,0.02142857142857143,0.02142857142857143,false
Thornton 37200,condo_unit,lender_reo,2,2,575,575,0.0034782608695652175,0.0034782608695652175,false
West Chicago 77101,sfr_1_4,coop_corp,8,19,1389,2354,0.005759539236861051,0.008071367884451997,false
Worth 39082,small_mf,llc,6,42,15,102,0.4,0.4117647058823529,false
Rich 32050,sfr_1_4,llc,7,7,319,319,0.0219435736677116,0.0219435736677116,false
Lake View 73063,small_mf,individual,42,279,96,645,0.4375,0.4325581395348837,false
Evanston 17210,condo_unit,llc,1,1,36,36,0.027777777777777776,0.027777777777777776,false
Lake View 73022,small_mf,llc,4,27,10,65,0.4,0.4153846153846154,false
Proviso 31141,condo_unit,llc,21,21,72,72,0.2916666666666667,0.2916666666666667,false
Worth 39151,condo_unit,llc,9,9,272,272,0.03308823529411765,0.03308823529411765,false
Rich 32080,sfr_1_4,unknown,2,2,178,178,0.011235955056179775,0.011235955056179775,false
Evanston 17043,condo_unit,corp,3,3,1033,1033,0.002904162633107454,0.002904162633107454,false
West Chicago 77085,sfr_1_4,corp,1,2,292,454,0.003424657534246575,0.004405286343612335,false
Jefferson 71420,sfr_1_4,corp,2,2,931,956,0.0021482277121374865,0.0020920502092050207,false
Worth 39040,sfr_1_4,corp,2,2,863,900,0.002317497103128621,0.0022222222222222222,false
Lyons 21111,sfr_1_4,individual,2241,2370,2356,2492,0.9511884550084889,0.9510433386837881,false
Thornton 37150,sfr_1_4,unknown,81,81,2164,2165,0.03743068391866913,0.03741339491916859,false
Leyden 20090,small_mf,corp,8,56,63,422,0.12698412698412698,0.13270142180094788,false
Norwood Park 26010,condo_unit,unknown,62,62,824,824,0.07524271844660194,0.07524271844660194,false
Rich 32090,sfr_1_4,trust,6,6,416,416,0.014423076923076924,0.014423076923076924,false
Bremen 13032,sfr_1_4,lender_reo,4,4,1496,1509,0.00267379679144385,0.0026507620941020544,false
Oak Park 27100,sfr_1_4,trust,10,16,707,782,0.014144271570014143,0.020460358056265986,false
Lake 72071,mixed_use_res,corp,5,13,64,210,0.078125,0.06190476190476191,false
Palatine 29050,sfr_1_4,trust,12,12,1297,1377,0.009252120277563608,0.008714596949891068,false
Thornton 37101,mixed_use_res,individual,7,23,7,23,1.0,1.0,false
Niles 24081,condo_unit,llc,1,1,715,715,0.0013986013986013986,0.0013986013986013986,false
West Chicago 77040,sfr_1_4,trust,5,9,1511,2586,0.0033090668431502318,0.0034802784222737818,false
Wheeling 38082,condo_unit,unknown,12,12,753,753,0.01593625498007968,0.01593625498007968,false
Bloom 12033,small_mf,individual,13,83,14,89,0.9285714285714286,0.9325842696629213,false
Lake View 73084,coop_building,coop_corp,1,1,1,1,,,true
Proviso 31030,mixed_use_res,unknown,2,8,6,24,0.3333333333333333,0.3333333333333333,false
Lake 72223,sfr_1_4,trust,4,8,724,867,0.0055248618784530384,0.00922722029988466,false
Wheeling 38040,sfr_1_4,individual,4025,4033,4184,4193,0.9619980879541109,0.9618411638445027,false
Calumet 14030,small_mf,individual,83,556,101,676,0.8217821782178217,0.8224852071005917,false
West Chicago 77101,mixed_use_res,trust,1,4,57,202,0.017543859649122806,0.019801980198019802,false
Thornton 37121,sfr_1_4,corp,32,32,2514,2625,0.012728719172633254,0.01219047619047619,false
Barrington 10023,sfr_1_4,unknown,23,23,735,735,0.031292517006802724,0.031292517006802724,false
Worth 39132,sfr_1_4,corp,2,3,858,1019,0.002331002331002331,0.002944062806673209,false
Lyons 21102,condo_unit,trust,2,2,375,375,0.005333333333333333,0.005333333333333333,false
West Chicago 77080,small_mf,llc,30,207,67,453,0.44776119402985076,0.45695364238410596,false
Norwood Park 26050,sfr_1_4,lender_reo,2,2,244,244,0.00819672131147541,0.00819672131147541,false
Lake View 73060,coop_building,coop_corp,8,8,9,9,,,true
Bloom 12051,sfr_1_4,corp,1,1,467,467,0.0021413276231263384,0.0021413276231263384,false
Lake 72171,mixed_use_res,individual,43,151,52,180,0.8269230769230769,0.8388888888888889,false
Palatine 29022,small_mf,individual,69,414,130,786,0.5307692307692308,0.5267175572519084,false
Northfield 25180,condo_unit,individual,76,76,81,81,0.9382716049382716,0.9382716049382716,false
West Chicago 77170,condo_unit,corp,20,20,1809,1809,0.01105583195135434,0.01105583195135434,false
Jefferson 71150,condo_unit,unknown,37,37,695,695,0.053237410071942444,0.053237410071942444,false
Schaumburg 35117,sfr_1_4,llc,9,9,266,266,0.03383458646616541,0.03383458646616541,false
Lake 72052,mixed_use_res,corp,4,13,26,87,0.15384615384615385,0.14942528735632185,false
Hanover 18082,sfr_1_4,individual,430,430,531,531,0.8097928436911488,0.8097928436911488,false
Lake View 73062,coop_building,coop_corp,5,5,5,5,,,true
Lyons 21166,mixed_use_res,individual,2,7,2,7,,,true
Bloom 12082,sfr_1_4,corp,1,1,386,389,0.0025906735751295338,0.002570694087403599,false
Cicero 15020,sfr_1_4,lender_reo,3,8,830,1549,0.0036144578313253013,0.005164622336991607,false
Orland 28103,sfr_1_4,individual,1609,1609,1673,1673,0.9617453676031081,0.9617453676031081,false
Hyde Park 70130,condo_unit,corp,2,2,3,3,,,true
Proviso 31170,small_mf,unknown,7,38,45,262,0.15555555555555556,0.1450381679389313,false
Worth 39151,condo_unit,lender_reo,1,1,272,272,0.003676470588235294,0.003676470588235294,false
Hyde Park 70020,mixed_use_res,llc,2,5,5,19,0.4,0.2631578947368421,false
Niles 24052,small_mf,unknown,4,28,12,82,0.3333333333333333,0.34146341463414637,false
Lake 72271,sfr_1_4,llc,11,13,3593,3714,0.0030615084887280824,0.0035002692514808833,false
Norwood Park 26010,sfr_1_4,llc,26,40,6048,6395,0.004298941798941799,0.006254886630179828,false
Palatine 29050,sfr_1_4,llc,10,22,1297,1377,0.007710100231303007,0.01597676107480029,false
Thornton 37075,sfr_1_4,llc,7,7,753,806,0.009296148738379814,0.008684863523573201,false
Hyde Park 70240,sfr_1_4,individual,4529,5062,4649,5203,0.9741879974187997,0.9729002498558524,false
Rogers Park 75010,small_mf,unknown,4,28,20,137,0.2,0.20437956204379562,false
Proviso 31060,sfr_1_4,unknown,127,179,2822,3594,0.04500354358610914,0.049805230940456316,false
Lake 72293,sfr_1_4,individual,318,463,362,536,0.8784530386740331,0.8638059701492538,false
Berwyn 11010,small_mf,llc,37,234,146,882,0.2534246575342466,0.2653061224489796,false
Schaumburg 35085,sfr_1_4,lender_reo,1,1,288,288,0.003472222222222222,0.003472222222222222,false
Thornton 37021,small_mf,unknown,3,21,11,70,0.2727272727272727,0.3,false
Schaumburg 35160,sfr_1_4,individual,113,113,120,120,0.9416666666666667,0.9416666666666667,false
Oak Park 27020,sfr_1_4,trust,29,31,1366,1514,0.0212298682284041,0.02047556142668428,false
West Chicago 77030,small_mf,individual,225,1414,516,3329,0.436046511627907,0.4247521778311805,false
Schaumburg 35074,sfr_1_4,trust,7,7,793,793,0.008827238335435058,0.008827238335435058,false
New Trier 23120,condo_unit,unknown,8,8,359,359,0.022284122562674095,0.022284122562674095,false
Hyde Park 70083,sfr_1_4,individual,680,1081,743,1215,0.9152086137281292,0.8897119341563786,false
Thornton 37181,condo_unit,trust,5,5,271,271,0.01845018450184502,0.01845018450184502,false
Rich 32020,sfr_1_4,llc,4,4,181,181,0.022099447513812154,0.022099447513812154,false
Cicero 15071,sfr_1_4,individual,1611,2687,1670,2805,0.9646706586826347,0.9579322638146167,false
Northfield 25010,sfr_1_4,trust,13,13,422,422,0.030805687203791468,0.030805687203791468,false
Hanover 18035,condo_unit,unknown,35,35,172,172,0.20348837209302326,0.20348837209302326,false
Jefferson 71071,small_mf,unknown,6,41,65,437,0.09230769230769231,0.09382151029748284,false
Schaumburg 35075,sfr_1_4,unknown,10,10,599,599,0.01669449081803005,0.01669449081803005,false
Proviso 31030,condo_unit,individual,69,69,72,72,0.9583333333333334,0.9583333333333334,false
Thornton 37024,sfr_1_4,trust,20,20,3587,3697,0.005575689991636465,0.005409791723018664,false
Evanston 17120,sfr_1_4,corp,2,2,1252,1339,0.001597444089456869,0.0014936519790888724,false
Jefferson 71082,condo_unit,llc,133,133,1874,1874,0.07097118463180363,0.07097118463180363,false
Palos 30060,mixed_use_res,individual,2,4,4,8,,,true
Norwood Park 26030,sfr_1_4,unknown,10,10,383,385,0.02610966057441253,0.025974025974025976,false
Bremen 13130,condo_unit,lender_reo,1,1,295,295,0.003389830508474576,0.003389830508474576,false
Thornton 37092,sfr_1_4,trust,15,15,2973,2979,0.005045408678102927,0.005035246727089627,false
Bloom 12033,sfr_1_4,corp,1,1,666,670,0.0015015015015015015,0.0014925373134328358,false
Bloom 12132,sfr_1_4,llc,2,2,210,210,0.009523809523809525,0.009523809523809525,false
Palos 30060,small_mf,corp,1,6,14,86,0.07142857142857142,0.06976744186046512,false
Wheeling 38026,sfr_1_4,llc,3,3,449,449,0.0066815144766146995,0.0066815144766146995,false
Rogers Park 75023,sfr_1_4,individual,430,479,447,502,0.9619686800894854,0.954183266932271,false
Hyde Park 70120,mixed_use_res,unknown,4,12,43,148,0.09302325581395349,0.08108108108108109,false
Rogers Park 75031,condo_unit,corp,63,63,4133,4133,0.015243164771352529,0.015243164771352529,false
Bloom 12072,condo_unit,individual,207,207,247,247,0.8380566801619433,0.8380566801619433,false
Lake 72281,condo_unit,trust,2,2,42,42,0.047619047619047616,0.047619047619047616,false
Worth 39160,mixed_use_res,individual,5,13,9,21,0.5555555555555556,0.6190476190476191,false
New Trier 23100,sfr_1_4,llc,11,11,1109,1111,0.009918845807033363,0.009900990099009901,false
Schaumburg 35103,condo_unit,individual,94,94,96,96,0.9791666666666666,0.9791666666666666,false
Schaumburg 35090,small_mf,individual,1,7,1,7,,,true
Norwood Park 26050,sfr_1_4,trust,3,3,244,244,0.012295081967213115,0.012295081967213115,false
West Chicago 77150,condo_unit,trust,19,19,1527,1527,0.012442698100851343,0.012442698100851343,false
Evanston 17013,small_mf,individual,3,21,16,112,0.1875,0.1875,false
Thornton 37121,small_mf,unknown,2,14,4,28,0.5,0.5,false
Rich 32150,sfr_1_4,lender_reo,3,3,742,772,0.004043126684636119,0.0038860103626943004,false
Wheeling 38032,sfr_1_4,unknown,12,12,810,810,0.014814814814814815,0.014814814814814815,false
Hanover 18020,sfr_1_4,partnership,1,1,5089,5089,0.00019650225977598743,0.00019650225977598743,false
Stickney 36012,small_mf,llc,4,28,45,306,0.08888888888888889,0.0915032679738562,false
Lake 72150,sfr_1_4,llc,30,49,1803,2721,0.016638935108153077,0.01800808526277104,false
Lake 72282,sfr_1_4,individual,6806,7369,7505,8157,0.9068620919387075,0.9033958563197254,false
Palos 30100,sfr_1_4,llc,1,1,39,39,0.02564102564102564,0.02564102564102564,false
Elk Grove 16030,sfr_1_4,corp,4,4,1600,1607,0.0025,0.002489110143123833,false
Worth 39260,sfr_1_4,partnership,1,1,838,838,0.0011933174224343676,0.0011933174224343676,false
Maine 22141,sfr_1_4,llc,1,1,383,383,0.0026109660574412533,0.0026109660574412533,false
Hyde Park 70120,sfr_1_4,partnership,1,1,3174,4681,0.000315059861373661,0.00021362956633198035,false
Palatine 29031,sfr_1_4,lender_reo,2,2,459,459,0.004357298474945534,0.004357298474945534,false
Lake 72200,small_mf,individual,22,149,38,257,0.5789473684210527,0.5797665369649806,false
Lake 72151,sfr_1_4,trust,2,4,756,876,0.0026455026455026454,0.0045662100456621,false
Worth 39130,small_mf,llc,1,6,30,169,0.03333333333333333,0.03550295857988166,false
Orland 28061,condo_unit,llc,1,1,162,162,0.006172839506172839,0.006172839506172839,false
West Chicago 77102,small_mf,corp,19,131,332,2186,0.0572289156626506,0.059926806953339434,false
Thornton 37092,mixed_use_res,individual,7,23,9,31,0.7777777777777778,0.7419354838709677,false
West Chicago 77151,sfr_1_4,individual,541,1000,596,1108,0.9077181208053692,0.9025270758122743,false
Rogers Park 75033,small_mf,corp,3,21,92,627,0.03260869565217391,0.03349282296650718,false
Orland 28032,condo_unit,individual,28,28,28,28,1.0,1.0,false
Wheeling 38056,small_mf,llc,4,23,28,167,0.14285714285714285,0.1377245508982036,false
Schaumburg 35071,sfr_1_4,trust,5,5,744,744,0.006720430107526882,0.006720430107526882,false
Elk Grove 16100,sfr_1_4,unknown,67,67,3568,3652,0.018778026905829595,0.018346111719605696,false
Rogers Park 75022,small_mf,llc,35,235,141,953,0.24822695035460993,0.2465897166841553,false
Leyden 20070,condo_unit,unknown,8,8,257,257,0.0311284046692607,0.0311284046692607,false
Jefferson 71010,sfr_1_4,llc,30,61,3110,3983,0.00964630225080386,0.015315089128797388,false
Cicero 15080,small_mf,llc,5,35,44,295,0.11363636363636363,0.11864406779661017,false
West Chicago 77141,small_mf,corp,10,66,368,2321,0.02717391304347826,0.02843601895734597,false
Stickney 36022,sfr_1_4,lender_reo,1,1,340,349,0.0029411764705882353,0.0028653295128939827,false
Bloom 12061,sfr_1_4,llc,12,12,2080,2082,0.0057692307692307696,0.005763688760806916,false
Hanover 18011,sfr_1_4,lender_reo,4,4,2917,2969,0.0013712718546451835,0.0013472549680026945,false
Lake 72380,small_mf,individual,89,593,135,905,0.6592592592592592,0.6552486187845303,false
Bloom 12101,mixed_use_res,trust,1,2,23,61,0.043478260869565216,0.03278688524590164,false
Palatine 29083,condo_unit,llc,2,2,422,422,0.004739336492890996,0.004739336492890996,false
Maine 22085,small_mf,unknown,6,37,101,613,0.0594059405940594,0.06035889070146819,false
Jefferson 71074,small_mf,llc,28,192,76,512,0.3684210526315789,0.375,false
Bloom 12081,sfr_1_4,trust,1,1,165,165,0.006060606060606061,0.006060606060606061,false
Palatine 29120,sfr_1_4,individual,135,135,140,140,0.9642857142857143,0.9642857142857143,false
Bloom 12042,sfr_1_4,partnership,11,11,685,690,0.016058394160583942,0.015942028985507246,false
Maine 22040,sfr_1_4,corp,1,1,2639,2667,0.00037893141341417203,0.0003749531308586427,false
Bremen 13010,small_mf,llc,7,47,12,80,0.5833333333333334,0.5875,false
Lake 72221,small_mf,individual,110,721,234,1573,0.4700854700854701,0.45835982199618563,false
Worth 39010,sfr_1_4,trust,15,15,2505,2519,0.005988023952095809,0.0059547439460103215,false
Schaumburg 35104,sfr_1_4,corp,1,1,197,197,0.005076142131979695,0.005076142131979695,false
Lake 72380,small_mf,llc,14,95,135,905,0.1037037037037037,0.10497237569060773,false
Hyde Park 70083,small_mf,individual,86,546,220,1438,0.39090909090909093,0.3796940194714882,false
Hyde Park 70080,mixed_use_res,trust,1,5,58,196,0.017241379310344827,0.025510204081632654,false
Lake 72212,condo_unit,llc,1,1,82,82,0.012195121951219513,0.012195121951219513,false
West Chicago 77150,sfr_1_4,partnership,1,1,2463,4054,0.0004060089321965083,0.000246669955599408,false
Orland 28099,sfr_1_4,corp,6,6,327,327,0.01834862385321101,0.01834862385321101,false
Thornton 37023,sfr_1_4,unknown,66,83,1522,1726,0.04336399474375821,0.04808806488991889,false
Thornton 37022,sfr_1_4,partnership,2,2,637,694,0.0031397174254317113,0.002881844380403458,false
West Chicago 77152,mixed_use_res,unknown,1,6,16,72,0.0625,0.08333333333333333,false
Rich 32060,sfr_1_4,unknown,6,6,347,347,0.01729106628242075,0.01729106628242075,false
Hyde Park 70180,sfr_1_4,corp,21,24,3829,4100,0.005484460694698354,0.005853658536585366,false
Bloom 12061,condo_unit,individual,11,11,11,11,1.0,1.0,false
Wheeling 38051,condo_unit,lender_reo,1,1,554,554,0.0018050541516245488,0.0018050541516245488,false
Niles 24052,condo_unit,trust,19,19,996,996,0.019076305220883535,0.019076305220883535,false
Niles 24032,condo_unit,trust,1,1,244,244,0.004098360655737705,0.004098360655737705,false
Lake View 73011,sfr_1_4,llc,17,38,1020,1636,0.016666666666666666,0.023227383863080684,false
Proviso 31160,mixed_use_res,corp,2,5,23,72,0.08695652173913043,0.06944444444444445,false
Jefferson 71082,small_mf,trust,3,19,251,1670,0.01195219123505976,0.011377245508982036,false
New Trier 23011,sfr_1_4,llc,5,5,390,390,0.01282051282051282,0.01282051282051282,false
Proviso 31174,sfr_1_4,individual,154,154,166,166,0.927710843373494,0.927710843373494,false
Lake 72361,sfr_1_4,estate,1,1,793,834,0.0012610340479192938,0.001199040767386091,false
Lake 72110,small_mf,lender_reo,1,7,56,373,0.017857142857142856,0.01876675603217158,false
West Chicago 77131,mixed_use_res,llc,34,117,91,308,0.37362637362637363,0.37987012987012986,false
Lake 72070,mixed_use_res,individual,154,504,180,591,0.8555555555555555,0.8527918781725888,false
New Trier 23041,sfr_1_4,partnership,2,2,797,797,0.002509410288582183,0.002509410288582183,false
West Chicago 77040,condo_unit,llc,5,5,17,17,0.29411764705882354,0.29411764705882354,false
Stickney 36041,mixed_use_res,unknown,1,4,18,63,0.05555555555555555,0.06349206349206349,false
Lake 72345,sfr_1_4,partnership,1,1,2016,2039,0.000496031746031746,0.0004904364884747426,false
Rich 32181,small_mf,individual,4,24,4,24,1.0,1.0,false
Evanston 17080,condo_unit,individual,560,560,586,586,0.9556313993174061,0.9556313993174061,false
Wheeling 38023,sfr_1_4,trust,4,4,873,874,0.004581901489117984,0.004576659038901602,false
Elk Grove 16065,condo_unit,individual,423,423,438,438,0.9657534246575342,0.9657534246575342,false
Evanston 17013,small_mf,corp,3,21,16,112,0.1875,0.1875,false
Hyde Park 70240,small_mf,individual,17,103,20,124,0.85,0.8306451612903226,false
Proviso 31170,sfr_1_4,individual,474,493,501,526,0.9461077844311377,0.9372623574144486,false
Jefferson 71030,mixed_use_res,individual,6,21,7,23,0.8571428571428571,0.9130434782608695,false
Schaumburg 35030,mixed_use_res,individual,1,2,1,2,,,true
Orland 28011,condo_unit,trust,7,7,180,180,0.03888888888888889,0.03888888888888889,false
Worth 39310,condo_unit,individual,26,26,29,29,0.896551724137931,0.896551724137931,false
Bremen 13130,condo_unit,trust,3,3,295,295,0.010169491525423728,0.010169491525423728,false
New Trier 23022,small_mf,llc,19,133,23,161,0.8260869565217391,0.8260869565217391,false
Rich 32175,condo_unit,llc,6,6,120,120,0.05,0.05,false
Wheeling 38050,condo_unit,individual,453,453,490,490,0.9244897959183673,0.9244897959183673,false
Evanston 17060,mixed_use_res,unknown,2,4,8,23,0.25,0.17391304347826086,false
Wheeling 38014,sfr_1_4,llc,1,1,477,477,0.0020964360587002098,0.0020964360587002098,false
Palatine 29033,sfr_1_4,trust,22,22,2836,2836,0.007757404795486601,0.007757404795486601,false
Schaumburg 35030,condo_unit,individual,1325,1325,1416,1416,0.9357344632768362,0.9357344632768362,false
Evanston 17220,condo_unit,individual,560,560,607,607,0.9225700164744646,0.9225700164744646,false
Proviso 31092,mixed_use_res,corp,2,5,20,63,0.1,0.07936507936507936,false
Berwyn 11050,sfr_1_4,corp,9,12,1982,2446,0.004540867810292634,0.004905968928863451,false
South Chicago 76030,small_mf,lender_reo,2,14,170,1040,0.011764705882352941,0.013461538461538462,false
Lake 72150,small_mf,llc,9,58,50,327,0.18,0.17737003058103976,false
Schaumburg 35031,sfr_1_4,individual,332,332,344,344,0.9651162790697675,0.9651162790697675,false
Leyden 20050,mixed_use_res,llc,3,9,25,78,0.12,0.11538461538461539,false
Jefferson 71150,mixed_use_res,lender_reo,1,4,141,475,0.0070921985815602835,0.008421052631578947,false
Calumet 14030,mixed_use_res,individual,13,35,16,44,0.8125,0.7954545454545454,false
Lake 72051,sfr_1_4,llc,14,25,1098,1922,0.012750455373406194,0.013007284079084287,false
Bloom 12141,sfr_1_4,trust,2,2,969,1097,0.0020639834881320948,0.0018231540565177757,false
Thornton 37010,small_mf,individual,1,7,1,7,,,true
Hanover 18013,condo_unit,unknown,92,92,641,641,0.1435257410296412,0.1435257410296412,false
Maine 22110,sfr_1_4,corp,3,3,1419,1454,0.0021141649048625794,0.0020632737276478678,false
Jefferson 71180,coop_building,coop_corp,2,2,2,2,,,true
Lake View 73032,sfr_1_4,llc,34,72,1371,2191,0.024799416484318017,0.032861706983112735,false
Hyde Park 70030,small_mf,unknown,70,467,346,2277,0.2023121387283237,0.20509442248572685,false
Maine 22110,sfr_1_4,individual,1352,1387,1419,1454,0.952783650458069,0.953920220082531,false
Cicero 15080,mixed_use_res,llc,2,6,26,87,0.07692307692307693,0.06896551724137931,false
Lake View 73041,mixed_use_res,unknown,9,32,85,302,0.10588235294117647,0.10596026490066225,false
Elk Grove 16100,mixed_use_res,corp,1,3,5,14,0.2,0.21428571428571427,false
West Chicago 77091,sfr_1_4,unknown,216,488,3814,7645,0.05663345568956476,0.06383257030739045,false
West Chicago 77040,condo_unit,unknown,6,6,17,17,0.35294117647058826,0.35294117647058826,false
Leyden 20070,small_mf,unknown,2,14,2,14,1.0,1.0,false
Worth 39340,sfr_1_4,corp,1,1,74,74,0.013513513513513514,0.013513513513513514,false
Calumet 14010,sfr_1_4,llc,5,8,467,512,0.010706638115631691,0.015625,false
Wheeling 38081,sfr_1_4,individual,1406,1406,1470,1470,0.9564625850340136,0.9564625850340136,false
Cicero 15085,sfr_1_4,partnership,1,1,753,848,0.0013280212483399733,0.0011792452830188679,false
Hyde Park 70220,coop_building,coop_corp,2,2,2,2,,,true
Calumet 14020,mixed_use_res,corp,1,4,32,112,0.03125,0.03571428571428571,false
Proviso 31041,sfr_1_4,unknown,41,48,1195,1378,0.03430962343096234,0.03483309143686502,false
Hyde Park 70120,mixed_use_res,corp,1,4,43,148,0.023255813953488372,0.02702702702702703,false
Jefferson 71070,small_mf,llc,121,802,380,2476,0.31842105263157894,0.32390953150242324,false
Lyons 21082,condo_unit,llc,2,2,277,277,0.007220216606498195,0.007220216606498195,false
Worth 39122,condo_unit,trust,7,7,426,426,0.01643192488262911,0.01643192488262911,false
West Chicago 77030,sfr_1_4,llc,227,514,4841,9021,0.04689113819458789,0.05697816206628977,false
Worth 39160,sfr_1_4,llc,7,10,1313,1376,0.005331302361005331,0.007267441860465116,false
Oak Park 27040,condo_unit,corp,1,1,1183,1183,0.0008453085376162299,0.0008453085376162299,false
Jefferson 71280,sfr_1_4,unknown,22,35,1321,2148,0.016654049962149888,0.016294227188081937,false
Hyde Park 70140,sfr_1_4,unknown,29,59,681,1327,0.042584434654919234,0.044461190655614165,false
Orland 28036,condo_unit,unknown,83,83,1997,1997,0.04156234351527291,0.04156234351527291,false
Norwood Park 26040,sfr_1_4,llc,4,4,1447,1453,0.0027643400138217,0.0027529249827942187,false
Leyden 20030,condo_unit,unknown,4,4,155,155,0.025806451612903226,0.025806451612903226,false
Maine 22050,condo_unit,unknown,146,146,4913,4913,0.029717077142275596,0.029717077142275596,false
Wheeling 38013,condo_unit,corp,18,18,3416,3416,0.005269320843091335,0.005269320843091335,false
Bremen 13160,sfr_1_4,unknown,8,8,111,111,0.07207207207207207,0.07207207207207207,false
Cicero 15030,mixed_use_res,llc,6,18,112,361,0.05357142857142857,0.04986149584487535,false
Stickney 36041,sfr_1_4,partnership,5,5,4145,4356,0.0012062726176115801,0.001147842056932966,false
Bremen 13120,sfr_1_4,corp,17,17,1943,1945,0.008749356664951106,0.008740359897172237,false
Cicero 15072,sfr_1_4,individual,656,894,676,917,0.9704142011834319,0.9749182115594329,false
Bremen 13010,sfr_1_4,individual,1296,1373,1387,1471,0.9343907714491708,0.9333786539768865,false
Berwyn 11030,mixed_use_res,llc,2,8,25,93,0.08,0.08602150537634409,false
Thornton 37092,sfr_1_4,partnership,25,25,2973,2979,0.008409014463504878,0.008392077878482713,false
Northfield 25023,sfr_1_4,corp,1,1,555,555,0.0018018018018018018,0.0018018018018018018,false
Worth 39140,sfr_1_4,individual,159,408,168,438,0.9464285714285714,0.9315068493150684,false
Lake 72030,condo_unit,lender_reo,1,1,410,410,0.0024390243902439024,0.0024390243902439024,false
Worth 39080,sfr_1_4,partnership,1,1,5068,5245,0.0001973164956590371,0.00019065776930409913,false
Evanston 17043,other_res,unknown,1,1,1,1,,,true
Worth 39020,small_mf,unknown,1,6,10,64,0.1,0.09375,false
Jefferson 71070,sfr_1_4,corp,28,46,6604,11844,0.004239854633555421,0.003883823032759203,false
South Chicago 76050,condo_unit,individual,332,332,378,378,0.8783068783068783,0.8783068783068783,false
Rich 32042,sfr_1_4,unknown,2,2,133,133,0.015037593984962405,0.015037593984962405,false
Oak Park 27041,small_mf,llc,3,21,21,144,0.14285714285714285,0.14583333333333334,false
River Forest 33020,small_mf,llc,1,6,2,13,0.5,0.46153846153846156,false
Jefferson 71362,condo_unit,llc,19,19,739,739,0.02571041948579161,0.02571041948579161,false
West Chicago 77141,condo_unit,trust,5,5,839,839,0.0059594755661501785,0.0059594755661501785,false
Palos 30020,sfr_1_4,unknown,3,3,193,193,0.015544041450777202,0.015544041450777202,false
Rich 32061,sfr_1_4,trust,1,1,114,114,0.008771929824561403,0.008771929824561403,false
Oak Park 27060,mixed_use_res,llc,5,20,12,40,0.4166666666666667,0.5,false
Lake View 73110,sfr_1_4,unknown,15,32,503,795,0.02982107355864811,0.04025157232704402,false
Barrington 10025,sfr_1_4,trust,1,1,44,44,0.022727272727272728,0.022727272727272728,false
Lake View 73012,small_mf,individual,55,364,150,1016,0.36666666666666664,0.35826771653543305,false
Cicero 15020,condo_unit,corp,1,1,53,53,0.018867924528301886,0.018867924528301886,false
Bremen 13032,sfr_1_4,llc,14,16,1496,1509,0.009358288770053475,0.010603048376408217,false
Niles 24032,small_mf,individual,4,26,6,40,0.6666666666666666,0.65,false
Lake View 73032,condo_unit,trust,16,16,2569,2569,0.006228104320747372,0.006228104320747372,false
Lake 72212,small_mf,individual,58,374,124,821,0.46774193548387094,0.45554202192448234,false
Rogers Park 75033,condo_unit,trust,19,19,1216,1216,0.015625,0.015625,false
Lake View 73022,sfr_1_4,trust,9,9,336,427,0.026785714285714284,0.02107728337236534,false
Proviso 31152,sfr_1_4,unknown,10,10,286,288,0.03496503496503497,0.034722222222222224,false
Orland 28036,condo_unit,corp,4,4,1997,1997,0.00200300450676014,0.00200300450676014,false
Bloom 12053,sfr_1_4,llc,1,1,212,212,0.0047169811320754715,0.0047169811320754715,false
Schaumburg 35030,condo_unit,lender_reo,2,2,1416,1416,0.0014124293785310734,0.0014124293785310734,false
Jefferson 71101,mixed_use_res,lender_reo,1,3,54,191,0.018518518518518517,0.015706806282722512,false
Rogers Park 75031,small_mf,coop_corp,1,5,379,2595,0.002638522427440633,0.0019267822736030828,false
West Chicago 77170,sfr_1_4,llc,117,268,2431,3854,0.0481283422459893,0.06953814218993254,false
Lake View 73120,sfr_1_4,partnership,1,3,649,1108,0.0015408320493066256,0.002707581227436823,false
Hyde Park 70210,small_mf,unknown,9,57,30,190,0.3,0.3,false
Rich 32230,sfr_1_4,trust,7,7,750,750,0.009333333333333334,0.009333333333333334,false
Jefferson 71081,sfr_1_4,trust,16,31,2904,5108,0.005509641873278237,0.006068911511354738,false
Elk Grove 16051,small_mf,trust,1,7,9,57,0.1111111111111111,0.12280701754385964,false
Schaumburg 35116,sfr_1_4,corp,1,1,422,422,0.002369668246445498,0.002369668246445498,false
Worth 39100,small_mf,individual,22,136,33,210,0.6666666666666666,0.6476190476190476,false
Lake View 73093,small_mf,llc,42,284,126,823,0.3333333333333333,0.3450789793438639,false
Northfield 25082,sfr_1_4,corp,1,1,152,152,0.006578947368421052,0.006578947368421052,false
Lemont 19060,sfr_1_4,corp,56,56,2804,2804,0.019971469329529243,0.019971469329529243,false
Thornton 37023,small_mf,unknown,5,34,31,199,0.16129032258064516,0.1708542713567839,false
Orland 28100,condo_unit,unknown,4,4,69,69,0.057971014492753624,0.057971014492753624,false
Lake 72423,mixed_use_res,lender_reo,1,5,51,172,0.0196078431372549,0.029069767441860465,false
Evanston 17080,sfr_1_4,llc,7,14,671,845,0.010432190760059613,0.016568047337278107,false
West Chicago 77170,mixed_use_res,llc,49,183,175,636,0.28,0.28773584905660377,false
Hyde Park 70120,small_mf,llc,133,880,468,3073,0.2841880341880342,0.28636511552229094,false
Orland 28031,sfr_1_4,individual,1045,1045,1130,1130,0.9247787610619469,0.9247787610619469,false
Hanover 18014,sfr_1_4,trust,7,7,622,622,0.011254019292604502,0.011254019292604502,false
Schaumburg 35040,condo_unit,lender_reo,2,2,950,950,0.002105263157894737,0.002105263157894737,false
Jefferson 71200,mixed_use_res,lender_reo,2,6,118,408,0.01694915254237288,0.014705882352941176,false
Jefferson 71430,small_mf,llc,4,25,42,261,0.09523809523809523,0.09578544061302682,false
Thornton 37024,mixed_use_res,individual,21,72,25,84,0.84,0.8571428571428571,false
Jefferson 71010,condo_unit,individual,89,89,91,91,0.978021978021978,0.978021978021978,false
Jefferson 71390,small_mf,corp,2,14,196,1205,0.01020408163265306,0.011618257261410789,false
Calumet 14020,mixed_use_res,llc,4,15,32,112,0.125,0.13392857142857142,false
Lake 72151,sfr_1_4,corp,4,5,756,876,0.005291005291005291,0.005707762557077625,false
Hyde Park 70111,small_mf,corp,3,18,93,617,0.03225806451612903,0.029173419773095625,false
Bremen 13210,sfr_1_4,corp,4,4,1446,1487,0.0027662517289073307,0.0026899798251513113,false
Maine 22111,sfr_1_4,individual,3159,3352,3343,3549,0.9449596171103799,0.9444914060298676,false
Riverside 34080,small_mf,individual,11,63,21,132,0.5238095238095238,0.4772727272727273,false
Thornton 37023,small_mf,llc,9,62,31,199,0.2903225806451613,0.31155778894472363,false
Bloom 12084,sfr_1_4,corp,8,13,688,785,0.011627906976744186,0.016560509554140127,false
River Forest 33040,condo_unit,corp,1,1,471,471,0.0021231422505307855,0.0021231422505307855,false
Thornton 37183,condo_unit,unknown,14,14,252,252,0.05555555555555555,0.05555555555555555,false
Proviso 31034,mixed_use_res,individual,8,24,12,39,0.6666666666666666,0.6153846153846154,false
Lyons 21082,sfr_1_4,partnership,2,2,1204,1281,0.0016611295681063123,0.00156128024980484,false
Rich 32055,sfr_1_4,lender_reo,1,1,421,422,0.0023752969121140144,0.002369668246445498,false
West Chicago 77030,sfr_1_4,individual,4192,7705,4841,9021,0.8659367899194381,0.8541181687174371,false
Lake 72171,condo_unit,unknown,3,3,4,4,,,true
Riverside 34080,condo_unit,lender_reo,1,1,155,155,0.0064516129032258064,0.0064516129032258064,false
North Chicago 74012,sfr_1_4,individual,2936,4048,3461,4972,0.848309737070211,0.8141592920353983,false
Lyons 21121,sfr_1_4,partnership,1,1,488,494,0.0020491803278688526,0.0020242914979757085,false
Berwyn 11070,sfr_1_4,individual,2149,2448,2244,2559,0.9576648841354723,0.9566236811254396,false
Palatine 29082,condo_unit,llc,15,15,566,566,0.026501766784452298,0.026501766784452298,false
Northfield 25131,small_mf,llc,2,13,14,86,0.14285714285714285,0.1511627906976744,false
Hyde Park 70080,mixed_use_res,lender_reo,2,4,58,196,0.034482758620689655,0.02040816326530612,false
Lyons 21041,condo_unit,individual,10,10,11,11,0.9090909090909091,0.9090909090909091,false
Jefferson 71090,small_mf,trust,1,7,78,483,0.01282051282051282,0.014492753623188406,false
Palatine 29022,small_mf,trust,1,6,130,786,0.007692307692307693,0.007633587786259542,false
Worth 39210,sfr_1_4,llc,16,32,1628,1793,0.009828009828009828,0.01784718349135527,false
Lyons 21011,sfr_1_4,corp,4,4,358,358,0.0111731843575419,0.0111731843575419,false
Thornton 37024,mixed_use_res,corp,1,4,25,84,0.04,0.047619047619047616,false
Bremen 13260,sfr_1_4,unknown,133,133,2003,2003,0.06640039940089865,0.06640039940089865,false
Orland 28061,condo_unit,unknown,13,13,162,162,0.08024691358024691,0.08024691358024691,false
Maine 22023,sfr_1_4,llc,9,9,1603,1609,0.0056144728633811605,0.005593536357986327,false
Lake 72221,small_mf,partnership,2,14,234,1573,0.008547008547008548,0.008900190718372537,false
Thornton 37051,small_mf,lender_reo,1,6,84,514,0.011904761904761904,0.011673151750972763,false
Wheeling 38081,small_mf,unknown,3,21,17,118,0.17647058823529413,0.17796610169491525,false
Bremen 13032,sfr_1_4,partnership,1,1,1496,1509,0.0006684491978609625,0.0006626905235255136,false
Rich 32250,sfr_1_4,llc,1,1,306,306,0.0032679738562091504,0.0032679738562091504,false
Northfield 25132,sfr_1_4,individual,2089,2099,2192,2202,0.9530109489051095,0.9532243415077203,false
Proviso 31020,sfr_1_4,unknown,99,102,3302,3391,0.02998182919442762,0.03007962253022707,false
Lyons 21091,sfr_1_4,trust,9,10,2425,3323,0.003711340206185567,0.003009328919650918,false
Hyde Park 70210,small_mf,individual,17,107,30,190,0.5666666666666667,0.5631578947368421,false
Rich 32170,sfr_1_4,corp,1,1,403,403,0.0024813895781637717,0.0024813895781637717,false
Calumet 14020,small_mf,trust,1,6,90,578,0.011111111111111112,0.010380622837370242,false
Bremen 13180,sfr_1_4,trust,2,2,329,360,0.0060790273556231,0.005555555555555556,false
Orland 28103,condo_unit,unknown,18,18,292,292,0.06164383561643835,0.06164383561643835,false
Jefferson 71210,mixed_use_res,individual,53,179,64,216,0.828125,0.8287037037037037,false
Lake 72212,mixed_use_res,corp,4,17,34,127,0.11764705882352941,0.13385826771653545,false
Evanston 17220,sfr_1_4,estate,1,1,784,951,0.0012755102040816326,0.0010515247108307045,false
Hanover 18010,sfr_1_4,unknown,476,476,2588,2588,0.1839258114374034,0.1839258114374034,false
Evanston 17120,condo_unit,corp,1,1,253,253,0.003952569169960474,0.003952569169960474,false
Hyde Park 70140,sfr_1_4,corp,8,18,681,1327,0.011747430249632892,0.013564431047475508,false
Oak Park 27080,sfr_1_4,individual,882,1011,934,1087,0.9443254817987152,0.9300827966881324,false
Palatine 29180,condo_unit,lender_reo,1,1,105,105,0.009523809523809525,0.009523809523809525,false
Lake View 73011,mixed_use_res,individual,15,47,24,80,0.625,0.5875,false
Wheeling 38013,mixed_use_res,individual,9,30,9,30,1.0,1.0,false
Lyons 21042,sfr_1_4,lender_reo,5,7,2707,3257,0.001847063169560399,0.0021492170709241634,false
Wheeling 38023,small_mf,unknown,11,66,84,510,0.13095238095238096,0.12941176470588237,false
Hanover 18090,condo_unit,llc,4,4,604,604,0.006622516556291391,0.006622516556291391,false
Schaumburg 35100,small_mf,llc,1,7,4,28,0.25,0.25,false
Lake 72380,small_mf,trust,2,14,135,905,0.014814814814814815,0.015469613259668509,false
Niles 24140,condo_unit,unknown,4,4,80,80,0.05,0.05,false
Rich 32161,sfr_1_4,individual,409,409,435,435,0.9402298850574713,0.9402298850574713,false
Lyons 21032,sfr_1_4,individual,875,916,923,969,0.9479956663055255,0.9453044375644994,false
Lake View 73050,condo_unit,unknown,145,145,3780,3780,0.03835978835978836,0.03835978835978836,false
Jefferson 71071,small_mf,llc,20,137,65,437,0.3076923076923077,0.3135011441647597,false
Lyons 21052,mixed_use_res,lender_reo,1,3,52,168,0.019230769230769232,0.017857142857142856,false
Lake 72092,condo_unit,llc,8,8,30,30,0.26666666666666666,0.26666666666666666,false
New Trier 23150,mixed_use_res,llc,1,2,4,11,0.25,0.18181818181818182,false
Bremen 13280,sfr_1_4,llc,8,8,547,547,0.014625228519195612,0.014625228519195612,false
North Chicago 74022,condo_unit,trust,691,691,17093,17093,0.040425905341367814,0.040425905341367814,false
Lake View 73042,condo_unit,lender_reo,1,1,750,750,0.0013333333333333333,0.0013333333333333333,false
Hyde Park 70100,condo_unit,corp,1,1,34,34,0.029411764705882353,0.029411764705882353,false
Lake View 73050,sfr_1_4,corp,3,5,213,395,0.014084507042253521,0.012658227848101266,false
Worth 39400,sfr_1_4,llc,1,1,156,156,0.00641025641025641,0.00641025641025641,false
Bremen 13316,sfr_1_4,individual,411,411,431,431,0.9535962877030162,0.9535962877030162,false
New Trier 23100,sfr_1_4,individual,1050,1052,1109,1111,0.9467989179440938,0.946894689468947,false
Lake 72221,sfr_1_4,unknown,125,175,3154,4404,0.03963221306277743,0.03973660308810172,false
Leyden 20030,small_mf,corp,1,6,81,522,0.012345679012345678,0.011494252873563218,false
Lake View 73041,mixed_use_res,trust,1,3,85,302,0.011764705882352941,0.009933774834437087,false
Schaumburg 35140,sfr_1_4,individual,91,91,96,96,0.9479166666666666,0.9479166666666666,false
Palatine 29082,sfr_1_4,unknown,23,23,416,416,0.055288461538461536,0.055288461538461536,false
Worth 39133,sfr_1_4,llc,3,5,300,376,0.01,0.013297872340425532,false
Thornton 37033,mixed_use_res,corp,1,2,11,26,0.09090909090909091,0.07692307692307693,false
Oak Park 27041,condo_unit,trust,11,11,715,715,0.015384615384615385,0.015384615384615385,false
Jefferson 71362,small_mf,partnership,1,7,58,379,0.017241379310344827,0.018469656992084433,false
Leyden 20070,sfr_1_4,unknown,25,25,932,932,0.02682403433476395,0.02682403433476395,false
Rich 32330,sfr_1_4,partnership,1,1,146,146,0.00684931506849315,0.00684931506849315,false
Leyden 20090,sfr_1_4,trust,1,1,173,275,0.005780346820809248,0.0036363636363636364,false
Rogers Park 75060,sfr_1_4,corp,2,4,335,633,0.005970149253731343,0.00631911532385466,false
Leyden 20010,condo_unit,individual,222,222,245,245,0.9061224489795918,0.9061224489795918,false
Bloom 12111,small_mf,individual,2,12,2,12,1.0,1.0,false
Thornton 37162,sfr_1_4,lender_reo,5,5,1175,1190,0.00425531914893617,0.004201680672268907,false
Palos 30040,condo_unit,trust,2,2,74,74,0.02702702702702703,0.02702702702702703,false
Schaumburg 35040,condo_unit,llc,22,22,950,950,0.023157894736842106,0.023157894736842106,false
Jefferson 71250,condo_unit,llc,4,4,33,33,0.12121212121212122,0.12121212121212122,false
West Chicago 77132,sfr_1_4,individual,1523,2299,1698,2676,0.8969375736160189,0.859118086696562,false
Hanover 18012,sfr_1_4,individual,1819,1819,2179,2179,0.8347865993575034,0.8347865993575034,false
Orland 28022,mixed_use_res,individual,14,41,25,75,0.56,0.5466666666666666,false
Rich 32181,sfr_1_4,lender_reo,7,7,961,961,0.007284079084287201,0.007284079084287201,false
Hyde Park 70010,sfr_1_4,individual,2836,4581,3384,5653,0.8380614657210402,0.8103661772510171,false
New Trier 23044,condo_unit,individual,26,26,37,37,0.7027027027027027,0.7027027027027027,false
Hanover 18015,condo_unit,unknown,71,71,559,559,0.12701252236135957,0.12701252236135957,false
Lake 72194,sfr_1_4,lender_reo,5,5,1109,1110,0.004508566275924256,0.0045045045045045045,false
Lake View 73011,mixed_use_res,llc,3,7,24,80,0.125,0.0875,false
Evanston 17130,sfr_1_4,individual,649,773,683,822,0.9502196193265008,0.940389294403893,false
New Trier 23100,condo_unit,individual,4,4,4,4,,,true
Jefferson 71110,sfr_1_4,individual,2358,3690,2525,4000,0.9338613861386139,0.9225,false
Proviso 31010,sfr_1_4,partnership,1,1,630,668,0.0015873015873015873,0.0014970059880239522,false
Lemont 19011,sfr_1_4,llc,8,8,279,280,0.02867383512544803,0.02857142857142857,false
Palos 30022,condo_unit,unknown,13,13,453,453,0.02869757174392936,0.02869757174392936,false
Rich 32230,sfr_1_4,corp,1,1,750,750,0.0013333333333333333,0.0013333333333333333,false
Worth 39060,sfr_1_4,individual,1457,1457,1547,1550,0.9418228829993536,0.94,false
Hyde Park 70083,sfr_1_4,lender_reo,5,8,743,1215,0.006729475100942127,0.006584362139917695,false
Bloom 12061,sfr_1_4,coop_corp,1,1,2080,2082,0.0004807692307692308,0.0004803073967339097,false
Rich 32310,sfr_1_4,lender_reo,2,2,304,304,0.006578947368421052,0.006578947368421052,false
Palos 30080,sfr_1_4,trust,12,12,906,906,0.013245033112582781,0.013245033112582781,false
Hyde Park 70140,mixed_use_res,unknown,4,15,59,225,0.06779661016949153,0.06666666666666667,false
Lake View 73042,sfr_1_4,lender_reo,4,6,1031,1551,0.0038797284190106693,0.0038684719535783366,false
Worth 39210,condo_unit,llc,24,24,1460,1460,0.01643835616438356,0.01643835616438356,false
Jefferson 71361,sfr_1_4,corp,1,1,1299,1318,0.0007698229407236335,0.0007587253414264037,false
Proviso 31091,sfr_1_4,llc,26,44,1067,1518,0.02436738519212746,0.028985507246376812,false
Thornton 37103,sfr_1_4,corp,2,2,356,359,0.0056179775280898875,0.005571030640668524,false
Hyde Park 70121,condo_unit,individual,42,42,49,49,0.8571428571428571,0.8571428571428571,false
Palos 30012,sfr_1_4,partnership,1,1,2576,2620,0.00038819875776397513,0.0003816793893129771,false
Bremen 13180,small_mf,individual,3,21,3,21,1.0,1.0,false
Northfield 25072,condo_unit,llc,1,1,236,236,0.00423728813559322,0.00423728813559322,false
Palos 30052,sfr_1_4,unknown,12,12,357,357,0.03361344537815126,0.03361344537815126,false
Worth 39080,sfr_1_4,llc,50,78,5068,5245,0.009865824782951855,0.014871306005719733,false
New Trier 23042,sfr_1_4,trust,2,2,156,156,0.01282051282051282,0.01282051282051282,false
Lake View 73120,small_mf,unknown,5,28,16,96,0.3125,0.2916666666666667,false
New Trier 23094,sfr_1_4,unknown,16,17,806,812,0.019851116625310174,0.020935960591133004,false
North Chicago 74022,sfr_1_4,llc,23,41,548,720,0.041970802919708027,0.05694444444444444,false
Northfield 25260,condo_unit,individual,71,71,77,77,0.922077922077922,0.922077922077922,false
Schaumburg 35074,small_mf,individual,1,7,1,7,,,true
Evanston 17071,condo_unit,corp,3,3,1240,1240,0.0024193548387096775,0.0024193548387096775,false
Lemont 19050,sfr_1_4,individual,418,418,437,437,0.9565217391304348,0.9565217391304348,false
Lake View 73022,sfr_1_4,individual,314,400,336,427,0.9345238095238095,0.936768149882904,false
Oak Park 27060,condo_unit,llc,4,4,165,165,0.024242424242424242,0.024242424242424242,false
Rogers Park 75033,small_mf,llc,21,145,92,627,0.22826086956521738,0.23125996810207336,false
Proviso 31141,sfr_1_4,individual,1927,2075,2047,2211,0.9413776257938447,0.9384893713251922,false
Proviso 31110,sfr_1_4,llc,11,22,2420,2640,0.004545454545454545,0.008333333333333333,false
Niles 24103,sfr_1_4,lender_reo,2,2,619,619,0.0032310177705977385,0.0032310177705977385,false
Proviso 31030,condo_unit,llc,1,1,72,72,0.013888888888888888,0.013888888888888888,false
Wheeling 38056,sfr_1_4,trust,7,7,1070,1076,0.0065420560747663555,0.006505576208178439,false
Lake View 73042,sfr_1_4,llc,26,50,1031,1551,0.02521823472356935,0.032237266279819474,false
Lyons 21091,small_mf,llc,3,21,31,199,0.0967741935483871,0.10552763819095477,false
Lake 72200,sfr_1_4,lender_reo,24,24,6931,7127,0.0034627037945462414,0.0033674757962677145,false
Hyde Park 70140,sfr_1_4,llc,39,87,681,1327,0.05726872246696035,0.06556141672946496,false
Worth 39020,sfr_1_4,unknown,14,14,652,652,0.02147239263803681,0.02147239263803681,false
Worth 39130,condo_unit,llc,2,2,75,75,0.02666666666666667,0.02666666666666667,false
Orland 28012,sfr_1_4,trust,7,7,358,358,0.019553072625698324,0.019553072625698324,false
Wheeling 38032,sfr_1_4,corp,1,1,810,810,0.0012345679012345679,0.0012345679012345679,false
Bremen 13032,condo_unit,individual,392,392,444,444,0.8828828828828829,0.8828828828828829,false
Thornton 37010,sfr_1_4,lender_reo,4,4,1161,1206,0.0034453057708871662,0.003316749585406302,false
Bremen 13280,sfr_1_4,trust,3,3,547,547,0.005484460694698354,0.005484460694698354,false
Rich 32220,sfr_1_4,llc,8,8,619,619,0.012924071082390954,0.012924071082390954,false
Rich 32130,sfr_1_4,llc,32,33,1133,1175,0.02824360105913504,0.028085106382978724,false
North Chicago 74030,mixed_use_res,corp,4,19,66,240,0.06060606060606061,0.07916666666666666,false
Oak Park 27090,mixed_use_res,unknown,1,6,15,50,0.06666666666666667,0.12,false
Worth 39151,mixed_use_res,lender_reo,3,6,37,104,0.08108108108108109,0.057692307692307696,false
Orland 28040,sfr_1_4,lender_reo,6,6,1338,1338,0.004484304932735426,0.004484304932735426,false
Orland 28103,sfr_1_4,unknown,30,30,1673,1673,0.017931858936043037,0.017931858936043037,false
Northfield 25190,sfr_1_4,llc,2,2,189,189,0.010582010582010581,0.010582010582010581,false
Niles 24023,sfr_1_4,trust,7,7,346,346,0.02023121387283237,0.02023121387283237,false
Jefferson 71200,sfr_1_4,lender_reo,16,24,7151,8207,0.0022374493077891204,0.0029243328865602536,false
Hyde Park 70150,small_mf,unknown,8,52,72,468,0.1111111111111111,0.1111111111111111,false
Cicero 15015,sfr_1_4,trust,5,7,946,1210,0.005285412262156448,0.005785123966942148,false
Lake 72120,small_mf,individual,28,184,53,351,0.5283018867924528,0.5242165242165242,false
West Chicago 77040,mixed_use_res,llc,5,20,69,251,0.07246376811594203,0.0796812749003984,false
Lake 72281,mixed_use_res,unknown,1,2,26,96,0.038461538461538464,0.020833333333333332,false
Lyons 21111,small_mf,unknown,6,40,59,372,0.1016949152542373,0.10752688172043011,false
Hyde Park 70100,small_mf,corp,6,32,149,971,0.040268456375838924,0.032955715756951595,false
Lake 72330,sfr_1_4,estate,3,5,7023,8085,0.00042716787697565144,0.0006184291898577613,false
Bremen 13152,sfr_1_4,individual,503,506,542,545,0.9280442804428044,0.9284403669724771,false
Palatine 29043,condo_unit,trust,6,6,413,413,0.014527845036319613,0.014527845036319613,false
Wheeling 38031,condo_unit,trust,26,26,1854,1854,0.014023732470334413,0.014023732470334413,false
Jefferson 71082,mixed_use_res,unknown,21,71,185,629,0.11351351351351352,0.11287758346581876,false
Lyons 21082,small_mf,llc,10,62,33,222,0.30303030303030304,0.27927927927927926,false
Lyons 21013,small_mf,unknown,2,12,6,36,0.3333333333333333,0.3333333333333333,false
New Trier 23171,condo_unit,individual,284,284,316,316,0.8987341772151899,0.8987341772151899,false
Proviso 31173,sfr_1_4,unknown,1,1,193,193,0.0051813471502590676,0.0051813471502590676,false
Stickney 36041,small_mf,unknown,3,17,35,226,0.08571428571428572,0.0752212389380531,false
Schaumburg 35170,condo_unit,trust,4,4,460,460,0.008695652173913044,0.008695652173913044,false
Worth 39280,sfr_1_4,individual,77,77,79,79,0.9746835443037974,0.9746835443037974,false
Lake 72274,condo_unit,individual,114,114,138,138,0.8260869565217391,0.8260869565217391,false
Jefferson 71371,sfr_1_4,lender_reo,26,30,6044,6548,0.004301786896095301,0.004581551618814905,false
Hyde Park 70220,sfr_1_4,corp,21,33,2723,3175,0.007712082262210797,0.010393700787401575,false
Jefferson 71430,condo_unit,individual,306,306,338,338,0.9053254437869822,0.9053254437869822,false
Jefferson 71074,condo_unit,individual,807,807,929,929,0.868675995694295,0.868675995694295,false
Lake View 73050,other_res,individual,5,5,5,5,,,true
Proviso 31060,sfr_1_4,trust,13,18,2822,3594,0.004606661941885188,0.005008347245409015,false
Jefferson 71171,mixed_use_res,lender_reo,1,4,39,136,0.02564102564102564,0.029411764705882353,false
Jefferson 71463,sfr_1_4,individual,287,301,304,320,0.944078947368421,0.940625,false
Wheeling 38014,condo_unit,corp,4,4,578,578,0.006920415224913495,0.006920415224913495,false
Palos 30011,sfr_1_4,trust,7,7,867,867,0.008073817762399077,0.008073817762399077,false
Bloom 12043,sfr_1_4,partnership,3,3,300,302,0.01,0.009933774834437087,false
Maine 22150,small_mf,llc,10,69,22,148,0.45454545454545453,0.46621621621621623,false
Rogers Park 75031,sfr_1_4,trust,18,26,1541,2225,0.011680726800778715,0.011685393258426966,false
Elk Grove 16096,condo_unit,individual,146,146,152,152,0.9605263157894737,0.9605263157894737,false
Rich 32255,sfr_1_4,trust,1,1,394,396,0.0025380710659898475,0.0025252525252525255,false
Evanston 17013,sfr_1_4,individual,1191,1236,1239,1286,0.9612590799031477,0.9611197511664075,false
Worth 39140,small_mf,llc,16,101,191,1156,0.08376963350785341,0.08737024221453288,false
South Chicago 76042,sfr_1_4,trust,1,1,218,240,0.0045871559633027525,0.004166666666666667,false
Maine 22130,small_mf,llc,6,36,81,486,0.07407407407407407,0.07407407407407407,false
West Chicago 77150,sfr_1_4,llc,70,153,2463,4054,0.028420625253755584,0.03774050320670942,false
Lake View 73031,condo_unit,individual,9121,9121,10096,10096,0.9034270998415214,0.9034270998415214,false
Lake 72193,small_mf,individual,8,51,12,79,0.6666666666666666,0.6455696202531646,false
Lyons 21041,condo_unit,llc,1,1,11,11,0.09090909090909091,0.09090909090909091,false
Thornton 37011,sfr_1_4,unknown,8,8,223,245,0.03587443946188341,0.0326530612244898,false
Proviso 31161,condo_unit,individual,5,5,5,5,,,true
Lake 72330,sfr_1_4,lender_reo,32,35,7023,8085,0.004556457354406949,0.004329004329004329,false
Schaumburg 35109,small_mf,partnership,1,7,3,21,0.3333333333333333,0.3333333333333333,false
Maine 22031,condo_unit,individual,112,112,118,118,0.9491525423728814,0.9491525423728814,false
Bremen 13140,sfr_1_4,partnership,2,2,1186,1186,0.0016863406408094434,0.0016863406408094434,false
West Chicago 77052,small_mf,corp,5,35,153,946,0.032679738562091505,0.03699788583509514,false
Worth 39030,sfr_1_4,unknown,24,24,854,868,0.02810304449648712,0.027649769585253458,false
Lyons 21101,sfr_1_4,unknown,28,29,1001,1116,0.027972027972027972,0.025985663082437275,false
Lake 72271,condo_unit,trust,1,1,62,62,0.016129032258064516,0.016129032258064516,false
Lake 72071,mixed_use_res,individual,53,180,64,210,0.828125,0.8571428571428571,false
Niles 24081,sfr_1_4,lender_reo,14,14,9576,9901,0.0014619883040935672,0.001413998586001414,false
Palos 30092,sfr_1_4,trust,12,12,265,265,0.045283018867924525,0.045283018867924525,false
Lake 72312,sfr_1_4,lender_reo,10,10,2342,2510,0.004269854824935952,0.00398406374501992,false
Wheeling 38023,condo_unit,unknown,22,22,612,612,0.03594771241830065,0.03594771241830065,false
West Chicago 77151,small_mf,trust,1,5,50,326,0.02,0.015337423312883436,false
Elk Grove 16051,sfr_1_4,individual,2988,3117,3094,3239,0.9657401422107305,0.962334053720284,false
Jefferson 71371,sfr_1_4,partnership,3,3,6044,6548,0.0004963600264725347,0.00045815516188149055,false
Lake View 73032,condo_unit,llc,170,170,2569,2569,0.06617360840794083,0.06617360840794083,false
Lake View 73150,mixed_use_res,llc,11,32,42,143,0.2619047619047619,0.22377622377622378,false
Northfield 25190,sfr_1_4,lender_reo,1,1,189,189,0.005291005291005291,0.005291005291005291,false
Lake 72432,sfr_1_4,trust,4,4,294,294,0.013605442176870748,0.013605442176870748,false
Lake 72271,sfr_1_4,trust,62,65,3593,3714,0.017255775118285556,0.017501346257404415,false
Schaumburg 35031,sfr_1_4,partnership,1,1,344,344,0.0029069767441860465,0.0029069767441860465,false
Bloom 12051,sfr_1_4,llc,5,5,467,467,0.010706638115631691,0.010706638115631691,false
Hyde Park 70210,sfr_1_4,corp,33,46,1913,2703,0.017250392054364874,0.01701812800591935,false
West Chicago 77011,sfr_1_4,individual,2391,3463,2531,3687,0.9446858949032003,0.9392459994575536,false
Lemont 19010,mixed_use_res,llc,9,26,51,156,0.17647058823529413,0.16666666666666666,false
Oak Park 27080,small_mf,llc,11,76,44,298,0.25,0.2550335570469799,false
Elk Grove 16012,condo_unit,trust,1,1,510,510,0.00196078431372549,0.00196078431372549,false
Jefferson 71560,small_mf,corp,1,7,2,14,0.5,0.5,false
Hyde Park 70150,sfr_1_4,trust,1,1,311,385,0.003215434083601286,0.0025974025974025974,false
Bloom 12122,sfr_1_4,individual,502,514,554,605,0.9061371841155235,0.8495867768595041,false
Schaumburg 35150,sfr_1_4,trust,1,1,206,206,0.0048543689320388345,0.0048543689320388345,false
Proviso 31080,sfr_1_4,corp,10,10,3763,3862,0.0026574541589157587,0.002589331952356292,false
Proviso 31091,mixed_use_res,corp,2,4,48,164,0.041666666666666664,0.024390243902439025,false
Oak Park 27020,sfr_1_4,llc,10,17,1366,1514,0.007320644216691069,0.011228533685601057,false
Lake View 73110,mixed_use_res,llc,4,16,18,66,0.2222222222222222,0.24242424242424243,false
Bloom 12072,sfr_1_4,unknown,34,34,593,743,0.05733558178752108,0.04576043068640646,false
Hanover 18014,sfr_1_4,corp,1,1,622,622,0.001607717041800643,0.001607717041800643,false
Hyde Park 70180,sfr_1_4,unknown,262,282,3829,4100,0.06842517628623662,0.06878048780487805,false
Rich 32230,sfr_1_4,lender_reo,3,3,750,750,0.004,0.004,false
Elk Grove 16051,condo_unit,individual,658,658,695,695,0.9467625899280575,0.9467625899280575,false
Cicero 15020,mixed_use_res,individual,18,59,20,67,0.9,0.8805970149253731,false
Worth 39080,sfr_1_4,unknown,139,143,5068,5245,0.027426992896606155,0.027264061010486177,false
West Chicago 77091,sfr_1_4,corp,62,151,3814,7645,0.016255899318300997,0.0197514715500327,false
Elk Grove 16070,condo_unit,llc,5,5,396,396,0.012626262626262626,0.012626262626262626,false
Lake View 73063,condo_unit,corp,17,17,4009,4009,0.004240458967323522,0.004240458967323522,false
Niles 24031,condo_unit,unknown,83,83,3568,3568,0.023262331838565024,0.023262331838565024,false
Cicero 15065,sfr_1_4,unknown,26,44,1090,1794,0.023853211009174313,0.024526198439241916,false
Worth 39080,condo_unit,llc,30,30,1439,1439,0.020847810979847115,0.020847810979847115,false
Wheeling 38051,condo_unit,trust,5,5,554,554,0.009025270758122744,0.009025270758122744,false
Lake View 73120,mixed_use_res,llc,19,65,55,197,0.34545454545454546,0.3299492385786802,false
Wheeling 38023,small_mf,partnership,1,7,84,510,0.011904761904761904,0.013725490196078431,false
Cicero 15072,sfr_1_4,unknown,12,14,676,917,0.01775147928994083,0.015267175572519083,false
Lake 72151,mixed_use_res,individual,3,11,5,19,0.6,0.5789473684210527,false
Leyden 20081,sfr_1_4,llc,12,16,2403,2598,0.004993757802746567,0.006158583525789068,false
Worth 39010,small_mf,individual,6,37,9,58,0.6666666666666666,0.6379310344827587,false
Wheeling 38072,condo_unit,individual,589,589,652,652,0.9033742331288344,0.9033742331288344,false
Hyde Park 70100,small_mf,unknown,28,190,149,971,0.18791946308724833,0.1956745623069001,false
Lake 72061,mixed_use_res,individual,7,24,7,24,1.0,1.0,false
Berwyn 11030,sfr_1_4,llc,9,13,1570,1727,0.005732484076433121,0.007527504342790967,false
Maine 22080,condo_unit,individual,36,36,39,39,0.9230769230769231,0.9230769230769231,false
Northfield 25190,sfr_1_4,trust,3,3,189,189,0.015873015873015872,0.015873015873015872,false
Palatine 29041,condo_unit,corp,1,1,176,176,0.005681818181818182,0.005681818181818182,false
Niles 24031,small_mf,llc,33,219,162,1048,0.2037037037037037,0.20896946564885496,false
Lake 72092,mixed_use_res,corp,3,10,28,96,0.10714285714285714,0.10416666666666667,false
Palos 30030,mixed_use_res,unknown,7,38,19,76,0.3684210526315789,0.5,false
Hanover 18011,condo_unit,trust,2,2,408,408,0.004901960784313725,0.004901960784313725,false
Lyons 21200,sfr_1_4,lender_reo,1,1,280,280,0.0035714285714285713,0.0035714285714285713,false
Lake 72200,mixed_use_res,corp,4,22,57,197,0.07017543859649122,0.1116751269035533,false
Thornton 37162,small_mf,llc,4,28,15,100,0.26666666666666666,0.28,false
West Chicago 77115,sfr_1_4,partnership,3,6,7770,14100,0.0003861003861003861,0.000425531914893617,false
Schaumburg 35090,sfr_1_4,unknown,44,44,1927,1927,0.022833419823559936,0.022833419823559936,false
Rogers Park 75031,small_mf,lender_reo,1,5,379,2595,0.002638522427440633,0.0019267822736030828,false
Evanston 17060,small_mf,unknown,8,52,23,149,0.34782608695652173,0.348993288590604,false
West Chicago 77102,mixed_use_res,unknown,9,31,137,477,0.06569343065693431,0.0649895178197065,false
Hyde Park 70070,sfr_1_4,llc,204,385,2952,4754,0.06910569105691057,0.08098443416070678,false
Palos 30061,condo_unit,unknown,9,9,383,383,0.02349869451697128,0.02349869451697128,false
Palos 30051,condo_unit,lender_reo,1,1,232,232,0.004310344827586207,0.004310344827586207,false
Bremen 13100,sfr_1_4,lender_reo,3,3,816,817,0.003676470588235294,0.0036719706242350062,false
North Chicago 74013,condo_unit,lender_reo,1,1,1796,1796,0.0005567928730512249,0.0005567928730512249,false
Northfield 25132,sfr_1_4,llc,12,12,2192,2202,0.005474452554744526,0.005449591280653951,false
Wheeling 38070,condo_unit,individual,623,623,684,684,0.9108187134502924,0.9108187134502924,false
Lake View 73031,small_mf,lender_reo,1,6,473,3176,0.0021141649048625794,0.001889168765743073,false
Lyons 21062,condo_unit,trust,18,18,388,388,0.04639175257731959,0.04639175257731959,false
Hyde Park 70083,sfr_1_4,partnership,2,5,743,1215,0.0026917900403768506,0.00411522633744856,false
Bremen 13312,mixed_use_res,individual,1,2,2,8,,,true
Thornton 37183,small_mf,llc,5,32,19,127,0.2631578947368421,0.25196850393700787,false
Schaumburg 35072,sfr_1_4,trust,6,6,1029,1029,0.0058309037900874635,0.0058309037900874635,false
Wheeling 38080,sfr_1_4,llc,2,2,2041,2041,0.0009799118079372856,0.0009799118079372856,false
Lake View 73042,small_mf,individual,68,459,140,940,0.4857142857142857,0.48829787234042554,false
Lyons 21091,sfr_1_4,individual,2323,3169,2425,3323,0.9579381443298969,0.9536563346373759,false
Oak Park 27060,mixed_use_res,individual,7,20,12,40,0.5833333333333334,0.5,false
Leyden 20011,small_mf,unknown,1,7,11,77,0.09090909090909091,0.09090909090909091,false
Schaumburg 35106,sfr_1_4,individual,126,126,132,132,0.9545454545454546,0.9545454545454546,false
West Chicago 77115,sfr_1_4,coop_corp,1,2,7770,14100,0.0001287001287001287,0.00014184397163120567,false
Lake 72051,sfr_1_4,corp,7,10,1098,1922,0.006375227686703097,0.005202913631633715,false
Leyden 20010,condo_unit,llc,8,8,245,245,0.0326530612244898,0.0326530612244898,false
Worth 39151,small_mf,partnership,2,14,31,207,0.06451612903225806,0.06763285024154589,false
Proviso 31080,mixed_use_res,trust,1,4,21,85,0.047619047619047616,0.047058823529411764,false
Proviso 31210,sfr_1_4,trust,5,5,753,770,0.006640106241699867,0.006493506493506494,false
South Chicago 76060,small_mf,llc,14,90,58,364,0.2413793103448276,0.24725274725274726,false
Worth 39220,sfr_1_4,llc,7,7,362,380,0.019337016574585635,0.018421052631578946,false
Lake View 73093,small_mf,corp,2,14,126,823,0.015873015873015872,0.01701093560145808,false
Rich 32330,sfr_1_4,trust,1,1,146,146,0.00684931506849315,0.00684931506849315,false
Thornton 37061,sfr_1_4,individual,3269,3672,3561,4011,0.9180005616399888,0.9154824233358265,false
Evanston 17060,sfr_1_4,trust,4,5,1033,1383,0.003872216844143272,0.0036153289949385392,false
Schaumburg 35170,sfr_1_4,llc,4,4,1127,1127,0.00354924578527063,0.00354924578527063,false
Oak Park 27040,sfr_1_4,partnership,1,4,493,632,0.002028397565922921,0.006329113924050633,false
Bloom 12072,sfr_1_4,llc,6,9,593,743,0.01011804384485666,0.012113055181695828,false
Lake View 73050,condo_unit,corp,8,8,3780,3780,0.0021164021164021165,0.0021164021164021165,false
Calumet 14030,small_mf,unknown,6,39,101,676,0.0594059405940594,0.057692307692307696,false
Barrington 10011,sfr_1_4,corp,2,2,177,177,0.011299435028248588,0.011299435028248588,false
Lyons 21012,condo_unit,unknown,12,12,20,20,0.6,0.6,false
Riverside 34070,sfr_1_4,trust,4,6,578,629,0.006920415224913495,0.009538950715421303,false
West Chicago 77120,condo_unit,llc,604,604,5079,5079,0.11892104745028549,0.11892104745028549,false
Lake View 73031,small_mf,trust,4,27,473,3176,0.008456659619450317,0.00850125944584383,false
Lake 72282,mixed_use_res,unknown,3,8,29,105,0.10344827586206896,0.0761904761904762,false
Maine 22070,sfr_1_4,lender_reo,1,1,893,893,0.0011198208286674132,0.0011198208286674132,false
South Chicago 76050,sfr_1_4,unknown,94,164,3383,5140,0.027785988767366245,0.031906614785992216,false
Bloom 12022,sfr_1_4,corp,2,2,1598,1598,0.0012515644555694619,0.0012515644555694619,false
Schaumburg 35020,sfr_1_4,lender_reo,3,3,2907,2907,0.0010319917440660474,0.0010319917440660474,false
Lake View 73050,mixed_use_res,llc,6,21,15,44,0.4,0.4772727272727273,false
Lyons 21111,mixed_use_res,llc,1,2,12,39,0.08333333333333333,0.05128205128205128,false
Lake 72200,condo_unit,llc,1,1,73,73,0.0136986301369863,0.0136986301369863,false
Schaumburg 35080,sfr_1_4,llc,7,7,1107,1108,0.006323396567299007,0.00631768953068592,false
Worth 39180,condo_unit,lender_reo,2,2,48,48,0.041666666666666664,0.041666666666666664,false
Evanston 17042,sfr_1_4,unknown,10,11,492,512,0.02032520325203252,0.021484375,false
Lake View 73012,condo_unit,llc,91,91,1195,1195,0.07615062761506276,0.07615062761506276,false
Worth 39131,mixed_use_res,individual,6,13,6,13,1.0,1.0,false
Orland 28043,sfr_1_4,unknown,45,45,2179,2180,0.02065167508031207,0.020642201834862386,false
Thornton 37021,sfr_1_4,trust,17,20,3938,4092,0.004316912138141189,0.004887585532746823,false
Berwyn 11020,condo_unit,trust,3,3,173,173,0.017341040462427744,0.017341040462427744,false
Rich 32227,sfr_1_4,individual,92,92,97,97,0.9484536082474226,0.9484536082474226,false
Niles 24032,small_mf,corp,2,14,6,40,0.3333333333333333,0.35,false
South Chicago 76030,condo_unit,llc,35,35,1380,1380,0.025362318840579712,0.025362318840579712,false
Hanover 18012,sfr_1_4,llc,10,10,2179,2179,0.004589261128958238,0.004589261128958238,false
Rich 32226,sfr_1_4,individual,842,842,935,935,0.9005347593582887,0.9005347593582887,false
Thornton 37181,sfr_1_4,trust,28,33,4252,4561,0.00658513640639699,0.00723525542644157,false
Orland 28102,sfr_1_4,individual,92,92,93,93,0.989247311827957,0.989247311827957,false
Northfield 25160,sfr_1_4,llc,19,21,1846,1862,0.010292524377031419,0.011278195488721804,false
Rich 32120,sfr_1_4,unknown,132,132,3004,3004,0.043941411451398134,0.043941411451398134,false
Maine 22040,condo_unit,unknown,3,3,23,23,0.13043478260869565,0.13043478260869565,false
Northfield 25011,condo_unit,lender_reo,1,1,1579,1579,0.0006333122229259025,0.0006333122229259025,false
Cicero 15080,mixed_use_res,corp,2,12,26,87,0.07692307692307693,0.13793103448275862,false
Lake View 73063,small_mf,corp,10,67,96,645,0.10416666666666667,0.10387596899224806,false
Riverside 34040,sfr_1_4,individual,50,78,53,84,0.9433962264150944,0.9285714285714286,false
Lyons 21133,sfr_1_4,lender_reo,1,1,166,166,0.006024096385542169,0.006024096385542169,false
Thornton 37200,condo_unit,unknown,23,23,575,575,0.04,0.04,false
Maine 22080,mixed_use_res,trust,2,6,12,41,0.16666666666666666,0.14634146341463414,false
Jefferson 71250,small_mf,trust,2,13,21,129,0.09523809523809523,0.10077519379844961,false
Niles 24032,mixed_use_res,llc,2,4,7,21,0.2857142857142857,0.19047619047619047,false
Evanston 17090,small_mf,unknown,8,55,39,270,0.20512820512820512,0.2037037037037037,false
Rogers Park 75032,small_mf,corp,2,13,102,696,0.0196078431372549,0.01867816091954023,false
Wheeling 38090,small_mf,lender_reo,1,6,117,710,0.008547008547008548,0.008450704225352112,false
Lake View 73031,sfr_1_4,trust,37,65,1852,3369,0.01997840172786177,0.0192935589195607,false
Lake View 73050,small_mf,corp,24,165,279,1889,0.08602150537634409,0.08734780307040763,false
West Chicago 77060,condo_unit,llc,119,119,1638,1638,0.07264957264957266,0.07264957264957266,false
Maine 22080,sfr_1_4,unknown,107,108,4290,4473,0.024941724941724943,0.02414486921529175,false
Proviso 31092,condo_unit,llc,11,11,197,197,0.05583756345177665,0.05583756345177665,false
West Chicago 77101,sfr_1_4,individual,1196,1988,1389,2354,0.8610511159107271,0.8445199660152931,false
New Trier 23011,sfr_1_4,individual,369,369,390,390,0.9461538461538461,0.9461538461538461,false
Hyde Park 70121,sfr_1_4,individual,938,1098,1067,1252,0.8791002811621368,0.8769968051118211,false
Palatine 29120,sfr_1_4,unknown,3,3,140,140,0.02142857142857143,0.02142857142857143,false
Bremen 13260,sfr_1_4,llc,65,65,2003,2003,0.032451323015476784,0.032451323015476784,false
Rich 32275,sfr_1_4,individual,86,86,91,91,0.945054945054945,0.945054945054945,false
West Chicago 77120,mixed_use_res,llc,75,266,381,1322,0.1968503937007874,0.20121028744326777,false
Rich 32010,sfr_1_4,trust,4,4,1265,1265,0.0031620553359683794,0.0031620553359683794,false
South Chicago 76050,mixed_use_res,unknown,12,43,151,540,0.07947019867549669,0.07962962962962963,false
Jefferson 71250,small_mf,lender_reo,1,5,21,129,0.047619047619047616,0.03875968992248062,false
Elk Grove 16070,condo_unit,unknown,8,8,396,396,0.020202020202020204,0.020202020202020204,false
Jefferson 71402,sfr_1_4,llc,17,49,1111,1629,0.0153015301530153,0.030079803560466543,false
Palos 30071,sfr_1_4,llc,2,2,447,447,0.0044742729306487695,0.0044742729306487695,false
Elk Grove 16010,sfr_1_4,corp,2,2,2050,2050,0.000975609756097561,0.000975609756097561,false
Elk Grove 16011,condo_unit,unknown,206,206,2917,2917,0.07062050051422694,0.07062050051422694,false
Oak Park 27010,small_mf,corp,2,14,16,110,0.125,0.12727272727272726,false
Hyde Park 70111,condo_unit,corp,1,1,52,52,0.019230769230769232,0.019230769230769232,false
Worth 39110,condo_unit,individual,265,265,316,316,0.8386075949367089,0.8386075949367089,false
Schaumburg 35140,sfr_1_4,unknown,2,2,96,96,0.020833333333333332,0.020833333333333332,false
Proviso 31091,condo_unit,corp,4,4,1636,1636,0.0024449877750611247,0.0024449877750611247,false
Schaumburg 35101,condo_unit,unknown,103,103,3489,3489,0.029521352823158497,0.029521352823158497,false
West Chicago 77102,sfr_1_4,unknown,265,575,5220,10368,0.05076628352490421,0.05545910493827161,false
Palos 30080,small_mf,llc,1,7,1,7,,,true
Stickney 36050,small_mf,unknown,2,13,37,234,0.05405405405405406,0.05555555555555555,false
Proviso 31050,condo_unit,unknown,10,10,180,180,0.05555555555555555,0.05555555555555555,false
Calumet 14010,sfr_1_4,lender_reo,2,2,467,512,0.004282655246252677,0.00390625,false
Bremen 13260,condo_unit,individual,167,167,186,186,0.8978494623655914,0.8978494623655914,false
Lemont 19060,sfr_1_4,lender_reo,4,4,2804,2804,0.0014265335235378032,0.0014265335235378032,false
Worth 39330,condo_unit,individual,56,56,57,57,0.9824561403508771,0.9824561403508771,false
West Chicago 77103,condo_unit,lender_reo,1,1,492,492,0.0020325203252032522,0.0020325203252032522,false
Jefferson 71280,sfr_1_4,individual,1274,2062,1321,2148,0.9644208932626798,0.9599627560521415,false
Schaumburg 35072,sfr_1_4,individual,865,865,1029,1029,0.8406219630709426,0.8406219630709426,false
New Trier 23150,mixed_use_res,trust,1,3,4,11,0.25,0.2727272727272727,false
Jefferson 71270,sfr_1_4,corp,8,12,1731,2440,0.00462160600808781,0.004918032786885246,false
Jefferson 71010,condo_unit,lender_reo,1,1,91,91,0.01098901098901099,0.01098901098901099,false
Jefferson 71520,sfr_1_4,trust,8,17,950,1671,0.008421052631578947,0.010173548773189706,false
Proviso 31020,sfr_1_4,corp,19,20,3302,3391,0.005754088431253785,0.005897965202005308,false
Jefferson 71021,condo_unit,trust,5,5,81,81,0.06172839506172839,0.06172839506172839,false
West Chicago 77102,small_mf,unknown,50,333,332,2186,0.15060240963855423,0.15233302836230558,false
Oak Park 27050,mixed_use_res,llc,4,16,17,58,0.23529411764705882,0.27586206896551724,false
Rich 32190,sfr_1_4,unknown,61,61,630,630,0.09682539682539683,0.09682539682539683,false
Bloom 12072,sfr_1_4,trust,2,5,593,743,0.003372681281618887,0.006729475100942127,false
Leyden 20081,condo_unit,unknown,26,26,622,622,0.04180064308681672,0.04180064308681672,false
Bloom 12162,small_mf,individual,1,7,13,79,0.07692307692307693,0.08860759493670886,false
Maine 22120,sfr_1_4,corp,1,1,1075,1078,0.0009302325581395349,0.0009276437847866419,false
Hanover 18050,mixed_use_res,partnership,1,3,11,37,0.09090909090909091,0.08108108108108109,false
Palatine 29050,condo_unit,unknown,12,12,312,312,0.038461538461538464,0.038461538461538464,false
Worth 39151,small_mf,llc,7,49,31,207,0.22580645161290322,0.23671497584541062,false
Thornton 37024,small_mf,llc,34,227,165,1085,0.20606060606060606,0.20921658986175115,false
Thornton 37121,sfr_1_4,unknown,133,139,2514,2625,0.05290373906125696,0.05295238095238095,false
Lemont 19011,condo_unit,individual,25,25,30,30,0.8333333333333334,0.8333333333333334,false
Jefferson 71390,condo_unit,lender_reo,10,10,2771,2771,0.003608805485384338,0.003608805485384338,false
Barrington 10030,sfr_1_4,trust,1,1,130,130,0.007692307692307693,0.007692307692307693,false
Proviso 31042,sfr_1_4,trust,6,12,1557,2343,0.0038535645472061657,0.005121638924455826,false
Jefferson 71362,small_mf,llc,20,134,58,379,0.3448275862068966,0.35356200527704484,false
Hyde Park 70130,sfr_1_4,unknown,211,227,4445,4752,0.047469066366704164,0.04776936026936027,false
Orland 28022,sfr_1_4,llc,26,52,1369,1632,0.018991964937910884,0.031862745098039214,false
Evanston 17210,small_mf,individual,2,14,4,26,0.5,0.5384615384615384,false
Rich 32255,small_mf,individual,1,7,4,28,0.25,0.25,false
Schaumburg 35109,small_mf,individual,2,14,3,21,0.6666666666666666,0.6666666666666666,false
Lake View 73031,small_mf,corp,24,167,473,3176,0.0507399577167019,0.05258186397984887,false
Northfield 25200,condo_unit,individual,975,975,1062,1062,0.9180790960451978,0.9180790960451978,false
Riverside 34020,sfr_1_4,corp,5,5,1871,1948,0.002672367717797969,0.002566735112936345,false
Jefferson 71050,condo_unit,individual,769,769,890,890,0.8640449438202247,0.8640449438202247,false
West Chicago 77013,condo_unit,individual,154,154,226,226,0.6814159292035398,0.6814159292035398,false
West Chicago 77131,mixed_use_res,unknown,19,65,91,308,0.2087912087912088,0.21103896103896103,false
Lake 72323,sfr_1_4,corp,1,1,971,988,0.0010298661174047373,0.0010121457489878543,false
North Chicago 74013,mixed_use_res,unknown,5,20,15,51,0.3333333333333333,0.39215686274509803,false
Lake View 73031,mixed_use_res,llc,23,88,106,378,0.2169811320754717,0.2328042328042328,false
Palos 30053,small_mf,individual,7,38,8,44,0.875,0.8636363636363636,false
Worth 39081,sfr_1_4,individual,434,434,454,454,0.9559471365638766,0.9559471365638766,false
Rich 32180,small_mf,partnership,1,6,33,199,0.030303030303030304,0.03015075376884422,false
Hanover 18070,small_mf,corp,1,6,48,312,0.020833333333333332,0.019230769230769232,false
Worth 39160,condo_unit,unknown,110,110,1152,1152,0.0954861111111111,0.0954861111111111,false
Hanover 18050,condo_unit,trust,5,5,797,797,0.006273525721455458,0.006273525721455458,false
West Chicago 77013,mixed_use_res,individual,97,361,126,485,0.7698412698412699,0.7443298969072165,false
West Chicago 77132,sfr_1_4,llc,66,150,1698,2676,0.038869257950530034,0.05605381165919283,false
Bloom 12111,sfr_1_4,unknown,37,54,841,1110,0.04399524375743163,0.04864864864864865,false
Proviso 31190,sfr_1_4,corp,3,8,762,958,0.003937007874015748,0.008350730688935281,false
Worth 39020,small_mf,individual,8,51,10,64,0.8,0.796875,false
Hyde Park 70030,sfr_1_4,individual,3928,6490,4700,7901,0.8357446808510638,0.8214150107581318,false
Lake View 73084,sfr_1_4,individual,1944,3597,2305,4498,0.8433839479392625,0.7996887505558026,false
Jefferson 71402,small_mf,trust,2,10,45,282,0.044444444444444446,0.03546099290780142,false
Cicero 15030,sfr_1_4,lender_reo,6,8,3863,5396,0.001553196997152472,0.0014825796886582653,false
Jefferson 71021,condo_unit,llc,1,1,81,81,0.012345679012345678,0.012345679012345678,false
Lyons 21032,small_mf,individual,11,77,26,177,0.4230769230769231,0.4350282485875706,false
Lyons 21042,small_mf,individual,39,217,63,360,0.6190476190476191,0.6027777777777777,false
Schaumburg 35170,condo_unit,unknown,35,35,460,460,0.07608695652173914,0.07608695652173914,false
Rich 32175,sfr_1_4,partnership,16,16,703,703,0.02275960170697013,0.02275960170697013,false
Palatine 29110,sfr_1_4,corp,1,1,182,182,0.005494505494505495,0.005494505494505495,false
Lyons 21200,sfr_1_4,unknown,10,10,280,280,0.03571428571428571,0.03571428571428571,false
Jefferson 71071,sfr_1_4,unknown,70,98,2831,3731,0.02472624514305899,0.02626641651031895,false
Schaumburg 35030,sfr_1_4,individual,2072,2072,2206,2206,0.9392565729827742,0.9392565729827742,false
Wheeling 38072,small_mf,individual,9,62,11,76,0.8181818181818182,0.8157894736842105,false
Lake 72380,small_mf,corp,3,18,135,905,0.022222222222222223,0.019889502762430938,false
North Chicago 74030,sfr_1_4,unknown,6,8,116,126,0.05172413793103448,0.06349206349206349,false
Lake 72345,condo_unit,corp,3,3,77,77,0.03896103896103896,0.03896103896103896,false
Northfield 25140,sfr_1_4,llc,1,1,346,346,0.002890173410404624,0.002890173410404624,false
Oak Park 27010,sfr_1_4,trust,31,31,1279,1286,0.024237685691946835,0.02410575427682737,false
Riverside 34080,condo_unit,llc,11,11,155,155,0.07096774193548387,0.07096774193548387,false
Wheeling 38011,condo_unit,individual,286,286,301,301,0.9501661129568106,0.9501661129568106,false
Orland 28061,sfr_1_4,lender_reo,1,1,872,872,0.0011467889908256881,0.0011467889908256881,false
Northfield 25011,small_mf,lender_reo,1,6,77,462,0.012987012987012988,0.012987012987012988,false
Leyden 20050,condo_unit,individual,59,59,60,60,0.9833333333333333,0.9833333333333333,false
Maine 22050,sfr_1_4,llc,8,8,2482,2509,0.0032232070910556,0.0031885213232363493,false
Bremen 13315,sfr_1_4,corp,1,1,187,187,0.0053475935828877,0.0053475935828877,false
West Chicago 77101,sfr_1_4,unknown,74,130,1389,2354,0.05327573794096472,0.055225148683092605,false
Evanston 17210,sfr_1_4,trust,3,3,516,732,0.005813953488372093,0.004098360655737705,false
Lake View 73081,condo_unit,trust,23,23,2154,2154,0.010677808727948004,0.010677808727948004,false
West Chicago 77052,condo_unit,trust,6,6,797,797,0.0075282308657465494,0.0075282308657465494,false
Hanover 18080,sfr_1_4,individual,117,118,144,147,0.8125,0.8027210884353742,false
Lake 72221,mixed_use_res,llc,2,6,54,188,0.037037037037037035,0.031914893617021274,false
Northfield 25300,sfr_1_4,unknown,1,1,103,103,0.009708737864077669,0.009708737864077669,false
Leyden 20030,sfr_1_4,llc,16,16,3979,4123,0.004021110831867303,0.003880669415474169,false
Lake View 73092,sfr_1_4,llc,13,41,152,337,0.08552631578947369,0.12166172106824925,false
Niles 24052,condo_unit,unknown,57,57,996,996,0.0572289156626506,0.0572289156626506,false
Northfield 25270,condo_unit,individual,48,48,48,48,1.0,1.0,false
Leyden 20080,mixed_use_res,trust,1,2,46,152,0.021739130434782608,0.013157894736842105,false
North Chicago 74012,condo_unit,partnership,1,1,8283,8283,0.00012072920439454304,0.00012072920439454304,false
Proviso 31034,small_mf,unknown,23,140,130,809,0.17692307692307693,0.173053152039555,false
Lake View 73081,sfr_1_4,trust,45,57,2100,3193,0.02142857142857143,0.017851550266207328,false
North Chicago 74013,mixed_use_res,llc,2,6,15,51,0.13333333333333333,0.11764705882352941,false
Hyde Park 70030,small_mf,lender_reo,2,14,346,2277,0.005780346820809248,0.006148440931049627,false
Hyde Park 70100,mixed_use_res,llc,8,29,100,347,0.08,0.08357348703170028,false
Worth 39131,small_mf,corp,2,12,41,262,0.04878048780487805,0.04580152671755725,false
Lake View 73042,condo_unit,trust,3,3,750,750,0.004,0.004,false
Maine 22022,sfr_1_4,individual,373,373,383,383,0.9738903394255874,0.9738903394255874,false
Northfield 25280,sfr_1_4,llc,1,1,256,256,0.00390625,0.00390625,false
Palatine 29060,condo_unit,unknown,44,44,1607,1607,0.027380211574362167,0.027380211574362167,false
Proviso 31041,sfr_1_4,individual,1134,1305,1195,1378,0.9489539748953975,0.9470246734397678,false
Maine 22091,small_mf,llc,1,7,22,135,0.045454545454545456,0.05185185185185185,false
Oak Park 27060,condo_unit,individual,154,154,165,165,0.9333333333333333,0.9333333333333333,false
Cicero 15072,sfr_1_4,corp,4,4,676,917,0.005917159763313609,0.004362050163576881,false
Lyons 21032,small_mf,llc,12,79,26,177,0.46153846153846156,0.4463276836158192,false
Cicero 15015,sfr_1_4,llc,4,5,946,1210,0.004228329809725159,0.004132231404958678,false
Leyden 20081,condo_unit,trust,6,6,622,622,0.00964630225080386,0.00964630225080386,false
Palos 30011,condo_unit,llc,2,2,364,364,0.005494505494505495,0.005494505494505495,false
Worth 39160,condo_unit,individual,978,978,1152,1152,0.8489583333333334,0.8489583333333334,false
Orland 28012,sfr_1_4,lender_reo,3,3,358,358,0.008379888268156424,0.008379888268156424,false
Jefferson 71461,condo_unit,llc,2,2,43,43,0.046511627906976744,0.046511627906976744,false
Palatine 29060,small_mf,individual,35,225,48,307,0.7291666666666666,0.7328990228013029,false
Cicero 15090,mixed_use_res,llc,1,2,3,7,,,true
Orland 28043,condo_unit,corp,1,1,850,850,0.001176470588235294,0.001176470588235294,false
Proviso 31151,sfr_1_4,trust,7,8,333,337,0.021021021021021023,0.02373887240356083,false
Lake 72312,sfr_1_4,corp,35,44,2342,2510,0.014944491887275833,0.01752988047808765,false
Bremen 13170,mixed_use_res,llc,4,8,31,100,0.12903225806451613,0.08,false
West Chicago 77104,sfr_1_4,corp,1,1,142,142,0.007042253521126761,0.007042253521126761,false
Riverside 34020,sfr_1_4,individual,1782,1847,1871,1948,0.9524318546231961,0.9481519507186859,false
Northfield 25021,sfr_1_4,llc,10,10,1784,1784,0.005605381165919282,0.005605381165919282,false
Rich 32100,sfr_1_4,unknown,4,4,141,141,0.028368794326241134,0.028368794326241134,false
New Trier 23171,sfr_1_4,trust,6,6,190,192,0.031578947368421054,0.03125,false
Bloom 12042,sfr_1_4,trust,5,6,685,690,0.0072992700729927005,0.008695652173913044,false
Niles 24051,sfr_1_4,estate,1,1,3685,3793,0.000271370420624152,0.0002636435539151068,false
Proviso 31050,condo_unit,corp,1,1,180,180,0.005555555555555556,0.005555555555555556,false
Leyden 20011,condo_unit,trust,5,5,308,308,0.016233766233766232,0.016233766233766232,false
Bremen 13270,condo_unit,individual,120,120,126,126,0.9523809523809523,0.9523809523809523,false
Palos 30053,sfr_1_4,lender_reo,1,1,924,974,0.0010822510822510823,0.001026694045174538,false
Worth 39410,sfr_1_4,llc,1,1,51,51,0.0196078431372549,0.0196078431372549,false
West Chicago 77120,sfr_1_4,individual,2769,4680,3166,5552,0.8746051800379027,0.8429394812680115,false
Jefferson 71082,condo_unit,corp,31,31,1874,1874,0.016542155816435433,0.016542155816435433,false
Thornton 37024,small_mf,corp,7,45,165,1085,0.04242424242424243,0.041474654377880185,false
Hyde Park 70030,condo_unit,llc,13,13,121,121,0.10743801652892562,0.10743801652892562,false
New Trier 23043,sfr_1_4,corp,1,1,460,461,0.002173913043478261,0.0021691973969631237,false
Palatine 29082,small_mf,unknown,1,7,5,35,0.2,0.2,false
Jefferson 71071,sfr_1_4,partnership,2,5,2831,3731,0.0007064641469445425,0.0013401232913428035,false
Lake View 73120,sfr_1_4,trust,8,10,649,1108,0.012326656394453005,0.009025270758122744,false
Lyons 21091,condo_unit,individual,25,25,27,27,0.9259259259259259,0.9259259259259259,false
Palos 30054,condo_unit,unknown,29,29,678,678,0.04277286135693215,0.04277286135693215,false
Proviso 31060,sfr_1_4,partnership,1,1,2822,3594,0.00035435861091424523,0.0002782415136338342,false
Proviso 31104,sfr_1_4,individual,2138,2184,2254,2305,0.9485359361135759,0.9475054229934924,false
Worth 39060,sfr_1_4,lender_reo,9,9,1547,1550,0.005817711700064641,0.005806451612903226,false
Rich 32180,sfr_1_4,trust,2,2,351,351,0.005698005698005698,0.005698005698005698,false
Wheeling 38040,sfr_1_4,corp,3,3,4184,4193,0.0007170172084130019,0.0007154781779155736,false
Schaumburg 35102,sfr_1_4,unknown,4,4,192,192,0.020833333333333332,0.020833333333333332,false
Rogers Park 75031,sfr_1_4,individual,1447,2057,1541,2225,0.9390006489292667,0.9244943820224719,false
Lake View 73060,small_mf,trust,1,6,120,820,0.008333333333333333,0.007317073170731708,false
Jefferson 71074,small_mf,unknown,13,91,76,512,0.17105263157894737,0.177734375,false
West Chicago 77103,sfr_1_4,partnership,6,7,951,1702,0.006309148264984227,0.004112808460634548,false
South Chicago 76041,sfr_1_4,corp,6,10,841,1191,0.007134363852556481,0.008396305625524769,false
Lyons 21084,condo_unit,individual,318,318,346,346,0.9190751445086706,0.9190751445086706,false
Palos 30053,condo_unit,llc,1,1,204,204,0.004901960784313725,0.004901960784313725,false
Rogers Park 75021,condo_unit,trust,3,3,543,543,0.0055248618784530384,0.0055248618784530384,false
Evanston 17220,sfr_1_4,individual,750,892,784,951,0.9566326530612245,0.9379600420609885,false
Wheeling 38048,sfr_1_4,unknown,9,9,272,272,0.03308823529411765,0.03308823529411765,false
Proviso 31010,small_mf,unknown,1,7,15,101,0.06666666666666667,0.06930693069306931,false
Wheeling 38050,condo_unit,trust,17,17,490,490,0.03469387755102041,0.03469387755102041,false
West Chicago 77115,mixed_use_res,corp,4,16,464,1719,0.008620689655172414,0.009307737056428156,false
Proviso 31103,condo_unit,llc,2,2,97,97,0.020618556701030927,0.020618556701030927,false
Berwyn 11060,small_mf,llc,17,116,69,458,0.2463768115942029,0.25327510917030566,false
Lake View 73042,small_mf,llc,38,254,140,940,0.2714285714285714,0.2702127659574468,false
Evanston 17120,sfr_1_4,individual,1217,1300,1252,1339,0.9720447284345048,0.970873786407767,false
Maine 22110,sfr_1_4,unknown,34,34,1419,1454,0.023960535588442564,0.023383768913342505,false
Leyden 20040,condo_unit,unknown,1,1,38,38,0.02631578947368421,0.02631578947368421,false
West Chicago 77103,mixed_use_res,individual,20,67,38,141,0.5263157894736842,0.475177304964539,false
South Chicago 76012,condo_unit,individual,2426,2426,2670,2670,0.9086142322097378,0.9086142322097378,false
West Chicago 77132,condo_unit,corp,7,7,2464,2464,0.002840909090909091,0.002840909090909091,false
Jefferson 71074,sfr_1_4,individual,1295,1600,1398,1744,0.9263233190271817,0.9174311926605505,false
Maine 22142,sfr_1_4,individual,64,64,73,73,0.8767123287671232,0.8767123287671232,false
Proviso 31032,mixed_use_res,unknown,1,4,5,16,0.2,0.25,false
Lyons 21165,sfr_1_4,individual,443,443,473,473,0.9365750528541226,0.9365750528541226,false
Worth 39040,condo_unit,unknown,31,31,822,822,0.037712895377128956,0.037712895377128956,false
Northfield 25021,sfr_1_4,lender_reo,1,1,1784,1784,0.0005605381165919282,0.0005605381165919282,false
Worth 39160,small_mf,llc,11,74,51,347,0.21568627450980393,0.2132564841498559,false
Worth 39210,condo_unit,unknown,65,65,1460,1460,0.04452054794520548,0.04452054794520548,false
Worth 39260,mixed_use_res,llc,1,2,3,6,,,true
Bremen 13280,small_mf,unknown,1,7,1,7,,,true
Worth 39071,small_mf,corp,2,12,72,463,0.027777777777777776,0.02591792656587473,false
Rich 32160,sfr_1_4,unknown,51,51,553,553,0.0922242314647378,0.0922242314647378,false
Jefferson 71371,condo_unit,corp,10,10,562,562,0.017793594306049824,0.017793594306049824,false
Bloom 12191,sfr_1_4,individual,94,94,99,99,0.9494949494949495,0.9494949494949495,false
Bloom 12022,condo_unit,individual,220,220,226,226,0.9734513274336283,0.9734513274336283,false
Schaumburg 35170,mixed_use_res,individual,1,2,1,2,,,true
Rich 32045,sfr_1_4,individual,552,576,578,602,0.9550173010380623,0.9568106312292359,false
Rich 32181,condo_unit,individual,94,94,100,100,0.94,0.94,false
Bloom 12021,sfr_1_4,trust,6,6,823,823,0.007290400972053463,0.007290400972053463,false
Lake 72423,condo_unit,unknown,38,38,183,183,0.20765027322404372,0.20765027322404372,false
Thornton 37150,sfr_1_4,trust,12,12,2164,2165,0.005545286506469501,0.005542725173210162,false
Proviso 31042,sfr_1_4,lender_reo,3,4,1557,2343,0.0019267822736030828,0.0017072129748186087,false
Lyons 21067,sfr_1_4,corp,1,1,407,407,0.002457002457002457,0.002457002457002457,false
Lyons 21062,condo_unit,estate,1,1,388,388,0.002577319587628866,0.002577319587628866,false
Worth 39081,sfr_1_4,unknown,9,9,454,454,0.019823788546255508,0.019823788546255508,false
Cicero 15065,sfr_1_4,trust,3,5,1090,1794,0.0027522935779816515,0.002787068004459309,false
Northfield 25131,small_mf,individual,10,60,14,86,0.7142857142857143,0.6976744186046512,false
Jefferson 71060,condo_unit,unknown,2,2,104,104,0.019230769230769232,0.019230769230769232,false
Proviso 31152,sfr_1_4,trust,4,4,286,288,0.013986013986013986,0.013888888888888888,false
Palos 30070,sfr_1_4,trust,33,33,1213,1213,0.02720527617477329,0.02720527617477329,false
Oak Park 27060,condo_unit,lender_reo,1,1,165,165,0.006060606060606061,0.006060606060606061,false
Lake 72251,small_mf,individual,23,149,52,348,0.4423076923076923,0.4281609195402299,false
Bremen 13270,sfr_1_4,lender_reo,4,4,758,758,0.005277044854881266,0.005277044854881266,false
Thornton 37052,sfr_1_4,corp,7,15,892,1059,0.007847533632286996,0.014164305949008499,false
Rich 32045,sfr_1_4,corp,3,3,578,602,0.005190311418685121,0.0049833887043189366,false
New Trier 23091,sfr_1_4,unknown,12,12,307,307,0.03908794788273615,0.03908794788273615,false
Palos 30052,sfr_1_4,corp,1,1,357,357,0.0028011204481792717,0.0028011204481792717,false
Lake 72092,mixed_use_res,llc,2,7,28,96,0.07142857142857142,0.07291666666666667,false
Worth 39100,mixed_use_res,unknown,3,8,24,58,0.125,0.13793103448275862,false
Evanston 17130,small_mf,individual,3,21,8,53,0.375,0.39622641509433965,false
Jefferson 71430,mixed_use_res,individual,16,46,29,94,0.5517241379310345,0.48936170212765956,false
Worth 39060,coop_building,coop_corp,96,96,96,96,1.0,1.0,false
Leyden 20011,condo_unit,llc,17,17,308,308,0.05519480519480519,0.05519480519480519,false
Schaumburg 35090,condo_unit,individual,334,334,359,359,0.9303621169916435,0.9303621169916435,false
West Chicago 77151,mixed_use_res,llc,5,19,32,104,0.15625,0.18269230769230768,false
Wheeling 38072,sfr_1_4,trust,17,17,1021,1034,0.01665034280117532,0.01644100580270793,false
Proviso 31092,condo_unit,individual,170,170,197,197,0.8629441624365483,0.8629441624365483,false
West Chicago 77020,condo_unit,llc,41,41,175,175,0.2342857142857143,0.2342857142857143,false
North Chicago 74022,sfr_1_4,lender_reo,2,5,548,720,0.0036496350364963502,0.006944444444444444,false
New Trier 23093,sfr_1_4,unknown,32,32,1652,1685,0.01937046004842615,0.018991097922848664,false
Palos 30020,condo_unit,individual,70,70,75,75,0.9333333333333333,0.9333333333333333,false
Worth 39290,condo_unit,unknown,1,1,156,156,0.00641025641025641,0.00641025641025641,false
Orland 28088,condo_unit,individual,293,293,316,316,0.9272151898734177,0.9272151898734177,false
West Chicago 77102,condo_unit,lender_reo,6,6,676,676,0.008875739644970414,0.008875739644970414,false
Lake 72350,mixed_use_res,unknown,1,4,55,182,0.01818181818181818,0.02197802197802198,false
Lake 72310,sfr_1_4,trust,10,10,1535,1569,0.006514657980456026,0.006373486297004461,false
Hanover 18040,sfr_1_4,unknown,87,89,564,573,0.15425531914893617,0.15532286212914484,false
Elk Grove 16065,small_mf,individual,3,21,4,28,0.75,0.75,false
Proviso 31034,condo_unit,llc,3,3,12,12,0.25,0.25,false
Worth 39133,mixed_use_res,unknown,1,2,20,50,0.05,0.04,false
Hyde Park 70020,condo_unit,individual,4733,4733,5464,5464,0.8662152269399708,0.8662152269399708,false
Proviso 31041,sfr_1_4,partnership,1,1,1195,1378,0.0008368200836820083,0.000725689404934688,false
Lake View 73022,small_mf,trust,1,7,10,65,0.1,0.1076923076923077,false
Niles 24060,sfr_1_4,individual,753,755,777,779,0.9691119691119691,0.9691912708600771,false
Bremen 13170,small_mf,llc,3,20,47,297,0.06382978723404255,0.06734006734006734,false
Lemont 19061,sfr_1_4,unknown,4,4,247,247,0.016194331983805668,0.016194331983805668,false
Lake 72312,mixed_use_res,llc,1,2,14,53,0.07142857142857142,0.03773584905660377,false
Wheeling 38081,condo_unit,individual,1183,1183,1264,1264,0.9359177215189873,0.9359177215189873,false
Leyden 20080,condo_unit,corp,22,22,1453,1453,0.015141087405368204,0.015141087405368204,false
Stickney 36021,sfr_1_4,corp,2,2,952,1009,0.0021008403361344537,0.0019821605550049554,false
Thornton 37180,sfr_1_4,unknown,3,3,169,179,0.01775147928994083,0.01675977653631285,false
Worth 39410,condo_unit,individual,296,296,334,334,0.8862275449101796,0.8862275449101796,false
Bremen 13010,mixed_use_res,unknown,1,4,17,58,0.058823529411764705,0.06896551724137931,false
Lake View 73044,sfr_1_4,unknown,9,13,304,405,0.029605263157894735,0.03209876543209877,false
Cicero 15072,sfr_1_4,llc,3,4,676,917,0.004437869822485207,0.004362050163576881,false
Lake 72192,sfr_1_4,partnership,2,2,1193,1199,0.0016764459346186086,0.0016680567139282735,false
Bremen 13110,sfr_1_4,llc,9,13,350,365,0.025714285714285714,0.03561643835616438,false
Thornton 37022,sfr_1_4,unknown,34,36,637,694,0.05337519623233909,0.05187319884726225,false
Thornton 37051,mixed_use_res,individual,6,18,7,22,0.8571428571428571,0.8181818181818182,false
Rich 32300,sfr_1_4,unknown,4,4,217,217,0.018433179723502304,0.018433179723502304,false
Oak Park 27100,sfr_1_4,llc,11,14,707,782,0.015558698727015558,0.017902813299232736,false
Proviso 31190,sfr_1_4,individual,728,910,762,958,0.9553805774278216,0.9498956158663883,false
Lake View 73041,condo_unit,individual,278,278,349,349,0.7965616045845272,0.7965616045845272,false
South Chicago 76011,sfr_1_4,unknown,27,27,918,918,0.029411764705882353,0.029411764705882353,false
South Chicago 76060,sfr_1_4,trust,19,34,4850,7048,0.003917525773195876,0.004824063564131668,false
Elk Grove 16010,sfr_1_4,individual,1969,1969,2050,2050,0.9604878048780487,0.9604878048780487,false
Hyde Park 70083,mixed_use_res,unknown,2,10,8,25,0.25,0.4,false
West Chicago 77170,mixed_use_res,unknown,17,68,175,636,0.09714285714285714,0.1069182389937107,false
Lake View 73032,condo_unit,lender_reo,3,3,2569,2569,0.0011677695601401323,0.0011677695601401323,false
Northfield 25051,sfr_1_4,corp,4,4,530,530,0.007547169811320755,0.007547169811320755,false
Jefferson 71260,small_mf,corp,10,68,175,1162,0.05714285714285714,0.058519793459552494,false
West Chicago 77101,sfr_1_4,lender_reo,3,4,1389,2354,0.0021598272138228943,0.0016992353440951572,false
West Chicago 77101,condo_unit,llc,3,3,53,53,0.05660377358490566,0.05660377358490566,false
Lake 72251,small_mf,corp,3,21,52,348,0.057692307692307696,0.0603448275862069,false
Orland 28036,small_mf,individual,80,492,99,607,0.8080808080808081,0.8105436573311368,false
Schaumburg 35105,condo_unit,unknown,5,5,360,360,0.013888888888888888,0.013888888888888888,false
Lake 72230,condo_unit,individual,12,12,12,12,1.0,1.0,false
New Trier 23093,condo_unit,corp,1,1,289,289,0.0034602076124567475,0.0034602076124567475,false
Wheeling 38050,sfr_1_4,lender_reo,1,1,1816,1816,0.0005506607929515419,0.0005506607929515419,false
New Trier 23011,sfr_1_4,trust,7,7,390,390,0.017948717948717947,0.017948717948717947,false
Jefferson 71180,mixed_use_res,individual,194,660,251,863,0.7729083665338645,0.764774044032445,false
Lake View 73044,small_mf,corp,1,6,24,156,0.041666666666666664,0.038461538461538464,false
West Chicago 77170,small_mf,lender_reo,4,28,164,1046,0.024390243902439025,0.02676864244741874,false
Oak Park 27040,condo_unit,lender_reo,1,1,1183,1183,0.0008453085376162299,0.0008453085376162299,false
Lake 72350,mixed_use_res,individual,46,151,55,182,0.8363636363636363,0.8296703296703297,false
Stickney 36041,small_mf,individual,21,136,35,226,0.6,0.6017699115044248,false
Bremen 13315,sfr_1_4,trust,5,5,187,187,0.026737967914438502,0.026737967914438502,false
Barrington 10024,condo_unit,trust,7,7,247,247,0.02834008097165992,0.02834008097165992,false
Lake 72345,sfr_1_4,corp,17,17,2016,2039,0.008432539682539682,0.008337420304070623,false
Hanover 18060,condo_unit,llc,3,3,145,145,0.020689655172413793,0.020689655172413793,false
Rich 32300,sfr_1_4,corp,1,1,217,217,0.004608294930875576,0.004608294930875576,false
Northfield 25090,condo_unit,individual,91,91,103,103,0.883495145631068,0.883495145631068,false
Leyden 20090,mixed_use_res,individual,1,2,1,2,,,true
Proviso 31032,small_mf,individual,26,157,40,233,0.65,0.6738197424892703,false
Rich 32120,small_mf,individual,1,7,3,21,0.3333333333333333,0.3333333333333333,false
Wheeling 38023,small_mf,individual,46,279,84,510,0.5476190476190477,0.5470588235294118,false
Lake View 73070,condo_unit,corp,10,10,1207,1207,0.008285004142502071,0.008285004142502071,false
West Chicago 77080,sfr_1_4,corp,10,15,1561,2502,0.0064061499039077515,0.005995203836930456,false
Worth 39140,small_mf,trust,3,17,191,1156,0.015706806282722512,0.014705882352941176,false
Rich 32222,sfr_1_4,lender_reo,2,2,551,551,0.003629764065335753,0.003629764065335753,false
Jefferson 71071,sfr_1_4,corp,5,6,2831,3731,0.0017661603673613563,0.0016081479496113642,false
Jefferson 71260,small_mf,llc,28,191,175,1162,0.16,0.16437177280550774,false
Lake View 73011,small_mf,corp,7,45,131,866,0.05343511450381679,0.05196304849884527,false
Lake 72281,sfr_1_4,lender_reo,8,9,2390,2593,0.0033472803347280333,0.003470883146934053,false
Jefferson 71410,mixed_use_res,corp,3,15,56,184,0.05357142857142857,0.08152173913043478,false
Jefferson 71600,condo_unit,unknown,110,110,903,903,0.12181616832779624,0.12181616832779624,false
South Chicago 76030,sfr_1_4,unknown,158,274,4648,7521,0.03399311531841653,0.036431325621592875,false
Worth 39210,sfr_1_4,trust,12,12,1628,1793,0.007371007371007371,0.006692693809258227,false
Hanover 18070,sfr_1_4,corp,10,10,1898,1982,0.005268703898840885,0.005045408678102927,false
Elk Grove 16065,condo_unit,trust,5,5,438,438,0.01141552511415525,0.01141552511415525,false
Berwyn 11050,condo_unit,llc,1,1,73,73,0.0136986301369863,0.0136986301369863,false
Hyde Park 70030,sfr_1_4,corp,90,160,4700,7901,0.019148936170212766,0.02025060118972282,false
Hyde Park 70070,sfr_1_4,individual,2442,3877,2952,4754,0.8272357723577236,0.8155237694572991,false
Schaumburg 35040,condo_unit,unknown,24,24,950,950,0.02526315789473684,0.02526315789473684,false
Wheeling 38050,sfr_1_4,llc,5,5,1816,1816,0.0027533039647577094,0.0027533039647577094,false
Jefferson 71030,sfr_1_4,corp,1,1,1908,1963,0.0005241090146750524,0.0005094243504839531,false
Bloom 12043,condo_unit,corp,1,1,83,83,0.012048192771084338,0.012048192771084338,false
Wheeling 38010,condo_unit,individual,251,251,270,270,0.9296296296296296,0.9296296296296296,false
Lake 72300,small_mf,llc,4,28,22,146,0.18181818181818182,0.1917808219178082,false
Worth 39131,condo_unit,unknown,8,8,166,166,0.04819277108433735,0.04819277108433735,false
Northfield 25011,sfr_1_4,llc,11,11,1043,1043,0.010546500479386385,0.010546500479386385,false
Bloom 12010,condo_unit,unknown,2,2,139,139,0.014388489208633094,0.014388489208633094,false
Lyons 21013,sfr_1_4,lender_reo,1,1,848,879,0.0011792452830188679,0.0011376564277588168,false
Maine 22080,sfr_1_4,lender_reo,5,5,4290,4473,0.0011655011655011655,0.0011178180192264698,false
Maine 22087,sfr_1_4,unknown,21,21,953,953,0.022035676810073453,0.022035676810073453,false
Calumet 14040,sfr_1_4,individual,356,408,429,486,0.8298368298368298,0.8395061728395061,false
Calumet 14020,small_mf,individual,46,296,90,578,0.5111111111111111,0.5121107266435986,false
Bloom 12191,sfr_1_4,unknown,2,2,99,99,0.020202020202020204,0.020202020202020204,false
Riverside 34010,condo_unit,trust,2,2,57,57,0.03508771929824561,0.03508771929824561,false
Jefferson 71390,sfr_1_4,llc,5,10,1307,1711,0.0038255547054322878,0.0058445353594389245,false
Thornton 37021,condo_unit,lender_reo,1,1,144,144,0.006944444444444444,0.006944444444444444,false
Proviso 31210,sfr_1_4,unknown,27,32,753,770,0.035856573705179286,0.04155844155844156,false
Maine 22031,sfr_1_4,individual,1835,1912,1930,2009,0.9507772020725389,0.9517172722747635,false
New Trier 23022,sfr_1_4,individual,1365,1366,1455,1459,0.9381443298969072,0.9362577107607951,false
Proviso 31092,small_mf,individual,42,263,72,461,0.5833333333333334,0.5704989154013015,false
Lyons 21013,mixed_use_res,corp,1,3,8,29,0.125,0.10344827586206896,false
West Chicago 77052,sfr_1_4,lender_reo,2,3,690,1492,0.002898550724637681,0.0020107238605898124,false
West Chicago 77020,sfr_1_4,individual,3484,5811,3719,6263,0.936810970691046,0.9278301133642025,false
New Trier 23042,sfr_1_4,unknown,4,4,156,156,0.02564102564102564,0.02564102564102564,false
Worth 39300,condo_unit,individual,12,12,12,12,1.0,1.0,false
Lake 72110,sfr_1_4,corp,3,3,3579,4202,0.0008382229673093043,0.0007139457401237506,false
Orland 28088,sfr_1_4,unknown,4,4,550,550,0.007272727272727273,0.007272727272727273,false
Barrington 10012,condo_unit,llc,14,14,237,237,0.05907172995780591,0.05907172995780591,false
Hyde Park 70280,sfr_1_4,individual,2611,2941,2707,3058,0.9645363871444403,0.9617396991497711,false
Hanover 18080,condo_unit,individual,65,65,84,84,0.7738095238095238,0.7738095238095238,false
Stickney 36041,sfr_1_4,llc,14,18,4145,4356,0.0033775633293124246,0.004132231404958678,false
Proviso 31103,small_mf,trust,1,7,26,181,0.038461538461538464,0.03867403314917127,false
Hanover 18070,small_mf,llc,11,71,48,312,0.22916666666666666,0.22756410256410256,false
Maine 22150,condo_unit,individual,454,454,522,522,0.8697318007662835,0.8697318007662835,false
New Trier 23120,small_mf,individual,2,14,5,33,0.4,0.42424242424242425,false
Bremen 13312,small_mf,individual,15,102,35,240,0.42857142857142855,0.425,false
Rich 32270,sfr_1_4,corp,4,4,307,307,0.013029315960912053,0.013029315960912053,false
Lake View 73150,sfr_1_4,individual,574,1007,686,1259,0.8367346938775511,0.7998411437648928,false
Calumet 14040,small_mf,llc,2,13,4,26,0.5,0.5,false
Bloom 12088,sfr_1_4,individual,135,135,145,145,0.9310344827586207,0.9310344827586207,false
West Chicago 77102,sfr_1_4,corp,68,144,5220,10368,0.013026819923371647,0.013888888888888888,false
Bremen 13151,sfr_1_4,llc,7,7,580,580,0.01206896551724138,0.01206896551724138,false
West Chicago 77011,sfr_1_4,corp,9,14,2531,3687,0.0035559067562228367,0.003797125033902902,false
Rogers Park 75022,small_mf,unknown,19,132,141,953,0.1347517730496454,0.1385099685204617,false
Cicero 15071,mixed_use_res,lender_reo,1,3,37,117,0.02702702702702703,0.02564102564102564,false
Proviso 31170,sfr_1_4,trust,7,7,501,526,0.013972055888223553,0.013307984790874524,false
North Chicago 74030,mixed_use_res,trust,1,3,66,240,0.015151515151515152,0.0125,false
Jefferson 71402,sfr_1_4,individual,1037,1486,1111,1629,0.9333933393339334,0.9122160834868017,false
Hanover 18050,small_mf,unknown,1,6,27,162,0.037037037037037035,0.037037037037037035,false
Bloom 12091,sfr_1_4,individual,391,482,423,519,0.9243498817966903,0.928709055876686,false
South Chicago 76041,condo_unit,corp,10,10,385,385,0.025974025974025976,0.025974025974025976,false
West Chicago 77101,condo_unit,trust,1,1,53,53,0.018867924528301886,0.018867924528301886,false
Elk Grove 16012,small_mf,unknown,23,142,38,237,0.6052631578947368,0.5991561181434599,false
West Chicago 77040,sfr_1_4,llc,53,115,1511,2586,0.03507610853739246,0.044470224284609436,false
Rogers Park 75033,condo_unit,corp,2,2,1216,1216,0.001644736842105263,0.001644736842105263,false
Elk Grove 16010,condo_unit,corp,2,2,388,388,0.005154639175257732,0.005154639175257732,false
Palos 30061,sfr_1_4,individual,253,281,265,294,0.9547169811320755,0.95578231292517,false
Niles 24051,condo_unit,trust,5,5,291,291,0.01718213058419244,0.01718213058419244,false
Proviso 31104,small_mf,individual,4,20,5,27,0.8,0.7407407407407407,false
Stickney 36050,sfr_1_4,llc,21,27,4260,4468,0.004929577464788733,0.006042972247090421,false
Leyden 20011,small_mf,individual,6,42,11,77,0.5454545454545454,0.5454545454545454,false
Lake 72170,sfr_1_4,llc,106,157,2220,3166,0.047747747747747746,0.049589387239418824,false
Barrington 10025,sfr_1_4,individual,41,41,44,44,0.9318181818181818,0.9318181818181818,false
Wheeling 38100,sfr_1_4,unknown,4,4,274,274,0.014598540145985401,0.014598540145985401,false
Niles 24081,sfr_1_4,unknown,201,209,9576,9901,0.020989974937343357,0.021108978891021108,false
West Chicago 77030,mixed_use_res,lender_reo,4,18,369,1414,0.01084010840108401,0.01272984441301273,false
Proviso 31041,small_mf,individual,17,111,20,130,0.85,0.8538461538461538,false
Maine 22050,sfr_1_4,unknown,37,37,2482,2509,0.014907332796132152,0.014746911119968115,false
Proviso 31050,sfr_1_4,corp,4,4,927,938,0.004314994606256742,0.0042643923240938165,false
Lyons 21111,sfr_1_4,corp,6,6,2356,2492,0.0025466893039049238,0.002407704654895666,false
Worth 39220,sfr_1_4,individual,334,350,362,380,0.9226519337016574,0.9210526315789473,false
Lake View 73062,condo_unit,trust,197,197,7810,7810,0.025224071702944943,0.025224071702944943,false
Proviso 31030,small_mf,unknown,13,80,32,201,0.40625,0.39800995024875624,false
Wheeling 38052,sfr_1_4,individual,1278,1314,1334,1376,0.9580209895052474,0.9549418604651163,false
Maine 22110,condo_unit,unknown,5,5,40,40,0.125,0.125,false
Jefferson 71041,small_mf,trust,2,13,160,1074,0.0125,0.012104283054003724,false
Lake 72380,sfr_1_4,corp,42,44,13000,13727,0.0032307692307692306,0.0032053616959277337,false
Evanston 17050,sfr_1_4,trust,6,6,176,176,0.03409090909090909,0.03409090909090909,false
Lake 72151,small_mf,corp,1,7,20,127,0.05,0.05511811023622047,false
Rich 32041,sfr_1_4,llc,20,20,355,355,0.056338028169014086,0.056338028169014086,false
Bloom 12112,sfr_1_4,unknown,2,2,43,43,0.046511627906976744,0.046511627906976744,false
Hyde Park 70280,sfr_1_4,corp,5,5,2707,3058,0.001847063169560399,0.0016350555918901242,false
Lyons 21032,sfr_1_4,lender_reo,1,1,923,969,0.0010834236186348862,0.0010319917440660474,false
Jefferson 71410,small_mf,individual,42,262,74,470,0.5675675675675675,0.5574468085106383,false
Leyden 20090,condo_unit,individual,453,453,516,516,0.877906976744186,0.877906976744186,false
Jefferson 71090,condo_unit,unknown,20,20,515,515,0.038834951456310676,0.038834951456310676,false
Hyde Park 70020,condo_unit,estate,2,2,5464,5464,0.00036603221083455345,0.00036603221083455345,false
Norwood Park 26010,mixed_use_res,unknown,4,17,22,62,0.18181818181818182,0.27419354838709675,false
Hanover 18018,sfr_1_4,individual,155,155,189,189,0.8201058201058201,0.8201058201058201,false
New Trier 23044,condo_unit,llc,9,9,37,37,0.24324324324324326,0.24324324324324326,false
Berwyn 11010,mixed_use_res,lender_reo,1,2,31,97,0.03225806451612903,0.020618556701030927,false
Thornton 37130,sfr_1_4,partnership,2,2,1754,1839,0.0011402508551881414,0.001087547580206634,false
Rich 32160,sfr_1_4,individual,460,460,553,553,0.8318264014466547,0.8318264014466547,false
Lake 72330,small_mf,partnership,1,7,17,114,0.058823529411764705,0.06140350877192982,false
Lake 72120,sfr_1_4,llc,112,159,3354,4393,0.033392963625521764,0.036193944912360575,false
Thornton 37181,sfr_1_4,unknown,147,175,4252,4561,0.034571966133584195,0.03836877877658408,false
Rogers Park 75023,small_mf,individual,2,12,3,19,0.6666666666666666,0.631578947368421,false
Wheeling 38072,sfr_1_4,unknown,19,22,1021,1034,0.01860920666013712,0.02127659574468085,false
Leyden 20080,sfr_1_4,unknown,138,201,4871,5958,0.028330938205707246,0.033736153071500505,false
Rogers Park 75022,small_mf,corp,7,46,141,953,0.04964539007092199,0.048268625393494226,false
Hanover 18060,condo_unit,individual,120,120,145,145,0.8275862068965517,0.8275862068965517,false
Lake View 73063,condo_unit,unknown,220,220,4009,4009,0.05487652781242205,0.05487652781242205,false
Worth 39131,sfr_1_4,individual,1511,1711,1579,1817,0.9569347688410387,0.941662080352229,false
South Chicago 76012,small_mf,individual,1,7,1,7,,,true
Proviso 31110,small_mf,corp,1,5,5,28,0.2,0.17857142857142858,false
Jefferson 71021,sfr_1_4,corp,3,3,1110,1121,0.002702702702702703,0.0026761819803746653,false
Cicero 15020,small_mf,individual,21,130,33,207,0.6363636363636364,0.6280193236714976,false
North Chicago 74022,condo_unit,individual,14587,14587,17093,17093,0.853390276721465,0.853390276721465,false
Worth 39050,small_mf,corp,1,6,9,61,0.1111111111111111,0.09836065573770492,false
Palatine 29022,small_mf,llc,39,235,130,786,0.3,0.2989821882951654,false
Bremen 13316,sfr_1_4,llc,1,1,431,431,0.002320185614849188,0.002320185614849188,false
Hyde Park 70210,mixed_use_res,unknown,12,45,113,386,0.10619469026548672,0.11658031088082901,false
Lyons 21032,sfr_1_4,llc,2,3,923,969,0.0021668472372697724,0.0030959752321981426,false
Rich 32222,sfr_1_4,corp,3,3,551,551,0.0054446460980036296,0.0054446460980036296,false
Schaumburg 35101,condo_unit,llc,43,43,3489,3489,0.012324448265978791,0.012324448265978791,false
Elk Grove 16011,condo_unit,llc,114,114,2917,2917,0.03908124785738773,0.03908124785738773,false
West Chicago 77132,condo_unit,lender_reo,11,11,2464,2464,0.004464285714285714,0.004464285714285714,false
Wheeling 38081,sfr_1_4,trust,22,22,1470,1470,0.014965986394557823,0.014965986394557823,false
Hyde Park 70080,small_mf,estate,1,6,606,4070,0.0016501650165016502,0.0014742014742014742,false
Jefferson 71200,condo_unit,unknown,46,46,1159,1159,0.03968938740293356,0.03968938740293356,false
Palatine 29042,condo_unit,trust,1,1,63,63,0.015873015873015872,0.015873015873015872,false
Palos 30041,sfr_1_4,individual,342,342,369,369,0.926829268292683,0.926829268292683,false
Lake 72271,condo_unit,unknown,2,2,62,62,0.03225806451612903,0.03225806451612903,false
Niles 24031,small_mf,trust,5,26,162,1048,0.030864197530864196,0.02480916030534351,false
Evanston 17112,small_mf,unknown,8,56,47,318,0.1702127659574468,0.1761006289308176,false
Jefferson 71081,sfr_1_4,individual,2736,4759,2904,5108,0.9421487603305785,0.9316758026624902,false
Lake View 73110,sfr_1_4,trust,7,10,503,795,0.013916500994035786,0.012578616352201259,false
Lake 72191,mixed_use_res,individual,3,8,3,8,,,true
Wheeling 38056,sfr_1_4,individual,1025,1031,1070,1076,0.9579439252336449,0.95817843866171,false
Thornton 37024,condo_unit,unknown,1,1,36,36,0.027777777777777776,0.027777777777777776,false
Lake View 73084,small_mf,trust,4,25,387,2570,0.0103359173126615,0.009727626459143969,false
Evanston 17043,sfr_1_4,corp,2,5,486,518,0.00411522633744856,0.009652509652509652,false
Bloom 12022,sfr_1_4,trust,15,15,1598,1598,0.009386733416770964,0.009386733416770964,false
Lake 72170,sfr_1_4,unknown,120,179,2220,3166,0.05405405405405406,0.05653821857233102,false
Jefferson 71410,small_mf,trust,1,7,74,470,0.013513513513513514,0.014893617021276596,false
Maine 22145,sfr_1_4,lender_reo,1,1,24,24,0.041666666666666664,0.041666666666666664,false
Lake 72052,sfr_1_4,unknown,65,111,1267,1831,0.05130228887134965,0.06062261059530311,false
Lake View 73093,condo_unit,lender_reo,8,8,2833,2833,0.0028238616307800918,0.0028238616307800918,false
Berwyn 11020,sfr_1_4,corp,17,20,2492,3314,0.006821829855537721,0.006035003017501509,false
Jefferson 71390,condo_unit,partnership,2,2,2771,2771,0.0007217610970768675,0.0007217610970768675,false
Proviso 31041,sfr_1_4,llc,7,11,1195,1378,0.005857740585774059,0.007982583454281567,false
Leyden 20091,small_mf,individual,23,153,33,219,0.696969696969697,0.6986301369863014,false
Hanover 18035,condo_unit,trust,2,2,172,172,0.011627906976744186,0.011627906976744186,false
Leyden 20040,condo_unit,individual,37,37,38,38,0.9736842105263158,0.9736842105263158,false
Bremen 13180,sfr_1_4,partnership,1,1,329,360,0.00303951367781155,0.002777777777777778,false
Leyden 20081,sfr_1_4,unknown,53,60,2403,2598,0.022055763628797336,0.023094688221709007,false
Rich 32075,sfr_1_4,individual,151,151,156,156,0.967948717948718,0.967948717948718,false
Northfield 25052,sfr_1_4,lender_reo,2,2,2921,2921,0.0006846970215679561,0.0006846970215679561,false
Hanover 18050,condo_unit,llc,36,36,797,797,0.0451693851944793,0.0451693851944793,false
Bloom 12132,sfr_1_4,estate,1,1,210,210,0.004761904761904762,0.004761904761904762,false
Worth 39010,sfr_1_4,individual,2400,2413,2505,2519,0.9580838323353293,0.9579198094481938,false
Berwyn 11010,condo_unit,llc,15,15,137,137,0.10948905109489052,0.10948905109489052,false
Lake View 73110,condo_unit,llc,43,43,514,514,0.08365758754863813,0.08365758754863813,false
West Chicago 77060,small_mf,individual,29,181,109,720,0.26605504587155965,0.2513888888888889,false
Maine 22080,sfr_1_4,corp,7,7,4290,4473,0.0016317016317016317,0.001564945226917058,false
Rogers Park 75060,condo_unit,llc,15,15,617,617,0.024311183144246355,0.024311183144246355,false
South Chicago 76042,sfr_1_4,unknown,10,11,218,240,0.045871559633027525,0.04583333333333333,false
Lake View 73084,condo_unit,trust,60,60,5003,5003,0.011992804317409555,0.011992804317409555,false
Palos 30041,sfr_1_4,trust,8,8,369,369,0.02168021680216802,0.02168021680216802,false
Hyde Park 70140,mixed_use_res,lender_reo,2,12,59,225,0.03389830508474576,0.05333333333333334,false
Berwyn 11070,sfr_1_4,llc,6,7,2244,2559,0.00267379679144385,0.0027354435326299334,false
Lake View 73070,sfr_1_4,corp,6,14,2449,3909,0.002449979583503471,0.003581478639038117,false
Leyden 20030,small_mf,llc,6,36,81,522,0.07407407407407407,0.06896551724137931,false
Worth 39110,mixed_use_res,unknown,2,4,11,31,0.18181818181818182,0.12903225806451613,false
Maine 22087,small_mf,llc,3,21,5,35,0.6,0.6,false
Wheeling 38053,condo_unit,trust,4,4,553,553,0.007233273056057866,0.007233273056057866,false
Schaumburg 35040,sfr_1_4,partnership,1,1,5660,5660,0.00017667844522968197,0.00017667844522968197,false
Lyons 21132,sfr_1_4,trust,3,3,315,315,0.009523809523809525,0.009523809523809525,false
Bremen 13342,sfr_1_4,llc,1,1,146,146,0.00684931506849315,0.00684931506849315,false
Maine 22023,small_mf,unknown,2,14,12,84,0.16666666666666666,0.16666666666666666,false
Riverside 34010,small_mf,individual,42,265,61,378,0.6885245901639344,0.701058201058201,false
Stickney 36060,sfr_1_4,trust,4,4,266,270,0.015037593984962405,0.014814814814814815,false
Lake 72222,sfr_1_4,corp,3,7,444,897,0.006756756756756757,0.007803790412486065,false
Thornton 37185,sfr_1_4,lender_reo,1,1,521,545,0.0019193857965451055,0.001834862385321101,false
Barrington 10021,sfr_1_4,llc,9,9,799,799,0.011264080100125156,0.011264080100125156,false
Palatine 29083,sfr_1_4,unknown,18,18,1134,1134,0.015873015873015872,0.015873015873015872,false
Jefferson 71430,condo_unit,llc,2,2,338,338,0.005917159763313609,0.005917159763313609,false
West Chicago 77091,small_mf,individual,173,1115,313,2027,0.5527156549520766,0.5500740009866798,false
Lemont 19060,sfr_1_4,individual,2572,2572,2804,2804,0.9172610556348074,0.9172610556348074,false
Thornton 37063,sfr_1_4,individual,183,195,191,203,0.9581151832460733,0.9605911330049262,false
Rich 32010,sfr_1_4,lender_reo,6,6,1265,1265,0.0047430830039525695,0.0047430830039525695,false
Oak Park 27030,sfr_1_4,trust,24,28,1616,1743,0.01485148514851485,0.01606425702811245,false
Bloom 12010,sfr_1_4,individual,1410,1422,1495,1507,0.9431438127090301,0.9435965494359655,false
Bloom 12072,condo_unit,unknown,19,19,247,247,0.07692307692307693,0.07692307692307693,false
New Trier 23093,mixed_use_res,corp,2,6,18,60,0.1111111111111111,0.1,false
Jefferson 71461,mixed_use_res,llc,4,13,16,60,0.25,0.21666666666666667,false
Worth 39151,sfr_1_4,unknown,65,72,2604,2690,0.024961597542242704,0.026765799256505577,false
Orland 28047,sfr_1_4,llc,2,2,983,983,0.002034587995930824,0.002034587995930824,false
Lake View 73084,sfr_1_4,llc,140,380,2305,4498,0.06073752711496746,0.08448199199644287,false
Lake View 73050,sfr_1_4,lender_reo,1,1,213,395,0.004694835680751174,0.002531645569620253,false
Jefferson 71022,sfr_1_4,individual,924,946,957,982,0.9655172413793104,0.9633401221995926,false
Lake View 73062,small_mf,llc,49,341,162,1123,0.30246913580246915,0.30365093499554763,false
Proviso 31060,mixed_use_res,unknown,1,2,18,59,0.05555555555555555,0.03389830508474576,false
Lake 72120,sfr_1_4,partnership,5,5,3354,4393,0.0014907573047107932,0.0011381743683132257,false
Elk Grove 16062,sfr_1_4,corp,12,12,3211,3211,0.003737153534724385,0.003737153534724385,false
Wheeling 38081,condo_unit,unknown,54,54,1264,1264,0.04272151898734177,0.04272151898734177,false
Wheeling 38027,condo_unit,individual,52,52,56,56,0.9285714285714286,0.9285714285714286,false
Maine 22031,sfr_1_4,corp,20,20,1930,2009,0.010362694300518135,0.009955201592832254,false
Lake View 73120,condo_unit,llc,53,53,661,661,0.08018154311649017,0.08018154311649017,false
North Chicago 74012,small_mf,llc,93,618,304,1978,0.3059210526315789,0.31243680485338726,false
Worth 39071,sfr_1_4,llc,6,8,2204,2286,0.0027223230490018148,0.003499562554680665,false
South Chicago 76011,condo_unit,individual,7103,7103,8010,8010,0.8867665418227216,0.8867665418227216,false
Worth 39151,small_mf,trust,1,7,31,207,0.03225806451612903,0.033816425120772944,false
Jefferson 71390,small_mf,partnership,1,6,196,1205,0.00510204081632653,0.004979253112033195,false
Lake 72293,sfr_1_4,llc,20,32,362,536,0.055248618784530384,0.05970149253731343,false
Hyde Park 70151,sfr_1_4,corp,1,1,302,330,0.0033112582781456954,0.0030303030303030303,false
Hanover 18030,sfr_1_4,unknown,25,25,428,428,0.05841121495327103,0.05841121495327103,false
Rogers Park 75031,sfr_1_4,llc,19,46,1541,2225,0.012329656067488644,0.020674157303370785,false
Rich 32250,condo_unit,trust,2,2,165,165,0.012121212121212121,0.012121212121212121,false
Bloom 12162,sfr_1_4,partnership,3,3,2857,2868,0.0010500525026251313,0.0010460251046025104,false
Orland 28022,small_mf,llc,4,25,20,127,0.2,0.1968503937007874,false
Schaumburg 35090,sfr_1_4,llc,2,2,1927,1927,0.0010378827192527244,0.0010378827192527244,false
West Chicago 77092,sfr_1_4,llc,16,34,615,1110,0.026016260162601626,0.03063063063063063,false
Northfield 25082,sfr_1_4,individual,133,133,152,152,0.875,0.875,false
Worth 39050,condo_unit,trust,3,3,93,93,0.03225806451612903,0.03225806451612903,false
Thornton 37051,condo_unit,lender_reo,2,2,170,170,0.011764705882352941,0.011764705882352941,false
Rich 32180,sfr_1_4,individual,317,317,351,351,0.9031339031339032,0.9031339031339032,false
Bremen 13050,sfr_1_4,corp,12,12,1917,2093,0.006259780907668232,0.005733397037744864,false
Maine 22093,sfr_1_4,corp,1,1,854,854,0.00117096018735363,0.00117096018735363,false
Norwood Park 26010,mixed_use_res,individual,10,28,22,62,0.45454545454545453,0.45161290322580644,false
Jefferson 71050,sfr_1_4,trust,24,42,1964,2837,0.012219959266802444,0.014804370814240395,false
Riverside 34020,sfr_1_4,trust,24,25,1871,1948,0.012827365045430252,0.012833675564681724,false
Barrington 10014,sfr_1_4,unknown,1,1,126,126,0.007936507936507936,0.007936507936507936,false
Lake 72281,sfr_1_4,llc,94,99,2390,2593,0.03933054393305439,0.03817971461627458,false
Jefferson 71371,small_mf,lender_reo,2,13,77,476,0.025974025974025976,0.0273109243697479,false
Palos 30041,sfr_1_4,llc,3,3,369,369,0.008130081300813009,0.008130081300813009,false
Orland 28037,sfr_1_4,unknown,7,7,153,153,0.0457516339869281,0.0457516339869281,false
Bloom 12044,small_mf,unknown,1,6,2,12,0.5,0.5,false
Hanover 18020,sfr_1_4,corp,14,14,5089,5089,0.002751031636863824,0.002751031636863824,false
Northfield 25061,sfr_1_4,trust,8,8,384,384,0.020833333333333332,0.020833333333333332,false
River Forest 33015,condo_unit,trust,4,4,322,322,0.012422360248447204,0.012422360248447204,false
Worth 39133,sfr_1_4,lender_reo,1,1,300,376,0.0033333333333333335,0.0026595744680851063,false
Orland 28013,sfr_1_4,corp,1,1,287,287,0.003484320557491289,0.003484320557491289,false
Jefferson 71180,mixed_use_res,trust,2,8,251,863,0.00796812749003984,0.009269988412514484,false
Lyons 21031,condo_unit,unknown,2,2,155,155,0.012903225806451613,0.012903225806451613,false
Rogers Park 75060,sfr_1_4,unknown,12,27,335,633,0.03582089552238806,0.04265402843601896,false
Thornton 37092,sfr_1_4,corp,11,11,2973,2979,0.003699966363942146,0.0036925142665323934,false
Thornton 37052,sfr_1_4,individual,818,962,892,1059,0.9170403587443946,0.9084041548630784,false
Thornton 37101,small_mf,corp,1,7,27,181,0.037037037037037035,0.03867403314917127,false
Schaumburg 35101,small_mf,llc,1,7,2,14,0.5,0.5,false
Rich 32161,mixed_use_res,individual,1,2,1,2,,,true
Jefferson 71410,small_mf,llc,18,113,74,470,0.24324324324324326,0.2404255319148936,false
West Chicago 77092,sfr_1_4,lender_reo,2,3,615,1110,0.0032520325203252032,0.002702702702702703,false
Maine 22130,sfr_1_4,unknown,17,17,939,945,0.01810436634717785,0.01798941798941799,false
Jefferson 71021,mixed_use_res,llc,3,9,7,21,0.42857142857142855,0.42857142857142855,false
Lake 72422,sfr_1_4,partnership,1,1,3014,3024,0.00033178500331785003,0.00033068783068783067,false
Worth 39160,small_mf,partnership,2,14,51,347,0.0392156862745098,0.040345821325648415,false
South Chicago 76011,condo_unit,unknown,395,395,8010,8010,0.04931335830212235,0.04931335830212235,false
West Chicago 77102,small_mf,individual,181,1192,332,2186,0.5451807228915663,0.5452881976212259,false
Lyons 21102,condo_unit,individual,359,359,375,375,0.9573333333333334,0.9573333333333334,false
Rich 32180,sfr_1_4,partnership,3,3,351,351,0.008547008547008548,0.008547008547008548,false
Lyons 21084,sfr_1_4,partnership,1,1,1696,1700,0.0005896226415094339,0.000588235294117647,false
Proviso 31200,sfr_1_4,corp,2,2,422,533,0.004739336492890996,0.00375234521575985,false
Proviso 31110,sfr_1_4,lender_reo,2,3,2420,2640,0.0008264462809917355,0.0011363636363636363,false
Jefferson 71410,mixed_use_res,individual,38,127,56,184,0.6785714285714286,0.6902173913043478,false
Orland 28043,sfr_1_4,partnership,1,1,2179,2180,0.0004589261128958238,0.00045871559633027525,false
Wheeling 38013,small_mf,corp,4,28,65,410,0.06153846153846154,0.06829268292682927,false
Maine 22111,small_mf,unknown,6,40,19,126,0.3157894736842105,0.31746031746031744,false
Worth 39040,small_mf,llc,9,63,60,374,0.15,0.16844919786096257,false
Leyden 20030,sfr_1_4,corp,16,17,3979,4123,0.004021110831867303,0.0041232112539413045,false
West Chicago 77131,condo_unit,llc,882,882,10908,10908,0.08085808580858085,0.08085808580858085,false
Orland 28036,mixed_use_res,individual,3,6,4,9,,,true
Jefferson 71410,sfr_1_4,unknown,81,92,3317,3986,0.024419656315948148,0.02308078273958856,false
Leyden 20030,condo_unit,individual,147,147,155,155,0.9483870967741935,0.9483870967741935,false
Proviso 31200,small_mf,unknown,2,13,17,108,0.11764705882352941,0.12037037037037036,false
Orland 28050,sfr_1_4,corp,12,12,1283,1315,0.009353078721745909,0.009125475285171103,false
Wheeling 38041,sfr_1_4,unknown,2,2,201,201,0.009950248756218905,0.009950248756218905,false
New Trier 23141,sfr_1_4,trust,12,12,809,810,0.014833127317676144,0.014814814814814815,false
New Trier 23044,small_mf,individual,2,14,10,70,0.2,0.2,false
Bremen 13130,sfr_1_4,partnership,11,11,3420,3422,0.003216374269005848,0.0032144944476914087,false
Hyde Park 70170,sfr_1_4,corp,3,3,863,874,0.0034762456546929316,0.003432494279176201,false
Palos 30051,sfr_1_4,llc,1,1,451,451,0.0022172949002217295,0.0022172949002217295,false
Hanover 18090,sfr_1_4,trust,9,9,1346,1346,0.006686478454680535,0.006686478454680535,false
New Trier 23022,sfr_1_4,llc,14,14,1455,1459,0.009621993127147767,0.009595613433858808,false
Cicero 15080,sfr_1_4,lender_reo,4,6,1565,1689,0.0025559105431309905,0.003552397868561279,false
Jefferson 71260,small_mf,partnership,1,7,175,1162,0.005714285714285714,0.006024096385542169,false
Proviso 31141,condo_unit,unknown,1,1,72,72,0.013888888888888888,0.013888888888888888,false
Niles 24051,mixed_use_res,individual,2,10,2,10,1.0,1.0,false
Proviso 31050,small_mf,corp,2,14,28,180,0.07142857142857142,0.07777777777777778,false
Bloom 12091,mixed_use_res,individual,5,10,5,10,1.0,1.0,false
Jefferson 71362,mixed_use_res,corp,1,2,15,59,0.06666666666666667,0.03389830508474576,false
Lake View 73150,condo_unit,llc,72,72,1482,1482,0.048582995951417005,0.048582995951417005,false
Oak Park 27040,sfr_1_4,individual,456,571,493,632,0.9249492900608519,0.9034810126582279,false
Berwyn 11030,sfr_1_4,unknown,52,54,1570,1727,0.033121019108280254,0.03126809496236248,false
South Chicago 76042,condo_unit,trust,5,5,645,645,0.007751937984496124,0.007751937984496124,false
South Chicago 76030,mixed_use_res,individual,191,698,256,932,0.74609375,0.7489270386266095,false
Orland 28103,sfr_1_4,llc,4,4,1673,1673,0.002390914524805738,0.002390914524805738,false
Stickney 36050,condo_unit,unknown,12,12,277,277,0.04332129963898917,0.04332129963898917,false
Proviso 31151,sfr_1_4,unknown,8,8,333,337,0.024024024024024024,0.02373887240356083,false
Thornton 37102,small_mf,unknown,4,24,17,111,0.23529411764705882,0.21621621621621623,false
Lyons 21052,condo_unit,lender_reo,2,2,341,341,0.005865102639296188,0.005865102639296188,false
Palos 30030,condo_unit,llc,2,2,392,392,0.00510204081632653,0.00510204081632653,false
Bremen 13010,sfr_1_4,lender_reo,6,6,1387,1471,0.004325883201153569,0.004078857919782461,false
New Trier 23093,sfr_1_4,individual,1560,1591,1652,1685,0.9443099273607748,0.944213649851632,false
Proviso 31080,sfr_1_4,unknown,95,97,3763,3862,0.025245814509699708,0.025116519937856033,false
Schaumburg 35110,condo_unit,trust,7,7,364,364,0.019230769230769232,0.019230769230769232,false
Jefferson 71200,sfr_1_4,individual,6844,7827,7151,8207,0.9570689414067962,0.9536980626294627,false
Worth 39010,condo_unit,lender_reo,2,2,415,415,0.004819277108433735,0.004819277108433735,false
Elk Grove 16100,condo_unit,corp,4,4,894,894,0.0044742729306487695,0.0044742729306487695,false
Proviso 31160,sfr_1_4,unknown,87,94,2206,2376,0.03943789664551224,0.03956228956228956,false
Thornton 37162,mixed_use_res,individual,20,65,29,99,0.6896551724137931,0.6565656565656566,false
Jefferson 71070,coop_building,coop_corp,1,1,1,1,,,true
Thornton 37061,mixed_use_res,unknown,2,10,27,100,0.07407407407407407,0.1,false
Jefferson 71140,small_mf,trust,1,7,19,110,0.05263157894736842,0.06363636363636363,false
West Chicago 77132,condo_unit,trust,19,19,2464,2464,0.007711038961038961,0.007711038961038961,false
Evanston 17011,sfr_1_4,individual,585,586,717,718,0.8158995815899581,0.8161559888579387,false
West Chicago 77152,mixed_use_res,llc,5,18,16,72,0.3125,0.25,false
Lake 72170,mixed_use_res,corp,1,3,30,108,0.03333333333333333,0.027777777777777776,false
Jefferson 71090,small_mf,unknown,9,58,78,483,0.11538461538461539,0.12008281573498965,false
Leyden 20050,sfr_1_4,llc,17,17,4790,4833,0.0035490605427974946,0.0035174839644113386,false
Proviso 31032,sfr_1_4,individual,1625,1799,1734,1936,0.9371395617070357,0.9292355371900827,false
Northfield 25051,sfr_1_4,llc,10,10,530,530,0.018867924528301886,0.018867924528301886,false
Lyons 21032,sfr_1_4,trust,19,20,923,969,0.020585048754062838,0.02063983488132095,false
Niles 24060,sfr_1_4,trust,4,4,777,779,0.005148005148005148,0.005134788189987163,false
Riverside 34050,sfr_1_4,unknown,21,21,684,688,0.03070175438596491,0.030523255813953487,false
Stickney 36041,condo_unit,llc,1,1,92,92,0.010869565217391304,0.010869565217391304,false
Orland 28037,sfr_1_4,llc,1,1,153,153,0.006535947712418301,0.006535947712418301,false
West Chicago 77013,sfr_1_4,individual,5729,9043,6365,10159,0.9000785545954438,0.8901466679791318,false
Rich 32055,condo_unit,lender_reo,1,1,116,116,0.008620689655172414,0.008620689655172414,false
Palatine 29050,condo_unit,llc,6,6,312,312,0.019230769230769232,0.019230769230769232,false
Hyde Park 70120,sfr_1_4,individual,2796,4070,3174,4681,0.8809073724007561,0.86947233497116,false
Thornton 37092,mixed_use_res,unknown,1,2,9,31,0.1111111111111111,0.06451612903225806,false
Niles 24031,sfr_1_4,trust,69,104,9674,11295,0.007132520157122183,0.009207613988490482,false
Jefferson 71270,sfr_1_4,individual,1662,2334,1731,2440,0.9601386481802426,0.9565573770491803,false
Rogers Park 75033,other_res,llc,1,1,1,1,,,true
Calumet 14040,condo_unit,llc,9,9,119,119,0.07563025210084033,0.07563025210084033,false
Lake 72380,sfr_1_4,estate,1,1,13000,13727,0.00007692307692307693,0.00007284912945290303,false
Jefferson 71041,mixed_use_res,unknown,1,5,48,165,0.020833333333333332,0.030303030303030304,false
Wheeling 38053,small_mf,individual,1,7,3,21,0.3333333333333333,0.3333333333333333,false
North Chicago 74022,small_mf,trust,1,7,151,1032,0.006622516556291391,0.006782945736434108,false
Lake 72230,small_mf,trust,1,7,4,27,0.25,0.25925925925925924,false
Rich 32360,sfr_1_4,llc,1,1,148,148,0.006756756756756757,0.006756756756756757,false
Hanover 18070,sfr_1_4,trust,4,4,1898,1982,0.002107481559536354,0.0020181634712411706,false
Bremen 13330,sfr_1_4,individual,128,128,136,136,0.9411764705882353,0.9411764705882353,false
Stickney 36041,sfr_1_4,corp,24,26,4145,4356,0.005790108564535585,0.005968778696051423,false
Schaumburg 35110,sfr_1_4,trust,6,6,261,261,0.022988505747126436,0.022988505747126436,false
Hyde Park 70070,sfr_1_4,corp,45,79,2952,4754,0.01524390243902439,0.016617585191417754,false
Riverside 34070,small_mf,corp,1,7,1,7,,,true
Jefferson 71041,condo_unit,lender_reo,3,3,1003,1003,0.0029910269192422734,0.0029910269192422734,false
Hanover 18040,sfr_1_4,llc,4,4,564,573,0.0070921985815602835,0.006980802792321117,false
West Chicago 77152,condo_unit,lender_reo,2,2,442,442,0.004524886877828055,0.004524886877828055,false
Lake 72281,condo_unit,unknown,4,4,42,42,0.09523809523809523,0.09523809523809523,false
Bremen 13210,condo_unit,unknown,23,23,570,570,0.04035087719298246,0.04035087719298246,false
Lake View 73012,sfr_1_4,unknown,43,76,1472,2204,0.029211956521739132,0.034482758620689655,false
Leyden 20081,mixed_use_res,individual,35,109,45,142,0.7777777777777778,0.7676056338028169,false
Lemont 19010,sfr_1_4,individual,1048,1153,1215,1336,0.8625514403292182,0.8630239520958084,false
Bremen 13171,sfr_1_4,unknown,11,15,505,521,0.02178217821782178,0.028790786948176585,false
South Chicago 76011,condo_unit,llc,358,358,8010,8010,0.04469413233458177,0.04469413233458177,false
Lyons 21111,condo_unit,trust,2,2,340,340,0.0058823529411764705,0.0058823529411764705,false
Wheeling 38013,sfr_1_4,individual,1460,1477,1605,1633,0.9096573208722741,0.904470300061237,false
Lake 72200,condo_unit,lender_reo,1,1,73,73,0.0136986301369863,0.0136986301369863,false
Worth 39200,sfr_1_4,lender_reo,2,2,698,698,0.0028653295128939827,0.0028653295128939827,false
Bloom 12032,sfr_1_4,unknown,118,118,721,731,0.1636615811373093,0.16142270861833105,false
Jefferson 71050,sfr_1_4,individual,1857,2649,1964,2837,0.9455193482688391,0.9337328163553049,false
Jefferson 71071,mixed_use_res,corp,1,4,58,193,0.017241379310344827,0.02072538860103627,false
Lemont 19050,sfr_1_4,corp,1,1,437,437,0.002288329519450801,0.002288329519450801,false
Lemont 19040,sfr_1_4,lender_reo,2,2,320,321,0.00625,0.006230529595015576,false
Jefferson 71280,mixed_use_res,corp,1,6,56,188,0.017857142857142856,0.031914893617021274,false
Thornton 37061,mixed_use_res,individual,25,90,27,100,0.9259259259259259,0.9,false
Palos 30030,mixed_use_res,trust,1,5,19,76,0.05263157894736842,0.06578947368421052,false
West Chicago 77101,small_mf,individual,23,145,82,518,0.2804878048780488,0.2799227799227799,false
West Chicago 77085,sfr_1_4,individual,274,419,292,454,0.9383561643835616,0.9229074889867841,false
Palos 30061,small_mf,llc,3,19,34,205,0.08823529411764706,0.09268292682926829,false
Bremen 13314,mixed_use_res,individual,9,25,13,38,0.6923076923076923,0.6578947368421053,false
Thornton 37130,small_mf,individual,4,28,6,42,0.6666666666666666,0.6666666666666666,false
Wheeling 38052,small_mf,llc,5,31,18,103,0.2777777777777778,0.30097087378640774,false
Bloom 12022,sfr_1_4,individual,1492,1492,1598,1598,0.9336670838548186,0.9336670838548186,false
Maine 22100,sfr_1_4,lender_reo,1,1,333,333,0.003003003003003003,0.003003003003003003,false
Bremen 13170,small_mf,corp,1,7,47,297,0.02127659574468085,0.02356902356902357,false
Bremen 13090,sfr_1_4,individual,30,30,31,31,0.967741935483871,0.967741935483871,false
West Chicago 77080,mixed_use_res,corp,1,2,20,66,0.05,0.030303030303030304,false
Thornton 37102,sfr_1_4,corp,6,6,932,934,0.006437768240343348,0.006423982869379015,false
Thornton 37061,small_mf,individual,20,122,35,216,0.5714285714285714,0.5648148148148148,false
Bloom 12112,sfr_1_4,individual,38,38,43,43,0.8837209302325582,0.8837209302325582,false
Proviso 31060,condo_unit,trust,1,1,110,110,0.00909090909090909,0.00909090909090909,false
Schaumburg 35110,sfr_1_4,individual,248,248,261,261,0.9501915708812261,0.9501915708812261,false
Oak Park 27080,sfr_1_4,unknown,24,30,934,1087,0.02569593147751606,0.027598896044158234,false
New Trier 23042,condo_unit,llc,4,4,73,73,0.0547945205479452,0.0547945205479452,false
Rogers Park 75031,small_mf,llc,127,874,379,2595,0.33509234828496043,0.33680154142581886,false
Lyons 21120,mixed_use_res,individual,2,5,2,5,,,true
Palos 30040,mixed_use_res,individual,1,2,1,2,,,true
Bremen 13070,sfr_1_4,llc,5,5,513,513,0.009746588693957114,0.009746588693957114,false
Thornton 37161,condo_unit,trust,2,2,48,48,0.041666666666666664,0.041666666666666664,false
West Chicago 77131,condo_unit,trust,127,127,10908,10908,0.011642830949761642,0.011642830949761642,false
Lake View 73093,condo_unit,trust,48,48,2833,2833,0.01694316978468055,0.01694316978468055,false
Cicero 15071,mixed_use_res,partnership,1,2,37,117,0.02702702702702703,0.017094017094017096,false
Stickney 36060,condo_unit,unknown,1,1,8,8,,,true
Bremen 13250,small_mf,individual,4,24,6,36,0.6666666666666666,0.6666666666666666,false
Thornton 37181,condo_unit,unknown,14,14,271,271,0.05166051660516605,0.05166051660516605,false
Bloom 12122,sfr_1_4,llc,7,7,554,605,0.01263537906137184,0.011570247933884297,false
Lake 72361,sfr_1_4,individual,741,780,793,834,0.9344262295081968,0.935251798561151,false
Jefferson 71082,condo_unit,individual,1630,1630,1874,1874,0.8697972251867663,0.8697972251867663,false
Maine 22180,condo_unit,individual,3438,3438,3653,3653,0.9411442649876813,0.9411442649876813,false
Rich 32201,condo_unit,unknown,1,1,30,30,0.03333333333333333,0.03333333333333333,false
Worth 39082,small_mf,individual,8,53,15,102,0.5333333333333333,0.5196078431372549,false
Palatine 29060,condo_unit,llc,31,31,1607,1607,0.019290603609209707,0.019290603609209707,false
Wheeling 38070,condo_unit,unknown,26,26,684,684,0.038011695906432746,0.038011695906432746,false
Jefferson 71082,sfr_1_4,llc,87,192,4527,6888,0.019218025182239893,0.027874564459930314,false
Niles 24013,condo_unit,trust,44,44,935,935,0.047058823529411764,0.047058823529411764,false
Lake View 73034,sfr_1_4,unknown,8,15,331,436,0.02416918429003021,0.034403669724770644,false
Worth 39180,sfr_1_4,unknown,21,21,719,719,0.02920723226703755,0.02920723226703755,false
Schaumburg 35012,sfr_1_4,individual,1210,1210,1254,1254,0.9649122807017544,0.9649122807017544,false
Evanston 17110,small_mf,corp,1,7,15,98,0.06666666666666667,0.07142857142857142,false
South Chicago 76050,condo_unit,unknown,11,11,378,378,0.0291005291005291,0.0291005291005291,false
Elk Grove 16100,small_mf,llc,3,19,65,398,0.046153846153846156,0.04773869346733668,false
Worth 39132,sfr_1_4,lender_reo,1,1,858,1019,0.0011655011655011655,0.0009813542688910696,false
Orland 28011,sfr_1_4,unknown,27,27,1551,1551,0.017408123791102514,0.017408123791102514,false
Palos 30030,sfr_1_4,unknown,22,25,749,783,0.029372496662216287,0.031928480204342274,false
Evanston 17090,mixed_use_res,individual,3,10,5,17,0.6,0.5882352941176471,false
Rogers Park 75040,small_mf,individual,14,93,35,232,0.4,0.40086206896551724,false
Palos 30010,sfr_1_4,unknown,26,26,966,967,0.026915113871635612,0.02688728024819028,false
Lake 72420,sfr_1_4,individual,138,138,148,148,0.9324324324324325,0.9324324324324325,false
Schaumburg 35101,condo_unit,individual,3306,3306,3489,3489,0.9475494411006019,0.9475494411006019,false
Elk Grove 16012,sfr_1_4,individual,1010,1014,1050,1054,0.9619047619047619,0.9620493358633776,false
Jefferson 71030,sfr_1_4,llc,17,21,1908,1963,0.00890985324947589,0.010697911360163017,false
Jefferson 71270,mixed_use_res,unknown,6,25,71,225,0.08450704225352113,0.1111111111111111,false
Niles 24060,sfr_1_4,corp,1,1,777,779,0.001287001287001287,0.0012836970474967907,false
Worth 39400,sfr_1_4,lender_reo,2,2,156,156,0.01282051282051282,0.01282051282051282,false
Bremen 13250,sfr_1_4,lender_reo,1,1,853,853,0.0011723329425556857,0.0011723329425556857,false
Northfield 25061,condo_unit,llc,6,6,209,209,0.028708133971291867,0.028708133971291867,false
Rich 32020,sfr_1_4,lender_reo,1,1,181,181,0.0055248618784530384,0.0055248618784530384,false
Hyde Park 70280,mixed_use_res,llc,2,7,63,215,0.031746031746031744,0.03255813953488372,false
West Chicago 77060,mixed_use_res,corp,2,7,131,473,0.015267175572519083,0.014799154334038054,false
Calumet 14020,sfr_1_4,trust,8,11,1412,1838,0.0056657223796034,0.005984766050054407,false
Elk Grove 16012,sfr_1_4,trust,9,9,1050,1054,0.008571428571428572,0.008538899430740038,false
Hanover 18011,sfr_1_4,unknown,495,496,2917,2969,0.16969489201234145,0.16705961603233413,false
Palatine 29180,sfr_1_4,individual,178,178,186,186,0.956989247311828,0.956989247311828,false
Hyde Park 70220,small_mf,trust,1,6,111,714,0.009009009009009009,0.008403361344537815,false
Lake 72310,mixed_use_res,individual,4,15,4,15,1.0,1.0,false
Orland 28100,mixed_use_res,individual,1,2,1,2,,,true
Thornton 37103,sfr_1_4,individual,329,332,356,359,0.9241573033707865,0.924791086350975,false
New Trier 23170,sfr_1_4,trust,15,15,362,362,0.04143646408839779,0.04143646408839779,false
Worth 39040,sfr_1_4,lender_reo,4,6,863,900,0.004634994206257242,0.006666666666666667,false
Rich 32262,sfr_1_4,partnership,1,1,147,147,0.006802721088435374,0.006802721088435374,false
Lake 72121,sfr_1_4,partnership,3,3,2490,2738,0.0012048192771084338,0.001095690284879474,false
Northfield 25061,small_mf,corp,1,6,1,6,,,true
Palos 30022,condo_unit,llc,3,3,453,453,0.006622516556291391,0.006622516556291391,false
New Trier 23150,sfr_1_4,partnership,2,2,1940,1941,0.0010309278350515464,0.0010303967027305513,false
Jefferson 71120,sfr_1_4,llc,52,83,3505,4879,0.014835948644793153,0.017011682721869235,false
West Chicago 77101,small_mf,partnership,15,90,82,518,0.18292682926829268,0.17374517374517376,false
Lake 72323,mixed_use_res,individual,6,23,6,23,1.0,1.0,false
Wheeling 38031,small_mf,llc,1,7,7,49,0.14285714285714285,0.14285714285714285,false
Maine 22120,sfr_1_4,unknown,27,27,1075,1078,0.025116279069767444,0.02504638218923933,false
Maine 22023,small_mf,corp,2,14,12,84,0.16666666666666666,0.16666666666666666,false
Jefferson 71070,condo_unit,lender_reo,4,4,1397,1397,0.002863278453829635,0.002863278453829635,false
Northfield 25320,condo_unit,trust,2,2,45,45,0.044444444444444446,0.044444444444444446,false
Hanover 18012,condo_unit,trust,1,1,242,242,0.004132231404958678,0.004132231404958678,false
West Chicago 77152,condo_unit,corp,1,1,442,442,0.0022624434389140274,0.0022624434389140274,false
Evanston 17112,sfr_1_4,llc,7,16,351,538,0.019943019943019943,0.02973977695167286,false
Proviso 31050,sfr_1_4,individual,891,900,927,938,0.9611650485436893,0.9594882729211087,false
Wheeling 38052,sfr_1_4,trust,26,32,1334,1376,0.019490254872563718,0.023255813953488372,false
Lemont 19010,sfr_1_4,lender_reo,3,3,1215,1336,0.0024691358024691358,0.002245508982035928,false
Orland 28061,small_mf,llc,1,7,19,128,0.05263157894736842,0.0546875,false
Maine 22030,sfr_1_4,corp,2,2,1154,1165,0.0017331022530329288,0.0017167381974248926,false
Niles 24081,condo_unit,trust,9,9,715,715,0.012587412587412588,0.012587412587412588,false
Hyde Park 70120,small_mf,partnership,1,6,468,3073,0.002136752136752137,0.0019524894240156199,false
Cicero 15040,sfr_1_4,unknown,15,27,889,1565,0.01687289088863892,0.017252396166134186,false
Jefferson 71081,small_mf,individual,172,1155,315,2125,0.546031746031746,0.5435294117647059,false
Schaumburg 35170,sfr_1_4,partnership,2,2,1127,1127,0.001774622892635315,0.001774622892635315,false
Maine 22080,condo_unit,llc,1,1,39,39,0.02564102564102564,0.02564102564102564,false
Proviso 31091,condo_unit,trust,18,18,1636,1636,0.011002444987775062,0.011002444987775062,false
Lyons 21062,sfr_1_4,individual,480,480,550,550,0.8727272727272727,0.8727272727272727,false
Hanover 18082,sfr_1_4,trust,4,4,531,531,0.007532956685499058,0.007532956685499058,false
Wheeling 38031,small_mf,individual,4,28,7,49,0.5714285714285714,0.5714285714285714,false
Lake 72091,sfr_1_4,llc,162,335,3153,5390,0.05137963843958135,0.06215213358070501,false
Stickney 36060,sfr_1_4,individual,255,259,266,270,0.9586466165413534,0.9592592592592593,false
Oak Park 27041,coop_building,coop_corp,2,2,2,2,,,true
Rogers Park 75021,sfr_1_4,unknown,41,67,1120,1803,0.03660714285714286,0.03716028840820854,false
Jefferson 71430,mixed_use_res,corp,7,26,29,94,0.2413793103448276,0.2765957446808511,false
West Chicago 77150,condo_unit,lender_reo,1,1,1527,1527,0.0006548788474132286,0.0006548788474132286,false
Hyde Park 70130,sfr_1_4,trust,35,39,4445,4752,0.007874015748031496,0.008207070707070708,false
Palos 30062,sfr_1_4,individual,585,585,607,607,0.9637561779242174,0.9637561779242174,false
Bloom 12043,condo_unit,unknown,6,6,83,83,0.07228915662650602,0.07228915662650602,false
Lyons 21065,sfr_1_4,trust,7,7,389,389,0.017994858611825194,0.017994858611825194,false
Orland 28045,sfr_1_4,corp,2,2,1518,1518,0.0013175230566534915,0.0013175230566534915,false
Proviso 31160,sfr_1_4,lender_reo,3,5,2206,2376,0.0013599274705349048,0.0021043771043771043,false
Thornton 37164,sfr_1_4,lender_reo,3,3,307,307,0.009771986970684038,0.009771986970684038,false
Palos 30071,sfr_1_4,corp,2,2,447,447,0.0044742729306487695,0.0044742729306487695,false
Northfield 25132,small_mf,partnership,1,7,7,48,0.14285714285714285,0.14583333333333334,false
Lake View 73062,condo_unit,corp,17,17,7810,7810,0.002176696542893726,0.002176696542893726,false
Jefferson 71110,small_mf,trust,2,13,156,1042,0.01282051282051282,0.012476007677543186,false
Orland 28099,condo_unit,trust,6,6,276,276,0.021739130434782608,0.021739130434782608,false
West Chicago 77060,other_res,individual,1,1,2,2,,,true
Jefferson 71042,condo_unit,lender_reo,3,3,1615,1615,0.0018575851393188853,0.0018575851393188853,false
Rich 32257,sfr_1_4,unknown,4,4,94,94,0.0425531914893617,0.0425531914893617,false
Wheeling 38080,mixed_use_res,individual,1,2,1,2,,,true
Evanston 17043,small_mf,individual,12,83,48,332,0.25,0.25,false
New Trier 23044,small_mf,corp,3,21,10,70,0.3,0.3,false
Cicero 15065,small_mf,individual,30,190,40,259,0.75,0.7335907335907336,false
Proviso 31161,sfr_1_4,llc,5,5,550,556,0.00909090909090909,0.008992805755395683,false
Lyons 21165,sfr_1_4,trust,7,7,473,473,0.014799154334038054,0.014799154334038054,false
Lake 72121,small_mf,individual,8,50,13,84,0.6153846153846154,0.5952380952380952,false
South Chicago 76041,condo_unit,individual,339,339,385,385,0.8805194805194805,0.8805194805194805,false
Jefferson 71101,small_mf,corp,3,19,66,441,0.045454545454545456,0.04308390022675737,false
Palos 30082,sfr_1_4,individual,18,18,19,19,0.9473684210526315,0.9473684210526315,false
Lake 72052,condo_unit,llc,4,4,4,4,,,true
New Trier 23150,mixed_use_res,individual,1,4,4,11,0.25,0.36363636363636365,false
Thornton 37185,condo_unit,unknown,2,2,79,79,0.02531645569620253,0.02531645569620253,false
Rich 32224,condo_unit,llc,8,8,199,199,0.04020100502512563,0.04020100502512563,false
Rich 32120,sfr_1_4,individual,2669,2669,3004,3004,0.8884820239680427,0.8884820239680427,false
Schaumburg 35115,sfr_1_4,individual,241,241,251,251,0.9601593625498008,0.9601593625498008,false
Rogers Park 75022,sfr_1_4,trust,17,27,976,1608,0.017418032786885244,0.016791044776119403,false
Jefferson 71402,sfr_1_4,unknown,35,60,1111,1629,0.0315031503150315,0.03683241252302026,false
Worth 39122,sfr_1_4,llc,3,3,1811,1811,0.0016565433462175593,0.0016565433462175593,false
River Forest 33015,sfr_1_4,llc,1,1,613,633,0.0016313213703099511,0.001579778830963665,false
Northfield 25200,sfr_1_4,llc,19,19,1261,1261,0.01506740681998414,0.01506740681998414,false
Rich 32310,sfr_1_4,llc,1,1,304,304,0.003289473684210526,0.003289473684210526,false
Palos 30010,sfr_1_4,corp,4,4,966,967,0.004140786749482402,0.004136504653567736,false
Schaumburg 35030,sfr_1_4,unknown,86,86,2206,2206,0.038984587488667274,0.038984587488667274,false
Niles 24150,sfr_1_4,unknown,10,10,432,433,0.023148148148148147,0.023094688221709007,false
Lyons 21132,condo_unit,corp,2,2,479,479,0.0041753653444676405,0.0041753653444676405,false
Lemont 19010,small_mf,unknown,2,13,34,223,0.058823529411764705,0.05829596412556054,false
Proviso 31010,sfr_1_4,corp,2,2,630,668,0.0031746031746031746,0.0029940119760479044,false
Bremen 13100,condo_unit,corp,3,3,454,454,0.006607929515418502,0.006607929515418502,false
Maine 22030,sfr_1_4,trust,13,13,1154,1165,0.011265164644714038,0.011158798283261802,false
Lake 72212,sfr_1_4,unknown,147,183,3900,4678,0.03769230769230769,0.03911928174433518,false
Bremen 13010,sfr_1_4,llc,38,41,1387,1471,0.0273972602739726,0.02787219578518015,false
Jefferson 71082,condo_unit,lender_reo,5,5,1874,1874,0.0026680896478121665,0.0026680896478121665,false
Elk Grove 16085,small_mf,llc,37,241,80,500,0.4625,0.482,false
Lyons 21031,sfr_1_4,corp,1,1,843,877,0.0011862396204033216,0.0011402508551881414,false
Worth 39260,sfr_1_4,trust,13,13,838,838,0.015513126491646777,0.015513126491646777,false
Jefferson 71041,condo_unit,individual,849,849,1003,1003,0.8464606181455633,0.8464606181455633,false
Worth 39081,sfr_1_4,corp,1,1,454,454,0.0022026431718061676,0.0022026431718061676,false
Rich 32150,small_mf,trust,1,6,37,240,0.02702702702702703,0.025,false
Lyons 21012,mixed_use_res,unknown,2,8,2,8,,,true
Palatine 29140,sfr_1_4,lender_reo,1,1,229,229,0.004366812227074236,0.004366812227074236,false
Lake 72422,sfr_1_4,corp,3,3,3014,3024,0.0009953550099535502,0.000992063492063492,false
Lake 72271,mixed_use_res,llc,6,16,33,95,0.18181818181818182,0.16842105263157894,false
Proviso 31042,sfr_1_4,unknown,34,60,1557,2343,0.021836865767501604,0.02560819462227913,false
New Trier 23080,sfr_1_4,lender_reo,1,1,608,608,0.001644736842105263,0.001644736842105263,false
Orland 28031,sfr_1_4,unknown,75,75,1130,1130,0.06637168141592921,0.06637168141592921,false
Lake View 73060,sfr_1_4,partnership,1,4,187,260,0.0053475935828877,0.015384615384615385,false
Worth 39010,sfr_1_4,unknown,65,66,2505,2519,0.02594810379241517,0.026200873362445413,false
Rogers Park 75032,coop_building,coop_corp,1,1,1,1,,,true
Jefferson 71041,small_mf,lender_reo,4,28,160,1074,0.025,0.0260707635009311,false
North Chicago 74022,small_mf,llc,77,537,151,1032,0.5099337748344371,0.5203488372093024,false
Orland 28100,condo_unit,trust,2,2,69,69,0.028985507246376812,0.028985507246376812,false
Rich 32350,condo_unit,lender_reo,1,1,96,96,0.010416666666666666,0.010416666666666666,false
Northfield 25400,sfr_1_4,trust,4,4,201,201,0.01990049751243781,0.01990049751243781,false
Evanston 17090,sfr_1_4,trust,15,17,719,799,0.02086230876216968,0.02127659574468085,false
Jefferson 71150,sfr_1_4,trust,97,115,9873,11614,0.009824774637901348,0.00990184260375409,false
Wheeling 38023,sfr_1_4,individual,846,847,873,874,0.9690721649484536,0.9691075514874142,false
New Trier 23050,sfr_1_4,individual,291,291,327,327,0.8899082568807339,0.8899082568807339,false
Jefferson 71371,sfr_1_4,estate,1,1,6044,6548,0.00016545334215751158,0.00015271838729383018,false
West Chicago 77091,mixed_use_res,unknown,11,37,126,484,0.0873015873015873,0.07644628099173553,false
West Chicago 77132,sfr_1_4,trust,19,35,1698,2676,0.011189634864546525,0.013079222720478326,false
Rich 32230,mixed_use_res,individual,1,3,1,3,,,true
Jefferson 71250,sfr_1_4,unknown,33,45,1603,2099,0.020586400499064253,0.021438780371605525,false
Northfield 25320,condo_unit,unknown,1,1,45,45,0.022222222222222223,0.022222222222222223,false
Bremen 13080,condo_unit,unknown,13,13,278,278,0.046762589928057555,0.046762589928057555,false
Schaumburg 35080,sfr_1_4,corp,1,1,1107,1108,0.0009033423667570009,0.0009025270758122744,false
Jefferson 71082,mixed_use_res,corp,8,29,185,629,0.043243243243243246,0.046104928457869634,false
West Chicago 77102,mixed_use_res,llc,20,65,137,477,0.145985401459854,0.13626834381551362,false
Orland 28012,sfr_1_4,individual,334,334,358,358,0.9329608938547486,0.9329608938547486,false
Hyde Park 70120,small_mf,trust,7,43,468,3073,0.014957264957264958,0.013992840872111943,false
Lake 72052,sfr_1_4,trust,11,19,1267,1831,0.008681925808997633,0.010376843255051884,false
Jefferson 71110,sfr_1_4,unknown,81,150,2525,4000,0.03207920792079208,0.0375,false
Wheeling 38031,small_mf,unknown,2,14,7,49,0.2857142857142857,0.2857142857142857,false
Schaumburg 35031,sfr_1_4,unknown,6,6,344,344,0.01744186046511628,0.01744186046511628,false
West Chicago 77013,small_mf,lender_reo,3,21,391,2611,0.0076726342710997444,0.00804289544235925,false
Lyons 21052,sfr_1_4,unknown,79,87,2626,2913,0.030083777608530083,0.029866117404737384,false
West Chicago 77102,sfr_1_4,lender_reo,16,34,5220,10368,0.0030651340996168583,0.003279320987654321,false
Lyons 21131,sfr_1_4,individual,247,247,270,270,0.9148148148148149,0.9148148148148149,false
Lake 72230,small_mf,individual,3,20,4,27,0.75,0.7407407407407407,false
Proviso 31032,mixed_use_res,individual,4,12,5,16,0.8,0.75,false
Rogers Park 75023,sfr_1_4,trust,10,12,447,502,0.02237136465324385,0.02390438247011952,false
Lake 72274,small_mf,unknown,8,56,64,437,0.125,0.12814645308924486,false
Bremen 13210,mixed_use_res,llc,1,2,2,4,,,true
Bloom 12111,sfr_1_4,llc,16,25,841,1110,0.019024970273483946,0.02252252252252252,false
Evanston 17071,sfr_1_4,individual,359,403,380,433,0.9447368421052632,0.930715935334873,false
Northfield 25140,sfr_1_4,individual,312,312,346,346,0.9017341040462428,0.9017341040462428,false
Calumet 14020,mixed_use_res,individual,27,93,32,112,0.84375,0.8303571428571429,false
Lake View 73012,small_mf,corp,22,152,150,1016,0.14666666666666667,0.14960629921259844,false
Bremen 13060,sfr_1_4,llc,6,6,371,371,0.016172506738544475,0.016172506738544475,false
Wheeling 38023,mixed_use_res,individual,2,4,6,12,0.3333333333333333,0.3333333333333333,false
Cicero 15030,sfr_1_4,individual,3745,5222,3863,5396,0.9694537923893347,0.9677538917716827,false
Lyons 21031,small_mf,individual,1,7,2,14,0.5,0.5,false
Thornton 37162,small_mf,corp,1,7,15,100,0.06666666666666667,0.07,false
West Chicago 77060,small_mf,partnership,1,7,109,720,0.009174311926605505,0.009722222222222222,false
Wheeling 38013,condo_unit,llc,176,176,3416,3416,0.05152224824355972,0.05152224824355972,false
Niles 24081,mixed_use_res,trust,1,2,23,62,0.043478260869565216,0.03225806451612903,false
Rogers Park 75023,condo_unit,unknown,1,1,56,56,0.017857142857142856,0.017857142857142856,false
West Chicago 77052,mixed_use_res,unknown,13,59,89,365,0.14606741573033707,0.16164383561643836,false
Lake 72260,sfr_1_4,llc,30,45,1051,1282,0.028544243577545196,0.035101404056162244,false
Leyden 20020,small_mf,llc,8,51,159,977,0.050314465408805034,0.052200614124872056,false
Hyde Park 70030,condo_unit,corp,5,5,121,121,0.04132231404958678,0.04132231404958678,false
Jefferson 71210,condo_unit,individual,39,39,49,49,0.7959183673469388,0.7959183673469388,false
Evanston 17060,small_mf,individual,9,56,23,149,0.391304347826087,0.37583892617449666,false
Palatine 29070,small_mf,trust,3,18,149,897,0.020134228187919462,0.020066889632107024,false
West Chicago 77085,small_mf,unknown,1,7,24,166,0.041666666666666664,0.04216867469879518,false
Bloom 12072,small_mf,unknown,1,5,4,20,0.25,0.25,false
Berwyn 11040,sfr_1_4,corp,6,6,1510,1663,0.003973509933774834,0.0036079374624173183,false
Proviso 31060,sfr_1_4,llc,43,58,2822,3594,0.015237420269312544,0.016138007790762382,false
Bloom 12033,condo_unit,individual,230,230,252,252,0.9126984126984127,0.9126984126984127,false
Jefferson 71390,small_mf,llc,13,83,196,1205,0.0663265306122449,0.06887966804979254,false
Jefferson 71110,condo_unit,individual,1256,1256,1469,1469,0.85500340367597,0.85500340367597,false
North Chicago 74012,other_res,individual,1,1,2,2,,,true
Lake 72193,sfr_1_4,llc,3,3,1549,1634,0.001936733376371853,0.0018359853121175031,false
Bloom 12084,small_mf,llc,2,14,10,65,0.2,0.2153846153846154,false
Palos 30030,condo_unit,corp,2,2,392,392,0.00510204081632653,0.00510204081632653,false
Proviso 31110,mixed_use_res,llc,5,10,25,87,0.2,0.11494252873563218,false
Palos 30030,small_mf,trust,2,10,56,348,0.03571428571428571,0.028735632183908046,false
Rogers Park 75010,small_mf,llc,9,62,20,137,0.45,0.45255474452554745,false
Jefferson 71082,small_mf,llc,58,394,251,1670,0.23107569721115537,0.23592814371257484,false
Jefferson 71410,mixed_use_res,trust,1,3,56,184,0.017857142857142856,0.016304347826086956,false
Maine 22087,mixed_use_res,individual,1,2,3,8,,,true
Lake View 73093,small_mf,partnership,1,7,126,823,0.007936507936507936,0.00850546780072904,false
South Chicago 76011,sfr_1_4,individual,859,859,918,918,0.9357298474945533,0.9357298474945533,false
Jefferson 71600,small_mf,individual,2,14,2,14,1.0,1.0,false
Lake View 73041,sfr_1_4,trust,20,23,916,1387,0.021834061135371178,0.01658255227108868,false
West Chicago 77102,mixed_use_res,individual,103,366,137,477,0.7518248175182481,0.7672955974842768,false
Wheeling 38081,sfr_1_4,corp,4,4,1470,1470,0.0027210884353741495,0.0027210884353741495,false
Hanover 18070,sfr_1_4,unknown,305,308,1898,1982,0.160695468914647,0.15539858728557013,false
West Chicago 77013,mixed_use_res,llc,16,74,126,485,0.12698412698412698,0.15257731958762888,false
Rich 32255,sfr_1_4,lender_reo,2,2,394,396,0.005076142131979695,0.005050505050505051,false
Maine 22180,small_mf,partnership,3,21,97,651,0.030927835051546393,0.03225806451612903,false
Wheeling 38023,sfr_1_4,llc,9,9,873,874,0.010309278350515464,0.010297482837528604,false
Schaumburg 35116,sfr_1_4,individual,402,402,422,422,0.95260663507109,0.95260663507109,false
Lake 72281,sfr_1_4,unknown,119,137,2390,2593,0.0497907949790795,0.052834554569996146,false
Jefferson 71362,small_mf,corp,1,5,58,379,0.017241379310344827,0.013192612137203167,false
Northfield 25011,condo_unit,trust,12,12,1579,1579,0.007599746675110829,0.007599746675110829,false
Jefferson 71070,condo_unit,individual,1141,1141,1397,1397,0.8167501789549033,0.8167501789549033,false
Worth 39151,mixed_use_res,individual,17,51,37,104,0.4594594594594595,0.49038461538461536,false
Worth 39260,sfr_1_4,lender_reo,2,2,838,838,0.002386634844868735,0.002386634844868735,false
Lyons 21041,small_mf,individual,2,12,7,44,0.2857142857142857,0.2727272727272727,false
Jefferson 71060,sfr_1_4,individual,1368,1828,1458,1965,0.9382716049382716,0.9302798982188295,false
Lake 72293,sfr_1_4,unknown,17,31,362,536,0.04696132596685083,0.05783582089552239,false
Hyde Park 70150,sfr_1_4,lender_reo,1,1,311,385,0.003215434083601286,0.0025974025974025974,false
New Trier 23050,sfr_1_4,unknown,9,9,327,327,0.027522935779816515,0.027522935779816515,false
Proviso 31080,sfr_1_4,individual,3614,3707,3763,3862,0.9604039330321552,0.9598653547384774,false
Palatine 29032,sfr_1_4,trust,9,9,993,993,0.00906344410876133,0.00906344410876133,false
Proviso 31080,condo_unit,unknown,5,5,84,84,0.05952380952380952,0.05952380952380952,false
Riverside 34040,mixed_use_res,individual,1,3,1,3,,,true
West Chicago 77102,sfr_1_4,llc,387,839,5220,10368,0.07413793103448275,0.08092206790123457,false
South Chicago 76041,sfr_1_4,trust,9,10,841,1191,0.01070154577883472,0.008396305625524769,false
Lyons 21013,condo_unit,individual,13,13,36,36,0.3611111111111111,0.3611111111111111,false
Jefferson 71101,mixed_use_res,corp,2,7,54,191,0.037037037037037035,0.03664921465968586,false
West Chicago 77170,sfr_1_4,individual,2167,3322,2431,3854,0.8914027149321267,0.8619615983393877,false
South Chicago 76011,condo_unit,partnership,1,1,8010,8010,0.00012484394506866417,0.00012484394506866417,false
Elk Grove 16051,sfr_1_4,corp,2,2,3094,3239,0.0006464124111182935,0.0006174745291756715,false
Hyde Park 70100,mixed_use_res,corp,4,17,100,347,0.04,0.04899135446685879,false
Maine 22040,sfr_1_4,lender_reo,2,2,2639,2667,0.0007578628268283441,0.0007499062617172854,false
Proviso 31103,small_mf,unknown,4,28,26,181,0.15384615384615385,0.15469613259668508,false
Worth 39310,sfr_1_4,lender_reo,2,2,1480,1499,0.0013513513513513514,0.00133422281521014,false
Hyde Park 70210,mixed_use_res,individual,89,309,113,386,0.7876106194690266,0.8005181347150259,false
Cicero 15020,sfr_1_4,llc,5,16,830,1549,0.006024096385542169,0.010329244673983214,false
Jefferson 71410,condo_unit,llc,13,13,680,680,0.01911764705882353,0.01911764705882353,false
Proviso 31033,sfr_1_4,unknown,2,2,212,231,0.009433962264150943,0.008658008658008658,false
Jefferson 71090,mixed_use_res,trust,1,3,63,202,0.015873015873015872,0.01485148514851485,false
Lake View 73093,mixed_use_res,corp,1,2,81,299,0.012345679012345678,0.006688963210702341,false
Orland 28040,sfr_1_4,individual,1237,1237,1338,1338,0.9245142002989537,0.9245142002989537,false
Maine 22070,sfr_1_4,unknown,18,18,893,893,0.020156774916013438,0.020156774916013438,false
Palos 30062,sfr_1_4,trust,9,9,607,607,0.014827018121911038,0.014827018121911038,false
Thornton 37102,small_mf,individual,11,75,17,111,0.6470588235294118,0.6756756756756757,false
Rich 32061,sfr_1_4,individual,101,101,114,114,0.8859649122807017,0.8859649122807017,false
Lake View 73031,sfr_1_4,individual,1689,2998,1852,3369,0.911987041036717,0.8898783021668151,false
Jefferson 71042,mixed_use_res,llc,1,5,11,42,0.09090909090909091,0.11904761904761904,false
Bremen 13160,mixed_use_res,individual,2,5,3,9,,,true
Jefferson 71082,mixed_use_res,individual,132,455,185,629,0.7135135135135136,0.7233704292527822,false
Proviso 31031,small_mf,llc,1,6,8,50,0.125,0.12,false
Maine 22010,sfr_1_4,unknown,10,10,544,547,0.01838235294117647,0.018281535648994516,false
Wheeling 38081,small_mf,corp,3,21,17,118,0.17647058823529413,0.17796610169491525,false
Lake 72191,sfr_1_4,trust,6,6,1109,1109,0.005410279531109108,0.005410279531109108,false
Wheeling 38051,small_mf,llc,7,42,25,150,0.28,0.28,false
New Trier 23041,sfr_1_4,individual,759,759,797,797,0.9523212045169385,0.9523212045169385,false
Hanover 18060,sfr_1_4,individual,408,408,488,488,0.8360655737704918,0.8360655737704918,false
Wheeling 38027,sfr_1_4,individual,481,530,493,544,0.9756592292089249,0.9742647058823529,false
Riverside 34010,small_mf,llc,9,52,61,378,0.14754098360655737,0.13756613756613756,false
Orland 28036,sfr_1_4,unknown,68,68,2654,2657,0.02562170308967596,0.02559277380504328,false
Hanover 18040,sfr_1_4,trust,1,1,564,573,0.0017730496453900709,0.0017452006980802793,false
Norwood Park 26040,mixed_use_res,individual,5,19,11,35,0.45454545454545453,0.5428571428571428,false
Bloom 12071,sfr_1_4,trust,8,8,867,873,0.00922722029988466,0.009163802978235968,false
New Trier 23022,mixed_use_res,individual,9,33,13,51,0.6923076923076923,0.6470588235294118,false
Bloom 12082,sfr_1_4,unknown,6,6,386,389,0.015544041450777202,0.015424164524421594,false
Thornton 37181,mixed_use_res,unknown,1,3,31,104,0.03225806451612903,0.028846153846153848,false
Hyde Park 70080,condo_unit,corp,14,14,1210,1210,0.011570247933884297,0.011570247933884297,false
Worth 39050,condo_unit,unknown,6,6,93,93,0.06451612903225806,0.06451612903225806,false
Thornton 37183,sfr_1_4,trust,3,3,495,579,0.006060606060606061,0.0051813471502590676,false
New Trier 23010,sfr_1_4,corp,1,1,491,491,0.002036659877800407,0.002036659877800407,false
Rogers Park 75021,mixed_use_res,individual,10,30,18,54,0.5555555555555556,0.5555555555555556,false
Thornton 37171,sfr_1_4,trust,8,8,1014,1027,0.007889546351084813,0.007789678675754625,false
Leyden 20010,condo_unit,trust,2,2,245,245,0.00816326530612245,0.00816326530612245,false
Maine 22150,mixed_use_res,llc,6,18,13,46,0.46153846153846156,0.391304347826087,false
Proviso 31141,small_mf,individual,4,24,8,52,0.5,0.46153846153846156,false
Proviso 31092,mixed_use_res,unknown,3,10,20,63,0.15,0.15873015873015872,false
Elk Grove 16085,condo_unit,unknown,16,16,508,508,0.031496062992125984,0.031496062992125984,false
Lake 72422,condo_unit,llc,1,1,195,195,0.005128205128205128,0.005128205128205128,false
Palatine 29033,sfr_1_4,lender_reo,1,1,2836,2836,0.0003526093088857546,0.0003526093088857546,false
Bremen 13010,mixed_use_res,corp,1,3,17,58,0.058823529411764705,0.05172413793103448,false
Palatine 29043,sfr_1_4,individual,482,482,502,502,0.9601593625498008,0.9601593625498008,false
Palatine 29070,sfr_1_4,llc,15,15,4389,4389,0.003417634996582365,0.003417634996582365,false
Palos 30071,sfr_1_4,lender_reo,3,3,447,447,0.006711409395973154,0.006711409395973154,false
Jefferson 71361,sfr_1_4,lender_reo,1,1,1299,1318,0.0007698229407236335,0.0007587253414264037,false
Stickney 36012,condo_unit,trust,1,1,160,160,0.00625,0.00625,false
Lake 72350,sfr_1_4,individual,2622,2832,2710,2927,0.9675276752767528,0.9675435599590024,false
Barrington 10012,sfr_1_4,trust,24,25,1159,1208,0.02070750647109577,0.020695364238410598,false
Maine 22120,small_mf,llc,1,7,2,12,0.5,0.5833333333333334,false
Evanston 17071,mixed_use_res,individual,1,2,3,6,,,true
Lake 72380,sfr_1_4,unknown,325,357,13000,13727,0.025,0.026007139214686385,false
Lake 72200,sfr_1_4,partnership,2,2,6931,7127,0.00028855864954552014,0.0002806229830223095,false
Hyde Park 70030,condo_unit,individual,86,86,121,121,0.7107438016528925,0.7107438016528925,false
Lemont 19060,mixed_use_res,individual,2,4,2,4,,,true
Rich 32350,condo_unit,unknown,1,1,96,96,0.010416666666666666,0.010416666666666666,false
Proviso 31160,condo_unit,trust,1,1,79,79,0.012658227848101266,0.012658227848101266,false
Oak Park 27040,mixed_use_res,llc,1,3,13,40,0.07692307692307693,0.075,false
Rich 32190,sfr_1_4,lender_reo,4,4,630,630,0.006349206349206349,0.006349206349206349,false
Maine 22141,sfr_1_4,trust,7,7,383,383,0.018276762402088774,0.018276762402088774,false
West Chicago 77080,small_mf,trust,1,7,67,453,0.014925373134328358,0.01545253863134658,false
Hanover 18082,mixed_use_res,llc,1,3,2,5,,,true
Leyden 20030,sfr_1_4,lender_reo,2,2,3979,4123,0.0005026388539834129,0.00048508367693427115,false
Lake View 73032,sfr_1_4,coop_corp,1,2,1371,2191,0.0007293946024799417,0.0009128251939753537,false
Hyde Park 70280,mixed_use_res,trust,1,2,63,215,0.015873015873015872,0.009302325581395349,false
Palos 30042,small_mf,individual,1,5,1,5,,,true
Lake View 73093,condo_unit,partnership,1,1,2833,2833,0.00035298270384751147,0.00035298270384751147,false
Northfield 25200,condo_unit,llc,14,14,1062,1062,0.013182674199623353,0.013182674199623353,false
Leyden 20090,sfr_1_4,llc,1,4,173,275,0.005780346820809248,0.014545454545454545,false
Jefferson 71140,sfr_1_4,partnership,1,1,1241,1331,0.0008058017727639,0.0007513148009015778,false
Maine 22050,small_mf,partnership,1,7,104,645,0.009615384615384616,0.010852713178294573,false
South Chicago 76010,small_mf,individual,45,315,109,763,0.41284403669724773,0.41284403669724773,false
Bloom 12085,small_mf,llc,1,7,3,18,0.3333333333333333,0.3888888888888889,false
Jefferson 71463,small_mf,trust,1,6,9,58,0.1111111111111111,0.10344827586206896,false
Hyde Park 70150,small_mf,individual,47,305,72,468,0.6527777777777778,0.6517094017094017,false
West Chicago 77020,sfr_1_4,unknown,109,197,3719,6263,0.02930895401989782,0.03145457448507105,false
Oak Park 27030,small_mf,individual,15,103,35,241,0.42857142857142855,0.42738589211618255,false
Schaumburg 35110,sfr_1_4,unknown,7,7,261,261,0.02681992337164751,0.02681992337164751,false
Lyons 21084,condo_unit,trust,4,4,346,346,0.011560693641618497,0.011560693641618497,false
Jefferson 71402,condo_unit,trust,9,9,781,781,0.011523687580025609,0.011523687580025609,false
Northfield 25061,sfr_1_4,llc,3,3,384,384,0.0078125,0.0078125,false
Worth 39200,mixed_use_res,individual,2,4,4,9,,,true
Schaumburg 35100,condo_unit,llc,14,14,522,522,0.02681992337164751,0.02681992337164751,false
Lyons 21166,condo_unit,unknown,5,5,197,197,0.025380710659898477,0.025380710659898477,false
Thornton 37021,sfr_1_4,lender_reo,23,24,3938,4092,0.005840528186896902,0.005865102639296188,false
Lake View 73081,condo_unit,llc,165,165,2154,2154,0.0766016713091922,0.0766016713091922,false
Jefferson 71120,sfr_1_4,individual,3306,4587,3505,4879,0.9432239657631954,0.9401516704242673,false
Maine 22150,sfr_1_4,lender_reo,6,6,3078,3116,0.001949317738791423,0.0019255455712451862,false
Palatine 29170,sfr_1_4,trust,3,3,446,446,0.006726457399103139,0.006726457399103139,false
Leyden 20020,small_mf,partnership,6,42,159,977,0.03773584905660377,0.042988741044012284,false
Lake 72030,sfr_1_4,llc,39,56,13815,15814,0.0028230184581976114,0.0035411660553939547,false
Northfield 25180,condo_unit,trust,5,5,81,81,0.06172839506172839,0.06172839506172839,false
Rich 32257,sfr_1_4,corp,1,1,94,94,0.010638297872340425,0.010638297872340425,false
Niles 24081,condo_unit,individual,675,675,715,715,0.9440559440559441,0.9440559440559441,false
West Chicago 77011,mixed_use_res,corp,1,4,66,255,0.015151515151515152,0.01568627450980392,false
Northfield 25021,sfr_1_4,unknown,30,30,1784,1784,0.016816143497757848,0.016816143497757848,false
West Chicago 77102,small_mf,trust,4,23,332,2186,0.012048192771084338,0.010521500457456541,false
Berwyn 11020,sfr_1_4,llc,24,33,2492,3314,0.009630818619582664,0.009957754978877489,false
Lyons 21166,condo_unit,individual,186,186,197,197,0.9441624365482234,0.9441624365482234,false
Oak Park 27041,condo_unit,corp,1,1,715,715,0.0013986013986013986,0.0013986013986013986,false
Lyons 21042,sfr_1_4,trust,18,26,2707,3257,0.0066494274104174364,0.007982806263432606,false
Lyons 21013,mixed_use_res,individual,4,13,8,29,0.5,0.4482758620689655,false
Wheeling 38055,sfr_1_4,individual,54,54,54,54,1.0,1.0,false
Wheeling 38013,sfr_1_4,lender_reo,11,11,1605,1633,0.006853582554517134,0.006736068585425597,false
Wheeling 38072,sfr_1_4,corp,4,4,1021,1034,0.0039177277179236044,0.0038684719535783366,false
Lake View 73042,condo_unit,llc,115,115,750,750,0.15333333333333332,0.15333333333333332,false
Oak Park 27090,small_mf,partnership,1,6,59,404,0.01694915254237288,0.01485148514851485,false
Hyde Park 70030,small_mf,trust,1,7,346,2277,0.002890173410404624,0.0030742204655248135,false
Rogers Park 75032,sfr_1_4,corp,1,2,236,461,0.00423728813559322,0.004338394793926247,false
New Trier 23141,sfr_1_4,llc,6,6,809,810,0.007416563658838072,0.007407407407407408,false
Lemont 19032,small_mf,individual,4,28,4,28,1.0,1.0,false
Lake View 73063,condo_unit,llc,251,251,4009,4009,0.06260912945871788,0.06260912945871788,false
Palos 30012,condo_unit,llc,1,1,207,207,0.004830917874396135,0.004830917874396135,false
Palos 30041,sfr_1_4,lender_reo,1,1,369,369,0.0027100271002710027,0.0027100271002710027,false
Lake 72330,small_mf,trust,1,7,17,114,0.058823529411764705,0.06140350877192982,false
Thornton 37051,small_mf,unknown,4,24,84,514,0.047619047619047616,0.04669260700389105,false
West Chicago 77051,sfr_1_4,partnership,2,5,630,1451,0.0031746031746031746,0.0034458993797381117,false
South Chicago 76050,condo_unit,corp,3,3,378,378,0.007936507936507936,0.007936507936507936,false
Leyden 20030,mixed_use_res,individual,41,161,47,175,0.8723404255319149,0.92,false
Palos 30042,condo_unit,lender_reo,6,6,1210,1210,0.0049586776859504135,0.0049586776859504135,false
Bremen 13160,sfr_1_4,trust,2,2,111,111,0.018018018018018018,0.018018018018018018,false
Thornton 37051,condo_unit,llc,3,3,170,170,0.01764705882352941,0.01764705882352941,false
Rich 32020,condo_unit,individual,644,644,705,705,0.9134751773049645,0.9134751773049645,false
Lake 72271,sfr_1_4,unknown,100,103,3593,3714,0.027831895352073477,0.02773290253096392,false
Orland 28015,sfr_1_4,corp,6,6,2761,2761,0.0021731256791017745,0.0021731256791017745,false
Rich 32130,small_mf,individual,4,24,7,45,0.5714285714285714,0.5333333333333333,false
West Chicago 77141,small_mf,individual,199,1242,368,2321,0.5407608695652174,0.5351141749246014,false
Calumet 14040,sfr_1_4,llc,14,16,429,486,0.03263403263403263,0.03292181069958848,false
Rich 32220,sfr_1_4,corp,26,26,619,619,0.0420032310177706,0.0420032310177706,false
Bloom 12065,sfr_1_4,unknown,7,7,166,166,0.04216867469879518,0.04216867469879518,false
Bloom 12046,sfr_1_4,partnership,2,2,549,550,0.0036429872495446266,0.0036363636363636364,false
Lemont 19040,sfr_1_4,llc,2,2,320,321,0.00625,0.006230529595015576,false
Bremen 13342,condo_unit,individual,44,44,54,54,0.8148148148148148,0.8148148148148148,false
Elk Grove 16096,sfr_1_4,unknown,2,2,121,121,0.01652892561983471,0.01652892561983471,false
Palos 30052,sfr_1_4,individual,332,332,357,357,0.9299719887955182,0.9299719887955182,false
Evanston 17071,small_mf,unknown,13,90,46,317,0.2826086956521739,0.28391167192429023,false
Lake View 73034,sfr_1_4,trust,5,7,331,436,0.015105740181268883,0.016055045871559634,false
Worth 39071,small_mf,individual,50,320,72,463,0.6944444444444444,0.6911447084233261,false
Orland 28013,sfr_1_4,partnership,2,2,287,287,0.006968641114982578,0.006968641114982578,false
Lyons 21084,sfr_1_4,trust,33,33,1696,1700,0.01945754716981132,0.019411764705882354,false
South Chicago 76050,condo_unit,llc,30,30,378,378,0.07936507936507936,0.07936507936507936,false
Rich 32043,small_mf,individual,1,7,2,12,0.5,0.5833333333333334,false
Lyons 21091,sfr_1_4,lender_reo,6,6,2425,3323,0.002474226804123711,0.0018055973517905506,false
Northfield 25430,small_mf,corp,2,12,98,592,0.02040816326530612,0.02027027027027027,false
Maine 22100,sfr_1_4,corp,2,2,333,333,0.006006006006006006,0.006006006006006006,false
West Chicago 77132,condo_unit,unknown,61,61,2464,2464,0.024756493506493508,0.024756493506493508,false
North Chicago 74012,sfr_1_4,partnership,4,8,3461,4972,0.0011557353366079169,0.0016090104585679806,false
Proviso 31032,condo_unit,trust,2,2,60,60,0.03333333333333333,0.03333333333333333,false
Hyde Park 70240,mixed_use_res,individual,51,165,56,178,0.9107142857142857,0.9269662921348315,false
West Chicago 77150,small_mf,individual,65,433,139,919,0.4676258992805755,0.47116430903155604,false
Schaumburg 35020,condo_unit,trust,4,4,989,989,0.004044489383215369,0.004044489383215369,false
Rogers Park 75010,small_mf,individual,6,40,20,137,0.3,0.291970802919708,false
Schaumburg 35115,sfr_1_4,trust,3,3,251,251,0.01195219123505976,0.01195219123505976,false
Lake View 73041,sfr_1_4,unknown,34,63,916,1387,0.03711790393013101,0.04542177361211247,false
Hanover 18030,condo_unit,unknown,40,40,265,265,0.1509433962264151,0.1509433962264151,false
Palos 30022,sfr_1_4,trust,6,6,503,525,0.011928429423459244,0.011428571428571429,false
Hyde Park 70260,coop_building,coop_corp,1,1,1,1,,,true
Lyons 21161,sfr_1_4,individual,256,256,265,265,0.9660377358490566,0.9660377358490566,false
Calumet 14010,small_mf,llc,11,77,61,401,0.18032786885245902,0.19201995012468828,false
Worth 39330,condo_unit,lender_reo,1,1,57,57,0.017543859649122806,0.017543859649122806,false
Orland 28046,sfr_1_4,individual,1192,1192,1259,1259,0.9467831612390787,0.9467831612390787,false
Orland 28046,sfr_1_4,corp,3,3,1259,1259,0.0023828435266084196,0.0023828435266084196,false
Bloom 12162,sfr_1_4,corp,36,37,2857,2868,0.012600630031501575,0.01290097629009763,false
Lake View 73050,condo_unit,trust,30,30,3780,3780,0.007936507936507936,0.007936507936507936,false
West Chicago 77020,condo_unit,unknown,16,16,175,175,0.09142857142857143,0.09142857142857143,false
New Trier 23120,mixed_use_res,individual,5,13,7,19,0.7142857142857143,0.6842105263157895,false
Jefferson 71022,small_mf,llc,1,7,2,13,0.5,0.5384615384615384,false
Proviso 31091,mixed_use_res,llc,12,42,48,164,0.25,0.25609756097560976,false
Palos 30040,small_mf,trust,1,7,32,214,0.03125,0.03271028037383177,false
Proviso 31021,sfr_1_4,individual,147,147,151,151,0.9735099337748344,0.9735099337748344,false
North Chicago 74012,other_res,llc,1,1,2,2,,,true
Northfield 25102,sfr_1_4,individual,1640,1640,1727,1727,0.9496236247828604,0.9496236247828604,false
Maine 22050,condo_unit,individual,4668,4668,4913,4913,0.9501323020557704,0.9501323020557704,false
Schaumburg 35072,condo_unit,individual,613,613,664,664,0.9231927710843374,0.9231927710843374,false
Bloom 12032,sfr_1_4,trust,4,4,721,731,0.005547850208044383,0.005471956224350205,false
Hyde Park 70010,sfr_1_4,llc,233,505,3384,5653,0.06885342789598109,0.08933309747036972,false
Orland 28032,sfr_1_4,unknown,23,23,876,876,0.026255707762557076,0.026255707762557076,false
Berwyn 11030,sfr_1_4,corp,9,12,1570,1727,0.005732484076433121,0.006948465547191662,false
Evanston 17220,sfr_1_4,trust,6,7,784,951,0.007653061224489796,0.007360672975814932,false
Oak Park 27080,sfr_1_4,lender_reo,2,2,934,1087,0.0021413276231263384,0.0018399264029438822,false
Palatine 29043,small_mf,unknown,11,67,76,503,0.14473684210526316,0.13320079522862824,false
Cicero 15080,sfr_1_4,partnership,1,1,1565,1689,0.0006389776357827476,0.0005920663114268798,false
Northfield 25100,small_mf,trust,1,7,3,21,0.3333333333333333,0.3333333333333333,false
Wheeling 38100,sfr_1_4,individual,260,260,274,274,0.948905109489051,0.948905109489051,false
Lake View 73063,small_mf,llc,28,190,96,645,0.2916666666666667,0.29457364341085274,false
Lake 72380,condo_unit,llc,14,14,1038,1038,0.01348747591522158,0.01348747591522158,false
Worth 39250,sfr_1_4,unknown,29,29,1107,1125,0.026196928635953028,0.025777777777777778,false
Lake 72423,sfr_1_4,partnership,1,1,5521,5662,0.00018112660749864155,0.00017661603673613564,false
Worth 39151,sfr_1_4,corp,7,7,2604,2690,0.002688172043010753,0.0026022304832713753,false
Orland 28101,condo_unit,individual,103,103,108,108,0.9537037037037037,0.9537037037037037,false
Leyden 20090,sfr_1_4,lender_reo,1,2,173,275,0.005780346820809248,0.007272727272727273,false
Rich 32161,sfr_1_4,partnership,1,1,435,435,0.0022988505747126436,0.0022988505747126436,false
Palatine 29022,sfr_1_4,individual,826,850,907,935,0.9106945975744212,0.9090909090909091,false
Evanston 17013,condo_unit,individual,372,372,390,390,0.9538461538461539,0.9538461538461539,false
Wheeling 38053,condo_unit,unknown,15,15,553,553,0.027124773960216998,0.027124773960216998,false
Hanover 18060,sfr_1_4,unknown,58,58,488,488,0.11885245901639344,0.11885245901639344,false
Leyden 20011,condo_unit,individual,263,263,308,308,0.8538961038961039,0.8538961038961039,false
Bloom 12085,sfr_1_4,lender_reo,5,5,733,787,0.0068212824010914054,0.0063532401524777635,false
Hyde Park 70070,small_mf,trust,1,6,359,2330,0.002785515320334262,0.002575107296137339,false
North Chicago 74030,sfr_1_4,individual,94,96,116,126,0.8103448275862069,0.7619047619047619,false
Lake 72423,sfr_1_4,llc,26,28,5521,5662,0.00470929179496468,0.004945249028611798,false
Hyde Park 70130,mixed_use_res,llc,1,2,38,127,0.02631578947368421,0.015748031496062992,false
Lake 72040,mixed_use_res,trust,1,4,206,717,0.0048543689320388345,0.005578800557880056,false
Elk Grove 16051,condo_unit,unknown,8,8,695,695,0.011510791366906475,0.011510791366906475,false
Stickney 36050,sfr_1_4,partnership,1,1,4260,4468,0.00023474178403755868,0.00022381378692927484,false
Palos 30060,condo_unit,unknown,23,23,705,705,0.032624113475177303,0.032624113475177303,false
Palatine 29090,small_mf,unknown,5,35,8,56,0.625,0.625,false
Leyden 20020,condo_unit,unknown,37,37,934,934,0.03961456102783726,0.03961456102783726,false
South Chicago 76050,mixed_use_res,llc,17,68,151,540,0.11258278145695365,0.1259259259259259,false
Schaumburg 35072,mixed_use_res,individual,1,2,1,2,,,true
Bloom 12061,sfr_1_4,individual,1967,1969,2080,2082,0.9456730769230769,0.9457252641690682,false
Thornton 37134,sfr_1_4,corp,7,8,218,239,0.03211009174311927,0.03347280334728033,false
Worth 39151,condo_unit,individual,232,232,272,272,0.8529411764705882,0.8529411764705882,false
Calumet 14010,mixed_use_res,unknown,3,6,5,12,0.6,0.5,false
Palatine 29043,sfr_1_4,unknown,14,14,502,502,0.027888446215139442,0.027888446215139442,false
Worth 39210,condo_unit,trust,23,23,1460,1460,0.015753424657534248,0.015753424657534248,false
Niles 24021,sfr_1_4,individual,63,63,65,65,0.9692307692307692,0.9692307692307692,false
West Chicago 77040,small_mf,llc,6,38,31,194,0.1935483870967742,0.1958762886597938,false
Maine 22060,sfr_1_4,individual,93,93,100,100,0.93,0.93,false
Hyde Park 70120,condo_unit,trust,7,7,222,222,0.03153153153153153,0.03153153153153153,false
Lake 72222,sfr_1_4,llc,17,34,444,897,0.038288288288288286,0.0379041248606466,false
Northfield 25052,condo_unit,individual,440,440,496,496,0.8870967741935484,0.8870967741935484,false
Palatine 29083,sfr_1_4,llc,1,1,1134,1134,0.0008818342151675485,0.0008818342151675485,false
Palos 30052,sfr_1_4,llc,2,2,357,357,0.0056022408963585435,0.0056022408963585435,false
West Chicago 77080,mixed_use_res,llc,1,5,20,66,0.05,0.07575757575757576,false
Oak Park 27020,small_mf,individual,12,81,43,296,0.27906976744186046,0.27364864864864863,false
Elk Grove 16085,condo_unit,individual,463,463,508,508,0.9114173228346457,0.9114173228346457,false
Oak Park 27060,small_mf,llc,6,41,22,144,0.2727272727272727,0.2847222222222222,false
Calumet 14020,sfr_1_4,lender_reo,1,3,1412,1838,0.000708215297450425,0.001632208922742111,false
Orland 28022,condo_unit,lender_reo,5,5,589,589,0.008488964346349746,0.008488964346349746,false
Calumet 14010,small_mf,lender_reo,2,11,61,401,0.03278688524590164,0.02743142144638404,false
Palos 30030,small_mf,llc,8,47,56,348,0.14285714285714285,0.13505747126436782,false
North Chicago 74030,condo_unit,partnership,18,18,19344,19344,0.0009305210918114144,0.0009305210918114144,false
Schaumburg 35103,condo_unit,unknown,1,1,96,96,0.010416666666666666,0.010416666666666666,false
Palatine 29033,sfr_1_4,llc,15,15,2836,2836,0.005289139633286318,0.005289139633286318,false
Palos 30040,condo_unit,unknown,6,6,74,74,0.08108108108108109,0.08108108108108109,false
Lake 72271,sfr_1_4,lender_reo,9,9,3593,3714,0.0025048705816866127,0.0024232633279483036,false
Lake View 73032,mixed_use_res,unknown,8,33,58,206,0.13793103448275862,0.16019417475728157,false
Calumet 14030,condo_unit,llc,3,3,30,30,0.1,0.1,false
Rich 32120,condo_unit,unknown,24,24,280,280,0.08571428571428572,0.08571428571428572,false
Rich 32040,sfr_1_4,trust,1,1,191,191,0.005235602094240838,0.005235602094240838,false
Evanston 17110,condo_unit,unknown,1,1,68,68,0.014705882352941176,0.014705882352941176,false
West Chicago 77141,small_mf,partnership,10,69,368,2321,0.02717391304347826,0.02972856527358897,false
Evanston 17120,condo_unit,llc,6,6,253,253,0.023715415019762844,0.023715415019762844,false
Lake View 73062,condo_unit,llc,141,141,7810,7810,0.018053777208706785,0.018053777208706785,false
Jefferson 71070,condo_unit,llc,144,144,1397,1397,0.10307802433786686,0.10307802433786686,false
Bremen 13270,sfr_1_4,corp,2,2,758,758,0.002638522427440633,0.002638522427440633,false
Rich 32200,sfr_1_4,unknown,22,22,520,520,0.04230769230769231,0.04230769230769231,false
Hyde Park 70101,mixed_use_res,llc,3,8,41,124,0.07317073170731707,0.06451612903225806,false
Leyden 20090,sfr_1_4,corp,1,1,173,275,0.005780346820809248,0.0036363636363636364,false
Cicero 15090,sfr_1_4,lender_reo,2,2,788,916,0.0025380710659898475,0.002183406113537118,false
Hyde Park 70121,small_mf,trust,1,7,47,325,0.02127659574468085,0.021538461538461538,false
Rich 32262,sfr_1_4,individual,139,139,147,147,0.9455782312925171,0.9455782312925171,false
Hanover 18050,sfr_1_4,trust,4,4,622,641,0.006430868167202572,0.0062402496099844,false
Wheeling 38014,small_mf,individual,1,7,1,7,,,true
Jefferson 71600,sfr_1_4,unknown,4,6,133,155,0.03007518796992481,0.03870967741935484,false
Hyde Park 70080,sfr_1_4,partnership,2,8,8526,11082,0.0002345765892563922,0.0007218913553510197,false
Bloom 12021,sfr_1_4,corp,1,1,823,823,0.001215066828675577,0.001215066828675577,false
Rich 32055,condo_unit,individual,106,106,116,116,0.9137931034482759,0.9137931034482759,false
Wheeling 38012,condo_unit,individual,954,954,1005,1005,0.9492537313432836,0.9492537313432836,false
Northfield 25131,sfr_1_4,trust,10,10,837,848,0.011947431302270013,0.01179245283018868,false
Hanover 18019,sfr_1_4,lender_reo,3,3,1226,1226,0.0024469820554649264,0.0024469820554649264,false
Schaumburg 35101,sfr_1_4,llc,6,6,342,342,0.017543859649122806,0.017543859649122806,false
Elk Grove 16011,sfr_1_4,trust,2,2,381,381,0.005249343832020997,0.005249343832020997,false
Jefferson 71180,sfr_1_4,corp,30,48,4644,7802,0.006459948320413436,0.006152268649064343,false
River Forest 33015,small_mf,llc,1,7,15,93,0.06666666666666667,0.07526881720430108,false
Lake View 73062,condo_unit,individual,6788,6788,7810,7810,0.8691421254801537,0.8691421254801537,false
Lake 72345,sfr_1_4,lender_reo,7,7,2016,2039,0.003472222222222222,0.0034330554193231977,false
Orland 28043,sfr_1_4,trust,14,14,2179,2180,0.006424965580541533,0.006422018348623854,false
Thornton 37121,sfr_1_4,llc,76,76,2514,2625,0.030230708035003977,0.02895238095238095,false
Orland 28045,sfr_1_4,individual,1429,1429,1518,1518,0.9413702239789197,0.9413702239789197,false
Niles 24102,sfr_1_4,trust,13,13,488,488,0.02663934426229508,0.02663934426229508,false
Worth 39131,sfr_1_4,corp,3,4,1579,1817,0.0018999366687777073,0.002201430930104568,false
Hanover 18040,mixed_use_res,individual,1,3,1,3,,,true
Proviso 31040,condo_unit,individual,14,14,25,25,0.56,0.56,false
Thornton 37130,sfr_1_4,lender_reo,9,9,1754,1839,0.005131128848346636,0.004893964110929853,false
Palatine 29100,condo_unit,trust,10,10,581,581,0.01721170395869191,0.01721170395869191,false
River Forest 33030,condo_unit,trust,1,1,214,214,0.004672897196261682,0.004672897196261682,false
Wheeling 38053,mixed_use_res,corp,1,4,2,6,,,true
Niles 24013,condo_unit,individual,852,852,935,935,0.9112299465240642,0.9112299465240642,false
Wheeling 38070,coop_building,coop_corp,1,1,1,1,,,true
Riverside 34040,condo_unit,individual,2,2,3,3,,,true
Oak Park 27010,mixed_use_res,unknown,3,11,12,36,0.25,0.3055555555555556,false
Lemont 19100,sfr_1_4,llc,1,1,380,380,0.002631578947368421,0.002631578947368421,false
Bloom 12041,small_mf,llc,1,7,1,7,,,true
Northfield 25021,condo_unit,trust,5,5,100,100,0.05,0.05,false
Evanston 17210,mixed_use_res,llc,3,8,13,45,0.23076923076923078,0.17777777777777778,false
Maine 22111,sfr_1_4,lender_reo,4,4,3343,3549,0.0011965300628178283,0.0011270780501549732,false
Oak Park 27070,small_mf,unknown,1,7,8,55,0.125,0.12727272727272726,false
Jefferson 71440,sfr_1_4,llc,6,7,3975,4100,0.0015094339622641509,0.0017073170731707317,false
Lake 72070,sfr_1_4,corp,15,21,5514,7379,0.002720348204570185,0.0028459140804987125,false
Rogers Park 75040,sfr_1_4,corp,1,1,1043,1181,0.0009587727708533077,0.000846740050804403,false
Lake View 73022,small_mf,corp,1,7,10,65,0.1,0.1076923076923077,false
Hanover 18080,small_mf,individual,8,52,20,127,0.4,0.4094488188976378,false
Leyden 20070,sfr_1_4,lender_reo,2,2,932,932,0.002145922746781116,0.002145922746781116,false
River Forest 33015,condo_unit,individual,299,299,322,322,0.9285714285714286,0.9285714285714286,false
Palatine 29060,mixed_use_res,corp,1,3,24,71,0.041666666666666664,0.04225352112676056,false
Palatine 29100,condo_unit,unknown,61,61,581,581,0.10499139414802065,0.10499139414802065,false
Lake 72194,sfr_1_4,individual,1065,1066,1109,1110,0.9603246167718665,0.9603603603603603,false
Proviso 31032,condo_unit,llc,7,7,60,60,0.11666666666666667,0.11666666666666667,false
Leyden 20050,sfr_1_4,unknown,136,138,4790,4833,0.028392484342379957,0.028553693358162633,false
Lake View 73120,condo_unit,corp,4,4,661,661,0.006051437216338881,0.006051437216338881,false
Stickney 36041,small_mf,llc,9,61,35,226,0.2571428571428571,0.26991150442477874,false
New Trier 23093,sfr_1_4,partnership,1,1,1652,1685,0.0006053268765133172,0.0005934718100890207,false
Bloom 12022,condo_unit,unknown,2,2,226,226,0.008849557522123894,0.008849557522123894,false
Schaumburg 35116,sfr_1_4,trust,5,5,422,422,0.011848341232227487,0.011848341232227487,false
Lake View 73062,small_mf,partnership,3,21,162,1123,0.018518518518518517,0.018699910952804988,false
Worth 39210,sfr_1_4,unknown,48,56,1628,1793,0.029484029484029485,0.031232571109871723,false
Lake 72030,small_mf,unknown,4,26,110,717,0.03636363636363636,0.03626220362622036,false
Worth 39250,sfr_1_4,llc,15,15,1107,1125,0.013550135501355014,0.013333333333333334,false
Proviso 31160,mixed_use_res,individual,20,65,23,72,0.8695652173913043,0.9027777777777778,false
Leyden 20060,sfr_1_4,lender_reo,1,1,1205,1205,0.0008298755186721991,0.0008298755186721991,false
Lake 72423,small_mf,llc,3,20,27,174,0.1111111111111111,0.11494252873563218,false
Evanston 17020,sfr_1_4,unknown,7,7,403,406,0.017369727047146403,0.017241379310344827,false
Jefferson 71070,mixed_use_res,llc,48,168,300,1041,0.16,0.16138328530259366,false
Leyden 20060,sfr_1_4,trust,2,2,1205,1205,0.0016597510373443983,0.0016597510373443983,false
Proviso 31030,small_mf,llc,4,24,32,201,0.125,0.11940298507462686,false
Lyons 21084,sfr_1_4,unknown,42,42,1696,1700,0.024764150943396228,0.024705882352941175,false
Stickney 36041,sfr_1_4,trust,17,17,4145,4356,0.004101326899879373,0.0039026629935720843,false
Lake 72330,sfr_1_4,individual,6060,6978,7023,8085,0.8628791114908159,0.8630797773654917,false
Lake View 73062,condo_unit,estate,1,1,7810,7810,0.00012804097311139564,0.00012804097311139564,false
Thornton 37053,sfr_1_4,unknown,69,82,2636,2957,0.026176024279210924,0.027730808251606356,false
Thornton 37070,small_mf,corp,1,5,72,457,0.013888888888888888,0.010940919037199124,false
West Chicago 77091,small_mf,unknown,35,226,313,2027,0.11182108626198083,0.11149481993093241,false
Lake 72274,small_mf,trust,1,6,64,437,0.015625,0.013729977116704805,false
Barrington 10012,condo_unit,individual,198,198,237,237,0.8354430379746836,0.8354430379746836,false
Lake View 73041,sfr_1_4,individual,826,1222,916,1387,0.9017467248908297,0.8810382119682768,false
Elk Grove 16100,sfr_1_4,corp,6,8,3568,3652,0.0016816143497757848,0.002190580503833516,false
Lyons 21084,sfr_1_4,corp,4,4,1696,1700,0.0023584905660377358,0.002352941176470588,false
Rich 32224,sfr_1_4,unknown,7,7,260,262,0.026923076923076925,0.026717557251908396,false
Thornton 37023,sfr_1_4,llc,58,73,1522,1726,0.03810775295663601,0.042294322132097335,false
North Chicago 74022,sfr_1_4,individual,452,565,548,720,0.8248175182481752,0.7847222222222222,false
Palatine 29140,sfr_1_4,trust,1,1,229,229,0.004366812227074236,0.004366812227074236,false
Hanover 18050,small_mf,individual,25,150,27,162,0.9259259259259259,0.9259259259259259,false
Lemont 19025,sfr_1_4,lender_reo,15,15,608,608,0.024671052631578948,0.024671052631578948,false
South Chicago 76030,small_mf,corp,12,78,170,1040,0.07058823529411765,0.075,false
West Chicago 77150,condo_unit,unknown,88,88,1527,1527,0.05762933857236411,0.05762933857236411,false
South Chicago 76010,condo_unit,unknown,779,779,12497,12497,0.062334960390493716,0.062334960390493716,false
Maine 22031,mixed_use_res,individual,1,5,1,5,,,true
Thornton 37092,condo_unit,unknown,1,1,64,64,0.015625,0.015625,false
Lake 72151,sfr_1_4,lender_reo,1,3,756,876,0.0013227513227513227,0.003424657534246575,false
Jefferson 71050,small_mf,trust,2,14,89,599,0.02247191011235955,0.02337228714524207,false
Rich 32257,sfr_1_4,individual,84,84,94,94,0.8936170212765957,0.8936170212765957,false
Schaumburg 35112,sfr_1_4,corp,2,2,667,667,0.0029985007496251873,0.0029985007496251873,false
Jefferson 71520,sfr_1_4,individual,895,1562,950,1671,0.9421052631578948,0.9347695990424896,false
Lake View 73041,small_mf,llc,9,61,65,443,0.13846153846153847,0.13769751693002258,false
Proviso 31080,small_mf,individual,34,222,65,429,0.5230769230769231,0.5174825174825175,false
Stickney 36012,small_mf,corp,5,35,45,306,0.1111111111111111,0.11437908496732026,false
Lake 72130,condo_unit,corp,1,1,5,5,,,true
Lake 72260,sfr_1_4,individual,956,1154,1051,1282,0.9096098953377736,0.9001560062402496,false
Wheeling 38031,sfr_1_4,llc,17,17,2700,2700,0.006296296296296296,0.006296296296296296,false
New Trier 23092,condo_unit,individual,15,15,17,17,0.8823529411764706,0.8823529411764706,false
North Chicago 74012,small_mf,lender_reo,1,7,304,1978,0.003289473684210526,0.003538928210313448,false
Evanston 17112,small_mf,lender_reo,1,7,47,318,0.02127659574468085,0.0220125786163522,false
Cicero 15080,small_mf,unknown,12,84,44,295,0.2727272727272727,0.2847457627118644,false
Lake 72361,small_mf,individual,2,12,3,19,0.6666666666666666,0.631578947368421,false
Northfield 25350,sfr_1_4,trust,9,9,201,201,0.04477611940298507,0.04477611940298507,false
Thornton 37021,small_mf,individual,5,28,11,70,0.45454545454545453,0.4,false
Worth 39290,sfr_1_4,corp,1,1,285,285,0.0035087719298245615,0.0035087719298245615,false
Rogers Park 75022,condo_unit,llc,87,87,2012,2012,0.04324055666003976,0.04324055666003976,false
Thornton 37022,small_mf,unknown,5,34,23,146,0.21739130434782608,0.2328767123287671,false
Lake 72071,sfr_1_4,lender_reo,7,12,2530,3498,0.002766798418972332,0.003430531732418525,false
Lake 72052,mixed_use_res,llc,2,4,26,87,0.07692307692307693,0.04597701149425287,false
Lake View 73081,sfr_1_4,individual,1882,2781,2100,3193,0.8961904761904762,0.8709677419354839,false
West Chicago 77101,sfr_1_4,trust,15,28,1389,2354,0.01079913606911447,0.0118946474086661,false
Leyden 20011,condo_unit,lender_reo,2,2,308,308,0.006493506493506494,0.006493506493506494,false
Hyde Park 70210,small_mf,llc,2,12,30,190,0.06666666666666667,0.06315789473684211,false
Bremen 13020,sfr_1_4,llc,7,7,521,523,0.013435700575815739,0.01338432122370937,false
Bloom 12052,sfr_1_4,unknown,8,8,229,229,0.034934497816593885,0.034934497816593885,false
Lyons 21120,sfr_1_4,llc,2,5,201,236,0.009950248756218905,0.0211864406779661,false
Hyde Park 70130,mixed_use_res,unknown,2,6,38,127,0.05263157894736842,0.047244094488188976,false
Elk Grove 16061,sfr_1_4,llc,1,1,1897,1897,0.0005271481286241434,0.0005271481286241434,false
Norwood Park 26040,sfr_1_4,lender_reo,1,1,1447,1453,0.000691085003455425,0.0006882312456985547,false
Proviso 31200,sfr_1_4,trust,3,5,422,533,0.0071090047393364926,0.009380863039399626,false
West Chicago 77103,small_mf,llc,11,68,39,250,0.28205128205128205,0.272,false
Berwyn 11070,small_mf,unknown,3,21,13,87,0.23076923076923078,0.2413793103448276,false
Lyons 21032,condo_unit,llc,7,7,148,148,0.0472972972972973,0.0472972972972973,false
Lake 72350,condo_unit,individual,97,97,102,102,0.9509803921568627,0.9509803921568627,false
Thornton 37103,sfr_1_4,unknown,17,17,356,359,0.047752808988764044,0.04735376044568245,false
Worth 39310,small_mf,individual,5,31,10,64,0.5,0.484375,false
West Chicago 77080,sfr_1_4,unknown,62,108,1561,2502,0.03971812940422806,0.04316546762589928,false
Bloom 12101,mixed_use_res,llc,2,4,23,61,0.08695652173913043,0.06557377049180328,false
Proviso 31040,sfr_1_4,trust,4,6,791,897,0.0050568900126422255,0.006688963210702341,false
Lake 72293,sfr_1_4,corp,6,9,362,536,0.016574585635359115,0.016791044776119403,false
Barrington 10030,sfr_1_4,unknown,3,3,130,130,0.023076923076923078,0.023076923076923078,false
Hyde Park 70030,mixed_use_res,corp,1,3,75,276,0.013333333333333334,0.010869565217391304,false
Proviso 31174,sfr_1_4,unknown,4,4,166,166,0.024096385542168676,0.024096385542168676,false
West Chicago 77152,sfr_1_4,lender_reo,1,3,304,566,0.003289473684210526,0.00530035335689046,false
Proviso 31102,sfr_1_4,trust,14,14,1090,1127,0.012844036697247707,0.012422360248447204,false
Worth 39140,condo_unit,unknown,32,32,949,949,0.03371970495258166,0.03371970495258166,false
Orland 28040,sfr_1_4,partnership,7,7,1338,1338,0.00523168908819133,0.00523168908819133,false
Jefferson 71081,small_mf,lender_reo,3,21,315,2125,0.009523809523809525,0.00988235294117647,false
Barrington 10021,sfr_1_4,partnership,2,2,799,799,0.0025031289111389237,0.0025031289111389237,false
Niles 24150,sfr_1_4,corp,1,1,432,433,0.0023148148148148147,0.0023094688221709007,false
Northfield 25010,condo_unit,trust,43,43,781,781,0.05505761843790013,0.05505761843790013,false
West Chicago 77120,small_mf,unknown,89,567,474,3062,0.1877637130801688,0.18517308948399738,false
Lyons 21102,condo_unit,llc,3,3,375,375,0.008,0.008,false
Lake 72040,small_mf,partnership,3,21,41,263,0.07317073170731707,0.07984790874524715,false
Lake View 73200,mixed_use_res,individual,3,10,3,10,1.0,1.0,false
Lemont 19061,sfr_1_4,individual,224,224,247,247,0.9068825910931174,0.9068825910931174,false
Niles 24032,sfr_1_4,trust,1,1,338,384,0.0029585798816568047,0.0026041666666666665,false
Thornton 37063,mixed_use_res,individual,1,2,1,2,,,true
Bloom 12101,sfr_1_4,trust,5,7,1151,1583,0.004344048653344918,0.004421983575489577,false
West Chicago 77051,small_mf,individual,39,242,102,648,0.38235294117647056,0.3734567901234568,false
Lyons 21121,condo_unit,lender_reo,8,8,63,63,0.12698412698412698,0.12698412698412698,false
Maine 22023,small_mf,individual,8,56,12,84,0.6666666666666666,0.6666666666666666,false
Berwyn 11010,small_mf,trust,1,7,146,882,0.00684931506849315,0.007936507936507936,false
Lyons 21102,small_mf,individual,98,601,120,739,0.8166666666666667,0.8132611637347767,false
Lake 72200,mixed_use_res,individual,43,138,57,197,0.7543859649122807,0.700507614213198,false
Wheeling 38041,condo_unit,llc,1,1,424,424,0.0023584905660377358,0.0023584905660377358,false
Lemont 19040,sfr_1_4,individual,300,300,320,321,0.9375,0.9345794392523364,false
Elk Grove 16030,small_mf,individual,5,34,6,41,0.8333333333333334,0.8292682926829268,false
Northfield 25250,sfr_1_4,individual,134,134,140,140,0.9571428571428572,0.9571428571428572,false
Oak Park 27100,sfr_1_4,unknown,18,18,707,782,0.02545968882602546,0.023017902813299233,false
Hyde Park 70120,mixed_use_res,individual,32,110,43,148,0.7441860465116279,0.7432432432432432,false
North Chicago 74030,condo_unit,unknown,1024,1024,19344,19344,0.05293631100082713,0.05293631100082713,false
Lake 72040,sfr_1_4,trust,16,31,5166,8752,0.003097173828881146,0.0035420475319926873,false
Calumet 14020,condo_unit,unknown,7,7,168,168,0.041666666666666664,0.041666666666666664,false
Evanston 17110,condo_unit,individual,64,64,68,68,0.9411764705882353,0.9411764705882353,false
Proviso 31141,small_mf,lender_reo,2,14,8,52,0.25,0.2692307692307692,false
Jefferson 71041,small_mf,llc,26,176,160,1074,0.1625,0.16387337057728119,false
Lake View 73081,condo_unit,unknown,75,75,2154,2154,0.034818941504178275,0.034818941504178275,false
Palatine 29031,sfr_1_4,corp,1,1,459,459,0.002178649237472767,0.002178649237472767,false
Rich 32042,condo_unit,trust,1,1,24,24,0.041666666666666664,0.041666666666666664,false
Lyons 21062,condo_unit,corp,2,2,388,388,0.005154639175257732,0.005154639175257732,false
Palatine 29084,sfr_1_4,unknown,21,21,1154,1154,0.018197573656845753,0.018197573656845753,false
Evanston 17080,small_mf,individual,29,196,68,466,0.4264705882352941,0.4206008583690987,false
Bloom 12093,sfr_1_4,llc,2,2,183,186,0.01092896174863388,0.010752688172043012,false
Bremen 13160,sfr_1_4,individual,101,101,111,111,0.9099099099099099,0.9099099099099099,false
Jefferson 71081,mixed_use_res,llc,13,47,108,398,0.12037037037037036,0.11809045226130653,false
Calumet 14020,condo_unit,individual,154,154,168,168,0.9166666666666666,0.9166666666666666,false
Thornton 37021,condo_unit,llc,3,3,144,144,0.020833333333333332,0.020833333333333332,false
Evanston 17220,small_mf,partnership,6,42,85,568,0.07058823529411765,0.07394366197183098,false
Worth 39020,small_mf,corp,1,7,10,64,0.1,0.109375,false
Orland 28088,sfr_1_4,lender_reo,1,1,550,550,0.0018181818181818182,0.0018181818181818182,false
Jefferson 71461,sfr_1_4,unknown,52,54,2106,2162,0.024691358024691357,0.02497687326549491,false
Rich 32220,condo_unit,llc,5,5,307,307,0.016286644951140065,0.016286644951140065,false
Orland 28032,sfr_1_4,trust,7,7,876,876,0.007990867579908675,0.007990867579908675,false
Bremen 13171,small_mf,individual,15,100,23,154,0.6521739130434783,0.6493506493506493,false
Jefferson 71430,sfr_1_4,lender_reo,16,20,5165,5351,0.003097773475314618,0.0037376191366099796,false
Proviso 31102,sfr_1_4,llc,2,2,1090,1127,0.001834862385321101,0.001774622892635315,false
Lake View 73012,sfr_1_4,corp,3,6,1472,2204,0.0020380434782608695,0.0027223230490018148,false
Lake 72212,sfr_1_4,llc,100,152,3900,4678,0.02564102564102564,0.032492518170158184,false
Northfield 25023,sfr_1_4,unknown,18,18,555,555,0.032432432432432434,0.032432432432432434,false
Schaumburg 35090,condo_unit,unknown,15,15,359,359,0.04178272980501393,0.04178272980501393,false
Jefferson 71022,small_mf,individual,1,6,2,13,0.5,0.46153846153846156,false
Orland 28011,sfr_1_4,corp,3,3,1551,1551,0.0019342359767891683,0.0019342359767891683,false
Hyde Park 70080,condo_unit,llc,105,105,1210,1210,0.08677685950413223,0.08677685950413223,false
Jefferson 71120,condo_unit,llc,35,35,251,251,0.1394422310756972,0.1394422310756972,false
Evanston 17140,mixed_use_res,unknown,1,5,3,13,0.3333333333333333,0.38461538461538464,false
Bloom 12101,sfr_1_4,unknown,48,68,1151,1583,0.04170286707211121,0.04295641187618446,false
Lyons 21102,sfr_1_4,lender_reo,3,3,1310,1387,0.0022900763358778627,0.0021629416005767843,false
Bremen 13050,sfr_1_4,partnership,3,3,1917,2093,0.001564945226917058,0.001433349259436216,false
West Chicago 77103,mixed_use_res,llc,15,61,38,141,0.39473684210526316,0.4326241134751773,false
Worth 39200,mixed_use_res,unknown,1,2,4,9,,,true
Evanston 17112,sfr_1_4,individual,333,497,351,538,0.9487179487179487,0.9237918215613383,false
Proviso 31042,sfr_1_4,individual,1489,2228,1557,2343,0.9563262684649968,0.950917626973965,false
Lake View 73042,sfr_1_4,unknown,34,60,1031,1551,0.03297769156159069,0.03868471953578337,false
Lyons 21102,small_mf,lender_reo,2,13,120,739,0.016666666666666666,0.017591339648173207,false
Lake 72030,condo_unit,llc,10,10,410,410,0.024390243902439025,0.024390243902439025,false
Bremen 13170,condo_unit,trust,6,6,496,496,0.012096774193548387,0.012096774193548387,false
Bremen 13130,sfr_1_4,individual,3264,3266,3420,3422,0.9543859649122807,0.9544126241963764,false
Thornton 37070,small_mf,unknown,14,96,72,457,0.19444444444444445,0.2100656455142232,false
Lake 72194,sfr_1_4,unknown,26,26,1109,1110,0.023444544634806132,0.023423423423423424,false
Rich 32120,sfr_1_4,partnership,2,2,3004,3004,0.0006657789613848203,0.0006657789613848203,false
Maine 22093,small_mf,individual,11,77,11,77,1.0,1.0,false
Palatine 29042,sfr_1_4,corp,2,2,503,503,0.003976143141153081,0.003976143141153081,false
Lyons 21091,mixed_use_res,individual,37,113,53,157,0.6981132075471698,0.7197452229299363,false
Orland 28022,condo_unit,llc,5,5,589,589,0.008488964346349746,0.008488964346349746,false
Lake View 73034,small_mf,unknown,1,7,13,91,0.07692307692307693,0.07692307692307693,false
Rich 32110,sfr_1_4,individual,568,568,603,603,0.9419568822553898,0.9419568822553898,false
Barrington 10012,condo_unit,unknown,6,6,237,237,0.02531645569620253,0.02531645569620253,false
Barrington 10012,sfr_1_4,unknown,31,33,1159,1208,0.026747195858498704,0.027317880794701987,false
Lake View 73081,small_mf,trust,3,19,121,801,0.024793388429752067,0.02372034956304619,false
Hyde Park 70250,small_mf,individual,1,7,1,7,,,true
West Chicago 77091,mixed_use_res,trust,1,6,126,484,0.007936507936507936,0.012396694214876033,false
Hyde Park 70100,sfr_1_4,partnership,4,4,3953,6130,0.0010118897040222615,0.0006525285481239804,false
Rich 32250,sfr_1_4,lender_reo,1,1,306,306,0.0032679738562091504,0.0032679738562091504,false
Lake 72321,small_mf,unknown,1,6,6,38,0.16666666666666666,0.15789473684210525,false
Schaumburg 35031,sfr_1_4,trust,4,4,344,344,0.011627906976744186,0.011627906976744186,false
Rogers Park 75010,condo_unit,trust,1,1,141,141,0.0070921985815602835,0.0070921985815602835,false
Northfield 25072,small_mf,llc,1,7,3,21,0.3333333333333333,0.3333333333333333,false
Leyden 20040,sfr_1_4,trust,10,10,771,771,0.01297016861219196,0.01297016861219196,false
Jefferson 71260,mixed_use_res,unknown,6,22,133,439,0.045112781954887216,0.05011389521640091,false
Jefferson 71420,small_mf,individual,2,12,3,19,0.6666666666666666,0.631578947368421,false
Berwyn 11060,mixed_use_res,corp,1,4,25,99,0.04,0.04040404040404041,false
Bloom 12086,sfr_1_4,individual,301,318,318,338,0.9465408805031447,0.9408284023668639,false
Palatine 29022,sfr_1_4,llc,6,6,907,935,0.006615214994487321,0.006417112299465241,false
Elk Grove 16030,sfr_1_4,lender_reo,1,1,1600,1607,0.000625,0.0006222775357809583,false
Proviso 31010,sfr_1_4,individual,607,643,630,668,0.9634920634920635,0.9625748502994012,false
Bremen 13312,mixed_use_res,llc,1,6,2,8,,,true
Lyons 21052,small_mf,llc,24,159,86,569,0.27906976744186046,0.27943760984182775,false
Bremen 13140,condo_unit,individual,394,394,408,408,0.9656862745098039,0.9656862745098039,false
Proviso 31040,sfr_1_4,corp,1,1,791,897,0.0012642225031605564,0.0011148272017837235,false
Lake 72030,mixed_use_res,corp,8,28,222,751,0.036036036036036036,0.037283621837549935,false
Lake 72040,sfr_1_4,individual,4948,8367,5166,8752,0.9578010065814944,0.956010054844607,false
Palos 30062,sfr_1_4,llc,2,2,607,607,0.0032948929159802307,0.0032948929159802307,false
Cicero 15085,small_mf,individual,10,67,15,102,0.6666666666666666,0.6568627450980392,false
Worth 39211,small_mf,individual,32,208,53,342,0.6037735849056604,0.6081871345029239,false
Thornton 37021,small_mf,llc,3,21,11,70,0.2727272727272727,0.3,false
Palos 30030,mixed_use_res,individual,9,28,19,76,0.47368421052631576,0.3684210526315789,false
Worth 39200,sfr_1_4,trust,3,3,698,698,0.004297994269340974,0.004297994269340974,false
Berwyn 11040,sfr_1_4,llc,9,13,1510,1663,0.005960264900662252,0.007817197835237523,false
Northfield 25090,sfr_1_4,individual,558,558,600,602,0.93,0.9269102990033222,false
Oak Park 27041,small_mf,individual,13,88,21,144,0.6190476190476191,0.6111111111111112,false
Lyons 21065,sfr_1_4,llc,2,2,389,389,0.005141388174807198,0.005141388174807198,false
Lyons 21132,condo_unit,individual,432,432,479,479,0.9018789144050104,0.9018789144050104,false
Proviso 31161,small_mf,individual,1,7,6,37,0.16666666666666666,0.1891891891891892,false
Maine 22082,sfr_1_4,individual,218,218,222,222,0.9819819819819819,0.9819819819819819,false
Thornton 37033,sfr_1_4,corp,26,28,3580,3880,0.007262569832402235,0.007216494845360825,false
Maine 22110,sfr_1_4,trust,26,26,1419,1454,0.018322762508809022,0.017881705639614855,false
Lake View 73060,sfr_1_4,llc,3,5,187,260,0.016042780748663103,0.019230769230769232,false
Jefferson 71280,sfr_1_4,corp,3,4,1321,2148,0.002271006813020439,0.00186219739292365,false
Northfield 25010,sfr_1_4,individual,331,331,422,422,0.7843601895734598,0.7843601895734598,false
Thornton 37022,small_mf,llc,2,14,23,146,0.08695652173913043,0.0958904109589041,false
Jefferson 71140,mixed_use_res,individual,23,78,33,107,0.696969696969697,0.7289719626168224,false
Palos 30022,condo_unit,trust,4,4,453,453,0.008830022075055188,0.008830022075055188,false
Jefferson 71390,small_mf,lender_reo,2,12,196,1205,0.01020408163265306,0.00995850622406639,false
Bloom 12072,small_mf,individual,3,15,4,20,0.75,0.75,false
South Chicago 76010,small_mf,unknown,28,196,109,763,0.25688073394495414,0.25688073394495414,false
Jefferson 71041,condo_unit,corp,14,14,1003,1003,0.013958125623130608,0.013958125623130608,false
Maine 22140,sfr_1_4,trust,3,3,80,80,0.0375,0.0375,false
Schaumburg 35072,condo_unit,unknown,20,20,664,664,0.030120481927710843,0.030120481927710843,false
Lake View 73041,sfr_1_4,lender_reo,2,2,916,1387,0.002183406113537118,0.0014419610670511895,false
Berwyn 11070,mixed_use_res,corp,2,8,15,43,0.13333333333333333,0.18604651162790697,false
Niles 24031,mixed_use_res,llc,12,31,64,160,0.1875,0.19375,false
Leyden 20011,sfr_1_4,unknown,6,7,480,506,0.0125,0.01383399209486166,false
Bremen 13110,sfr_1_4,lender_reo,1,1,350,365,0.002857142857142857,0.0027397260273972603,false
Bremen 13312,small_mf,llc,4,26,35,240,0.11428571428571428,0.10833333333333334,false
Lake View 73032,sfr_1_4,partnership,1,1,1371,2191,0.0007293946024799417,0.00045641259698767686,false
Lake View 73034,sfr_1_4,individual,317,413,331,436,0.9577039274924471,0.9472477064220184,false
Proviso 31141,sfr_1_4,unknown,66,68,2047,2211,0.03224230581338544,0.03075531433740389,false
Bremen 13010,small_mf,individual,4,26,12,80,0.3333333333333333,0.325,false
Thornton 37162,mixed_use_res,llc,6,23,29,99,0.20689655172413793,0.23232323232323232,false
Orland 28061,small_mf,individual,9,58,19,128,0.47368421052631576,0.453125,false
Bloom 12141,condo_unit,individual,8,8,8,8,,,true
Niles 24150,sfr_1_4,lender_reo,1,1,432,433,0.0023148148148148147,0.0023094688221709007,false
Bloom 12072,condo_unit,corp,1,1,247,247,0.004048582995951417,0.004048582995951417,false
Lake View 73070,condo_unit,llc,63,63,1207,1207,0.05219552609776305,0.05219552609776305,false
Rich 32161,sfr_1_4,trust,3,3,435,435,0.006896551724137931,0.006896551724137931,false
Palatine 29060,small_mf,llc,5,31,48,307,0.10416666666666667,0.10097719869706841,false
Palos 30053,sfr_1_4,llc,2,2,924,974,0.0021645021645021645,0.002053388090349076,false
Jefferson 71110,small_mf,individual,80,522,156,1042,0.5128205128205128,0.5009596928982726,false
Leyden 20070,sfr_1_4,corp,3,3,932,932,0.003218884120171674,0.003218884120171674,false
Schaumburg 35065,sfr_1_4,unknown,15,15,637,637,0.023547880690737835,0.023547880690737835,false
Proviso 31103,condo_unit,individual,94,94,97,97,0.9690721649484536,0.9690721649484536,false
Wheeling 38022,sfr_1_4,individual,1123,1123,1190,1190,0.9436974789915966,0.9436974789915966,false
Wheeling 38070,small_mf,corp,2,12,47,309,0.0425531914893617,0.038834951456310676,false
Schaumburg 35020,sfr_1_4,llc,14,14,2907,2907,0.004815961472308222,0.004815961472308222,false
Thornton 37023,sfr_1_4,lender_reo,6,8,1522,1726,0.003942181340341655,0.004634994206257242,false
Bloom 12010,mixed_use_res,unknown,4,8,10,32,0.4,0.25,false
New Trier 23010,sfr_1_4,trust,12,12,491,491,0.024439918533604887,0.024439918533604887,false
Evanston 17041,sfr_1_4,trust,3,3,536,721,0.005597014925373134,0.004160887656033287,false
Leyden 20010,small_mf,llc,1,6,44,263,0.022727272727272728,0.022813688212927757,false
Schaumburg 35090,condo_unit,corp,4,4,359,359,0.011142061281337047,0.011142061281337047,false
Elk Grove 16051,condo_unit,trust,4,4,695,695,0.0057553956834532375,0.0057553956834532375,false
Lake View 73031,sfr_1_4,llc,58,155,1852,3369,0.03131749460043196,0.04600771742356782,false
Lake 72350,sfr_1_4,partnership,2,2,2710,2927,0.0007380073800738007,0.0006832934745473181,false
Wheeling 38052,condo_unit,individual,11,11,11,11,1.0,1.0,false
Northfield 25430,sfr_1_4,trust,8,8,667,667,0.01199400299850075,0.01199400299850075,false
Bremen 13260,sfr_1_4,trust,12,12,2003,2003,0.005991013479780329,0.005991013479780329,false
Jefferson 71050,small_mf,unknown,12,81,89,599,0.1348314606741573,0.1352253756260434,false
Rich 32010,sfr_1_4,partnership,3,3,1265,1265,0.0023715415019762848,0.0023715415019762848,false
Northfield 25021,sfr_1_4,corp,5,5,1784,1784,0.002802690582959641,0.002802690582959641,false
Hyde Park 70083,sfr_1_4,trust,2,3,743,1215,0.0026917900403768506,0.0024691358024691358,false
Jefferson 71060,small_mf,individual,6,38,14,93,0.42857142857142855,0.40860215053763443,false
Palatine 29060,mixed_use_res,unknown,2,5,24,71,0.08333333333333333,0.07042253521126761,false
Elk Grove 16070,small_mf,corp,5,30,123,749,0.04065040650406504,0.04005340453938585,false
Evanston 17140,condo_unit,individual,6,6,8,8,,,true
Maine 22082,condo_unit,individual,111,111,117,117,0.9487179487179487,0.9487179487179487,false
Lyons 21064,condo_unit,individual,135,135,150,150,0.9,0.9,false
Lake 72251,sfr_1_4,individual,652,980,800,1198,0.815,0.8180300500834724,false
Lake 72194,sfr_1_4,partnership,1,1,1109,1110,0.0009017132551848512,0.0009009009009009009,false
Oak Park 27030,sfr_1_4,corp,8,9,1616,1743,0.0049504950495049506,0.0051635111876075735,false
Palatine 29080,condo_unit,lender_reo,2,2,371,371,0.005390835579514825,0.005390835579514825,false
Hyde Park 70100,condo_unit,individual,29,29,34,34,0.8529411764705882,0.8529411764705882,false
Thornton 37200,sfr_1_4,partnership,6,6,861,863,0.006968641114982578,0.006952491309385863,false
Leyden 20020,mixed_use_res,corp,1,4,12,42,0.08333333333333333,0.09523809523809523,false
Jefferson 71101,sfr_1_4,unknown,34,60,1742,2352,0.01951779563719862,0.025510204081632654,false
Lake View 73031,sfr_1_4,lender_reo,4,9,1852,3369,0.0021598272138228943,0.0026714158504007124,false
Proviso 31092,mixed_use_res,individual,14,45,20,63,0.7,0.7142857142857143,false
Thornton 37162,condo_unit,individual,86,86,86,86,1.0,1.0,false
Lake 72150,sfr_1_4,trust,6,13,1803,2721,0.0033277870216306157,0.004777655273796398,false
Palatine 29180,condo_unit,unknown,1,1,105,105,0.009523809523809525,0.009523809523809525,false
Hyde Park 70010,mixed_use_res,unknown,4,17,28,103,0.14285714285714285,0.1650485436893204,false
Lake View 73120,sfr_1_4,individual,571,932,649,1108,0.8798151001540832,0.8411552346570397,false
Berwyn 11060,mixed_use_res,unknown,3,8,25,99,0.12,0.08080808080808081,false
Palos 30061,condo_unit,llc,3,3,383,383,0.007832898172323759,0.007832898172323759,false
Rogers Park 75010,mixed_use_res,trust,1,2,5,15,0.2,0.13333333333333333,false
Hyde Park 70220,sfr_1_4,llc,56,76,2723,3175,0.02056555269922879,0.02393700787401575,false
Niles 24160,sfr_1_4,unknown,1,1,57,57,0.017543859649122806,0.017543859649122806,false
Proviso 31170,condo_unit,unknown,6,6,11,11,0.5454545454545454,0.5454545454545454,false
Palos 30052,sfr_1_4,lender_reo,3,3,357,357,0.008403361344537815,0.008403361344537815,false
Bremen 13050,mixed_use_res,individual,1,2,2,6,,,true
Bloom 12082,sfr_1_4,lender_reo,1,1,386,389,0.0025906735751295338,0.002570694087403599,false
Northfield 25160,condo_unit,unknown,22,22,1050,1050,0.02095238095238095,0.02095238095238095,false
Jefferson 71140,sfr_1_4,llc,1,1,1241,1331,0.0008058017727639,0.0007513148009015778,false
Jefferson 71260,sfr_1_4,corp,12,17,3630,5245,0.003305785123966942,0.0032411820781696856,false
Jefferson 71402,small_mf,llc,10,65,45,282,0.2222222222222222,0.23049645390070922,false
Northfield 25250,small_mf,corp,2,14,3,21,0.6666666666666666,0.6666666666666666,false
Bremen 13050,sfr_1_4,llc,17,17,1917,2093,0.008868022952529996,0.008122312470138558,false
Orland 28015,sfr_1_4,lender_reo,7,7,2761,2761,0.0025353132922854038,0.0025353132922854038,false
New Trier 23110,sfr_1_4,individual,436,436,490,490,0.889795918367347,0.889795918367347,false
Jefferson 71420,condo_unit,unknown,4,4,31,31,0.12903225806451613,0.12903225806451613,false
Rich 32010,sfr_1_4,unknown,65,65,1265,1265,0.05138339920948617,0.05138339920948617,false
Lake 72271,small_mf,unknown,3,18,24,159,0.125,0.11320754716981132,false
Evanston 17080,small_mf,corp,6,41,68,466,0.08823529411764706,0.08798283261802575,false
West Chicago 77141,condo_unit,individual,610,610,839,839,0.7270560190703218,0.7270560190703218,false
Wheeling 38022,sfr_1_4,partnership,1,1,1190,1190,0.0008403361344537816,0.0008403361344537816,false
Lake 72380,small_mf,lender_reo,2,14,135,905,0.014814814814814815,0.015469613259668509,false
Hyde Park 70220,sfr_1_4,trust,13,17,2723,3175,0.004774146162320969,0.005354330708661417,false
Hyde Park 70220,condo_unit,unknown,1,1,9,9,,,true
Bremen 13100,small_mf,unknown,2,12,3,18,0.6666666666666666,0.6666666666666666,false
Rich 32250,condo_unit,unknown,6,6,165,165,0.03636363636363636,0.03636363636363636,false
South Chicago 76060,mixed_use_res,corp,3,8,150,497,0.02,0.01609657947686117,false
Orland 28039,sfr_1_4,individual,492,492,522,522,0.9425287356321839,0.9425287356321839,false
Orland 28043,sfr_1_4,llc,6,6,2179,2180,0.0027535566773749425,0.0027522935779816515,false
Jefferson 71082,sfr_1_4,lender_reo,6,6,4527,6888,0.0013253810470510272,0.0008710801393728223,false
Lake 72091,mixed_use_res,corp,3,10,87,308,0.034482758620689655,0.032467532467532464,false
Bremen 13130,small_mf,unknown,1,6,22,134,0.045454545454545456,0.04477611940298507,false
Lake 72110,condo_unit,individual,56,56,61,61,0.9180327868852459,0.9180327868852459,false
Lake View 73011,small_mf,unknown,14,96,131,866,0.10687022900763359,0.11085450346420324,false
North Chicago 74011,condo_unit,llc,72,72,1331,1331,0.054094665664913597,0.054094665664913597,false
North Chicago 74022,condo_unit,lender_reo,18,18,17093,17093,0.001053062657228105,0.001053062657228105,false
Maine 22180,sfr_1_4,trust,19,31,2067,2184,0.009192065795839382,0.014194139194139194,false
West Chicago 77060,sfr_1_4,corp,9,20,934,1612,0.009635974304068522,0.01240694789081886,false
Lyons 21032,condo_unit,trust,13,13,148,148,0.08783783783783784,0.08783783783783784,false
Proviso 31040,sfr_1_4,lender_reo,6,6,791,897,0.007585335018963337,0.006688963210702341,false
Rich 32060,condo_unit,unknown,4,4,75,75,0.05333333333333334,0.05333333333333334,false
Rich 32043,condo_unit,trust,2,2,90,90,0.022222222222222223,0.022222222222222223,false
Palos 30012,sfr_1_4,lender_reo,9,9,2576,2620,0.0034937888198757765,0.003435114503816794,false
Wheeling 38053,mixed_use_res,llc,1,2,2,6,,,true
Maine 22180,small_mf,trust,7,49,97,651,0.07216494845360824,0.07526881720430108,false
Worth 39080,mixed_use_res,unknown,5,10,41,105,0.12195121951219512,0.09523809523809523,false
Lake 72312,mixed_use_res,individual,11,45,14,53,0.7857142857142857,0.8490566037735849,false
West Chicago 77101,condo_unit,individual,45,45,53,53,0.8490566037735849,0.8490566037735849,false
Lake 72192,small_mf,llc,5,31,5,31,1.0,1.0,false
Bremen 13270,condo_unit,trust,1,1,126,126,0.007936507936507936,0.007936507936507936,false
Rich 32040,sfr_1_4,individual,185,185,191,191,0.9685863874345549,0.9685863874345549,false
West Chicago 77103,sfr_1_4,llc,93,182,951,1702,0.09779179810725552,0.10693301997649823,false
Oak Park 27030,condo_unit,corp,2,2,230,230,0.008695652173913044,0.008695652173913044,false
Stickney 36021,sfr_1_4,individual,915,965,952,1009,0.9611344537815126,0.956392467789891,false
Rich 32045,sfr_1_4,lender_reo,1,1,578,602,0.0017301038062283738,0.0016611295681063123,false
New Trier 23043,small_mf,unknown,3,21,7,49,0.42857142857142855,0.42857142857142855,false
Evanston 17020,small_mf,unknown,2,14,7,49,0.2857142857142857,0.2857142857142857,false
Palos 30053,condo_unit,unknown,4,4,204,204,0.0196078431372549,0.0196078431372549,false
Hyde Park 70070,coop_building,lender_reo,5,5,10,10,0.5,0.5,false
Schaumburg 35040,sfr_1_4,unknown,155,155,5660,5660,0.027385159010600707,0.027385159010600707,false
Worth 39250,small_mf,llc,9,63,35,243,0.2571428571428571,0.25925925925925924,false
South Chicago 76042,small_mf,individual,5,34,14,95,0.35714285714285715,0.35789473684210527,false
New Trier 23094,small_mf,llc,2,14,5,35,0.4,0.4,false
Hyde Park 70111,sfr_1_4,individual,4490,4934,4833,5311,0.9290295882474653,0.9290152513650913,false
Lake View 73200,condo_unit,llc,11,11,537,537,0.020484171322160148,0.020484171322160148,false
Hyde Park 70140,mixed_use_res,individual,49,183,59,225,0.8305084745762712,0.8133333333333334,false
Lake View 73092,sfr_1_4,trust,2,4,152,337,0.013157894736842105,0.011869436201780416,false
Elk Grove 16011,condo_unit,lender_reo,3,3,2917,2917,0.0010284538909838875,0.0010284538909838875,false
Jefferson 71060,small_mf,unknown,4,28,14,93,0.2857142857142857,0.3010752688172043,false
Jefferson 71090,sfr_1_4,unknown,99,132,3374,4571,0.02934202726733847,0.028877707285057973,false
Palatine 29060,sfr_1_4,unknown,90,107,3802,3931,0.02367175170962651,0.027219537013482575,false
Leyden 20020,sfr_1_4,unknown,64,76,2350,2637,0.02723404255319149,0.02882062950322336,false
River Forest 33020,sfr_1_4,trust,14,14,526,529,0.026615969581749048,0.026465028355387523,false
South Chicago 76030,mixed_use_res,lender_reo,1,4,256,932,0.00390625,0.004291845493562232,false
Worth 39100,mixed_use_res,lender_reo,1,4,24,58,0.041666666666666664,0.06896551724137931,false
Lake 72274,sfr_1_4,individual,2112,2213,2284,2393,0.9246935201401051,0.9247806101128291,false
Lake 72321,small_mf,llc,2,13,6,38,0.3333333333333333,0.34210526315789475,false
Proviso 31034,small_mf,llc,19,121,130,809,0.14615384615384616,0.14956736711990112,false
Lyons 21091,mixed_use_res,llc,7,17,53,157,0.1320754716981132,0.10828025477707007,false
Bremen 13032,small_mf,corp,3,18,66,395,0.045454545454545456,0.04556962025316456,false
Lake View 73092,condo_unit,trust,23,23,1318,1318,0.017450682852807285,0.017450682852807285,false
Bremen 13080,condo_unit,llc,1,1,278,278,0.0035971223021582736,0.0035971223021582736,false
Bremen 13120,sfr_1_4,lender_reo,12,12,1943,1945,0.006176016469377252,0.006169665809768638,false
Worth 39080,small_mf,corp,2,13,80,519,0.025,0.025048169556840076,false
Leyden 20080,sfr_1_4,lender_reo,6,7,4871,5958,0.0012317799219872716,0.0011748909029875797,false
Evanston 17042,coop_building,coop_corp,3,3,3,3,,,true
Bremen 13314,sfr_1_4,trust,8,8,1466,1485,0.005457025920873124,0.0053872053872053875,false
Thornton 37200,sfr_1_4,corp,2,2,861,863,0.0023228803716608595,0.002317497103128621,false
Hyde Park 70280,sfr_1_4,llc,14,18,2707,3058,0.005171776874769117,0.005886200130804447,false
Palos 30041,sfr_1_4,unknown,15,15,369,369,0.04065040650406504,0.04065040650406504,false
Riverside 34040,condo_unit,unknown,1,1,3,3,,,true
Orland 28036,condo_unit,lender_reo,4,4,1997,1997,0.00200300450676014,0.00200300450676014,false
Palos 30053,sfr_1_4,partnership,1,1,924,974,0.0010822510822510823,0.001026694045174538,false
Lyons 21162,sfr_1_4,corp,7,7,868,911,0.008064516129032258,0.007683863885839737,false
Lake View 73084,sfr_1_4,unknown,147,376,2305,4498,0.06377440347071583,0.08359270787016451,false
Thornton 37103,sfr_1_4,llc,4,4,356,359,0.011235955056179775,0.011142061281337047,false
Lake 72040,sfr_1_4,llc,35,61,5166,8752,0.006775067750677507,0.006969835466179159,false
Hyde Park 70140,sfr_1_4,lender_reo,3,8,681,1327,0.004405286343612335,0.006028636021100226,false
Maine 22130,mixed_use_res,trust,2,4,3,6,,,true
Wheeling 38053,condo_unit,individual,534,534,553,553,0.9656419529837251,0.9656419529837251,false
South Chicago 76041,other_res,individual,1,1,1,1,,,true
Lake 72030,small_mf,individual,92,599,110,717,0.8363636363636363,0.8354253835425384,false
Elk Grove 16070,small_mf,llc,27,169,123,749,0.21951219512195122,0.22563417890520696,false
Bloom 12065,sfr_1_4,lender_reo,1,1,166,166,0.006024096385542169,0.006024096385542169,false
Bloom 12061,sfr_1_4,partnership,7,7,2080,2082,0.0033653846153846156,0.0033621517771373678,false
Worth 39400,condo_unit,unknown,2,2,222,222,0.009009009009009009,0.009009009009009009,false
West Chicago 77150,sfr_1_4,trust,24,35,2463,4054,0.0097442143727162,0.00863344844597928,false
Northfield 25011,condo_unit,unknown,51,51,1579,1579,0.03229892336922103,0.03229892336922103,false
Maine 22022,sfr_1_4,trust,3,3,383,383,0.007832898172323759,0.007832898172323759,false
Palos 30011,small_mf,llc,1,7,1,7,,,true
Bremen 13140,small_mf,corp,2,12,72,433,0.027777777777777776,0.02771362586605081,false
Jefferson 71390,sfr_1_4,trust,30,41,1307,1711,0.022953328232593728,0.02396259497369959,false
Leyden 20050,mixed_use_res,unknown,3,7,25,78,0.12,0.08974358974358974,false
Jefferson 71082,condo_unit,trust,10,10,1874,1874,0.005336179295624333,0.005336179295624333,false
Worth 39101,sfr_1_4,individual,319,319,335,335,0.9522388059701492,0.9522388059701492,false
Palatine 29083,condo_unit,individual,405,405,422,422,0.9597156398104265,0.9597156398104265,false
Lake View 73060,sfr_1_4,trust,3,5,187,260,0.016042780748663103,0.019230769230769232,false
Lake 72321,sfr_1_4,corp,27,28,3769,3913,0.00716370390023879,0.007155635062611807,false
West Chicago 77080,condo_unit,individual,4,4,8,8,,,true
Palatine 29060,condo_unit,corp,1,1,1607,1607,0.0006222775357809583,0.0006222775357809583,false
Jefferson 71090,small_mf,corp,2,12,78,483,0.02564102564102564,0.024844720496894408,false
River Forest 33015,sfr_1_4,trust,14,14,613,633,0.022838499184339316,0.022116903633491312,false
West Chicago 77092,mixed_use_res,llc,1,6,17,60,0.058823529411764705,0.1,false
Evanston 17090,sfr_1_4,llc,11,16,719,799,0.015299026425591099,0.02002503128911139,false
Schaumburg 35109,sfr_1_4,lender_reo,3,3,1800,1800,0.0016666666666666668,0.0016666666666666668,false
Oak Park 27030,small_mf,lender_reo,1,7,35,241,0.02857142857142857,0.029045643153526972,false
Evanston 17090,condo_unit,trust,20,20,999,999,0.02002002002002002,0.02002002002002002,false
Wheeling 38012,sfr_1_4,corp,5,5,1122,1122,0.004456327985739751,0.004456327985739751,false
Elk Grove 16100,condo_unit,llc,6,6,894,894,0.006711409395973154,0.006711409395973154,false
Bloom 12141,sfr_1_4,unknown,39,43,969,1097,0.04024767801857585,0.03919781221513218,false
Proviso 31021,sfr_1_4,corp,1,1,151,151,0.006622516556291391,0.006622516556291391,false
Lyons 21082,condo_unit,individual,259,259,277,277,0.9350180505415162,0.9350180505415162,false
Lake 72171,mixed_use_res,corp,1,4,52,180,0.019230769230769232,0.022222222222222223,false
Orland 28102,sfr_1_4,trust,1,1,93,93,0.010752688172043012,0.010752688172043012,false
Bremen 13180,condo_unit,individual,159,159,183,183,0.8688524590163934,0.8688524590163934,false
Lake View 73060,condo_unit,llc,152,152,9084,9084,0.01673271686481726,0.01673271686481726,false
Rich 32055,sfr_1_4,corp,1,1,421,422,0.0023752969121140144,0.002369668246445498,false
West Chicago 77170,condo_unit,partnership,1,1,1809,1809,0.000552791597567717,0.000552791597567717,false
Hyde Park 70101,sfr_1_4,individual,725,1148,771,1237,0.940337224383917,0.9280517380759903,false
North Chicago 74030,sfr_1_4,corp,1,3,116,126,0.008620689655172414,0.023809523809523808,false
Elk Grove 16091,small_mf,unknown,1,7,2,14,0.5,0.5,false
Jefferson 71074,sfr_1_4,corp,7,10,1398,1744,0.005007153075822604,0.005733944954128441,false
Palatine 29050,condo_unit,individual,291,291,312,312,0.9326923076923077,0.9326923076923077,false
Evanston 17140,condo_unit,llc,1,1,8,8,,,true
Proviso 31060,small_mf,unknown,16,99,78,489,0.20512820512820512,0.20245398773006135,false
Niles 24051,sfr_1_4,individual,3519,3624,3685,3793,0.9549525101763908,0.955444239388347,false
Cicero 15071,sfr_1_4,llc,17,31,1670,2805,0.010179640718562874,0.01105169340463458,false
Lyons 21061,sfr_1_4,llc,3,3,384,384,0.0078125,0.0078125,false
Hyde Park 70030,mixed_use_res,trust,1,6,75,276,0.013333333333333334,0.021739130434782608,false
Schaumburg 35100,small_mf,corp,2,14,4,28,0.5,0.5,false
Lake 72423,condo_unit,corp,6,6,183,183,0.03278688524590164,0.03278688524590164,false
Jefferson 71600,condo_unit,lender_reo,4,4,903,903,0.004429678848283499,0.004429678848283499,false
Evanston 17042,sfr_1_4,llc,8,12,492,512,0.016260162601626018,0.0234375,false
Orland 28032,sfr_1_4,individual,841,841,876,876,0.9600456621004566,0.9600456621004566,false
Elk Grove 16051,small_mf,individual,7,44,9,57,0.7777777777777778,0.7719298245614035,false
Lake 72274,condo_unit,unknown,6,6,138,138,0.043478260869565216,0.043478260869565216,false
Thornton 37162,sfr_1_4,corp,1,1,1175,1190,0.000851063829787234,0.0008403361344537816,false
Elk Grove 16061,sfr_1_4,lender_reo,4,4,1897,1897,0.0021085925144965737,0.0021085925144965737,false
Palatine 29090,small_mf,individual,2,14,8,56,0.25,0.25,false
Thornton 37021,sfr_1_4,corp,64,66,3938,4092,0.016251904520060943,0.016129032258064516,false
Maine 22091,condo_unit,corp,6,6,1184,1184,0.005067567567567568,0.005067567567567568,false
Proviso 31170,sfr_1_4,corp,5,9,501,526,0.00998003992015968,0.017110266159695818,false
Leyden 20080,sfr_1_4,corp,39,44,4871,5958,0.008006569492917266,0.007385028533064787,false
Wheeling 38013,condo_unit,lender_reo,5,5,3416,3416,0.0014637002341920376,0.0014637002341920376,false
Jefferson 71600,condo_unit,corp,1,1,903,903,0.0011074197120708748,0.0011074197120708748,false
Lake 72274,sfr_1_4,trust,16,18,2284,2393,0.0070052539404553416,0.007521938988717091,false
Bloom 12072,sfr_1_4,partnership,14,14,593,743,0.023608768971332208,0.018842530282637954,false
Rich 32010,sfr_1_4,individual,1153,1153,1265,1265,0.9114624505928853,0.9114624505928853,false
Bremen 13050,sfr_1_4,lender_reo,3,5,1917,2093,0.001564945226917058,0.0023889154323936935,false
Palatine 29041,sfr_1_4,individual,356,356,376,376,0.9468085106382979,0.9468085106382979,false
Hyde Park 70070,sfr_1_4,unknown,229,356,2952,4754,0.07757452574525746,0.07488430795119899,false
Proviso 31092,sfr_1_4,unknown,70,90,1569,1948,0.04461440407903123,0.04620123203285421,false
Maine 22030,sfr_1_4,individual,1115,1125,1154,1165,0.9662045060658578,0.9656652360515021,false
Palos 30100,sfr_1_4,individual,33,33,39,39,0.8461538461538461,0.8461538461538461,false
Worth 39330,sfr_1_4,individual,278,320,296,350,0.9391891891891891,0.9142857142857143,false
Lake 72080,sfr_1_4,unknown,66,130,1852,3577,0.035637149028077755,0.0363433044450657,false
Lake 72200,small_mf,corp,3,20,38,257,0.07894736842105263,0.07782101167315175,false
Lyons 21091,small_mf,lender_reo,1,6,31,199,0.03225806451612903,0.03015075376884422,false
Berwyn 11040,sfr_1_4,unknown,49,59,1510,1663,0.03245033112582781,0.035478051713770296,false
Lake 72281,sfr_1_4,individual,2137,2314,2390,2593,0.894142259414226,0.8924026224450443,false
Worth 39132,mixed_use_res,unknown,1,4,27,72,0.037037037037037035,0.05555555555555555,false
Bremen 13100,condo_unit,lender_reo,2,2,454,454,0.004405286343612335,0.004405286343612335,false
Lyons 21022,sfr_1_4,trust,21,24,1143,1174,0.01837270341207349,0.020442930153321975,false
Jefferson 71090,small_mf,individual,54,329,78,483,0.6923076923076923,0.6811594202898551,false
New Trier 23010,sfr_1_4,unknown,10,10,491,491,0.020366598778004074,0.020366598778004074,false
Cicero 15090,small_mf,individual,5,35,13,89,0.38461538461538464,0.39325842696629215,false
Oak Park 27041,small_mf,unknown,5,35,21,144,0.23809523809523808,0.24305555555555555,false
Proviso 31010,small_mf,individual,8,52,15,101,0.5333333333333333,0.5148514851485149,false
Proviso 31091,mixed_use_res,unknown,1,2,48,164,0.020833333333333332,0.012195121951219513,false
Thornton 37102,small_mf,corp,1,6,17,111,0.058823529411764705,0.05405405405405406,false
West Chicago 77115,sfr_1_4,unknown,185,361,7770,14100,0.023809523809523808,0.025602836879432624,false
Thornton 37171,sfr_1_4,llc,15,15,1014,1027,0.014792899408284023,0.014605647517039922,false
Palatine 29022,condo_unit,llc,160,160,3531,3531,0.045312942509204195,0.045312942509204195,false
Thornton 37185,sfr_1_4,trust,3,3,521,545,0.005758157389635317,0.005504587155963303,false
Thornton 37023,sfr_1_4,corp,16,18,1522,1726,0.010512483574244415,0.010428736964078795,false
Berwyn 11020,sfr_1_4,unknown,74,107,2492,3314,0.02969502407704655,0.03228726614363307,false
Maine 22082,condo_unit,corp,3,3,117,117,0.02564102564102564,0.02564102564102564,false
Lake 72070,small_mf,corp,13,90,173,1188,0.07514450867052024,0.07575757575757576,false
Barrington 10012,sfr_1_4,individual,1084,1127,1159,1208,0.9352890422778257,0.9329470198675497,false
Wheeling 38012,sfr_1_4,unknown,38,38,1122,1122,0.0338680926916221,0.0338680926916221,false
Elk Grove 16051,small_mf,llc,1,6,9,57,0.1111111111111111,0.10526315789473684,false
Oak Park 27090,small_mf,individual,28,194,59,404,0.4745762711864407,0.4801980198019802,false
Leyden 20081,mixed_use_res,llc,2,6,45,142,0.044444444444444446,0.04225352112676056,false
Oak Park 27090,condo_unit,unknown,30,30,468,468,0.0641025641025641,0.0641025641025641,false
Jefferson 71260,mixed_use_res,llc,13,43,133,439,0.09774436090225563,0.0979498861047836,false
Thornton 37021,condo_unit,unknown,6,6,144,144,0.041666666666666664,0.041666666666666664,false
Lyons 21022,sfr_1_4,individual,1084,1106,1143,1174,0.9483814523184602,0.9420783645655877,false
Jefferson 71010,mixed_use_res,individual,43,164,62,223,0.6935483870967742,0.7354260089686099,false
Schaumburg 35090,condo_unit,llc,2,2,359,359,0.005571030640668524,0.005571030640668524,false
Lake View 73034,sfr_1_4,lender_reo,1,1,331,436,0.0030211480362537764,0.0022935779816513763,false
New Trier 23010,sfr_1_4,llc,17,17,491,491,0.034623217922606926,0.034623217922606926,false
Proviso 31152,sfr_1_4,lender_reo,1,1,286,288,0.0034965034965034965,0.003472222222222222,false
West Chicago 77013,sfr_1_4,llc,238,454,6365,10159,0.03739198743126473,0.044689437936804806,false
Jefferson 71390,sfr_1_4,unknown,28,40,1307,1711,0.02142310635042081,0.023378141437755698,false
West Chicago 77052,small_mf,lender_reo,1,6,153,946,0.006535947712418301,0.006342494714587738,false
Lake 72420,sfr_1_4,trust,3,3,148,148,0.02027027027027027,0.02027027027027027,false
Berwyn 11010,sfr_1_4,unknown,80,151,2228,3617,0.03590664272890485,0.04174730439590821,false
Lake View 73084,condo_unit,individual,4551,4551,5003,5003,0.9096542074755147,0.9096542074755147,false
Calumet 14010,sfr_1_4,trust,2,2,467,512,0.004282655246252677,0.00390625,false
Elk Grove 16011,sfr_1_4,unknown,8,8,381,381,0.02099737532808399,0.02099737532808399,false
Cicero 15080,mixed_use_res,trust,1,3,26,87,0.038461538461538464,0.034482758620689655,false
Hyde Park 70020,condo_unit,corp,15,15,5464,5464,0.002745241581259151,0.002745241581259151,false
Palos 30011,condo_unit,unknown,13,13,364,364,0.03571428571428571,0.03571428571428571,false
Calumet 14020,small_mf,partnership,4,28,90,578,0.044444444444444446,0.04844290657439446,false
Hanover 18030,sfr_1_4,lender_reo,1,1,428,428,0.002336448598130841,0.002336448598130841,false
Jefferson 71440,sfr_1_4,lender_reo,8,8,3975,4100,0.002012578616352201,0.001951219512195122,false
Palatine 29032,condo_unit,unknown,5,5,42,42,0.11904761904761904,0.11904761904761904,false
Northfield 25052,sfr_1_4,individual,2804,2804,2921,2921,0.9599452242382746,0.9599452242382746,false
Lake View 73034,small_mf,llc,4,28,13,91,0.3076923076923077,0.3076923076923077,false
Lake View 73081,small_mf,llc,43,292,121,801,0.35537190082644626,0.3645443196004994,false
Cicero 15090,small_mf,llc,7,47,13,89,0.5384615384615384,0.5280898876404494,false
Lyons 21102,condo_unit,lender_reo,1,1,375,375,0.0026666666666666666,0.0026666666666666666,false
Lyons 21011,sfr_1_4,llc,8,8,358,358,0.0223463687150838,0.0223463687150838,false
Lake 72052,mixed_use_res,unknown,5,16,26,87,0.19230769230769232,0.1839080459770115,false
Jefferson 71150,sfr_1_4,corp,56,59,9873,11614,0.0056720348424997465,0.005080075770621664,false
Lemont 19025,sfr_1_4,individual,574,574,608,608,0.944078947368421,0.944078947368421,false
Calumet 14030,mixed_use_res,unknown,2,6,16,44,0.125,0.13636363636363635,false
Bremen 13020,sfr_1_4,unknown,26,26,521,523,0.04990403071017274,0.0497131931166348,false
Hyde Park 70100,small_mf,llc,46,305,149,971,0.3087248322147651,0.3141091658084449,false
Jefferson 71082,small_mf,individual,142,939,251,1670,0.5657370517928287,0.5622754491017964,false
Bremen 13312,sfr_1_4,partnership,3,3,829,865,0.0036188178528347406,0.003468208092485549,false
West Chicago 77151,sfr_1_4,llc,14,28,596,1108,0.02348993288590604,0.02527075812274368,false
Jefferson 71210,sfr_1_4,llc,29,55,2548,3981,0.011381475667189953,0.013815624215021352,false
Lake 72221,sfr_1_4,llc,119,184,3154,4404,0.03772986683576411,0.04178019981834696,false
Rich 32201,sfr_1_4,llc,3,3,158,158,0.0189873417721519,0.0189873417721519,false
Jefferson 71140,condo_unit,llc,1,1,44,44,0.022727272727272728,0.022727272727272728,false
Lake View 73084,mixed_use_res,corp,8,32,200,720,0.04,0.044444444444444446,false
Proviso 31042,mixed_use_res,llc,4,18,49,173,0.08163265306122448,0.10404624277456648,false
New Trier 23022,small_mf,individual,1,7,23,161,0.043478260869565216,0.043478260869565216,false
Lake 72120,sfr_1_4,unknown,129,172,3354,4393,0.038461538461538464,0.03915319826997496,false
Northfield 25100,sfr_1_4,trust,12,12,678,681,0.017699115044247787,0.01762114537444934,false
Lake View 73044,condo_unit,unknown,7,7,263,263,0.026615969581749048,0.026615969581749048,false
Evanston 17041,sfr_1_4,llc,42,89,536,721,0.07835820895522388,0.12343966712898752,false
Bremen 13310,condo_unit,lender_reo,3,3,845,845,0.0035502958579881655,0.0035502958579881655,false
Oak Park 27090,mixed_use_res,individual,13,40,15,50,0.8666666666666667,0.8,false
Elk Grove 16085,condo_unit,corp,3,3,508,508,0.005905511811023622,0.005905511811023622,false
New Trier 23042,condo_unit,trust,3,3,73,73,0.0410958904109589,0.0410958904109589,false
Rich 32340,condo_unit,unknown,3,3,88,88,0.03409090909090909,0.03409090909090909,false
Lake View 73081,sfr_1_4,corp,9,15,2100,3193,0.004285714285714286,0.004697776385844034,false
Rich 32161,sfr_1_4,llc,5,5,435,435,0.011494252873563218,0.011494252873563218,false
Orland 28022,mixed_use_res,llc,5,17,25,75,0.2,0.22666666666666666,false
Lake 72120,mixed_use_res,llc,8,25,58,185,0.13793103448275862,0.13513513513513514,false
Leyden 20070,condo_unit,llc,1,1,257,257,0.0038910505836575876,0.0038910505836575876,false
Barrington 10024,condo_unit,individual,235,235,247,247,0.951417004048583,0.951417004048583,false
Jefferson 71420,condo_unit,llc,1,1,31,31,0.03225806451612903,0.03225806451612903,false
Jefferson 71090,sfr_1_4,individual,3195,4313,3374,4571,0.9469472436277415,0.9435572084882958,false
Niles 24101,condo_unit,individual,430,430,459,459,0.9368191721132898,0.9368191721132898,false
Jefferson 71150,small_mf,corp,4,26,178,1162,0.02247191011235955,0.022375215146299483,false
Bloom 12010,condo_unit,individual,134,134,139,139,0.9640287769784173,0.9640287769784173,false
Rich 32020,condo_unit,corp,6,6,705,705,0.00851063829787234,0.00851063829787234,false
Palatine 29170,sfr_1_4,unknown,10,10,446,446,0.02242152466367713,0.02242152466367713,false
Maine 22040,condo_unit,corp,1,1,23,23,0.043478260869565216,0.043478260869565216,false
Jefferson 71600,sfr_1_4,individual,128,148,133,155,0.9624060150375939,0.9548387096774194,false
Lake View 73081,condo_unit,individual,1880,1880,2154,2154,0.872794800371402,0.872794800371402,false
Evanston 17090,small_mf,llc,18,125,39,270,0.46153846153846156,0.46296296296296297,false
Jefferson 71120,mixed_use_res,corp,2,7,45,164,0.044444444444444446,0.042682926829268296,false
Lake View 73092,condo_unit,llc,66,66,1318,1318,0.05007587253414264,0.05007587253414264,false
Orland 28030,sfr_1_4,corp,2,2,457,457,0.00437636761487965,0.00437636761487965,false
Orland 28034,sfr_1_4,individual,358,358,384,384,0.9322916666666666,0.9322916666666666,false
Thornton 37163,sfr_1_4,unknown,8,11,170,256,0.047058823529411764,0.04296875,false
Schaumburg 35030,condo_unit,trust,8,8,1416,1416,0.005649717514124294,0.005649717514124294,false
Wheeling 38090,condo_unit,unknown,162,162,2204,2204,0.073502722323049,0.073502722323049,false
Lake 72431,sfr_1_4,lender_reo,1,1,832,832,0.001201923076923077,0.001201923076923077,false
New Trier 23092,small_mf,individual,2,14,2,14,1.0,1.0,false
Lake 72282,sfr_1_4,lender_reo,32,36,7505,8157,0.004263824117255163,0.004413387274733358,false
Schaumburg 35111,sfr_1_4,lender_reo,1,1,82,82,0.012195121951219513,0.012195121951219513,false
Lake View 73031,sfr_1_4,unknown,62,137,1852,3369,0.03347732181425486,0.0406648857227664,false
Worth 39210,sfr_1_4,lender_reo,4,5,1628,1793,0.002457002457002457,0.002788622420524261,false
Rich 32090,sfr_1_4,unknown,12,12,416,416,0.028846153846153848,0.028846153846153848,false
Rogers Park 75021,sfr_1_4,trust,13,18,1120,1803,0.011607142857142858,0.009983361064891847,false
Hanover 18010,sfr_1_4,corp,7,7,2588,2588,0.002704791344667697,0.002704791344667697,false
Lake 72212,sfr_1_4,individual,3583,4259,3900,4678,0.9187179487179488,0.910431808465156,false
Wheeling 38010,small_mf,individual,2,14,2,14,1.0,1.0,false
Niles 24032,condo_unit,llc,1,1,244,244,0.004098360655737705,0.004098360655737705,false
River Forest 33015,condo_unit,corp,3,3,322,322,0.009316770186335404,0.009316770186335404,false
Hyde Park 70220,mixed_use_res,llc,2,7,11,32,0.18181818181818182,0.21875,false
Thornton 37101,condo_unit,unknown,8,8,55,55,0.14545454545454545,0.14545454545454545,false
Maine 22070,sfr_1_4,corp,1,1,893,893,0.0011198208286674132,0.0011198208286674132,false
Jefferson 71101,condo_unit,individual,229,229,291,291,0.7869415807560137,0.7869415807560137,false
Proviso 31042,mixed_use_res,individual,42,144,49,173,0.8571428571428571,0.8323699421965318,false
Palos 30060,mixed_use_res,llc,2,4,4,8,,,true
Worth 39010,condo_unit,trust,8,8,415,415,0.01927710843373494,0.01927710843373494,false
Wheeling 38040,mixed_use_res,individual,2,6,2,6,,,true
Schaumburg 35116,condo_unit,trust,1,1,144,144,0.006944444444444444,0.006944444444444444,false
Orland 28011,condo_unit,lender_reo,1,1,180,180,0.005555555555555556,0.005555555555555556,false
South Chicago 76050,sfr_1_4,corp,17,32,3383,5140,0.005025125628140704,0.0062256809338521405,false
Thornton 37180,small_mf,trust,1,6,5,29,0.2,0.20689655172413793,false
Rich 32201,condo_unit,individual,28,28,30,30,0.9333333333333333,0.9333333333333333,false
Calumet 14020,small_mf,unknown,12,76,90,578,0.13333333333333333,0.1314878892733564,false
West Chicago 77152,small_mf,individual,13,86,36,243,0.3611111111111111,0.35390946502057613,false
Worth 39133,sfr_1_4,corp,1,4,300,376,0.0033333333333333335,0.010638297872340425,false
Hanover 18090,condo_unit,unknown,105,105,604,604,0.173841059602649,0.173841059602649,false
Bremen 13344,sfr_1_4,unknown,4,4,112,112,0.03571428571428571,0.03571428571428571,false
Oak Park 27041,sfr_1_4,corp,1,1,436,514,0.0022935779816513763,0.0019455252918287938,false
Elk Grove 16012,small_mf,individual,7,43,38,237,0.18421052631578946,0.18143459915611815,false
Wheeling 38051,condo_unit,individual,520,520,554,554,0.9386281588447654,0.9386281588447654,false
Leyden 20080,small_mf,corp,4,23,171,1034,0.023391812865497075,0.022243713733075435,false
Proviso 31103,sfr_1_4,trust,9,11,669,781,0.013452914798206279,0.014084507042253521,false
Lyons 21111,mixed_use_res,corp,2,5,12,39,0.16666666666666666,0.1282051282051282,false
Northfield 25110,sfr_1_4,llc,2,2,404,404,0.0049504950495049506,0.0049504950495049506,false
South Chicago 76041,condo_unit,llc,20,20,385,385,0.05194805194805195,0.05194805194805195,false
Palos 30030,condo_unit,lender_reo,4,4,392,392,0.01020408163265306,0.01020408163265306,false
Orland 28101,sfr_1_4,unknown,1,1,149,149,0.006711409395973154,0.006711409395973154,false
Lake View 73093,mixed_use_res,trust,1,2,81,299,0.012345679012345678,0.006688963210702341,false
Thornton 37052,sfr_1_4,lender_reo,3,4,892,1059,0.0033632286995515697,0.003777148253068933,false
Worth 39110,condo_unit,llc,34,34,316,316,0.10759493670886076,0.10759493670886076,false
Jefferson 71101,condo_unit,trust,1,1,291,291,0.003436426116838488,0.003436426116838488,false
Niles 24052,condo_unit,llc,22,22,996,996,0.02208835341365462,0.02208835341365462,false
Jefferson 71200,mixed_use_res,individual,96,340,118,408,0.8135593220338984,0.8333333333333334,false
Worth 39210,mixed_use_res,trust,1,4,6,17,0.16666666666666666,0.23529411764705882,false
Palos 30011,condo_unit,corp,1,1,364,364,0.0027472527472527475,0.0027472527472527475,false
Lake 72312,sfr_1_4,llc,96,114,2342,2510,0.04099060631938514,0.04541832669322709,false
Lake 72300,condo_unit,llc,3,3,307,307,0.009771986970684038,0.009771986970684038,false
Thornton 37024,small_mf,unknown,37,249,165,1085,0.22424242424242424,0.2294930875576037,false
Northfield 25011,sfr_1_4,lender_reo,5,5,1043,1043,0.004793863854266539,0.004793863854266539,false
Orland 28030,sfr_1_4,unknown,9,9,457,457,0.019693654266958426,0.019693654266958426,false
Bremen 13080,condo_unit,individual,262,262,278,278,0.9424460431654677,0.9424460431654677,false
Maine 22080,sfr_1_4,trust,38,40,4290,4473,0.008857808857808859,0.008942544153811759,false
Jefferson 71280,mixed_use_res,llc,7,25,56,188,0.125,0.13297872340425532,false
Jefferson 71081,mixed_use_res,unknown,11,41,108,398,0.10185185185185185,0.10301507537688442,false
Hyde Park 70020,condo_unit,llc,167,167,5464,5464,0.030563689604685213,0.030563689604685213,false
Lake View 73110,condo_unit,individual,440,440,514,514,0.8560311284046692,0.8560311284046692,false
Thornton 37190,small_mf,individual,1,5,1,5,,,true
Oak Park 27090,condo_unit,corp,1,1,468,468,0.002136752136752137,0.002136752136752137,false
Northfield 25200,sfr_1_4,unknown,45,45,1261,1261,0.035685963521015066,0.035685963521015066,false
Oak Park 27040,small_mf,corp,6,42,58,398,0.10344827586206896,0.10552763819095477,false
West Chicago 77104,sfr_1_4,unknown,2,2,142,142,0.014084507042253521,0.014084507042253521,false
Jefferson 71250,mixed_use_res,individual,29,94,37,112,0.7837837837837838,0.8392857142857143,false
Wheeling 38048,sfr_1_4,trust,3,3,272,272,0.011029411764705883,0.011029411764705883,false
Worth 39130,mixed_use_res,individual,18,39,21,46,0.8571428571428571,0.8478260869565217,false
Evanston 17011,condo_unit,trust,2,2,122,122,0.01639344262295082,0.01639344262295082,false
West Chicago 77151,condo_unit,individual,153,153,178,178,0.8595505617977528,0.8595505617977528,false
Thornton 37130,mixed_use_res,lender_reo,1,4,30,95,0.03333333333333333,0.042105263157894736,false
Proviso 31092,condo_unit,trust,3,3,197,197,0.015228426395939087,0.015228426395939087,false
West Chicago 77103,small_mf,unknown,5,32,39,250,0.1282051282051282,0.128,false
West Chicago 77141,sfr_1_4,individual,3318,6659,3753,7688,0.8840927258193445,0.8661550468262227,false
Palos 30022,sfr_1_4,lender_reo,1,1,503,525,0.0019880715705765406,0.0019047619047619048,false
Leyden 20020,small_mf,lender_reo,3,20,159,977,0.018867924528301886,0.02047082906857728,false
Worth 39310,sfr_1_4,corp,17,17,1480,1499,0.011486486486486487,0.01134089392928619,false
Worth 39100,sfr_1_4,trust,13,13,2957,3037,0.00439634764964491,0.004280540006585446,false
Oak Park 27030,mixed_use_res,corp,1,6,13,41,0.07692307692307693,0.14634146341463414,false
Palatine 29032,sfr_1_4,individual,945,945,993,993,0.9516616314199395,0.9516616314199395,false
Jefferson 71022,sfr_1_4,trust,11,13,957,982,0.011494252873563218,0.013238289205702648,false
Lake 72080,sfr_1_4,individual,1743,3344,1852,3577,0.9411447084233261,0.9348616158792284,false
Thornton 37070,sfr_1_4,corp,44,56,4343,4879,0.010131245682707806,0.011477761836441894,false
Proviso 31120,mixed_use_res,individual,2,10,4,20,0.5,0.5,false
Orland 28045,sfr_1_4,lender_reo,1,1,1518,1518,0.0006587615283267457,0.0006587615283267457,false
Berwyn 11060,small_mf,trust,5,26,69,458,0.07246376811594203,0.056768558951965066,false
Bremen 13130,sfr_1_4,llc,16,16,3420,3422,0.004678362573099415,0.004675628287551139,false
Wheeling 38023,condo_unit,llc,10,10,612,612,0.016339869281045753,0.016339869281045753,false
Wheeling 38110,sfr_1_4,trust,2,2,157,157,0.012738853503184714,0.012738853503184714,false
Elk Grove 16070,condo_unit,corp,1,1,396,396,0.0025252525252525255,0.0025252525252525255,false
Lake 72193,mixed_use_res,individual,4,14,4,14,1.0,1.0,false
Niles 24160,condo_unit,unknown,1,1,31,31,0.03225806451612903,0.03225806451612903,false
West Chicago 77150,mixed_use_res,trust,1,2,126,422,0.007936507936507936,0.004739336492890996,false
South Chicago 76012,condo_unit,unknown,105,105,2670,2670,0.03932584269662921,0.03932584269662921,false
Evanston 17043,condo_unit,individual,964,964,1033,1033,0.9332042594385286,0.9332042594385286,false
South Chicago 76012,sfr_1_4,unknown,2,2,146,146,0.0136986301369863,0.0136986301369863,false
Rich 32262,sfr_1_4,lender_reo,1,1,147,147,0.006802721088435374,0.006802721088435374,false
Lake 72361,sfr_1_4,unknown,21,23,793,834,0.02648171500630517,0.027577937649880094,false
Hyde Park 70150,small_mf,llc,13,86,72,468,0.18055555555555555,0.18376068376068377,false
Leyden 20020,condo_unit,trust,5,5,934,934,0.0053533190578158455,0.0053533190578158455,false
Palos 30063,sfr_1_4,individual,166,166,177,177,0.9378531073446328,0.9378531073446328,false
Rich 32250,sfr_1_4,unknown,4,4,306,306,0.013071895424836602,0.013071895424836602,false
Lake 72040,condo_unit,llc,9,9,36,36,0.25,0.25,false
Lake View 73011,condo_unit,corp,23,23,2155,2155,0.010672853828306265,0.010672853828306265,false
Thornton 37054,sfr_1_4,lender_reo,1,1,265,275,0.0037735849056603774,0.0036363636363636364,false
Wheeling 38012,sfr_1_4,lender_reo,3,3,1122,1122,0.00267379679144385,0.00267379679144385,false
Lake 72271,mixed_use_res,individual,25,75,33,95,0.7575757575757576,0.7894736842105263,false
Rogers Park 75010,sfr_1_4,trust,20,23,1666,1743,0.012004801920768308,0.013195639701663799,false
Maine 22150,condo_unit,trust,18,18,522,522,0.034482758620689655,0.034482758620689655,false
Lemont 19038,sfr_1_4,llc,41,41,123,123,0.3333333333333333,0.3333333333333333,false
Worth 39010,condo_unit,individual,383,383,415,415,0.9228915662650602,0.9228915662650602,false
Thornton 37075,small_mf,partnership,2,14,2,14,1.0,1.0,false
Palatine 29060,sfr_1_4,llc,49,59,3802,3931,0.012887953708574434,0.01500890358687357,false
Lake 72230,sfr_1_4,individual,555,559,583,587,0.9519725557461407,0.9522998296422487,false
Lake 72293,sfr_1_4,lender_reo,1,1,362,536,0.0027624309392265192,0.0018656716417910447,false
Lake 72345,sfr_1_4,unknown,90,92,2016,2039,0.044642857142857144,0.04512015693967631,false
Thornton 37024,small_mf,trust,2,14,165,1085,0.012121212121212121,0.012903225806451613,false
Maine 22111,small_mf,individual,7,47,19,126,0.3684210526315789,0.373015873015873,false
Worth 39250,small_mf,individual,24,166,35,243,0.6857142857142857,0.6831275720164609,false
Palos 30030,condo_unit,trust,5,5,392,392,0.012755102040816327,0.012755102040816327,false
Palos 30054,condo_unit,individual,603,603,678,678,0.8893805309734514,0.8893805309734514,false
North Chicago 74011,sfr_1_4,unknown,14,25,473,616,0.02959830866807611,0.040584415584415584,false
Thornton 37033,mixed_use_res,unknown,1,2,11,26,0.09090909090909091,0.07692307692307693,false
Evanston 17041,sfr_1_4,individual,463,584,536,721,0.8638059701492538,0.8099861303744799,false
Lake 72040,mixed_use_res,unknown,9,27,206,717,0.043689320388349516,0.03765690376569038,false
Rich 32075,sfr_1_4,unknown,3,3,156,156,0.019230769230769232,0.019230769230769232,false
New Trier 23043,mixed_use_res,unknown,1,3,6,18,0.16666666666666666,0.16666666666666666,false
Cicero 15085,sfr_1_4,unknown,21,24,753,848,0.027888446215139442,0.02830188679245283,false
Worth 39210,small_mf,llc,21,137,92,588,0.22826086956521738,0.23299319727891157,false
Bloom 12091,sfr_1_4,llc,7,8,423,519,0.016548463356973995,0.015414258188824663,false
Lyons 21032,small_mf,unknown,2,14,26,177,0.07692307692307693,0.07909604519774012,false
Lake 72361,sfr_1_4,trust,5,5,793,834,0.006305170239596469,0.005995203836930456,false
Proviso 31040,small_mf,individual,6,42,9,63,0.6666666666666666,0.6666666666666666,false
Leyden 20081,small_mf,lender_reo,2,12,235,1463,0.00851063829787234,0.008202323991797676,false
Lake 72030,condo_unit,corp,21,21,410,410,0.05121951219512195,0.05121951219512195,false
Cicero 15030,sfr_1_4,partnership,1,1,3863,5396,0.0002588661661920787,0.00018532246108228317,false
Hyde Park 70070,condo_unit,unknown,125,125,1432,1432,0.08729050279329609,0.08729050279329609,false
Lyons 21052,condo_unit,trust,9,9,341,341,0.026392961876832845,0.026392961876832845,false
Lake View 73093,mixed_use_res,individual,43,155,81,299,0.5308641975308642,0.5183946488294314,false
Leyden 20080,sfr_1_4,llc,34,52,4871,5958,0.006980086224594539,0.00872776099362202,false
Lake 72350,mixed_use_res,lender_reo,1,2,55,182,0.01818181818181818,0.01098901098901099,false
Bremen 13140,sfr_1_4,unknown,30,30,1186,1186,0.025295109612141653,0.025295109612141653,false
River Forest 33030,sfr_1_4,individual,610,618,636,646,0.9591194968553459,0.9566563467492261,false
Evanston 17112,sfr_1_4,unknown,6,13,351,538,0.017094017094017096,0.024163568773234202,false
Lake 72051,sfr_1_4,unknown,33,65,1098,1922,0.030054644808743168,0.033818938605619145,false
Northfield 25131,mixed_use_res,individual,7,23,7,23,1.0,1.0,false
Jefferson 71171,small_mf,unknown,14,93,77,500,0.18181818181818182,0.186,false
Leyden 20040,sfr_1_4,lender_reo,1,1,771,771,0.0012970168612191958,0.0012970168612191958,false
Schaumburg 35170,sfr_1_4,corp,4,4,1127,1127,0.00354924578527063,0.00354924578527063,false
Lyons 21162,sfr_1_4,unknown,29,31,868,911,0.03341013824884793,0.03402854006586169,false
Jefferson 71361,sfr_1_4,llc,4,4,1299,1318,0.003079291762894534,0.0030349013657056147,false
Wheeling 38110,condo_unit,unknown,2,2,262,262,0.007633587786259542,0.007633587786259542,false
Rich 32340,sfr_1_4,lender_reo,2,2,111,111,0.018018018018018018,0.018018018018018018,false
Niles 24103,sfr_1_4,unknown,10,10,619,619,0.01615508885298869,0.01615508885298869,false
Lake View 73200,sfr_1_4,trust,11,11,431,432,0.025522041763341066,0.02546296296296296,false
West Chicago 77152,sfr_1_4,unknown,18,29,304,566,0.05921052631578947,0.05123674911660778,false
Oak Park 27030,sfr_1_4,unknown,35,46,1616,1743,0.021658415841584157,0.026391279403327597,false
West Chicago 77152,coop_building,coop_corp,2,2,2,2,,,true
Lake 72361,mixed_use_res,individual,1,4,1,4,,,true
Jefferson 71082,mixed_use_res,llc,20,62,185,629,0.10810810810810811,0.0985691573926868,false
Jefferson 71021,mixed_use_res,unknown,1,3,7,21,0.14285714285714285,0.14285714285714285,false
Schaumburg 35105,sfr_1_4,individual,229,229,234,234,0.9786324786324786,0.9786324786324786,false
Riverside 34020,small_mf,corp,6,36,25,150,0.24,0.24,false
Lyons 21012,sfr_1_4,llc,11,13,1658,1673,0.0066344993968636915,0.007770472205618649,false
Orland 28022,sfr_1_4,corp,10,18,1369,1632,0.007304601899196494,0.011029411764705883,false
Orland 28022,sfr_1_4,partnership,1,1,1369,1632,0.0007304601899196494,0.0006127450980392157,false
Bremen 13180,condo_unit,llc,6,6,183,183,0.03278688524590164,0.03278688524590164,false
Evanston 17112,condo_unit,llc,8,8,516,516,0.015503875968992248,0.015503875968992248,false
Proviso 31120,sfr_1_4,lender_reo,2,2,844,845,0.002369668246445498,0.002366863905325444,false
Lyons 21013,condo_unit,llc,23,23,36,36,0.6388888888888888,0.6388888888888888,false
South Chicago 76042,condo_unit,individual,548,548,645,645,0.8496124031007752,0.8496124031007752,false
Hyde Park 70120,condo_unit,unknown,9,9,222,222,0.04054054054054054,0.04054054054054054,false
Evanston 17080,condo_unit,trust,7,7,586,586,0.011945392491467578,0.011945392491467578,false
Leyden 20020,sfr_1_4,individual,2255,2518,2350,2637,0.9595744680851064,0.9548729616989002,false
Rich 32061,sfr_1_4,unknown,5,5,114,114,0.043859649122807015,0.043859649122807015,false
Hanover 18020,mixed_use_res,individual,1,2,1,2,,,true
Lake 72271,sfr_1_4,individual,3404,3517,3593,3714,0.9473977177845812,0.9469574582660205,false
Bloom 12084,sfr_1_4,llc,21,26,688,785,0.030523255813953487,0.033121019108280254,false
Lyons 21162,sfr_1_4,trust,8,8,868,911,0.009216589861751152,0.008781558726673985,false
Proviso 31210,sfr_1_4,individual,716,728,753,770,0.950863213811421,0.9454545454545454,false
Lyons 21102,sfr_1_4,llc,1,1,1310,1387,0.0007633587786259542,0.0007209805335255948,false
Bloom 12162,mixed_use_res,individual,1,2,1,2,,,true
Barrington 10031,sfr_1_4,llc,14,14,950,950,0.014736842105263158,0.014736842105263158,false
Proviso 31141,sfr_1_4,llc,21,26,2047,2211,0.010258915486077186,0.011759384893713252,false
Jefferson 71402,small_mf,corp,2,14,45,282,0.044444444444444446,0.04964539007092199,false
Hanover 18019,sfr_1_4,llc,13,13,1226,1226,0.010603588907014683,0.010603588907014683,false
Berwyn 11070,condo_unit,individual,66,66,67,67,0.9850746268656716,0.9850746268656716,false
Lake 72380,sfr_1_4,trust,131,144,13000,13727,0.010076923076923077,0.010490274641218038,false
Norwood Park 26010,sfr_1_4,corp,21,21,6048,6395,0.003472222222222222,0.0032838154808444097,false
Lake 72040,mixed_use_res,lender_reo,2,7,206,717,0.009708737864077669,0.009762900976290097,false
Jefferson 71560,sfr_1_4,unknown,18,18,722,734,0.024930747922437674,0.02452316076294278,false
Palatine 29050,condo_unit,corp,1,1,312,312,0.003205128205128205,0.003205128205128205,false
Jefferson 71081,small_mf,unknown,54,367,315,2125,0.17142857142857143,0.17270588235294118,false
Palatine 29033,sfr_1_4,unknown,69,69,2836,2836,0.024330042313117067,0.024330042313117067,false
Leyden 20060,sfr_1_4,llc,4,4,1205,1205,0.0033195020746887966,0.0033195020746887966,false
Lyons 21084,mixed_use_res,individual,4,16,5,18,0.8,0.8888888888888888,false
Lake 72092,sfr_1_4,unknown,109,178,1863,2955,0.05850778314546431,0.06023688663282572,false
River Forest 33050,sfr_1_4,llc,1,1,439,440,0.002277904328018223,0.0022727272727272726,false
Worth 39010,sfr_1_4,llc,5,5,2505,2519,0.001996007984031936,0.001984914648670107,false
Orland 28061,sfr_1_4,corp,6,6,872,872,0.006880733944954129,0.006880733944954129,false
Northfield 25061,sfr_1_4,unknown,9,9,384,384,0.0234375,0.0234375,false
Hanover 18012,sfr_1_4,trust,18,18,2179,2179,0.008260670032124828,0.008260670032124828,false
Proviso 31104,sfr_1_4,lender_reo,3,3,2254,2305,0.0013309671694764862,0.0013015184381778742,false
Lake 72120,sfr_1_4,lender_reo,11,20,3354,4393,0.003279666070363745,0.004552697473252903,false
Palos 30051,sfr_1_4,individual,419,419,451,451,0.9290465631929047,0.9290465631929047,false
Calumet 14010,condo_unit,individual,44,44,50,50,0.88,0.88,false
Bloom 12072,condo_unit,trust,2,2,247,247,0.008097165991902834,0.008097165991902834,false
Northfield 25011,small_mf,llc,12,72,77,462,0.15584415584415584,0.15584415584415584,false
Schaumburg 35080,small_mf,individual,1,7,1,7,,,true
Schaumburg 35103,sfr_1_4,llc,1,1,272,272,0.003676470588235294,0.003676470588235294,false
Elk Grove 16030,coop_building,coop_corp,2,2,2,2,,,true
Lake View 73044,small_mf,unknown,5,33,24,156,0.20833333333333334,0.21153846153846154,false
Jefferson 71140,sfr_1_4,corp,3,3,1241,1331,0.0024174053182917004,0.002253944402704733,false
Wheeling 38081,small_mf,partnership,3,21,17,118,0.17647058823529413,0.17796610169491525,false
Lake 72282,small_mf,corp,17,119,136,902,0.125,0.1319290465631929,false
Bremen 13210,sfr_1_4,unknown,45,45,1446,1487,0.03112033195020747,0.03026227303295225,false
Cicero 15085,small_mf,llc,5,35,15,102,0.3333333333333333,0.3431372549019608,false
Oak Park 27060,sfr_1_4,corp,2,2,1581,1700,0.001265022137887413,0.001176470588235294,false
Thornton 37052,small_mf,individual,33,210,63,406,0.5238095238095238,0.5172413793103449,false
Bloom 12053,sfr_1_4,individual,205,205,212,212,0.9669811320754716,0.9669811320754716,false
Lake 72070,small_mf,lender_reo,4,26,173,1188,0.023121387283236993,0.021885521885521887,false
Elk Grove 16062,condo_unit,individual,151,151,162,162,0.9320987654320988,0.9320987654320988,false
Leyden 20011,condo_unit,unknown,18,18,308,308,0.05844155844155844,0.05844155844155844,false
Jefferson 71042,condo_unit,unknown,73,73,1615,1615,0.04520123839009288,0.04520123839009288,false
Worth 39140,sfr_1_4,unknown,4,13,168,438,0.023809523809523808,0.02968036529680365,false
New Trier 23092,mixed_use_res,llc,6,13,14,39,0.42857142857142855,0.3333333333333333,false
River Forest 33040,condo_unit,individual,443,443,471,471,0.940552016985138,0.940552016985138,false
Lake View 73042,small_mf,corp,9,60,140,940,0.06428571428571428,0.06382978723404255,false
Orland 28050,sfr_1_4,trust,4,4,1283,1315,0.003117692907248636,0.003041825095057034,false
Evanston 17013,condo_unit,trust,4,4,390,390,0.010256410256410256,0.010256410256410256,false
Northfield 25011,small_mf,corp,2,12,77,462,0.025974025974025976,0.025974025974025976,false
Maine 22120,sfr_1_4,individual,1012,1015,1075,1078,0.9413953488372093,0.9415584415584416,false
Lyons 21031,sfr_1_4,unknown,21,21,843,877,0.02491103202846975,0.02394526795895097,false
Palos 30080,condo_unit,trust,1,1,29,29,0.034482758620689655,0.034482758620689655,false
Worth 39132,mixed_use_res,individual,25,64,27,72,0.9259259259259259,0.8888888888888888,false
Proviso 31020,small_mf,llc,12,80,50,313,0.24,0.25559105431309903,false
Thornton 37181,small_mf,unknown,10,60,92,592,0.10869565217391304,0.10135135135135136,false
Orland 28011,condo_unit,individual,167,167,180,180,0.9277777777777778,0.9277777777777778,false
Rich 32060,mixed_use_res,individual,3,6,3,6,,,true
Bloom 12112,condo_unit,estate,1,1,100,100,0.01,0.01,false
Hyde Park 70083,small_mf,partnership,2,12,220,1438,0.00909090909090909,0.008344923504867872,false
Riverside 34080,condo_unit,individual,134,134,155,155,0.864516129032258,0.864516129032258,false
Lake 72150,sfr_1_4,corp,24,37,1803,2721,0.013311148086522463,0.013597941933112825,false
Lyons 21131,sfr_1_4,corp,1,1,270,270,0.003703703703703704,0.003703703703703704,false
Leyden 20081,mixed_use_res,corp,5,17,45,142,0.1111111111111111,0.11971830985915492,false
Worth 39340,sfr_1_4,trust,1,1,74,74,0.013513513513513514,0.013513513513513514,false
Lake 72380,mixed_use_res,llc,11,34,154,512,0.07142857142857142,0.06640625,false
Northfield 25350,condo_unit,individual,118,118,140,140,0.8428571428571429,0.8428571428571429,false
Lyons 21012,condo_unit,trust,1,1,20,20,0.05,0.05,false
Palos 30011,sfr_1_4,unknown,30,30,867,867,0.03460207612456748,0.03460207612456748,false
Thornton 37024,sfr_1_4,partnership,5,5,3587,3697,0.0013939224979091162,0.001352447930754666,false
Maine 22130,sfr_1_4,llc,14,14,939,945,0.014909478168264111,0.014814814814814815,false
Northfield 25072,condo_unit,lender_reo,1,1,236,236,0.00423728813559322,0.00423728813559322,false
Lyons 21120,small_mf,llc,1,6,3,17,0.3333333333333333,0.35294117647058826,false
West Chicago 77150,small_mf,unknown,26,168,139,919,0.18705035971223022,0.18280739934711643,false
West Chicago 77030,sfr_1_4,lender_reo,5,8,4841,9021,0.001032844453625284,0.0008868196430550937,false
Proviso 31190,sfr_1_4,llc,4,4,762,958,0.005249343832020997,0.0041753653444676405,false
Palos 30053,condo_unit,lender_reo,1,1,204,204,0.004901960784313725,0.004901960784313725,false
Lyons 21101,condo_unit,trust,3,3,349,349,0.008595988538681949,0.008595988538681949,false
Bloom 12142,sfr_1_4,unknown,63,71,1617,1698,0.03896103896103896,0.04181389870435807,false
Stickney 36036,sfr_1_4,trust,1,1,80,80,0.0125,0.0125,false
Worth 39310,small_mf,corp,4,26,10,64,0.4,0.40625,false
Thornton 37181,condo_unit,corp,3,3,271,271,0.01107011070110701,0.01107011070110701,false
Leyden 20050,small_mf,llc,20,140,42,285,0.47619047619047616,0.49122807017543857,false
Northfield 25280,sfr_1_4,unknown,5,5,256,256,0.01953125,0.01953125,false
Bremen 13080,sfr_1_4,llc,11,11,1135,1212,0.009691629955947136,0.009075907590759076,false
Jefferson 71050,small_mf,llc,11,72,89,599,0.12359550561797752,0.12020033388981637,false
Worth 39082,condo_unit,trust,1,1,160,160,0.00625,0.00625,false
Rogers Park 75040,condo_unit,corp,7,7,1670,1670,0.004191616766467066,0.004191616766467066,false
Worth 39071,condo_unit,corp,9,9,1323,1323,0.006802721088435374,0.006802721088435374,false
South Chicago 76041,small_mf,corp,4,28,151,1035,0.026490066225165563,0.02705314009661836,false
Palos 30042,sfr_1_4,corp,1,1,460,504,0.002173913043478261,0.001984126984126984,false
Leyden 20070,mixed_use_res,unknown,2,5,6,16,0.3333333333333333,0.3125,false
Lake 72080,small_mf,llc,5,31,69,410,0.07246376811594203,0.07560975609756097,false
Hanover 18082,sfr_1_4,unknown,95,95,531,531,0.17890772128060264,0.17890772128060264,false
Evanston 17110,small_mf,individual,4,24,15,98,0.26666666666666666,0.24489795918367346,false
Lake 72221,sfr_1_4,trust,10,18,3154,4404,0.0031705770450221942,0.004087193460490463,false
Calumet 14040,sfr_1_4,unknown,42,45,429,486,0.0979020979020979,0.09259259259259259,false
Berwyn 11020,sfr_1_4,individual,2369,3145,2492,3314,0.9506420545746388,0.9490042245021123,false
Hyde Park 70280,small_mf,unknown,5,34,7,48,0.7142857142857143,0.7083333333333334,false
Northfield 25102,sfr_1_4,unknown,33,33,1727,1727,0.01910828025477707,0.01910828025477707,false
Hanover 18010,sfr_1_4,llc,17,17,2588,2588,0.006568778979907265,0.006568778979907265,false
Rich 32222,sfr_1_4,unknown,11,11,551,551,0.019963702359346643,0.019963702359346643,false
West Chicago 77120,mixed_use_res,corp,5,17,381,1322,0.013123359580052493,0.012859304084720122,false
Rogers Park 75010,sfr_1_4,individual,1588,1651,1666,1743,0.9531812725090036,0.9472174411933448,false
Rogers Park 75032,condo_unit,trust,5,5,900,900,0.005555555555555556,0.005555555555555556,false
Lake 72212,small_mf,llc,35,238,124,821,0.28225806451612906,0.28989037758830694,false
Lemont 19030,sfr_1_4,individual,274,274,279,279,0.982078853046595,0.982078853046595,false
Orland 28031,condo_unit,llc,3,3,497,497,0.006036217303822937,0.006036217303822937,false
Proviso 31040,small_mf,corp,1,7,9,63,0.1111111111111111,0.1111111111111111,false
Evanston 17080,condo_unit,llc,6,6,586,586,0.010238907849829351,0.010238907849829351,false
North Chicago 74013,sfr_1_4,trust,2,2,156,169,0.01282051282051282,0.011834319526627219,false
Leyden 20020,sfr_1_4,partnership,1,1,2350,2637,0.000425531914893617,0.0003792188092529389,false
Bloom 12088,sfr_1_4,unknown,5,5,145,145,0.034482758620689655,0.034482758620689655,false
Thornton 37054,coop_building,coop_corp,6,6,6,6,,,true
Worth 39160,small_mf,individual,28,189,51,347,0.5490196078431373,0.5446685878962536,false
Palatine 29070,condo_unit,trust,46,46,3516,3516,0.013083048919226393,0.013083048919226393,false
Rogers Park 75033,coop_building,coop_corp,2,2,2,2,,,true
Thornton 37180,sfr_1_4,individual,162,172,169,179,0.9585798816568047,0.9608938547486033,false
Hyde Park 70230,sfr_1_4,individual,992,1250,1119,1417,0.8865058087578195,0.8821453775582216,false
Worth 39130,small_mf,lender_reo,2,14,30,169,0.06666666666666667,0.08284023668639054,false
Leyden 20010,sfr_1_4,trust,5,5,459,495,0.010893246187363835,0.010101010101010102,false
Lake 72070,sfr_1_4,lender_reo,14,20,5514,7379,0.0025389916575988395,0.002710394362379726,false
Rogers Park 75022,small_mf,individual,77,519,141,953,0.5460992907801419,0.5445960125918153,false
Hyde Park 70101,sfr_1_4,corp,3,5,771,1237,0.0038910505836575876,0.004042037186742118,false
Worth 39080,small_mf,unknown,5,34,80,519,0.0625,0.06551059730250482,false
West Chicago 77051,small_mf,unknown,16,100,102,648,0.1568627450980392,0.15432098765432098,false
New Trier 23042,condo_unit,individual,63,63,73,73,0.863013698630137,0.863013698630137,false
West Chicago 77102,mixed_use_res,corp,4,12,137,477,0.029197080291970802,0.025157232704402517,false
West Chicago 77091,sfr_1_4,llc,271,646,3814,7645,0.07105401153644468,0.08449967298888163,false
Leyden 20050,sfr_1_4,lender_reo,11,12,4790,4833,0.0022964509394572024,0.002482929857231533,false
Calumet 14030,condo_unit,individual,26,26,30,30,0.8666666666666667,0.8666666666666667,false
Bloom 12046,sfr_1_4,individual,528,529,549,550,0.9617486338797814,0.9618181818181818,false
Lake View 73092,condo_unit,corp,2,2,1318,1318,0.0015174506828528073,0.0015174506828528073,false
Worth 39340,sfr_1_4,individual,70,70,74,74,0.9459459459459459,0.9459459459459459,false
Lake View 73093,condo_unit,corp,20,20,2833,2833,0.0070596540769502295,0.0070596540769502295,false
Jefferson 71180,sfr_1_4,trust,16,23,4644,7802,0.0034453057708871662,0.0029479620610099976,false
Norwood Park 26030,sfr_1_4,llc,2,2,383,385,0.005221932114882507,0.005194805194805195,false
Lake View 73063,sfr_1_4,individual,300,420,359,537,0.8356545961002786,0.7821229050279329,false
Lyons 21013,small_mf,corp,4,24,6,36,0.6666666666666666,0.6666666666666666,false
Barrington 10011,sfr_1_4,trust,4,4,177,177,0.022598870056497175,0.022598870056497175,false
Bremen 13340,sfr_1_4,unknown,5,5,283,283,0.0176678445229682,0.0176678445229682,false
Hanover 18010,condo_unit,llc,119,119,1912,1912,0.062238493723849375,0.062238493723849375,false
Wheeling 38013,sfr_1_4,unknown,38,41,1605,1633,0.02367601246105919,0.02510716472749541,false
Schaumburg 35012,sfr_1_4,unknown,31,31,1254,1254,0.024720893141945772,0.024720893141945772,false
Evanston 17041,coop_building,coop_corp,5,5,5,5,,,true
Norwood Park 26050,sfr_1_4,llc,3,3,244,244,0.012295081967213115,0.012295081967213115,false
Jefferson 71171,sfr_1_4,corp,13,20,1812,2737,0.00717439293598234,0.007307270734380708,false
Proviso 31032,condo_unit,individual,50,50,60,60,0.8333333333333334,0.8333333333333334,false
New Trier 23042,condo_unit,unknown,2,2,73,73,0.0273972602739726,0.0273972602739726,false
Northfield 25132,condo_unit,llc,10,10,397,397,0.02518891687657431,0.02518891687657431,false
Evanston 17200,sfr_1_4,individual,280,299,291,311,0.9621993127147767,0.9614147909967846,false
West Chicago 77011,condo_unit,trust,1,1,12,12,0.08333333333333333,0.08333333333333333,false
Thornton 37024,small_mf,lender_reo,1,7,165,1085,0.006060606060606061,0.0064516129032258064,false
Rich 32110,sfr_1_4,trust,2,2,603,603,0.003316749585406302,0.003316749585406302,false
Maine 22040,sfr_1_4,unknown,57,58,2639,2667,0.021599090564607806,0.021747281589801274,false
Wheeling 38045,sfr_1_4,trust,13,13,603,603,0.02155887230514096,0.02155887230514096,false
Hyde Park 70070,small_mf,corp,9,59,359,2330,0.025069637883008356,0.025321888412017168,false
Jefferson 71371,condo_unit,individual,506,506,562,562,0.900355871886121,0.900355871886121,false
Niles 24081,small_mf,partnership,1,7,33,220,0.030303030303030304,0.031818181818181815,false
Orland 28014,sfr_1_4,corp,5,5,433,433,0.011547344110854504,0.011547344110854504,false
Berwyn 11070,sfr_1_4,lender_reo,5,5,2244,2559,0.0022281639928698753,0.0019538882375928096,false
Worth 39310,small_mf,llc,1,7,10,64,0.1,0.109375,false
Worth 39250,condo_unit,trust,6,6,234,234,0.02564102564102564,0.02564102564102564,false
Proviso 31060,condo_unit,individual,88,88,110,110,0.8,0.8,false
Bloom 12031,sfr_1_4,llc,5,5,256,260,0.01953125,0.019230769230769232,false
Thornton 37033,small_mf,individual,24,144,29,176,0.8275862068965517,0.8181818181818182,false
Schaumburg 35020,sfr_1_4,trust,9,9,2907,2907,0.0030959752321981426,0.0030959752321981426,false
South Chicago 76011,condo_unit,trust,83,83,8010,8010,0.010362047440699126,0.010362047440699126,false
Thornton 37052,small_mf,corp,8,53,63,406,0.12698412698412698,0.13054187192118227,false
Jefferson 71010,mixed_use_res,unknown,8,25,62,223,0.12903225806451613,0.11210762331838565,false
Lake View 73050,coop_building,coop_corp,1,1,1,1,,,true
Orland 28022,condo_unit,corp,2,2,589,589,0.003395585738539898,0.003395585738539898,false
Thornton 37162,sfr_1_4,partnership,2,2,1175,1190,0.001702127659574468,0.0016806722689075631,false
West Chicago 77152,small_mf,trust,1,6,36,243,0.027777777777777776,0.024691358024691357,false
Stickney 36041,mixed_use_res,individual,15,51,18,63,0.8333333333333334,0.8095238095238095,false
Hyde Park 70260,sfr_1_4,llc,13,16,474,488,0.027426160337552744,0.03278688524590164,false
Hyde Park 70083,condo_unit,llc,101,101,1493,1493,0.06764902880107167,0.06764902880107167,false
Berwyn 11060,sfr_1_4,corp,2,3,545,691,0.003669724770642202,0.004341534008683068,false
Palos 30010,sfr_1_4,individual,925,926,966,967,0.9575569358178054,0.9576008273009308,false
Worth 39110,sfr_1_4,partnership,3,3,2508,2532,0.0011961722488038277,0.001184834123222749,false
Thornton 37052,condo_unit,unknown,14,14,108,108,0.12962962962962962,0.12962962962962962,false
Bremen 13280,sfr_1_4,individual,524,524,547,547,0.9579524680073126,0.9579524680073126,false
Evanston 17060,mixed_use_res,llc,1,2,8,23,0.125,0.08695652173913043,false
Lake View 73012,small_mf,llc,41,283,150,1016,0.2733333333333333,0.2785433070866142,false
Thornton 37075,mixed_use_res,lender_reo,1,2,4,14,0.25,0.14285714285714285,false
Evanston 17041,condo_unit,lender_reo,1,1,1031,1031,0.0009699321047526673,0.0009699321047526673,false
Orland 28047,sfr_1_4,lender_reo,2,2,983,983,0.002034587995930824,0.002034587995930824,false
Elk Grove 16061,condo_unit,lender_reo,1,1,1301,1301,0.0007686395080707148,0.0007686395080707148,false
Lyons 21011,sfr_1_4,individual,327,327,358,358,0.9134078212290503,0.9134078212290503,false
Rich 32181,sfr_1_4,llc,14,14,961,961,0.014568158168574402,0.014568158168574402,false
Northfield 25250,condo_unit,unknown,1,1,86,86,0.011627906976744186,0.011627906976744186,false
West Chicago 77115,small_mf,individual,124,761,181,1133,0.6850828729281768,0.6716681376875552,false
Barrington 10024,condo_unit,unknown,3,3,247,247,0.012145748987854251,0.012145748987854251,false
West Chicago 77131,other_res,llc,1,1,2,2,,,true
Leyden 20020,mixed_use_res,llc,4,14,12,42,0.3333333333333333,0.3333333333333333,false
Lake 72321,sfr_1_4,partnership,2,2,3769,3913,0.0005306447333510214,0.0005111167901865576,false
Hyde Park 70260,sfr_1_4,unknown,36,36,474,488,0.0759493670886076,0.07377049180327869,false
Lyons 21041,small_mf,llc,4,25,7,44,0.5714285714285714,0.5681818181818182,false
Barrington 10011,sfr_1_4,unknown,2,2,177,177,0.011299435028248588,0.011299435028248588,false
Rogers Park 75040,sfr_1_4,trust,20,23,1043,1181,0.019175455417066157,0.01947502116850127,false
Hyde Park 70101,small_mf,llc,4,26,17,99,0.23529411764705882,0.26262626262626265,false
New Trier 23150,sfr_1_4,llc,20,20,1940,1941,0.010309278350515464,0.010303967027305513,false
West Chicago 77013,small_mf,llc,132,897,391,2611,0.3375959079283887,0.34354653389505935,false
Worth 39151,condo_unit,unknown,26,26,272,272,0.09558823529411764,0.09558823529411764,false
Worth 39340,sfr_1_4,unknown,2,2,74,74,0.02702702702702703,0.02702702702702703,false
Oak Park 27080,sfr_1_4,corp,4,6,934,1087,0.004282655246252677,0.005519779208831647,false
Lyons 21121,small_mf,lender_reo,1,7,12,82,0.08333333333333333,0.08536585365853659,false
Thornton 37033,small_mf,llc,3,19,29,176,0.10344827586206896,0.10795454545454546,false
Schaumburg 35114,sfr_1_4,unknown,5,5,390,390,0.01282051282051282,0.01282051282051282,false
Lake 72130,condo_unit,individual,2,2,5,5,,,true
Lake 72052,mixed_use_res,individual,15,54,26,87,0.5769230769230769,0.6206896551724138,false
Lake 72171,small_mf,unknown,10,66,53,356,0.18867924528301888,0.1853932584269663,false
Niles 24140,condo_unit,individual,76,76,80,80,0.95,0.95,false
Orland 28047,sfr_1_4,unknown,16,16,983,983,0.01627670396744659,0.01627670396744659,false
Jefferson 71260,sfr_1_4,lender_reo,6,9,3630,5245,0.001652892561983471,0.0017159199237368923,false
Cicero 15030,sfr_1_4,trust,8,13,3863,5396,0.0020709293295366298,0.0024091919940696814,false
Lake 72121,mixed_use_res,individual,20,65,22,75,0.9090909090909091,0.8666666666666667,false
Lemont 19060,sfr_1_4,trust,44,44,2804,2804,0.015691868758915834,0.015691868758915834,false
Oak Park 27090,sfr_1_4,lender_reo,1,1,735,857,0.0013605442176870747,0.0011668611435239206,false
Barrington 10024,condo_unit,corp,1,1,247,247,0.004048582995951417,0.004048582995951417,false
Hanover 18020,sfr_1_4,trust,20,20,5089,5089,0.003930045195519749,0.003930045195519749,false
Worth 39071,sfr_1_4,corp,10,10,2204,2286,0.004537205081669692,0.004374453193350831,false
Evanston 17112,sfr_1_4,corp,4,10,351,538,0.011396011396011397,0.01858736059479554,false
West Chicago 77102,condo_unit,individual,451,451,676,676,0.6671597633136095,0.6671597633136095,false
Jefferson 71101,small_mf,trust,1,7,66,441,0.015151515151515152,0.015873015873015872,false
Worth 39151,sfr_1_4,llc,11,14,2604,2690,0.004224270353302612,0.0052044609665427505,false
Orland 28103,sfr_1_4,lender_reo,5,5,1673,1673,0.002988643156007173,0.002988643156007173,false
Hyde Park 70150,condo_unit,individual,83,83,109,109,0.7614678899082569,0.7614678899082569,false
Lyons 21012,sfr_1_4,trust,36,36,1658,1673,0.021712907117008445,0.021518230723251645,false
Bloom 12033,sfr_1_4,trust,4,4,666,670,0.006006006006006006,0.005970149253731343,false
Lyons 21151,sfr_1_4,unknown,6,6,331,331,0.01812688821752266,0.01812688821752266,false
Lake View 73084,small_mf,lender_reo,1,7,387,2570,0.002583979328165375,0.002723735408560311,false
Berwyn 11010,sfr_1_4,corp,11,13,2228,3617,0.004937163375224416,0.0035941387890517005,false
Maine 22023,sfr_1_4,lender_reo,2,2,1603,1609,0.0012476606363069245,0.001243008079552517,false
Rogers Park 75022,sfr_1_4,lender_reo,1,2,976,1608,0.0010245901639344263,0.0012437810945273632,false
West Chicago 77151,small_mf,individual,27,179,50,326,0.54,0.549079754601227,false
Lake 72251,sfr_1_4,trust,6,6,800,1198,0.0075,0.005008347245409015,false
Worth 39151,sfr_1_4,lender_reo,4,4,2604,2690,0.0015360983102918587,0.001486988847583643,false
Evanston 17112,mixed_use_res,llc,2,8,2,8,,,true
Lemont 19060,sfr_1_4,unknown,85,85,2804,2804,0.030313837375178315,0.030313837375178315,false
Bremen 13080,condo_unit,corp,1,1,278,278,0.0035971223021582736,0.0035971223021582736,false
Hanover 18015,sfr_1_4,llc,2,2,921,921,0.002171552660152009,0.002171552660152009,false
Thornton 37190,condo_unit,unknown,12,12,214,214,0.056074766355140186,0.056074766355140186,false
Lyons 21162,sfr_1_4,llc,10,11,868,911,0.01152073732718894,0.012074643249176729,false
Worth 39101,sfr_1_4,unknown,6,6,335,335,0.01791044776119403,0.01791044776119403,false
Worth 39130,mixed_use_res,llc,1,3,21,46,0.047619047619047616,0.06521739130434782,false
Rogers Park 75060,condo_unit,individual,573,573,617,617,0.9286871961102107,0.9286871961102107,false
Jefferson 71030,mixed_use_res,llc,1,2,7,23,0.14285714285714285,0.08695652173913043,false
Bremen 13314,mixed_use_res,unknown,2,9,13,38,0.15384615384615385,0.23684210526315788,false
Lake View 73011,condo_unit,lender_reo,2,2,2155,2155,0.0009280742459396752,0.0009280742459396752,false
Lyons 21052,sfr_1_4,trust,17,18,2626,2913,0.006473724295506474,0.006179196704428424,false
Lyons 21042,sfr_1_4,individual,2515,2983,2707,3257,0.9290727742888807,0.9158735032238257,false
Berwyn 11040,sfr_1_4,partnership,1,1,1510,1663,0.0006622516556291391,0.0006013229104028864,false
Palos 30030,small_mf,unknown,15,101,56,348,0.26785714285714285,0.29022988505747127,false
Proviso 31030,mixed_use_res,individual,4,16,6,24,0.6666666666666666,0.6666666666666666,false
Stickney 36060,small_mf,trust,1,7,3,21,0.3333333333333333,0.3333333333333333,false
Jefferson 71042,small_mf,individual,75,498,156,1050,0.4807692307692308,0.4742857142857143,false
Schaumburg 35109,sfr_1_4,individual,1712,1712,1800,1800,0.9511111111111111,0.9511111111111111,false
Bloom 12121,sfr_1_4,llc,28,28,666,666,0.042042042042042045,0.042042042042042045,false
Riverside 34080,sfr_1_4,trust,4,6,246,349,0.016260162601626018,0.017191977077363897,false
Proviso 31050,sfr_1_4,llc,3,3,927,938,0.003236245954692557,0.0031982942430703624,false
Lake 72110,sfr_1_4,individual,3456,4044,3579,4202,0.9656328583403185,0.9623988576868158,false
Lake 72121,small_mf,llc,4,27,13,84,0.3076923076923077,0.32142857142857145,false
Jefferson 71171,mixed_use_res,llc,7,25,39,136,0.1794871794871795,0.18382352941176472,false
Hyde Park 70210,sfr_1_4,lender_reo,15,29,1913,2703,0.007841087297438577,0.01072881982981872,false
Rich 32275,sfr_1_4,unknown,1,1,91,91,0.01098901098901099,0.01098901098901099,false
New Trier 23092,condo_unit,llc,1,1,17,17,0.058823529411764705,0.058823529411764705,false
Evanston 17112,coop_building,coop_corp,1,1,1,1,,,true
Norwood Park 26010,condo_unit,individual,714,714,824,824,0.866504854368932,0.866504854368932,false
Palos 30022,small_mf,llc,6,38,35,223,0.17142857142857143,0.17040358744394618,false
Palatine 29031,sfr_1_4,llc,3,3,459,459,0.006535947712418301,0.006535947712418301,false
Thornton 37102,sfr_1_4,lender_reo,8,8,932,934,0.008583690987124463,0.008565310492505354,false
Lake 72110,sfr_1_4,trust,7,8,3579,4202,0.0019558535903883767,0.0019038553069966682,false
Palos 30040,sfr_1_4,lender_reo,1,1,409,412,0.0024449877750611247,0.0024271844660194173,false
Rich 32150,sfr_1_4,unknown,17,20,742,772,0.022911051212938006,0.025906735751295335,false
Jefferson 71362,mixed_use_res,llc,6,26,15,59,0.4,0.4406779661016949,false
South Chicago 76050,condo_unit,trust,1,1,378,378,0.0026455026455026454,0.0026455026455026454,false
Elk Grove 16051,sfr_1_4,llc,13,23,3094,3239,0.004201680672268907,0.007100957085520223,false
Orland 28043,sfr_1_4,lender_reo,8,8,2179,2180,0.0036714089031665903,0.003669724770642202,false
Worth 39130,condo_unit,individual,71,71,75,75,0.9466666666666667,0.9466666666666667,false
Evanston 17041,small_mf,llc,17,115,43,292,0.3953488372093023,0.3938356164383562,false
Proviso 31060,mixed_use_res,individual,15,49,18,59,0.8333333333333334,0.8305084745762712,false
Worth 39082,condo_unit,llc,1,1,160,160,0.00625,0.00625,false
Palos 30012,sfr_1_4,trust,13,13,2576,2620,0.005046583850931677,0.004961832061068702,false
Northfield 25260,condo_unit,trust,6,6,77,77,0.07792207792207792,0.07792207792207792,false
Jefferson 71070,condo_unit,corp,27,27,1397,1397,0.019327129563350035,0.019327129563350035,false
Proviso 31091,condo_unit,unknown,61,61,1636,1636,0.03728606356968215,0.03728606356968215,false
Palos 30061,mixed_use_res,individual,3,10,4,13,0.75,0.7692307692307693,false
Hyde Park 70210,sfr_1_4,llc,85,117,1913,2703,0.04443282801881861,0.04328523862375139,false
Leyden 20081,small_mf,trust,1,6,235,1463,0.00425531914893617,0.004101161995898838,false
Lake View 73011,sfr_1_4,individual,953,1514,1020,1636,0.9343137254901961,0.9254278728606357,false
Schaumburg 35102,sfr_1_4,individual,184,184,192,192,0.9583333333333334,0.9583333333333334,false
Riverside 34050,sfr_1_4,corp,4,7,684,688,0.005847953216374269,0.010174418604651164,false
New Trier 23010,sfr_1_4,individual,448,448,491,491,0.9124236252545825,0.9124236252545825,false
Lyons 21101,small_mf,individual,4,25,5,32,0.8,0.78125,false
Palos 30082,sfr_1_4,unknown,1,1,19,19,0.05263157894736842,0.05263157894736842,false
Proviso 31080,small_mf,llc,12,82,65,429,0.18461538461538463,0.19114219114219114,false
Lake View 73032,sfr_1_4,lender_reo,2,2,1371,2191,0.0014587892049598833,0.0009128251939753537,false
Niles 24032,sfr_1_4,llc,69,77,338,384,0.20414201183431951,0.20052083333333334,false
Thornton 37171,mixed_use_res,individual,5,17,7,22,0.7142857142857143,0.7727272727272727,false
Berwyn 11070,sfr_1_4,corp,9,9,2244,2559,0.004010695187165776,0.0035169988276670576,false
Thornton 37183,condo_unit,individual,227,227,252,252,0.9007936507936508,0.9007936507936508,false
Schaumburg 35113,sfr_1_4,unknown,13,13,398,398,0.032663316582914576,0.032663316582914576,false
Elk Grove 16061,condo_unit,corp,1,1,1301,1301,0.0007686395080707148,0.0007686395080707148,false
Hanover 18080,condo_unit,corp,3,3,84,84,0.03571428571428571,0.03571428571428571,false
Rogers Park 75010,sfr_1_4,unknown,47,52,1666,1743,0.028211284513805522,0.02983362019506598,false
Proviso 31031,sfr_1_4,trust,7,7,1251,1292,0.005595523581135092,0.005417956656346749,false
Worth 39050,sfr_1_4,lender_reo,3,3,2643,2706,0.0011350737797956867,0.0011086474501108647,false
Lake 72150,small_mf,individual,28,181,50,327,0.56,0.5535168195718655,false
Rogers Park 75060,small_mf,trust,2,13,88,599,0.022727272727272728,0.021702838063439065,false
Thornton 37053,small_mf,unknown,6,40,61,396,0.09836065573770492,0.10101010101010101,false
Thornton 37190,condo_unit,trust,5,5,214,214,0.02336448598130841,0.02336448598130841,false
Worth 39132,mixed_use_res,llc,1,4,27,72,0.037037037037037035,0.05555555555555555,false
Oak Park 27100,condo_unit,individual,21,21,24,24,0.875,0.875,false
Jefferson 71150,small_mf,unknown,20,136,178,1162,0.11235955056179775,0.11703958691910499,false
Lake 72221,sfr_1_4,lender_reo,13,15,3154,4404,0.004121750158528852,0.0034059945504087193,false
Schaumburg 35108,sfr_1_4,individual,620,620,651,651,0.9523809523809523,0.9523809523809523,false
West Chicago 77151,mixed_use_res,lender_reo,1,4,32,104,0.03125,0.038461538461538464,false
Lake View 73062,mixed_use_res,individual,5,15,6,18,0.8333333333333334,0.8333333333333334,false
Bloom 12033,sfr_1_4,llc,6,8,666,670,0.009009009009009009,0.011940298507462687,false
Bloom 12122,coop_building,coop_corp,6,6,6,6,,,true
Cicero 15015,mixed_use_res,individual,23,78,27,89,0.8518518518518519,0.8764044943820225,false
Lake 72150,mixed_use_res,individual,66,231,77,273,0.8571428571428571,0.8461538461538461,false
New Trier 23093,sfr_1_4,corp,5,5,1652,1685,0.003026634382566586,0.002967359050445104,false
Elk Grove 16051,condo_unit,lender_reo,5,5,695,695,0.007194244604316547,0.007194244604316547,false
Lake 72200,mixed_use_res,llc,8,31,57,197,0.14035087719298245,0.15736040609137056,false
Lake View 73070,small_mf,individual,35,223,71,464,0.49295774647887325,0.48060344827586204,false
Thornton 37163,sfr_1_4,individual,158,233,170,256,0.9294117647058824,0.91015625,false
Oak Park 27040,small_mf,lender_reo,1,5,58,398,0.017241379310344827,0.01256281407035176,false
Hyde Park 70140,small_mf,unknown,4,26,26,167,0.15384615384615385,0.15568862275449102,false
Bloom 12021,condo_unit,unknown,2,2,96,96,0.020833333333333332,0.020833333333333332,false
West Chicago 77170,mixed_use_res,lender_reo,4,10,175,636,0.022857142857142857,0.015723270440251572,false
Lemont 19050,sfr_1_4,lender_reo,1,1,437,437,0.002288329519450801,0.002288329519450801,false
Worth 39050,sfr_1_4,trust,16,16,2643,2706,0.006053726825576996,0.005912786400591279,false
Lyons 21042,condo_unit,individual,84,84,93,93,0.9032258064516129,0.9032258064516129,false
Thornton 37051,condo_unit,trust,1,1,170,170,0.0058823529411764705,0.0058823529411764705,false
Proviso 31104,sfr_1_4,trust,14,14,2254,2305,0.006211180124223602,0.006073752711496746,false
Schaumburg 35011,sfr_1_4,corp,2,2,1341,1341,0.0014914243102162564,0.0014914243102162564,false
Oak Park 27010,condo_unit,individual,58,58,68,68,0.8529411764705882,0.8529411764705882,false
Bremen 13210,condo_unit,llc,2,2,570,570,0.0035087719298245615,0.0035087719298245615,false
Jefferson 71280,small_mf,individual,11,67,33,211,0.3333333333333333,0.3175355450236967,false
Lemont 19020,sfr_1_4,llc,249,249,862,865,0.2888631090487239,0.2878612716763006,false
Oak Park 27070,sfr_1_4,corp,2,4,534,589,0.003745318352059925,0.006791171477079796,false
Orland 28031,sfr_1_4,trust,3,3,1130,1130,0.002654867256637168,0.002654867256637168,false
Berwyn 11070,small_mf,llc,5,35,13,87,0.38461538461538464,0.40229885057471265,false
Orland 28039,sfr_1_4,lender_reo,3,3,522,522,0.005747126436781609,0.005747126436781609,false
Calumet 14010,sfr_1_4,partnership,2,3,467,512,0.004282655246252677,0.005859375,false
Thornton 37163,condo_unit,unknown,27,27,678,678,0.03982300884955752,0.03982300884955752,false
Hyde Park 70020,sfr_1_4,llc,41,84,1933,2183,0.021210553543714435,0.03847915712322492,false
Lake View 73012,sfr_1_4,trust,13,18,1472,2204,0.008831521739130434,0.008166969147005444,false
Wheeling 38090,condo_unit,lender_reo,6,6,2204,2204,0.0027223230490018148,0.0027223230490018148,false
Jefferson 71410,sfr_1_4,llc,27,58,3317,3986,0.008139885438649382,0.014550928248871048,false
Bremen 13250,condo_unit,corp,1,1,112,112,0.008928571428571428,0.008928571428571428,false
Rogers Park 75010,small_mf,corp,1,7,20,137,0.05,0.051094890510948905,false
Jefferson 71280,condo_unit,corp,8,8,11,11,0.7272727272727273,0.7272727272727273,false
Maine 22180,sfr_1_4,unknown,44,56,2067,2184,0.021286889211417512,0.02564102564102564,false
Lake 72030,small_mf,llc,6,38,110,717,0.05454545454545454,0.05299860529986053,false
Palatine 29013,sfr_1_4,trust,4,4,375,375,0.010666666666666666,0.010666666666666666,false
Palos 30010,sfr_1_4,llc,4,4,966,967,0.004140786749482402,0.004136504653567736,false
Orland 28022,condo_unit,individual,546,546,589,589,0.9269949066213922,0.9269949066213922,false
Jefferson 71021,sfr_1_4,unknown,21,22,1110,1121,0.01891891891891892,0.019625334522747548,false
Hanover 18013,sfr_1_4,corp,4,4,2110,2110,0.0018957345971563982,0.0018957345971563982,false
Lake View 73062,small_mf,unknown,25,175,162,1123,0.15432098765432098,0.1558325912733749,false
Proviso 31091,sfr_1_4,corp,2,2,1067,1518,0.0018744142455482662,0.0013175230566534915,false
Lake View 73031,small_mf,individual,249,1646,473,3176,0.5264270613107822,0.5182619647355163,false
Bremen 13050,small_mf,individual,1,6,5,34,0.2,0.17647058823529413,false
Lake View 73041,condo_unit,trust,10,10,349,349,0.02865329512893983,0.02865329512893983,false
South Chicago 76040,small_mf,individual,16,112,38,264,0.42105263157894735,0.42424242424242425,false
Lake 72092,small_mf,trust,1,7,169,1137,0.005917159763313609,0.006156552330694811,false
Evanston 17041,small_mf,lender_reo,1,7,43,292,0.023255813953488372,0.023972602739726026,false
Schaumburg 35031,condo_unit,individual,192,192,208,208,0.9230769230769231,0.9230769230769231,false
Jefferson 71270,small_mf,individual,10,62,18,111,0.5555555555555556,0.5585585585585585,false
Palos 30092,sfr_1_4,lender_reo,1,1,265,265,0.0037735849056603774,0.0037735849056603774,false
Northfield 25072,sfr_1_4,trust,28,28,1570,1570,0.017834394904458598,0.017834394904458598,false
Jefferson 71021,small_mf,llc,2,14,7,49,0.2857142857142857,0.2857142857142857,false
South Chicago 76050,sfr_1_4,lender_reo,9,17,3383,5140,0.0026603606266627253,0.0033073929961089494,false
Lake 72431,mixed_use_res,unknown,4,12,13,38,0.3076923076923077,0.3157894736842105,false
Worth 39200,sfr_1_4,corp,8,8,698,698,0.011461318051575931,0.011461318051575931,false
Jefferson 71410,sfr_1_4,corp,10,12,3317,3986,0.0030147723846849564,0.0030105368790767687,false
Oak Park 27090,condo_unit,lender_reo,1,1,468,468,0.002136752136752137,0.002136752136752137,false
Jefferson 71402,condo_unit,unknown,22,22,781,781,0.028169014084507043,0.028169014084507043,false
Bremen 13171,condo_unit,llc,5,5,228,228,0.021929824561403508,0.021929824561403508,false
Proviso 31032,small_mf,llc,6,34,40,233,0.15,0.1459227467811159,false
Lake View 73032,small_mf,trust,1,5,306,2045,0.0032679738562091504,0.0024449877750611247,false
Jefferson 71520,sfr_1_4,llc,20,48,950,1671,0.021052631578947368,0.02872531418312388,false
River Forest 33040,small_mf,lender_reo,1,7,7,45,0.14285714285714285,0.15555555555555556,false
Lake View 73084,small_mf,unknown,80,525,387,2570,0.20671834625322996,0.20428015564202334,false
South Chicago 76030,small_mf,llc,25,158,170,1040,0.14705882352941177,0.1519230769230769,false
Lake 72120,sfr_1_4,estate,2,2,3354,4393,0.0005963029218843172,0.00045526974732529026,false
Orland 28015,sfr_1_4,unknown,33,33,2761,2761,0.01195219123505976,0.01195219123505976,false
West Chicago 77060,small_mf,llc,35,232,109,720,0.3211009174311927,0.32222222222222224,false
Worth 39122,condo_unit,llc,1,1,426,426,0.002347417840375587,0.002347417840375587,false
Bremen 13170,mixed_use_res,lender_reo,2,7,31,100,0.06451612903225806,0.07,false
Thornton 37070,mixed_use_res,individual,22,72,33,113,0.6666666666666666,0.6371681415929203,false
Rich 32224,sfr_1_4,individual,246,248,260,262,0.9461538461538461,0.9465648854961832,false
Rich 32330,sfr_1_4,individual,136,136,146,146,0.9315068493150684,0.9315068493150684,false
Hyde Park 70180,mixed_use_res,individual,32,105,33,109,0.9696969696969697,0.963302752293578,false
Norwood Park 26030,sfr_1_4,individual,359,361,383,385,0.9373368146214099,0.9376623376623376,false
Lake 72251,condo_unit,individual,10,10,10,10,1.0,1.0,false
Wheeling 38031,sfr_1_4,unknown,78,78,2700,2700,0.028888888888888888,0.028888888888888888,false
Evanston 17130,small_mf,unknown,1,5,8,53,0.125,0.09433962264150944,false
West Chicago 77040,small_mf,individual,22,135,31,194,0.7096774193548387,0.6958762886597938,false
Bremen 13170,small_mf,individual,36,224,47,297,0.7659574468085106,0.7542087542087542,false
West Chicago 77151,mixed_use_res,unknown,2,9,32,104,0.0625,0.08653846153846154,false
Jefferson 71362,condo_unit,unknown,67,67,739,739,0.09066305818673884,0.09066305818673884,false
Lemont 19010,condo_unit,trust,1,1,156,156,0.00641025641025641,0.00641025641025641,false
Palatine 29050,small_mf,llc,1,7,2,14,0.5,0.5,false
Elk Grove 16011,condo_unit,corp,26,26,2917,2917,0.008913267055193692,0.008913267055193692,false
West Chicago 77131,sfr_1_4,trust,10,13,776,1106,0.01288659793814433,0.011754068716094032,false
West Chicago 77151,sfr_1_4,unknown,26,56,596,1108,0.0436241610738255,0.05054151624548736,false
Lake View 73031,mixed_use_res,corp,4,14,106,378,0.03773584905660377,0.037037037037037035,false
Wheeling 38022,small_mf,llc,1,7,2,14,0.5,0.5,false
Oak Park 27040,sfr_1_4,trust,11,14,493,632,0.02231237322515213,0.022151898734177215,false
Maine 22093,sfr_1_4,individual,703,703,854,854,0.8231850117096019,0.8231850117096019,false
Leyden 20080,small_mf,unknown,11,63,171,1034,0.06432748538011696,0.0609284332688588,false
West Chicago 77115,small_mf,corp,1,7,181,1133,0.0055248618784530384,0.00617828773168579,false
Palatine 29043,condo_unit,unknown,13,13,413,413,0.031476997578692496,0.031476997578692496,false
Jefferson 71041,sfr_1_4,unknown,65,127,2235,4008,0.029082774049217,0.031686626746506984,false
Thornton 37070,sfr_1_4,unknown,210,252,4343,4879,0.04835367257655998,0.05164992826398852,false
Orland 28014,sfr_1_4,llc,6,6,433,433,0.013856812933025405,0.013856812933025405,false
Rich 32130,condo_unit,lender_reo,3,3,168,168,0.017857142857142856,0.017857142857142856,false
Thornton 37022,small_mf,individual,16,98,23,146,0.6956521739130435,0.6712328767123288,false
Wheeling 38011,sfr_1_4,individual,732,732,764,764,0.9581151832460733,0.9581151832460733,false
Barrington 10023,sfr_1_4,corp,2,2,735,735,0.0027210884353741495,0.0027210884353741495,false
Proviso 31034,sfr_1_4,partnership,1,2,2110,2329,0.00047393364928909954,0.0008587376556462001,false
Berwyn 11050,condo_unit,lender_reo,4,4,73,73,0.0547945205479452,0.0547945205479452,false
Rich 32330,sfr_1_4,unknown,6,6,146,146,0.0410958904109589,0.0410958904109589,false
Hyde Park 70080,condo_unit,unknown,174,174,1210,1210,0.14380165289256197,0.14380165289256197,false
Proviso 31031,sfr_1_4,llc,23,23,1251,1292,0.01838529176658673,0.01780185758513932,false
Proviso 31174,condo_unit,trust,2,2,76,76,0.02631578947368421,0.02631578947368421,false
West Chicago 77104,small_mf,individual,24,168,35,245,0.6857142857142857,0.6857142857142857,false
Worth 39071,small_mf,unknown,4,25,72,463,0.05555555555555555,0.05399568034557235,false
Berwyn 11010,mixed_use_res,individual,23,76,31,97,0.7419354838709677,0.7835051546391752,false
Proviso 31032,sfr_1_4,lender_reo,6,6,1734,1936,0.0034602076124567475,0.0030991735537190084,false
Orland 28088,condo_unit,unknown,14,14,316,316,0.04430379746835443,0.04430379746835443,false
New Trier 23093,sfr_1_4,llc,26,28,1652,1685,0.015738498789346248,0.01661721068249258,false
Hanover 18070,sfr_1_4,lender_reo,3,3,1898,1982,0.0015806111696522655,0.0015136226034308778,false
Leyden 20020,condo_unit,llc,42,42,934,934,0.044967880085653104,0.044967880085653104,false
Jefferson 71022,sfr_1_4,corp,1,1,957,982,0.0010449320794148381,0.0010183299389002036,false
Lake View 73034,small_mf,individual,8,56,13,91,0.6153846153846154,0.6153846153846154,false
Lake 72350,mixed_use_res,corp,1,4,55,182,0.01818181818181818,0.02197802197802198,false
West Chicago 77141,sfr_1_4,corp,12,25,3753,7688,0.0031974420463629096,0.0032518210197710717,false
West Chicago 77120,sfr_1_4,unknown,180,368,3166,5552,0.056854074542008845,0.06628242074927954,false
Niles 24051,sfr_1_4,unknown,85,85,3685,3793,0.023066485753052916,0.022409702082784075,false
Maine 22145,sfr_1_4,corp,1,1,24,24,0.041666666666666664,0.041666666666666664,false
Hyde Park 70210,mixed_use_res,llc,8,22,113,386,0.07079646017699115,0.05699481865284974,false
Rich 32200,sfr_1_4,corp,4,4,520,520,0.007692307692307693,0.007692307692307693,false
Thornton 37054,small_mf,unknown,1,7,17,118,0.058823529411764705,0.059322033898305086,false
North Chicago 74013,condo_unit,unknown,38,38,1796,1796,0.021158129175946547,0.021158129175946547,false
Hyde Park 70070,coop_building,coop_corp,4,4,10,10,0.4,0.4,false
Worth 39160,mixed_use_res,trust,1,2,9,21,0.1111111111111111,0.09523809523809523,false
Worth 39151,sfr_1_4,trust,16,17,2604,2690,0.006144393241167435,0.006319702602230483,false
Lyons 21166,small_mf,individual,1,6,1,6,,,true
Bloom 12162,sfr_1_4,unknown,204,204,2857,2868,0.07140357017850893,0.07112970711297072,false
Lake 72170,mixed_use_res,individual,20,73,30,108,0.6666666666666666,0.6759259259259259,false
Palos 30061,small_mf,unknown,3,18,34,205,0.08823529411764706,0.08780487804878048,false
Bremen 13110,sfr_1_4,individual,327,338,350,365,0.9342857142857143,0.9260273972602739,false
Proviso 31010,sfr_1_4,llc,6,6,630,668,0.009523809523809525,0.008982035928143712,false
Thornton 37075,sfr_1_4,unknown,45,59,753,806,0.05976095617529881,0.07320099255583126,false
Evanston 17110,sfr_1_4,trust,13,15,1104,1308,0.01177536231884058,0.011467889908256881,false
Lyons 21012,condo_unit,llc,1,1,20,20,0.05,0.05,false
Thornton 37200,sfr_1_4,lender_reo,6,6,861,863,0.006968641114982578,0.006952491309385863,false
Wheeling 38013,condo_unit,unknown,87,87,3416,3416,0.025468384074941453,0.025468384074941453,false
Thornton 37075,sfr_1_4,lender_reo,3,4,753,806,0.00398406374501992,0.004962779156327543,false
Lemont 19032,sfr_1_4,unknown,19,19,636,636,0.029874213836477988,0.029874213836477988,false
Rich 32160,sfr_1_4,corp,4,4,553,553,0.007233273056057866,0.007233273056057866,false
Proviso 31042,sfr_1_4,corp,4,7,1557,2343,0.002569043031470777,0.002987622705932565,false
Rich 32061,condo_unit,individual,11,11,12,12,0.9166666666666666,0.9166666666666666,false
Lake 72200,condo_unit,unknown,9,9,73,73,0.1232876712328767,0.1232876712328767,false
Lake View 73110,condo_unit,unknown,12,12,514,514,0.023346303501945526,0.023346303501945526,false
Lake 72222,sfr_1_4,unknown,18,37,444,897,0.04054054054054054,0.04124860646599777,false
Bloom 12084,sfr_1_4,unknown,34,41,688,785,0.04941860465116279,0.05222929936305733,false
Lyons 21042,small_mf,llc,13,81,63,360,0.20634920634920634,0.225,false
West Chicago 77080,small_mf,individual,23,148,67,453,0.34328358208955223,0.32671081677704195,false
Jefferson 71021,condo_unit,unknown,3,3,81,81,0.037037037037037035,0.037037037037037035,false
River Forest 33015,small_mf,unknown,5,29,15,93,0.3333333333333333,0.3118279569892473,false
Lemont 19011,sfr_1_4,unknown,5,5,279,280,0.017921146953405017,0.017857142857142856,false
Thornton 37024,small_mf,individual,84,543,165,1085,0.509090909090909,0.5004608294930876,false
West Chicago 77103,mixed_use_res,trust,1,6,38,141,0.02631578947368421,0.0425531914893617,false
Worth 39130,sfr_1_4,corp,9,9,831,892,0.010830324909747292,0.010089686098654708,false
Wheeling 38080,sfr_1_4,individual,1987,1987,2041,2041,0.9735423811856933,0.9735423811856933,false
West Chicago 77102,small_mf,llc,65,419,332,2186,0.19578313253012047,0.19167429094236046,false
Niles 24101,sfr_1_4,llc,23,27,4195,4299,0.0054827175208581646,0.00628053035589672,false
Worth 39160,sfr_1_4,individual,1266,1323,1313,1376,0.9642041127189642,0.9614825581395349,false
Jefferson 71041,mixed_use_res,individual,40,128,48,165,0.8333333333333334,0.7757575757575758,false
Jefferson 71110,mixed_use_res,llc,17,51,73,243,0.2328767123287671,0.20987654320987653,false
Stickney 36050,sfr_1_4,unknown,105,115,4260,4468,0.02464788732394366,0.025738585496866608,false
West Chicago 77020,mixed_use_res,llc,19,79,141,520,0.1347517730496454,0.1519230769230769,false
Worth 39151,small_mf,individual,19,124,31,207,0.6129032258064516,0.5990338164251208,false
Niles 24102,condo_unit,trust,1,1,82,82,0.012195121951219513,0.012195121951219513,false
Bloom 12031,mixed_use_res,individual,3,10,3,10,1.0,1.0,false
Oak Park 27020,small_mf,lender_reo,3,21,43,296,0.06976744186046512,0.07094594594594594,false
Proviso 31021,sfr_1_4,unknown,3,3,151,151,0.019867549668874173,0.019867549668874173,false
Stickney 36041,sfr_1_4,unknown,117,121,4145,4356,0.02822677925211098,0.027777777777777776,false
Leyden 20060,small_mf,individual,3,21,6,42,0.5,0.5,false
Rogers Park 75060,small_mf,unknown,14,97,88,599,0.1590909090909091,0.16193656093489148,false
West Chicago 77080,sfr_1_4,trust,7,11,1561,2502,0.004484304932735426,0.004396482813749001,false
Worth 39180,condo_unit,unknown,1,1,48,48,0.020833333333333332,0.020833333333333332,false
Thornton 37023,sfr_1_4,individual,1362,1530,1522,1726,0.8948751642575559,0.8864426419466975,false
Wheeling 38040,sfr_1_4,unknown,94,94,4184,4193,0.022466539196940728,0.02241831624135464,false
Thornton 37011,sfr_1_4,individual,212,234,223,245,0.9506726457399103,0.9551020408163265,false
Thornton 37092,sfr_1_4,individual,2690,2695,2973,2979,0.9048099562731248,0.9046659953004363,false
Rich 32043,condo_unit,unknown,4,4,90,90,0.044444444444444446,0.044444444444444446,false
Rich 32150,condo_unit,llc,8,8,23,23,0.34782608695652173,0.34782608695652173,false
Lake 72230,sfr_1_4,trust,6,6,583,587,0.010291595197255575,0.010221465076660987,false
Bloom 12091,sfr_1_4,corp,4,5,423,519,0.009456264775413711,0.009633911368015413,false
Hanover 18070,sfr_1_4,llc,18,24,1898,1982,0.009483667017913594,0.012108980827447022,false
Lake 72191,sfr_1_4,partnership,1,1,1109,1109,0.0009017132551848512,0.0009017132551848512,false
Thornton 37101,condo_unit,individual,47,47,55,55,0.8545454545454545,0.8545454545454545,false
Bloom 12031,sfr_1_4,lender_reo,1,1,256,260,0.00390625,0.0038461538461538464,false
Bloom 12084,sfr_1_4,individual,615,692,688,785,0.8938953488372093,0.8815286624203822,false
Bloom 12121,sfr_1_4,individual,600,600,666,666,0.9009009009009009,0.9009009009009009,false
Cicero 15071,condo_unit,individual,64,64,69,69,0.927536231884058,0.927536231884058,false
Cicero 15080,mixed_use_res,unknown,2,6,26,87,0.07692307692307693,0.06896551724137931,false
New Trier 23022,mixed_use_res,trust,1,2,13,51,0.07692307692307693,0.0392156862745098,false
Bloom 12043,condo_unit,individual,76,76,83,83,0.9156626506024096,0.9156626506024096,false
Jefferson 71463,small_mf,llc,3,18,9,58,0.3333333333333333,0.3103448275862069,false
Jefferson 71071,mixed_use_res,individual,51,171,58,193,0.8793103448275862,0.8860103626943006,false
Oak Park 27010,condo_unit,trust,1,1,68,68,0.014705882352941176,0.014705882352941176,false
Orland 28050,sfr_1_4,unknown,56,58,1283,1315,0.043647700701480906,0.04410646387832699,false
Palos 30012,small_mf,trust,2,13,57,365,0.03508771929824561,0.03561643835616438,false
River Forest 33040,small_mf,llc,1,6,7,45,0.14285714285714285,0.13333333333333333,false
New Trier 23044,condo_unit,unknown,1,1,37,37,0.02702702702702703,0.02702702702702703,false
Lyons 21102,condo_unit,unknown,6,6,375,375,0.016,0.016,false
Orland 28050,condo_unit,trust,4,4,524,524,0.007633587786259542,0.007633587786259542,false
Palos 30010,sfr_1_4,estate,1,1,966,967,0.0010351966873706005,0.001034126163391934,false
Hanover 18070,small_mf,unknown,5,32,48,312,0.10416666666666667,0.10256410256410256,false
Worth 39160,condo_unit,corp,17,17,1152,1152,0.014756944444444444,0.014756944444444444,false
Jefferson 71120,small_mf,individual,77,511,136,903,0.5661764705882353,0.5658914728682171,false
Hyde Park 70100,mixed_use_res,unknown,8,23,100,347,0.08,0.06628242074927954,false
Barrington 10014,sfr_1_4,individual,123,123,126,126,0.9761904761904762,0.9761904761904762,false
Lake View 73150,small_mf,llc,30,201,86,559,0.3488372093023256,0.3595706618962433,false
Proviso 31042,small_mf,individual,47,285,65,402,0.7230769230769231,0.7089552238805971,false
Thornton 37061,sfr_1_4,corp,25,31,3561,4011,0.007020499859590003,0.007728745948641236,false
Rich 32040,condo_unit,individual,8,8,8,8,,,true
Palos 30061,sfr_1_4,llc,2,2,265,294,0.007547169811320755,0.006802721088435374,false
New Trier 23080,sfr_1_4,individual,548,548,608,608,0.9013157894736842,0.9013157894736842,false
Lemont 19060,sfr_1_4,llc,43,43,2804,2804,0.015335235378031383,0.015335235378031383,false
Jefferson 71171,sfr_1_4,partnership,1,1,1812,2737,0.0005518763796909492,0.00036536353671903543,false
Hyde Park 70121,mixed_use_res,individual,12,38,15,44,0.8,0.8636363636363636,false
Orland 28036,small_mf,lender_reo,2,12,99,607,0.020202020202020204,0.019769357495881382,false
Northfield 25023,sfr_1_4,llc,16,16,555,555,0.02882882882882883,0.02882882882882883,false
Proviso 31060,small_mf,corp,4,26,78,489,0.05128205128205128,0.053169734151329244,false
Lake 72251,small_mf,llc,13,88,52,348,0.25,0.25287356321839083,false
Norwood Park 26040,small_mf,unknown,2,14,15,103,0.13333333333333333,0.13592233009708737,false
Bremen 13310,sfr_1_4,trust,1,1,255,257,0.00392156862745098,0.0038910505836575876,false
Thornton 37190,sfr_1_4,llc,3,3,758,762,0.00395778364116095,0.003937007874015748,false
Bloom 12044,condo_unit,trust,1,1,114,114,0.008771929824561403,0.008771929824561403,false
Leyden 20010,sfr_1_4,corp,2,6,459,495,0.004357298474945534,0.012121212121212121,false
Cicero 15040,mixed_use_res,llc,1,5,23,79,0.043478260869565216,0.06329113924050633,false
Wheeling 38011,sfr_1_4,llc,5,5,764,764,0.006544502617801047,0.006544502617801047,false
Rich 32220,sfr_1_4,partnership,3,3,619,619,0.004846526655896607,0.004846526655896607,false
Leyden 20060,small_mf,llc,2,14,6,42,0.3333333333333333,0.3333333333333333,false
Bremen 13130,mixed_use_res,llc,1,2,3,7,,,true
Lake View 73042,small_mf,unknown,23,154,140,940,0.16428571428571428,0.16382978723404254,false
Palatine 29022,condo_unit,corp,43,43,3531,3531,0.012177853299348626,0.012177853299348626,false
Evanston 17080,small_mf,llc,21,145,68,466,0.3088235294117647,0.3111587982832618,false
Berwyn 11040,mixed_use_res,individual,24,76,25,79,0.96,0.9620253164556962,false
Bremen 13140,small_mf,llc,8,49,72,433,0.1111111111111111,0.11316397228637413,false
Hyde Park 70241,sfr_1_4,individual,471,471,482,482,0.9771784232365145,0.9771784232365145,false
Jefferson 71250,sfr_1_4,llc,10,16,1603,2099,0.006238303181534623,0.007622677465459742,false
Northfield 25131,condo_unit,trust,7,7,295,295,0.023728813559322035,0.023728813559322035,false
Jefferson 71520,sfr_1_4,corp,1,1,950,1671,0.0010526315789473684,0.0005984440454817474,false
Hyde Park 70260,mixed_use_res,individual,5,23,5,23,1.0,1.0,false
Rich 32120,sfr_1_4,llc,146,146,3004,3004,0.04860186418109188,0.04860186418109188,false
Berwyn 11060,sfr_1_4,individual,504,638,545,691,0.9247706422018349,0.9232995658465991,false
Stickney 36022,sfr_1_4,trust,1,1,340,349,0.0029411764705882353,0.0028653295128939827,false
Orland 28040,condo_unit,llc,2,2,172,172,0.011627906976744186,0.011627906976744186,false
Thornton 37200,condo_unit,corp,3,3,575,575,0.0052173913043478265,0.0052173913043478265,false
Cicero 15030,sfr_1_4,unknown,68,98,3863,5396,0.01760289930106135,0.01816160118606375,false
Hanover 18012,sfr_1_4,unknown,328,328,2179,2179,0.1505277650298302,0.1505277650298302,false
Jefferson 71410,sfr_1_4,trust,50,55,3317,3986,0.015073861923424782,0.013798294029101857,false
Berwyn 11070,sfr_1_4,unknown,60,73,2244,2559,0.026737967914438502,0.028526768268855023,false
Lake View 73081,mixed_use_res,llc,18,73,112,384,0.16071428571428573,0.19010416666666666,false
Hyde Park 70280,mixed_use_res,corp,1,2,63,215,0.015873015873015872,0.009302325581395349,false
Worth 39400,condo_unit,corp,1,1,222,222,0.0045045045045045045,0.0045045045045045045,false
Lake 72030,condo_unit,unknown,19,19,410,410,0.046341463414634146,0.046341463414634146,false
Orland 28039,sfr_1_4,llc,2,2,522,522,0.0038314176245210726,0.0038314176245210726,false
Lake View 73062,sfr_1_4,trust,6,6,197,243,0.030456852791878174,0.024691358024691357,false
Oak Park 27060,small_mf,individual,13,82,22,144,0.5909090909090909,0.5694444444444444,false
Hyde Park 70120,small_mf,individual,235,1525,468,3073,0.5021367521367521,0.49625772860397005,false
Bloom 12190,sfr_1_4,llc,1,1,188,188,0.005319148936170213,0.005319148936170213,false
Thornton 37180,small_mf,llc,2,10,5,29,0.4,0.3448275862068966,false
Leyden 20081,small_mf,llc,46,296,235,1463,0.19574468085106383,0.20232399179767602,false
Wheeling 38050,mixed_use_res,llc,1,6,1,6,,,true
Oak Park 27020,small_mf,trust,2,14,43,296,0.046511627906976744,0.0472972972972973,false
Jefferson 71180,condo_unit,corp,24,24,848,848,0.02830188679245283,0.02830188679245283,false
Wheeling 38072,small_mf,llc,2,14,11,76,0.18181818181818182,0.18421052631578946,false
West Chicago 77051,mixed_use_res,trust,1,2,106,375,0.009433962264150943,0.005333333333333333,false
Lake 72260,small_mf,corp,1,7,30,205,0.03333333333333333,0.03414634146341464,false
Niles 24102,sfr_1_4,individual,450,450,488,488,0.9221311475409836,0.9221311475409836,false
Rich 32250,condo_unit,individual,157,157,165,165,0.9515151515151515,0.9515151515151515,false
Jefferson 71180,condo_unit,lender_reo,2,2,848,848,0.0023584905660377358,0.0023584905660377358,false
Orland 28036,condo_unit,trust,32,32,1997,1997,0.01602403605408112,0.01602403605408112,false
Hyde Park 70010,condo_unit,trust,24,24,4032,4032,0.005952380952380952,0.005952380952380952,false
Oak Park 27060,sfr_1_4,lender_reo,2,2,1581,1700,0.001265022137887413,0.001176470588235294,false
Niles 24101,sfr_1_4,trust,50,51,4195,4299,0.011918951132300357,0.011863224005582694,false
West Chicago 77030,condo_unit,trust,26,26,3991,3991,0.006514657980456026,0.006514657980456026,false
Berwyn 11030,condo_unit,individual,7,7,7,7,,,true
Bremen 13345,sfr_1_4,lender_reo,1,1,207,207,0.004830917874396135,0.004830917874396135,false
Orland 28032,sfr_1_4,corp,2,2,876,876,0.00228310502283105,0.00228310502283105,false
Cicero 15025,sfr_1_4,individual,201,338,214,357,0.9392523364485982,0.9467787114845938,false
Palatine 29083,sfr_1_4,individual,1099,1099,1134,1134,0.9691358024691358,0.9691358024691358,false
Rich 32227,sfr_1_4,unknown,3,3,97,97,0.030927835051546393,0.030927835051546393,false
Rich 32130,mixed_use_res,llc,2,6,16,47,0.125,0.1276595744680851,false
River Forest 33020,sfr_1_4,individual,497,500,526,529,0.9448669201520913,0.945179584120983,false
Thornton 37053,small_mf,individual,36,232,61,396,0.5901639344262295,0.5858585858585859,false
Thornton 37092,mixed_use_res,corp,1,6,9,31,0.1111111111111111,0.1935483870967742,false
Lake 72151,mixed_use_res,corp,2,8,5,19,0.4,0.42105263157894735,false
Thornton 37024,sfr_1_4,corp,39,39,3587,3697,0.010872595483691107,0.010549093859886394,false
South Chicago 76011,condo_unit,corp,33,33,8010,8010,0.004119850187265918,0.004119850187265918,false
Wheeling 38014,sfr_1_4,trust,6,6,477,477,0.012578616352201259,0.012578616352201259,false
Rich 32130,mixed_use_res,corp,2,6,16,47,0.125,0.1276595744680851,false
Worth 39131,small_mf,individual,13,81,41,262,0.3170731707317073,0.30916030534351147,false
Leyden 20010,sfr_1_4,llc,1,3,459,495,0.002178649237472767,0.006060606060606061,false
Hyde Park 70020,condo_unit,unknown,460,460,5464,5464,0.0841874084919473,0.0841874084919473,false
Bloom 12162,sfr_1_4,individual,2295,2305,2857,2868,0.8032901645082254,0.8036959553695955,false
Proviso 31151,sfr_1_4,llc,1,1,333,337,0.003003003003003003,0.002967359050445104,false
Oak Park 27050,sfr_1_4,corp,1,2,1480,1568,0.0006756756756756757,0.0012755102040816326,false
Niles 24081,small_mf,trust,1,7,33,220,0.030303030303030304,0.031818181818181815,false
Thornton 37061,sfr_1_4,unknown,125,138,3561,4011,0.035102499297950014,0.0344053851907255,false
Schaumburg 35101,condo_unit,corp,5,5,3489,3489,0.0014330753797649756,0.0014330753797649756,false
Thornton 37181,condo_unit,llc,7,7,271,271,0.025830258302583026,0.025830258302583026,false
Rogers Park 75022,condo_unit,unknown,91,91,2012,2012,0.045228628230616304,0.045228628230616304,false
Lake 72170,small_mf,unknown,19,121,86,539,0.22093023255813954,0.22448979591836735,false
Hyde Park 70100,sfr_1_4,individual,3429,5269,3953,6130,0.8674424487730837,0.8595432300163132,false
Thornton 37181,sfr_1_4,corp,11,26,4252,4561,0.0025870178739416747,0.005700504275378207,false
Elk Grove 16091,sfr_1_4,individual,144,144,148,148,0.972972972972973,0.972972972972973,false
Leyden 20060,sfr_1_4,unknown,28,28,1205,1205,0.023236514522821577,0.023236514522821577,false
Lyons 21071,condo_unit,trust,9,9,257,257,0.03501945525291829,0.03501945525291829,false
Lemont 19040,sfr_1_4,unknown,10,10,320,321,0.03125,0.03115264797507788,false
Lemont 19011,condo_unit,unknown,5,5,30,30,0.16666666666666666,0.16666666666666666,false
Thornton 37021,sfr_1_4,individual,3470,3609,3938,4092,0.8811579481970544,0.8819648093841642,false
Thornton 37171,mixed_use_res,llc,2,5,7,22,0.2857142857142857,0.22727272727272727,false
Northfield 25061,condo_unit,corp,2,2,209,209,0.009569377990430622,0.009569377990430622,false
Palos 30051,condo_unit,unknown,7,7,232,232,0.03017241379310345,0.03017241379310345,false
New Trier 23093,condo_unit,lender_reo,1,1,289,289,0.0034602076124567475,0.0034602076124567475,false
Worth 39280,sfr_1_4,trust,2,2,79,79,0.02531645569620253,0.02531645569620253,false
Lake 72345,sfr_1_4,llc,41,42,2016,2039,0.020337301587301588,0.020598332515939184,false
Lake 72251,sfr_1_4,unknown,64,101,800,1198,0.08,0.08430717863105175,false
Thornton 37130,sfr_1_4,llc,60,67,1754,1839,0.03420752565564424,0.03643284393692224,false
Maine 22023,sfr_1_4,individual,1543,1549,1603,1609,0.9625701809107923,0.9627097576134245,false
Lake View 73042,sfr_1_4,trust,22,31,1031,1551,0.02133850630455868,0.019987105093488073,false
Thornton 37162,sfr_1_4,individual,1119,1130,1175,1190,0.9523404255319149,0.9495798319327731,false
West Chicago 77013,small_mf,partnership,5,35,391,2611,0.01278772378516624,0.013404825737265416,false
Palos 30060,sfr_1_4,trust,1,1,89,96,0.011235955056179775,0.010416666666666666,false
Bloom 12122,sfr_1_4,corp,14,53,554,605,0.02527075812274368,0.08760330578512397,false
Norwood Park 26050,sfr_1_4,individual,227,227,244,244,0.930327868852459,0.930327868852459,false
Evanston 17080,condo_unit,unknown,11,11,586,586,0.01877133105802048,0.01877133105802048,false
Jefferson 71030,condo_unit,unknown,2,2,71,71,0.028169014084507043,0.028169014084507043,false
Bloom 12086,sfr_1_4,llc,5,8,318,338,0.015723270440251572,0.023668639053254437,false
Proviso 31161,sfr_1_4,trust,2,2,550,556,0.0036363636363636364,0.0035971223021582736,false
Thornton 37180,condo_unit,unknown,1,1,20,20,0.05,0.05,false
Rich 32220,small_mf,unknown,27,189,27,189,1.0,1.0,false
Calumet 14010,small_mf,individual,24,158,61,401,0.39344262295081966,0.3940149625935162,false
Orland 28061,condo_unit,individual,144,144,162,162,0.8888888888888888,0.8888888888888888,false
Schaumburg 35072,condo_unit,corp,5,5,664,664,0.007530120481927711,0.007530120481927711,false
Lake View 73050,sfr_1_4,individual,183,336,213,395,0.8591549295774648,0.850632911392405,false
Orland 28061,small_mf,corp,3,21,19,128,0.15789473684210525,0.1640625,false
Leyden 20050,sfr_1_4,partnership,1,1,4790,4833,0.00020876826722338206,0.0002069108214359611,false
Bremen 13032,condo_unit,unknown,34,34,444,444,0.07657657657657657,0.07657657657657657,false
Palos 30050,sfr_1_4,unknown,5,5,148,148,0.033783783783783786,0.033783783783783786,false
Maine 22031,condo_unit,unknown,2,2,118,118,0.01694915254237288,0.01694915254237288,false
North Chicago 74011,condo_unit,trust,13,13,1331,1331,0.009767092411720512,0.009767092411720512,false
West Chicago 77131,condo_unit,lender_reo,11,11,10908,10908,0.0010084341767510085,0.0010084341767510085,false
Hyde Park 70130,sfr_1_4,llc,58,71,4445,4752,0.013048368953880765,0.01494107744107744,false
Jefferson 71101,mixed_use_res,individual,38,128,54,191,0.7037037037037037,0.6701570680628273,false
Wheeling 38050,sfr_1_4,individual,1738,1738,1816,1816,0.9570484581497798,0.9570484581497798,false
Rogers Park 75021,small_mf,llc,16,108,96,645,0.16666666666666666,0.16744186046511628,false
Berwyn 11020,small_mf,llc,6,40,16,102,0.375,0.39215686274509803,false
Worth 39110,sfr_1_4,trust,22,23,2508,2532,0.008771929824561403,0.009083728278041074,false
Thornton 37011,small_mf,individual,17,102,32,192,0.53125,0.53125,false
West Chicago 77102,condo_unit,unknown,64,64,676,676,0.09467455621301775,0.09467455621301775,false
Orland 28015,sfr_1_4,individual,2678,2678,2761,2761,0.9699384281057588,0.9699384281057588,false
Rogers Park 75021,mixed_use_res,unknown,2,5,18,54,0.1111111111111111,0.09259259259259259,false
Bloom 12093,sfr_1_4,corp,1,1,183,186,0.00546448087431694,0.005376344086021506,false
Hyde Park 70083,condo_unit,individual,1229,1229,1493,1493,0.8231748158070998,0.8231748158070998,false
Lake View 73200,sfr_1_4,individual,397,398,431,432,0.9211136890951276,0.9212962962962963,false
Wheeling 38051,sfr_1_4,individual,1053,1053,1105,1105,0.9529411764705882,0.9529411764705882,false
Rogers Park 75032,condo_unit,unknown,35,35,900,900,0.03888888888888889,0.03888888888888889,false
Leyden 20080,mixed_use_res,llc,8,24,46,152,0.17391304347826086,0.15789473684210525,false
Lemont 19011,sfr_1_4,trust,4,4,279,280,0.014336917562724014,0.014285714285714285,false
Evanston 17020,small_mf,corp,4,28,7,49,0.5714285714285714,0.5714285714285714,false
Rich 32020,sfr_1_4,trust,3,3,181,181,0.016574585635359115,0.016574585635359115,false
Palos 30060,condo_unit,llc,33,33,705,705,0.04680851063829787,0.04680851063829787,false
Niles 24031,condo_unit,corp,14,14,3568,3568,0.003923766816143498,0.003923766816143498,false
Hanover 18075,sfr_1_4,unknown,46,46,214,214,0.21495327102803738,0.21495327102803738,false
Maine 22050,small_mf,individual,74,449,104,645,0.7115384615384616,0.6961240310077519,false
Lyons 21162,sfr_1_4,individual,814,854,868,911,0.9377880184331797,0.9374313940724479,false
Schaumburg 35114,sfr_1_4,trust,7,7,390,390,0.017948717948717947,0.017948717948717947,false
Bloom 12085,mixed_use_res,llc,1,5,4,13,0.25,0.38461538461538464,false
Palos 30092,sfr_1_4,corp,2,2,265,265,0.007547169811320755,0.007547169811320755,false
Palos 30022,sfr_1_4,corp,2,2,503,525,0.003976143141153081,0.0038095238095238095,false
Lake View 73031,small_mf,unknown,68,465,473,3176,0.14376321353065538,0.14641057934508817,false
Thornton 37161,sfr_1_4,corp,3,3,305,343,0.009836065573770493,0.008746355685131196,false
Elk Grove 16062,sfr_1_4,individual,3089,3089,3211,3211,0.9620056057303021,0.9620056057303021,false
West Chicago 77013,condo_unit,corp,7,7,226,226,0.030973451327433628,0.030973451327433628,false
Evanston 17090,coop_building,coop_corp,2,2,2,2,,,true
Bremen 13180,condo_unit,corp,3,3,183,183,0.01639344262295082,0.01639344262295082,false
Rogers Park 75060,mixed_use_res,llc,3,12,4,14,0.75,0.8571428571428571,false
Proviso 31120,sfr_1_4,individual,795,796,844,845,0.9419431279620853,0.9420118343195266,false
South Chicago 76011,condo_unit,lender_reo,37,37,8010,8010,0.004619225967540574,0.004619225967540574,false
Evanston 17120,coop_building,coop_corp,7,7,7,7,,,true
Evanston 17120,sfr_1_4,trust,9,9,1252,1339,0.00718849840255591,0.006721433905899925,false
West Chicago 77170,small_mf,unknown,32,216,164,1046,0.1951219512195122,0.20650095602294455,false
Bloom 12063,sfr_1_4,unknown,7,7,169,173,0.04142011834319527,0.04046242774566474,false
Bremen 13312,condo_unit,lender_reo,1,1,62,62,0.016129032258064516,0.016129032258064516,false
Thornton 37164,sfr_1_4,unknown,10,10,307,307,0.03257328990228013,0.03257328990228013,false
Rich 32043,mixed_use_res,individual,1,3,2,9,,,true
West Chicago 77101,mixed_use_res,individual,46,167,57,202,0.8070175438596491,0.8267326732673267,false
Jefferson 71520,mixed_use_res,lender_reo,1,2,62,200,0.016129032258064516,0.01,false
North Chicago 74011,condo_unit,individual,1174,1174,1331,1331,0.8820435762584523,0.8820435762584523,false
Stickney 36060,small_mf,individual,2,14,3,21,0.6666666666666666,0.6666666666666666,false
Lake 72310,sfr_1_4,unknown,105,106,1535,1569,0.06840390879478828,0.06755895474824729,false
Stickney 36050,mixed_use_res,individual,20,72,20,72,1.0,1.0,false
Bremen 13032,mixed_use_res,llc,2,6,3,8,,,true
Northfield 25160,condo_unit,lender_reo,2,2,1050,1050,0.0019047619047619048,0.0019047619047619048,false
Lake 72345,sfr_1_4,estate,1,1,2016,2039,0.000496031746031746,0.0004904364884747426,false
Palatine 29080,condo_unit,llc,4,4,371,371,0.01078167115902965,0.01078167115902965,false
Worth 39250,sfr_1_4,corp,5,5,1107,1125,0.004516711833785004,0.0044444444444444444,false
West Chicago 77141,mixed_use_res,llc,80,315,563,2118,0.14209591474245115,0.14872521246458922,false
New Trier 23021,sfr_1_4,corp,3,3,686,686,0.004373177842565598,0.004373177842565598,false
Palos 30080,sfr_1_4,unknown,30,30,906,906,0.033112582781456956,0.033112582781456956,false
Bloom 12052,sfr_1_4,corp,1,1,229,229,0.004366812227074236,0.004366812227074236,false
Lake 72274,sfr_1_4,corp,15,16,2284,2393,0.006567425569176883,0.006686167989970748,false
Worth 39110,sfr_1_4,corp,18,18,2508,2532,0.007177033492822967,0.0071090047393364926,false
Lake 72432,sfr_1_4,lender_reo,2,2,294,294,0.006802721088435374,0.006802721088435374,false
Hyde Park 70111,condo_unit,unknown,3,3,52,52,0.057692307692307696,0.057692307692307696,false
Worth 39131,sfr_1_4,lender_reo,3,4,1579,1817,0.0018999366687777073,0.002201430930104568,false
Oak Park 27060,sfr_1_4,individual,1516,1624,1581,1700,0.958886780518659,0.9552941176470588,false
Evanston 17071,coop_building,coop_corp,3,3,3,3,,,true
Lake View 73110,sfr_1_4,llc,21,53,503,795,0.041749502982107355,0.06666666666666667,false
Proviso 31040,mixed_use_res,individual,9,29,16,55,0.5625,0.5272727272727272,false
Cicero 15015,small_mf,individual,14,92,22,148,0.6363636363636364,0.6216216216216216,false
Orland 28013,sfr_1_4,trust,6,6,287,287,0.020905923344947737,0.020905923344947737,false
New Trier 23150,condo_unit,unknown,7,7,165,165,0.04242424242424243,0.04242424242424243,false
Oak Park 27060,small_mf,corp,2,14,22,144,0.09090909090909091,0.09722222222222222,false
Wheeling 38070,condo_unit,corp,6,6,684,684,0.008771929824561403,0.008771929824561403,false
Lake 72080,sfr_1_4,llc,28,66,1852,3577,0.01511879049676026,0.018451216102879506,false
Lake View 73060,condo_unit,corp,23,23,9084,9084,0.002531924262439454,0.002531924262439454,false
Lake View 73041,small_mf,corp,3,20,65,443,0.046153846153846156,0.045146726862302484,false
Proviso 31020,small_mf,corp,1,6,50,313,0.02,0.019169329073482427,false
West Chicago 77060,mixed_use_res,llc,35,130,131,473,0.26717557251908397,0.2748414376321353,false
Hanover 18050,mixed_use_res,llc,2,7,11,37,0.18181818181818182,0.1891891891891892,false
Schaumburg 35101,small_mf,unknown,1,7,2,14,0.5,0.5,false
Bremen 13152,sfr_1_4,partnership,1,1,542,545,0.0018450184501845018,0.001834862385321101,false
Bloom 12072,sfr_1_4,corp,3,6,593,743,0.00505902192242833,0.008075370121130552,false
Palatine 29042,sfr_1_4,unknown,7,7,503,503,0.013916500994035786,0.013916500994035786,false
Jefferson 71362,condo_unit,lender_reo,1,1,739,739,0.0013531799729364006,0.0013531799729364006,false
Proviso 31050,small_mf,individual,14,87,28,180,0.5,0.48333333333333334,false
Lyons 21101,sfr_1_4,lender_reo,2,2,1001,1116,0.001998001998001998,0.0017921146953405018,false
Evanston 17013,sfr_1_4,llc,7,7,1239,1286,0.005649717514124294,0.005443234836702955,false
Hyde Park 70080,condo_unit,trust,4,4,1210,1210,0.003305785123966942,0.003305785123966942,false
Maine 22180,sfr_1_4,corp,2,2,2067,2184,0.0009675858732462506,0.0009157509157509158,false
Evanston 17220,mixed_use_res,individual,2,9,3,12,0.6666666666666666,0.75,false
Lake 72051,mixed_use_res,trust,1,4,59,214,0.01694915254237288,0.018691588785046728,false
West Chicago 77052,mixed_use_res,individual,52,205,89,365,0.5842696629213483,0.5616438356164384,false
Thornton 37092,sfr_1_4,llc,77,78,2973,2979,0.02589976454759502,0.026183282980866064,false
Lake View 73050,sfr_1_4,trust,6,18,213,395,0.028169014084507043,0.04556962025316456,false
Hanover 18011,condo_unit,lender_reo,1,1,408,408,0.0024509803921568627,0.0024509803921568627,false
Lake View 73062,sfr_1_4,llc,6,19,197,243,0.030456852791878174,0.07818930041152264,false
Lake 72193,sfr_1_4,lender_reo,6,7,1549,1634,0.003873466752743706,0.004283965728274173,false
Bloom 12091,small_mf,partnership,1,7,9,63,0.1111111111111111,0.1111111111111111,false
Hanover 18019,sfr_1_4,trust,9,9,1226,1226,0.00734094616639478,0.00734094616639478,false
Rich 32061,sfr_1_4,corp,3,3,114,114,0.02631578947368421,0.02631578947368421,false
Jefferson 71060,sfr_1_4,lender_reo,3,3,1458,1965,0.00205761316872428,0.0015267175572519084,false
Lake 72030,mixed_use_res,llc,10,34,222,751,0.04504504504504504,0.045272969374167776,false
Norwood Park 26040,small_mf,trust,2,14,15,103,0.13333333333333333,0.13592233009708737,false
Cicero 15020,small_mf,llc,6,40,33,207,0.18181818181818182,0.1932367149758454,false
Northfield 25061,condo_unit,individual,185,185,209,209,0.8851674641148325,0.8851674641148325,false
Niles 24103,sfr_1_4,trust,19,19,619,619,0.030694668820678513,0.030694668820678513,false
Lemont 19100,sfr_1_4,unknown,9,9,380,380,0.02368421052631579,0.02368421052631579,false
Wheeling 38051,condo_unit,corp,4,4,554,554,0.007220216606498195,0.007220216606498195,false
Elk Grove 16061,sfr_1_4,partnership,1,1,1897,1897,0.0005271481286241434,0.0005271481286241434,false
Lake 72051,mixed_use_res,unknown,7,27,59,214,0.11864406779661017,0.1261682242990654,false
Lake View 73031,mixed_use_res,individual,68,238,106,378,0.6415094339622641,0.6296296296296297,false
Evanston 17112,small_mf,llc,18,122,47,318,0.3829787234042553,0.3836477987421384,false
West Chicago 77115,sfr_1_4,llc,81,195,7770,14100,0.010424710424710425,0.013829787234042552,false
Bremen 13340,sfr_1_4,individual,259,259,283,283,0.9151943462897526,0.9151943462897526,false
Rich 32130,sfr_1_4,lender_reo,4,4,1133,1175,0.00353045013239188,0.003404255319148936,false
Palos 30012,sfr_1_4,individual,2476,2519,2576,2620,0.9611801242236024,0.9614503816793893,false
Lake 72192,sfr_1_4,llc,9,9,1193,1199,0.0075440067057837385,0.007506255212677231,false
Lake View 73032,small_mf,individual,132,864,306,2045,0.43137254901960786,0.42249388753056233,false
Lake 72192,sfr_1_4,unknown,23,23,1193,1199,0.019279128248113998,0.019182652210175146,false
Lake 72260,mixed_use_res,individual,2,8,2,8,,,true
Wheeling 38023,sfr_1_4,corp,3,3,873,874,0.003436426116838488,0.003432494279176201,false
Proviso 31150,sfr_1_4,corp,2,2,867,882,0.002306805074971165,0.0022675736961451248,false
Palos 30012,sfr_1_4,corp,6,6,2576,2620,0.002329192546583851,0.0022900763358778627,false
Palos 30061,small_mf,lender_reo,1,6,34,205,0.029411764705882353,0.02926829268292683,false
Northfield 25160,condo_unit,trust,37,37,1050,1050,0.035238095238095235,0.035238095238095235,false
Worth 39250,sfr_1_4,individual,1048,1066,1107,1125,0.9467028003613369,0.9475555555555556,false
Bremen 13140,small_mf,individual,54,324,72,433,0.75,0.7482678983833718,false
Elk Grove 16085,small_mf,corp,3,19,80,500,0.0375,0.038,false
Lyons 21101,mixed_use_res,individual,3,6,4,10,0.75,0.6,false
Lake 72423,condo_unit,trust,1,1,183,183,0.00546448087431694,0.00546448087431694,false
Bloom 12085,small_mf,individual,2,11,3,18,0.6666666666666666,0.6111111111111112,false
Elk Grove 16070,small_mf,trust,1,6,123,749,0.008130081300813009,0.00801068090787717,false
Hanover 18060,sfr_1_4,llc,12,12,488,488,0.02459016393442623,0.02459016393442623,false
Jefferson 71260,condo_unit,llc,16,16,144,144,0.1111111111111111,0.1111111111111111,false
Schaumburg 35117,sfr_1_4,individual,249,249,266,266,0.9360902255639098,0.9360902255639098,false
Schaumburg 35151,sfr_1_4,trust,2,2,105,105,0.01904761904761905,0.01904761904761905,false
Niles 24013,condo_unit,llc,2,2,935,935,0.0021390374331550803,0.0021390374331550803,false
Thornton 37052,sfr_1_4,unknown,38,50,892,1059,0.042600896860986545,0.047214353163361665,false
Lake 72300,sfr_1_4,individual,1231,1268,1318,1366,0.9339908952959028,0.9282576866764275,false
Schaumburg 35114,sfr_1_4,individual,377,377,390,390,0.9666666666666667,0.9666666666666667,false
Wheeling 38071,sfr_1_4,individual,1245,1245,1314,1314,0.9474885844748858,0.9474885844748858,false
Lake 72171,mixed_use_res,llc,4,10,52,180,0.07692307692307693,0.05555555555555555,false
New Trier 23050,sfr_1_4,trust,20,20,327,327,0.06116207951070336,0.06116207951070336,false
West Chicago 77080,sfr_1_4,partnership,1,3,1561,2502,0.0006406149903907751,0.001199040767386091,false
Worth 39071,sfr_1_4,trust,15,15,2204,2286,0.006805807622504537,0.006561679790026247,false
Riverside 34020,condo_unit,unknown,6,6,110,110,0.05454545454545454,0.05454545454545454,false
Orland 28030,sfr_1_4,individual,432,432,457,457,0.9452954048140044,0.9452954048140044,false
New Trier 23132,sfr_1_4,lender_reo,1,1,724,724,0.0013812154696132596,0.0013812154696132596,false
Lake View 73093,condo_unit,unknown,115,115,2833,2833,0.04059301094246382,0.04059301094246382,false
Norwood Park 26010,small_mf,individual,86,560,125,821,0.688,0.682095006090134,false
Hyde Park 70240,mixed_use_res,corp,3,7,56,178,0.05357142857142857,0.03932584269662921,false
Orland 28043,condo_unit,trust,13,13,850,850,0.015294117647058824,0.015294117647058824,false
Hyde Park 70020,small_mf,corp,19,130,326,2221,0.05828220858895705,0.05853219270598829,false
Worth 39040,condo_unit,llc,10,10,822,822,0.012165450121654502,0.012165450121654502,false
Oak Park 27020,small_mf,llc,14,97,43,296,0.32558139534883723,0.3277027027027027,false
Hyde Park 70120,coop_building,coop_corp,2,2,2,2,,,true
Niles 24051,sfr_1_4,lender_reo,4,4,3685,3793,0.001085481682496608,0.0010545742156604272,false
Worth 39250,condo_unit,individual,202,202,234,234,0.8632478632478633,0.8632478632478633,false
Schaumburg 35035,sfr_1_4,unknown,1,1,94,94,0.010638297872340425,0.010638297872340425,false
Lake View 73062,condo_unit,unknown,663,663,7810,7810,0.08489116517285532,0.08489116517285532,false
Thornton 37023,sfr_1_4,trust,11,11,1522,1726,0.007227332457293035,0.006373117033603708,false
Worth 39132,small_mf,individual,8,51,12,77,0.6666666666666666,0.6623376623376623,false
Bremen 13270,sfr_1_4,partnership,4,4,758,758,0.005277044854881266,0.005277044854881266,false
Rich 32230,sfr_1_4,llc,4,4,750,750,0.005333333333333333,0.005333333333333333,false
Bloom 12033,sfr_1_4,partnership,1,1,666,670,0.0015015015015015015,0.0014925373134328358,false
Palatine 29022,sfr_1_4,unknown,58,58,907,935,0.0639470782800441,0.06203208556149733,false
Rogers Park 75023,sfr_1_4,unknown,4,4,447,502,0.008948545861297539,0.00796812749003984,false
West Chicago 77091,mixed_use_res,corp,7,24,126,484,0.05555555555555555,0.049586776859504134,false
Lemont 19030,sfr_1_4,unknown,2,2,279,279,0.007168458781362007,0.007168458781362007,false
Elk Grove 16091,sfr_1_4,trust,2,2,148,148,0.013513513513513514,0.013513513513513514,false
Bremen 13170,condo_unit,corp,13,13,496,496,0.02620967741935484,0.02620967741935484,false
Evanston 17042,condo_unit,unknown,8,8,174,174,0.04597701149425287,0.04597701149425287,false
Thornton 37052,small_mf,llc,16,105,63,406,0.25396825396825395,0.25862068965517243,false
Hyde Park 70101,mixed_use_res,individual,35,106,41,124,0.8536585365853658,0.8548387096774194,false
Bloom 12085,sfr_1_4,trust,6,6,733,787,0.008185538881309686,0.007623888182973317,false
Schaumburg 35109,condo_unit,llc,30,30,1812,1812,0.016556291390728478,0.016556291390728478,false
Lake View 73063,condo_unit,trust,136,136,4009,4009,0.03392367173858818,0.03392367173858818,false
Lake View 73012,small_mf,unknown,32,217,150,1016,0.21333333333333335,0.21358267716535434,false
River Forest 33015,sfr_1_4,corp,1,1,613,633,0.0016313213703099511,0.001579778830963665,false
Jefferson 71270,mixed_use_res,corp,4,11,71,225,0.056338028169014086,0.04888888888888889,false
Jefferson 71081,mixed_use_res,trust,3,10,108,398,0.027777777777777776,0.02512562814070352,false
Bremen 13080,sfr_1_4,partnership,1,1,1135,1212,0.000881057268722467,0.0008250825082508251,false
South Chicago 76060,condo_unit,corp,1,1,159,159,0.006289308176100629,0.006289308176100629,false
West Chicago 77013,sfr_1_4,lender_reo,23,35,6365,10159,0.0036135113904163393,0.0034452209863175508,false
Lyons 21061,sfr_1_4,corp,1,1,384,384,0.0026041666666666665,0.0026041666666666665,false
Jefferson 71120,sfr_1_4,trust,29,41,3505,4879,0.008273894436519259,0.008403361344537815,false
Lemont 19038,sfr_1_4,individual,79,79,123,123,0.6422764227642277,0.6422764227642277,false
Berwyn 11040,condo_unit,individual,63,63,69,69,0.9130434782608695,0.9130434782608695,false
Jefferson 71402,small_mf,unknown,5,31,45,282,0.1111111111111111,0.1099290780141844,false
Northfield 25110,sfr_1_4,individual,384,384,404,404,0.9504950495049505,0.9504950495049505,false
Palatine 29011,sfr_1_4,unknown,18,18,725,725,0.02482758620689655,0.02482758620689655,false
Lake 72040,mixed_use_res,individual,182,643,206,717,0.883495145631068,0.8967921896792189,false
Thornton 37051,sfr_1_4,lender_reo,7,9,1219,1551,0.005742411812961444,0.005802707930367505,false
Palatine 29180,condo_unit,llc,1,1,105,105,0.009523809523809525,0.009523809523809525,false
New Trier 23022,condo_unit,llc,3,3,203,203,0.014778325123152709,0.014778325123152709,false
New Trier 23041,sfr_1_4,unknown,16,16,797,797,0.020075282308657464,0.020075282308657464,false
Leyden 20060,small_mf,unknown,1,7,6,42,0.16666666666666666,0.16666666666666666,false
West Chicago 77150,small_mf,llc,42,278,139,919,0.302158273381295,0.3025027203482046,false
Northfield 25180,sfr_1_4,llc,12,12,654,654,0.01834862385321101,0.01834862385321101,false
Proviso 31040,sfr_1_4,llc,4,7,791,897,0.0050568900126422255,0.007803790412486065,false
Hyde Park 70070,coop_building,unknown,1,1,10,10,0.1,0.1,false
Worth 39410,sfr_1_4,trust,1,1,51,51,0.0196078431372549,0.0196078431372549,false
Schaumburg 35030,condo_unit,corp,7,7,1416,1416,0.0049435028248587575,0.0049435028248587575,false
Bloom 12142,mixed_use_res,individual,23,69,30,89,0.7666666666666667,0.7752808988764045,false
Orland 28014,sfr_1_4,lender_reo,2,2,433,433,0.004618937644341801,0.004618937644341801,false
Lyons 21101,sfr_1_4,individual,946,1058,1001,1116,0.945054945054945,0.9480286738351255,false
Jefferson 71210,small_mf,individual,30,198,47,315,0.6382978723404256,0.6285714285714286,false
Bloom 12101,sfr_1_4,lender_reo,3,10,1151,1583,0.0026064291920069507,0.006317119393556538,false
Northfield 25200,sfr_1_4,lender_reo,2,2,1261,1261,0.0015860428231562252,0.0015860428231562252,false
Maine 22140,sfr_1_4,individual,76,76,80,80,0.95,0.95,false
Northfield 25110,sfr_1_4,trust,6,6,404,404,0.01485148514851485,0.01485148514851485,false
Leyden 20070,condo_unit,trust,2,2,257,257,0.007782101167315175,0.007782101167315175,false
Leyden 20050,sfr_1_4,individual,4587,4627,4790,4833,0.9576200417536535,0.957376370784192,false
Jefferson 71120,sfr_1_4,corp,11,18,3505,4879,0.003138373751783167,0.0036892805902848944,false
Jefferson 71210,mixed_use_res,unknown,5,17,64,216,0.078125,0.0787037037037037,false
Hyde Park 70101,small_mf,unknown,2,14,17,99,0.11764705882352941,0.1414141414141414,false
Palos 30053,sfr_1_4,trust,12,12,924,974,0.012987012987012988,0.012320328542094456,false
New Trier 23091,sfr_1_4,trust,10,10,307,307,0.03257328990228013,0.03257328990228013,false
Lyons 21052,sfr_1_4,lender_reo,10,12,2626,2913,0.003808073115003808,0.004119464469618949,false
Lake 72091,mixed_use_res,llc,2,8,87,308,0.022988505747126436,0.025974025974025976,false
Proviso 31210,mixed_use_res,individual,4,14,4,14,1.0,1.0,false
North Chicago 74013,small_mf,lender_reo,3,21,80,553,0.0375,0.0379746835443038,false
Elk Grove 16051,sfr_1_4,unknown,59,63,3094,3239,0.01906916612798966,0.019450447669033654,false
Rogers Park 75031,small_mf,trust,5,35,379,2595,0.013192612137203167,0.01348747591522158,false
Lyons 21162,condo_unit,trust,2,2,426,426,0.004694835680751174,0.004694835680751174,false
Wheeling 38045,sfr_1_4,unknown,32,32,603,603,0.05306799336650083,0.05306799336650083,false
Hanover 18011,sfr_1_4,corp,8,11,2917,2969,0.002742543709290367,0.00370495116200741,false
Worth 39310,sfr_1_4,llc,31,34,1480,1499,0.020945945945945947,0.02268178785857238,false
Worth 39310,sfr_1_4,individual,1363,1377,1480,1499,0.9209459459459459,0.9186124082721815,false
West Chicago 77101,condo_unit,unknown,3,3,53,53,0.05660377358490566,0.05660377358490566,false
West Chicago 77052,sfr_1_4,trust,10,19,690,1492,0.014492753623188406,0.012734584450402145,false
Lyons 21091,condo_unit,llc,1,1,27,27,0.037037037037037035,0.037037037037037035,false
Lake 72380,mixed_use_res,individual,125,415,154,512,0.8116883116883117,0.810546875,false
Thornton 37200,sfr_1_4,llc,1,1,861,863,0.0011614401858304297,0.0011587485515643105,false
Orland 28014,sfr_1_4,individual,385,385,433,433,0.8891454965357968,0.8891454965357968,false
Wheeling 38010,sfr_1_4,trust,37,37,3311,3311,0.01117487163998792,0.01117487163998792,false
Northfield 25160,sfr_1_4,unknown,123,123,1846,1862,0.06663055254604551,0.06605800214822771,false
Oak Park 27040,sfr_1_4,unknown,18,24,493,632,0.036511156186612576,0.0379746835443038,false
Hanover 18012,sfr_1_4,partnership,1,1,2179,2179,0.0004589261128958238,0.0004589261128958238,false
Lake 72110,coop_building,coop_corp,1,1,1,1,,,true
Berwyn 11030,small_mf,individual,9,59,20,133,0.45,0.44360902255639095,false
Proviso 31174,sfr_1_4,trust,8,8,166,166,0.04819277108433735,0.04819277108433735,false
Thornton 37101,sfr_1_4,individual,1878,1880,2142,2145,0.876750700280112,0.8764568764568764,false
Proviso 31103,condo_unit,unknown,1,1,97,97,0.010309278350515464,0.010309278350515464,false
Jefferson 71022,condo_unit,individual,16,16,17,17,0.9411764705882353,0.9411764705882353,false
New Trier 23150,mixed_use_res,corp,1,2,4,11,0.25,0.18181818181818182,false
Proviso 31042,small_mf,unknown,8,51,65,402,0.12307692307692308,0.12686567164179105,false
Wheeling 38080,sfr_1_4,lender_reo,2,2,2041,2041,0.0009799118079372856,0.0009799118079372856,false
Barrington 10021,sfr_1_4,corp,3,3,799,799,0.0037546933667083854,0.0037546933667083854,false
Rich 32180,sfr_1_4,unknown,24,24,351,351,0.06837606837606838,0.06837606837606838,false
Oak Park 27050,condo_unit,unknown,5,5,194,194,0.02577319587628866,0.02577319587628866,false
Palatine 29082,condo_unit,corp,3,3,566,566,0.00530035335689046,0.00530035335689046,false
Oak Park 27090,small_mf,llc,10,66,59,404,0.1694915254237288,0.16336633663366337,false
Cicero 15025,small_mf,unknown,1,6,4,25,0.25,0.24,false
Thornton 37162,mixed_use_res,corp,1,4,29,99,0.034482758620689655,0.04040404040404041,false
Jefferson 71461,condo_unit,individual,39,39,43,43,0.9069767441860465,0.9069767441860465,false
Maine 22111,condo_unit,unknown,18,18,533,533,0.03377110694183865,0.03377110694183865,false
Schaumburg 35011,sfr_1_4,individual,1302,1302,1341,1341,0.970917225950783,0.970917225950783,false
Lyons 21061,sfr_1_4,trust,14,14,384,384,0.036458333333333336,0.036458333333333336,false
Jefferson 71280,condo_unit,llc,3,3,11,11,0.2727272727272727,0.2727272727272727,false
Palatine 29041,condo_unit,unknown,4,4,176,176,0.022727272727272728,0.022727272727272728,false
Jefferson 71410,condo_unit,trust,8,8,680,680,0.011764705882352941,0.011764705882352941,false
New Trier 23042,sfr_1_4,llc,2,2,156,156,0.01282051282051282,0.01282051282051282,false
Elk Grove 16094,sfr_1_4,individual,292,292,301,301,0.9700996677740864,0.9700996677740864,false
Bremen 13312,condo_unit,individual,51,51,62,62,0.8225806451612904,0.8225806451612904,false
Thornton 37051,condo_unit,unknown,31,31,170,170,0.18235294117647058,0.18235294117647058,false
Jefferson 71180,sfr_1_4,lender_reo,4,9,4644,7802,0.0008613264427217916,0.0011535503716995643,false
Lake 72051,condo_unit,llc,2,2,171,171,0.011695906432748537,0.011695906432748537,false
Palos 30010,condo_unit,unknown,1,1,48,48,0.020833333333333332,0.020833333333333332,false
Lake View 73042,small_mf,trust,2,13,140,940,0.014285714285714285,0.013829787234042552,false
Thornton 37181,mixed_use_res,trust,1,2,31,104,0.03225806451612903,0.019230769230769232,false
Hyde Park 70121,sfr_1_4,lender_reo,9,12,1067,1252,0.008434864104967198,0.009584664536741214,false
Leyden 20050,mixed_use_res,corp,1,4,25,78,0.04,0.05128205128205128,false
Thornton 37130,mixed_use_res,unknown,5,18,30,95,0.16666666666666666,0.18947368421052632,false
Leyden 20010,sfr_1_4,individual,437,467,459,495,0.9520697167755992,0.9434343434343434,false
Worth 39040,mixed_use_res,llc,1,4,12,32,0.08333333333333333,0.125,false
Jefferson 71082,sfr_1_4,individual,4270,6418,4527,6888,0.943229511817981,0.9317653890824622,false
Palatine 29050,condo_unit,trust,2,2,312,312,0.00641025641025641,0.00641025641025641,false
Evanston 17210,condo_unit,unknown,1,1,36,36,0.027777777777777776,0.027777777777777776,false
Barrington 10021,sfr_1_4,trust,25,25,799,799,0.03128911138923655,0.03128911138923655,false
Thornton 37010,sfr_1_4,llc,17,21,1161,1206,0.014642549526270457,0.017412935323383085,false
Bloom 12122,sfr_1_4,lender_reo,3,3,554,605,0.005415162454873646,0.0049586776859504135,false
Oak Park 27080,sfr_1_4,partnership,1,2,934,1087,0.0010706638115631692,0.0018399264029438822,false
Proviso 31042,small_mf,trust,3,20,65,402,0.046153846153846156,0.04975124378109453,false
Wheeling 38070,sfr_1_4,individual,3974,4060,4133,4224,0.9615291555770626,0.9611742424242424,false
Lake 72030,small_mf,lender_reo,2,12,110,717,0.01818181818181818,0.016736401673640166,false
West Chicago 77101,small_mf,unknown,6,39,82,518,0.07317073170731707,0.07528957528957529,false
Hyde Park 70030,mixed_use_res,lender_reo,1,3,75,276,0.013333333333333334,0.010869565217391304,false
Niles 24051,condo_unit,llc,3,3,291,291,0.010309278350515464,0.010309278350515464,false
Leyden 20010,condo_unit,unknown,12,12,245,245,0.04897959183673469,0.04897959183673469,false
Lake 72191,sfr_1_4,lender_reo,5,5,1109,1109,0.004508566275924256,0.004508566275924256,false
Rich 32150,sfr_1_4,llc,6,9,742,772,0.008086253369272238,0.011658031088082901,false
Wheeling 38090,small_mf,llc,21,128,117,710,0.1794871794871795,0.18028169014084508,false
Bloom 12121,sfr_1_4,lender_reo,3,3,666,666,0.0045045045045045045,0.0045045045045045045,false
Proviso 31040,small_mf,llc,2,14,9,63,0.2222222222222222,0.2222222222222222,false
North Chicago 74022,mixed_use_res,unknown,3,8,27,95,0.1111111111111111,0.08421052631578947,false
Palatine 29041,condo_unit,trust,11,11,176,176,0.0625,0.0625,false
Jefferson 71200,sfr_1_4,corp,23,25,7151,8207,0.0032163333799468605,0.0030461800901669307,false
Rich 32230,sfr_1_4,individual,723,723,750,750,0.964,0.964,false
Jefferson 71461,condo_unit,trust,2,2,43,43,0.046511627906976744,0.046511627906976744,false
Palatine 29022,small_mf,corp,4,25,130,786,0.03076923076923077,0.031806615776081425,false
Leyden 20090,small_mf,unknown,7,46,63,422,0.1111111111111111,0.10900473933649289,false
Berwyn 11020,condo_unit,lender_reo,1,1,173,173,0.005780346820809248,0.005780346820809248,false
Hyde Park 70020,small_mf,coop_corp,2,12,326,2221,0.006134969325153374,0.005402971634398919,false
Maine 22050,sfr_1_4,individual,2417,2444,2482,2509,0.9738114423851733,0.9740932642487047,false
Proviso 31041,sfr_1_4,corp,4,4,1195,1378,0.0033472803347280333,0.002902757619738752,false
Wheeling 38022,small_mf,individual,1,7,2,14,0.5,0.5,false
Evanston 17090,sfr_1_4,corp,1,1,719,799,0.0013908205841446453,0.0012515644555694619,false
Oak Park 27030,condo_unit,unknown,6,6,230,230,0.02608695652173913,0.02608695652173913,false
Orland 28088,condo_unit,trust,6,6,316,316,0.0189873417721519,0.0189873417721519,false
Thornton 37024,sfr_1_4,llc,131,135,3587,3697,0.03652076944521884,0.03651609413037598,false
Thornton 37070,sfr_1_4,lender_reo,17,19,4343,4879,0.00391434492286438,0.0038942406230784996,false
Jefferson 71200,condo_unit,corp,2,2,1159,1159,0.001725625539257981,0.001725625539257981,false
Palatine 29070,sfr_1_4,corp,8,8,4389,4389,0.001822738664843928,0.001822738664843928,false
Northfield 25010,sfr_1_4,unknown,13,13,422,422,0.030805687203791468,0.030805687203791468,false
Schaumburg 35106,sfr_1_4,llc,1,1,132,132,0.007575757575757576,0.007575757575757576,false
Palatine 29070,sfr_1_4,partnership,3,3,4389,4389,0.000683526999316473,0.000683526999316473,false
Jefferson 71081,small_mf,llc,78,527,315,2125,0.24761904761904763,0.248,false
New Trier 23100,sfr_1_4,trust,18,18,1109,1111,0.016230838593327322,0.016201620162016202,false
Hyde Park 70070,small_mf,individual,155,997,359,2330,0.43175487465181056,0.4278969957081545,false
Niles 24031,sfr_1_4,lender_reo,9,17,9674,11295,0.0009303287161463717,0.0015050907481186366,false
Northfield 25090,sfr_1_4,trust,13,13,600,602,0.021666666666666667,0.02159468438538206,false
Bremen 13400,sfr_1_4,individual,65,65,68,68,0.9558823529411765,0.9558823529411765,false
Wheeling 38013,small_mf,llc,20,131,65,410,0.3076923076923077,0.3195121951219512,false
Riverside 34020,mixed_use_res,individual,6,17,11,34,0.5454545454545454,0.5,false
Lake View 73022,condo_unit,unknown,4,4,134,134,0.029850746268656716,0.029850746268656716,false
Lyons 21071,sfr_1_4,lender_reo,2,2,2002,2002,0.000999000999000999,0.000999000999000999,false
Thornton 37121,sfr_1_4,trust,6,10,2514,2625,0.002386634844868735,0.0038095238095238095,false
South Chicago 76030,small_mf,unknown,5,33,170,1040,0.029411764705882353,0.03173076923076923,false
Wheeling 38032,sfr_1_4,trust,10,10,810,810,0.012345679012345678,0.012345679012345678,false
Wheeling 38052,small_mf,individual,10,52,18,103,0.5555555555555556,0.5048543689320388,false
Niles 24160,condo_unit,individual,30,30,31,31,0.967741935483871,0.967741935483871,false
Lake 72150,sfr_1_4,lender_reo,5,5,1803,2721,0.0027731558513588465,0.0018375597206909224,false
Hyde Park 70180,sfr_1_4,lender_reo,20,20,3829,4100,0.005223295899712719,0.004878048780487805,false
Cicero 15071,mixed_use_res,corp,2,7,37,117,0.05405405405405406,0.05982905982905983,false
Hyde Park 70120,condo_unit,llc,16,16,222,222,0.07207207207207207,0.07207207207207207,false
Orland 28036,small_mf,corp,2,13,99,607,0.020202020202020204,0.0214168039538715,false
Proviso 31091,small_mf,trust,1,6,101,673,0.009900990099009901,0.008915304606240713,false
Evanston 17071,sfr_1_4,unknown,6,9,380,433,0.015789473684210527,0.020785219399538105,false
Rogers Park 75033,condo_unit,individual,1115,1115,1216,1216,0.9169407894736842,0.9169407894736842,false
Rogers Park 75022,condo_unit,individual,1796,1796,2012,2012,0.8926441351888668,0.8926441351888668,false
Lake View 73070,mixed_use_res,corp,2,5,90,330,0.022222222222222223,0.015151515151515152,false
Proviso 31160,small_mf,llc,10,66,27,174,0.37037037037037035,0.3793103448275862,false
Wheeling 38080,small_mf,trust,2,14,5,35,0.4,0.4,false
Niles 24081,sfr_1_4,trust,76,78,9576,9901,0.007936507936507936,0.007877992122007878,false
Rogers Park 75040,sfr_1_4,individual,981,1106,1043,1181,0.9405560882070949,0.9364944961896697,false
West Chicago 77131,sfr_1_4,llc,44,104,776,1106,0.05670103092783505,0.09403254972875226,false
Bremen 13400,sfr_1_4,unknown,2,2,68,68,0.029411764705882353,0.029411764705882353,false
Rich 32340,sfr_1_4,trust,2,2,111,111,0.018018018018018018,0.018018018018018018,false
Hyde Park 70010,small_mf,partnership,63,424,720,4743,0.0875,0.08939489774404386,false
New Trier 23022,mixed_use_res,llc,1,4,13,51,0.07692307692307693,0.0784313725490196,false
Hyde Park 70030,sfr_1_4,partnership,3,6,4700,7901,0.0006382978723404255,0.0007593975446146058,false
Palos 30012,small_mf,unknown,6,39,57,365,0.10526315789473684,0.10684931506849316,false
Bremen 13260,sfr_1_4,lender_reo,7,7,2003,2003,0.003494757863205192,0.003494757863205192,false
Hyde Park 70180,condo_unit,individual,7,7,8,8,,,true
Oak Park 27050,small_mf,individual,13,86,27,183,0.48148148148148145,0.46994535519125685,false
Oak Park 27040,condo_unit,trust,27,27,1183,1183,0.02282333051563821,0.02282333051563821,false
Thornton 37185,condo_unit,individual,74,74,79,79,0.9367088607594937,0.9367088607594937,false
Leyden 20070,mixed_use_res,lender_reo,1,4,6,16,0.16666666666666666,0.25,false
Schaumburg 35150,sfr_1_4,individual,201,201,206,206,0.9757281553398058,0.9757281553398058,false
Lyons 21165,sfr_1_4,llc,1,1,473,473,0.0021141649048625794,0.0021141649048625794,false
Orland 28061,sfr_1_4,partnership,3,3,872,872,0.0034403669724770644,0.0034403669724770644,false
West Chicago 77131,small_mf,corp,20,140,287,1990,0.06968641114982578,0.07035175879396985,false
West Chicago 77151,condo_unit,trust,1,1,178,178,0.0056179775280898875,0.0056179775280898875,false
Evanston 17200,condo_unit,individual,10,10,11,11,0.9090909090909091,0.9090909090909091,false
Proviso 31050,sfr_1_4,trust,6,6,927,938,0.006472491909385114,0.006396588486140725,false
Lake 72221,sfr_1_4,estate,1,3,3154,4404,0.0003170577045022194,0.0006811989100817438,false
Hyde Park 70120,condo_unit,individual,176,176,222,222,0.7927927927927928,0.7927927927927928,false
Proviso 31032,small_mf,trust,3,15,40,233,0.075,0.06437768240343347,false
Rich 32050,mixed_use_res,llc,1,4,7,20,0.14285714285714285,0.2,false
Norwood Park 26010,condo_unit,trust,35,35,824,824,0.04247572815533981,0.04247572815533981,false
Rich 32010,sfr_1_4,corp,5,5,1265,1265,0.003952569169960474,0.003952569169960474,false
Hyde Park 70210,small_mf,partnership,1,7,30,190,0.03333333333333333,0.03684210526315789,false
Schaumburg 35020,condo_unit,corp,6,6,989,989,0.006066734074823054,0.006066734074823054,false
Palos 30022,mixed_use_res,llc,1,4,8,29,0.125,0.13793103448275862,false
Barrington 10040,sfr_1_4,individual,719,719,737,737,0.9755766621438263,0.9755766621438263,false
Worth 39260,mixed_use_res,individual,2,4,3,6,,,true
Northfield 25430,condo_unit,corp,2,2,347,347,0.005763688760806916,0.005763688760806916,false
Proviso 31200,sfr_1_4,individual,405,507,422,533,0.9597156398104265,0.9512195121951219,false
Jefferson 71410,small_mf,corp,7,48,74,470,0.0945945945945946,0.10212765957446808,false
Proviso 31032,sfr_1_4,corp,10,10,1734,1936,0.0057670126874279125,0.005165289256198347,false
West Chicago 77102,condo_unit,corp,22,22,676,676,0.03254437869822485,0.03254437869822485,false
Schaumburg 35112,condo_unit,individual,131,131,140,140,0.9357142857142857,0.9357142857142857,false
Schaumburg 35101,sfr_1_4,trust,4,4,342,342,0.011695906432748537,0.011695906432748537,false
West Chicago 77151,small_mf,corp,1,7,50,326,0.02,0.02147239263803681,false
Cicero 15071,small_mf,individual,38,239,45,286,0.8444444444444444,0.8356643356643356,false
Hyde Park 70020,sfr_1_4,coop_corp,1,3,1933,2183,0.0005173305742369374,0.001374255611543747,false
Worth 39211,condo_unit,llc,22,22,377,377,0.058355437665782495,0.058355437665782495,false
Lake 72193,small_mf,llc,1,7,12,79,0.08333333333333333,0.08860759493670886,false
Lake 72321,sfr_1_4,unknown,177,193,3769,3913,0.0469620589015654,0.04932277025300281,false
Bloom 12061,small_mf,individual,5,35,5,35,1.0,1.0,false
Hyde Park 70070,sfr_1_4,trust,16,28,2952,4754,0.005420054200542005,0.005889777029869584,false
Bloom 12141,sfr_1_4,llc,34,60,969,1097,0.03508771929824561,0.054694621695533276,false
Wheeling 38022,sfr_1_4,trust,1,1,1190,1190,0.0008403361344537816,0.0008403361344537816,false
Northfield 25011,condo_unit,corp,5,5,1579,1579,0.0031665611146295125,0.0031665611146295125,false
Bremen 13260,condo_unit,corp,5,5,186,186,0.026881720430107527,0.026881720430107527,false
Lake 72330,mixed_use_res,llc,1,3,59,218,0.01694915254237288,0.013761467889908258,false
North Chicago 74012,mixed_use_res,coop_corp,1,3,216,786,0.004629629629629629,0.003816793893129771,false
Evanston 17060,sfr_1_4,individual,935,1218,1033,1383,0.9051306873184899,0.8806941431670282,false
Worth 39100,sfr_1_4,individual,2811,2888,2957,3037,0.9506256340886033,0.9509384260783668,false
Oak Park 27090,sfr_1_4,individual,697,811,735,857,0.9482993197278912,0.9463243873978997,false
Hyde Park 70080,condo_unit,individual,900,900,1210,1210,0.743801652892562,0.743801652892562,false
Lake 72310,sfr_1_4,llc,40,41,1535,1569,0.026058631921824105,0.026131293817718292,false
Lake 72212,small_mf,lender_reo,1,7,124,821,0.008064516129032258,0.008526187576126675,false
Northfield 25072,small_mf,individual,2,14,3,21,0.6666666666666666,0.6666666666666666,false
Proviso 31102,condo_unit,trust,3,3,98,98,0.030612244897959183,0.030612244897959183,false
Jefferson 71110,mixed_use_res,corp,3,10,73,243,0.0410958904109589,0.0411522633744856,false
Berwyn 11060,small_mf,corp,3,21,69,458,0.043478260869565216,0.04585152838427948,false
Jefferson 71171,sfr_1_4,llc,21,39,1812,2737,0.011589403973509934,0.014249177932042383,false
Schaumburg 35112,small_mf,llc,2,14,2,14,1.0,1.0,false
Bremen 13180,condo_unit,lender_reo,2,2,183,183,0.01092896174863388,0.01092896174863388,false
Thornton 37063,sfr_1_4,unknown,5,5,191,203,0.02617801047120419,0.024630541871921183,false
Wheeling 38012,condo_unit,llc,12,12,1005,1005,0.011940298507462687,0.011940298507462687,false
Worth 39160,sfr_1_4,lender_reo,6,6,1313,1376,0.00456968773800457,0.00436046511627907,false
Lake 72423,mixed_use_res,corp,2,7,51,172,0.0392156862745098,0.040697674418604654,false
New Trier 23150,small_mf,llc,4,28,6,40,0.6666666666666666,0.7,false
Worth 39140,condo_unit,corp,13,13,949,949,0.0136986301369863,0.0136986301369863,false
Bremen 13140,condo_unit,trust,1,1,408,408,0.0024509803921568627,0.0024509803921568627,false
Cicero 15090,sfr_1_4,individual,769,892,788,916,0.9758883248730964,0.9737991266375546,false
Orland 28037,sfr_1_4,lender_reo,1,1,153,153,0.006535947712418301,0.006535947712418301,false
Proviso 31110,sfr_1_4,unknown,93,100,2420,2640,0.0384297520661157,0.03787878787878788,false
West Chicago 77085,small_mf,individual,19,131,24,166,0.7916666666666666,0.7891566265060241,false
Northfield 25160,sfr_1_4,partnership,1,1,1846,1862,0.0005417118093174431,0.0005370569280343716,false
Thornton 37053,sfr_1_4,individual,2499,2792,2636,2957,0.9480273141122914,0.944200202908353,false
New Trier 23091,condo_unit,individual,94,94,103,103,0.912621359223301,0.912621359223301,false
Proviso 31040,condo_unit,lender_reo,1,1,25,25,0.04,0.04,false
Oak Park 27010,small_mf,unknown,7,49,16,110,0.4375,0.44545454545454544,false
Palos 30042,sfr_1_4,trust,5,5,460,504,0.010869565217391304,0.00992063492063492,false
Rogers Park 75023,small_mf,unknown,1,7,3,19,0.3333333333333333,0.3684210526315789,false
Jefferson 71110,condo_unit,unknown,77,77,1469,1469,0.05241660993873383,0.05241660993873383,false
Berwyn 11050,sfr_1_4,individual,1889,2327,1982,2446,0.9530776992936428,0.9513491414554375,false
Orland 28036,condo_unit,llc,25,25,1997,1997,0.012518778167250876,0.012518778167250876,false
Palatine 29180,sfr_1_4,unknown,5,5,186,186,0.026881720430107527,0.026881720430107527,false
Northfield 25200,condo_unit,trust,40,40,1062,1062,0.03766478342749529,0.03766478342749529,false
Jefferson 71041,sfr_1_4,lender_reo,5,11,2235,4008,0.0022371364653243847,0.0027445109780439123,false
Lyons 21042,sfr_1_4,llc,27,56,2707,3257,0.009974141115626155,0.017193736567393307,false
Lemont 19020,sfr_1_4,trust,10,10,862,865,0.01160092807424594,0.011560693641618497,false
Maine 22050,condo_unit,trust,25,25,4913,4913,0.00508854060655404,0.00508854060655404,false
Palos 30011,sfr_1_4,llc,1,1,867,867,0.0011534025374855825,0.0011534025374855825,false
Rogers Park 75010,mixed_use_res,individual,4,13,5,15,0.8,0.8666666666666667,false
Lake View 73050,small_mf,llc,70,476,279,1889,0.25089605734767023,0.25198517734250925,false
Orland 28046,sfr_1_4,unknown,57,57,1259,1259,0.04527402700555997,0.04527402700555997,false
Worth 39122,condo_unit,unknown,6,6,426,426,0.014084507042253521,0.014084507042253521,false
Lake 72251,sfr_1_4,llc,56,81,800,1198,0.07,0.0676126878130217,false
West Chicago 77115,coop_building,coop_corp,1,1,1,1,,,true
Jefferson 71050,sfr_1_4,lender_reo,5,6,1964,2837,0.0025458248472505093,0.0021149101163200562,false
Niles 24032,sfr_1_4,individual,264,300,338,384,0.7810650887573964,0.78125,false
Thornton 37103,sfr_1_4,partnership,3,3,356,359,0.008426966292134831,0.008356545961002786,false
Palatine 29042,sfr_1_4,individual,474,474,503,503,0.9423459244532804,0.9423459244532804,false
Lake 72192,sfr_1_4,trust,12,12,1193,1199,0.010058675607711651,0.010008340283569641,false
Oak Park 27090,small_mf,lender_reo,2,14,59,404,0.03389830508474576,0.034653465346534656,false
Oak Park 27080,mixed_use_res,individual,13,39,17,52,0.7647058823529411,0.75,false
Berwyn 11050,sfr_1_4,lender_reo,7,8,1982,2446,0.0035317860746720484,0.003270645952575634,false
West Chicago 77150,small_mf,trust,2,12,139,919,0.014388489208633094,0.013057671381936888,false
Bremen 13330,sfr_1_4,unknown,4,4,136,136,0.029411764705882353,0.029411764705882353,false
South Chicago 76030,small_mf,individual,126,757,170,1040,0.7411764705882353,0.7278846153846154,false
Lake 72293,condo_unit,corp,1,1,9,9,,,true
Oak Park 27050,small_mf,llc,8,56,27,183,0.2962962962962963,0.30601092896174864,false
Jefferson 71050,sfr_1_4,llc,21,51,1964,2837,0.010692464358452138,0.017976735988720478,false
Northfield 25110,sfr_1_4,unknown,12,12,404,404,0.0297029702970297,0.0297029702970297,false
Palos 30053,small_mf,trust,1,6,8,44,0.125,0.13636363636363635,false
Proviso 31092,small_mf,llc,13,84,72,461,0.18055555555555555,0.1822125813449024,false
Thornton 37101,sfr_1_4,corp,16,16,2142,2145,0.007469654528478058,0.007459207459207459,false
Lake 72380,sfr_1_4,individual,12390,13052,13000,13727,0.953076923076923,0.9508268376192904,false
Lake View 73041,small_mf,individual,40,272,65,443,0.6153846153846154,0.6139954853273137,false
Orland 28014,sfr_1_4,trust,18,18,433,433,0.04157043879907621,0.04157043879907621,false
West Chicago 77051,small_mf,llc,42,274,102,648,0.4117647058823529,0.4228395061728395,false
Lyons 21161,sfr_1_4,trust,1,1,265,265,0.0037735849056603774,0.0037735849056603774,false
Jefferson 71430,sfr_1_4,corp,9,12,5165,5351,0.0017424975798644724,0.0022425714819659876,false
Proviso 31190,mixed_use_res,individual,8,18,10,24,0.8,0.75,false
Bremen 13342,small_mf,llc,1,6,12,71,0.08333333333333333,0.08450704225352113,false
Niles 24051,condo_unit,unknown,18,18,291,291,0.061855670103092786,0.061855670103092786,false
Palos 30012,mixed_use_res,individual,19,68,27,91,0.7037037037037037,0.7472527472527473,false
Lyons 21052,mixed_use_res,unknown,6,20,52,168,0.11538461538461539,0.11904761904761904,false
Bloom 12010,sfr_1_4,corp,4,4,1495,1507,0.0026755852842809363,0.0026542800265428003,false
Worth 39133,small_mf,individual,1,7,1,7,,,true
Lake 72350,small_mf,individual,27,188,41,286,0.6585365853658537,0.6573426573426573,false
West Chicago 77080,small_mf,unknown,10,70,67,453,0.14925373134328357,0.1545253863134658,false
Bremen 13310,sfr_1_4,llc,2,2,255,257,0.00784313725490196,0.007782101167315175,false
Hyde Park 70241,sfr_1_4,lender_reo,1,1,482,482,0.002074688796680498,0.002074688796680498,false
Evanston 17080,sfr_1_4,unknown,18,24,671,845,0.026825633383010434,0.028402366863905324,false
Jefferson 71070,mixed_use_res,corp,7,24,300,1041,0.023333333333333334,0.023054755043227664,false
West Chicago 77030,condo_unit,individual,3147,3147,3991,3991,0.7885241794036583,0.7885241794036583,false
Schaumburg 35012,condo_unit,individual,882,882,993,993,0.8882175226586103,0.8882175226586103,false
Bremen 13340,sfr_1_4,corp,4,4,283,283,0.014134275618374558,0.014134275618374558,false
Maine 22060,sfr_1_4,corp,1,1,100,100,0.01,0.01,false
Palatine 29060,sfr_1_4,corp,10,13,3802,3931,0.0026301946344029457,0.003307046553039939,false
Wheeling 38031,sfr_1_4,lender_reo,3,3,2700,2700,0.0011111111111111111,0.0011111111111111111,false
Hanover 18050,sfr_1_4,llc,7,7,622,641,0.011254019292604502,0.0109204368174727,false
Jefferson 71250,sfr_1_4,lender_reo,2,2,1603,2099,0.0012476606363069245,0.0009528346831824678,false
South Chicago 76042,small_mf,partnership,1,6,14,95,0.07142857142857142,0.06315789473684211,false
Bremen 13312,sfr_1_4,unknown,16,16,829,865,0.019300361881785282,0.018497109826589597,false
Rich 32040,sfr_1_4,unknown,5,5,191,191,0.02617801047120419,0.02617801047120419,false
Bloom 12043,sfr_1_4,lender_reo,1,1,300,302,0.0033333333333333335,0.0033112582781456954,false
Palos 30070,sfr_1_4,estate,1,1,1213,1213,0.0008244023083264633,0.0008244023083264633,false
Jefferson 71461,sfr_1_4,lender_reo,2,2,2106,2162,0.000949667616334283,0.0009250693802035153,false
Palatine 29042,sfr_1_4,trust,14,14,503,503,0.027833001988071572,0.027833001988071572,false
New Trier 23120,sfr_1_4,corp,4,4,1972,1973,0.002028397565922921,0.0020273694880892043,false
Rogers Park 75022,mixed_use_res,unknown,2,8,18,71,0.1111111111111111,0.11267605633802817,false
Lake View 73070,condo_unit,individual,1069,1069,1207,1207,0.8856669428334715,0.8856669428334715,false
Worth 39400,sfr_1_4,trust,4,4,156,156,0.02564102564102564,0.02564102564102564,false
Lyons 21200,sfr_1_4,individual,252,252,280,280,0.9,0.9,false
Bloom 12101,small_mf,unknown,2,13,25,155,0.08,0.08387096774193549,false
Elk Grove 16062,condo_unit,lender_reo,4,4,162,162,0.024691358024691357,0.024691358024691357,false
Maine 22180,sfr_1_4,partnership,1,1,2067,2184,0.0004837929366231253,0.0004578754578754579,false
Oak Park 27100,condo_unit,llc,1,1,24,24,0.041666666666666664,0.041666666666666664,false
South Chicago 76012,condo_unit,trust,68,68,2670,2670,0.02546816479400749,0.02546816479400749,false
River Forest 33050,sfr_1_4,individual,416,417,439,440,0.9476082004555809,0.9477272727272728,false
Orland 28031,sfr_1_4,lender_reo,1,1,1130,1130,0.0008849557522123894,0.0008849557522123894,false
Thornton 37200,condo_unit,llc,3,3,575,575,0.0052173913043478265,0.0052173913043478265,false
North Chicago 74030,sfr_1_4,llc,5,9,116,126,0.04310344827586207,0.07142857142857142,false
Thornton 37134,sfr_1_4,llc,10,10,218,239,0.045871559633027525,0.04184100418410042,false
Jefferson 71361,sfr_1_4,unknown,24,25,1299,1318,0.018475750577367205,0.01896813353566009,false
Rich 32120,condo_unit,individual,228,228,280,280,0.8142857142857143,0.8142857142857143,false
South Chicago 76010,condo_unit,individual,11012,11012,12497,12497,0.8811714811554773,0.8811714811554773,false
Hyde Park 70230,mixed_use_res,unknown,2,8,10,35,0.2,0.22857142857142856,false
West Chicago 77131,condo_unit,corp,31,31,10908,10908,0.002841950861752842,0.002841950861752842,false
Hanover 18019,condo_unit,individual,226,226,269,269,0.8401486988847584,0.8401486988847584,false
Bloom 12065,sfr_1_4,partnership,1,1,166,166,0.006024096385542169,0.006024096385542169,false
Thornton 37163,condo_unit,llc,3,3,678,678,0.004424778761061947,0.004424778761061947,false
West Chicago 77141,small_mf,lender_reo,4,25,368,2321,0.010869565217391304,0.010771219302024989,false
Niles 24031,sfr_1_4,unknown,199,262,9674,11295,0.020570601612569774,0.02319610447100487,false
Wheeling 38082,sfr_1_4,lender_reo,2,2,289,289,0.006920415224913495,0.006920415224913495,false
Lake 72120,mixed_use_res,individual,45,141,58,185,0.7758620689655172,0.7621621621621621,false
Lake View 73092,small_mf,individual,46,303,134,912,0.34328358208955223,0.33223684210526316,false
Rogers Park 75040,condo_unit,llc,20,20,1670,1670,0.011976047904191617,0.011976047904191617,false
Leyden 20030,mixed_use_res,llc,6,14,47,175,0.1276595744680851,0.08,false
Jefferson 71074,small_mf,corp,3,21,76,512,0.039473684210526314,0.041015625,false
Lyons 21061,sfr_1_4,lender_reo,2,2,384,384,0.005208333333333333,0.005208333333333333,false
Lake 72061,sfr_1_4,trust,4,5,712,842,0.0056179775280898875,0.0059382422802850355,false
Leyden 20080,condo_unit,trust,20,20,1453,1453,0.013764624913971095,0.013764624913971095,false
Bloom 12044,small_mf,trust,1,6,2,12,0.5,0.5,false
Lake 72422,small_mf,partnership,1,7,4,26,0.25,0.2692307692307692,false
Northfield 25250,small_mf,individual,1,7,3,21,0.3333333333333333,0.3333333333333333,false
Rich 32060,condo_unit,trust,4,4,75,75,0.05333333333333334,0.05333333333333334,false
West Chicago 77115,sfr_1_4,corp,22,40,7770,14100,0.0028314028314028314,0.0028368794326241137,false
Jefferson 71260,sfr_1_4,partnership,8,8,3630,5245,0.0022038567493112946,0.001525262154432793,false
Cicero 15065,mixed_use_res,llc,1,2,32,103,0.03125,0.019417475728155338,false
South Chicago 76050,condo_unit,lender_reo,1,1,378,378,0.0026455026455026454,0.0026455026455026454,false
Lake 72350,mixed_use_res,llc,6,21,55,182,0.10909090909090909,0.11538461538461539,false
New Trier 23171,sfr_1_4,unknown,30,30,190,192,0.15789473684210525,0.15625,false
South Chicago 76060,sfr_1_4,llc,81,110,4850,7048,0.01670103092783505,0.015607264472190692,false
West Chicago 77101,small_mf,llc,17,116,82,518,0.2073170731707317,0.22393822393822393,false
Berwyn 11050,mixed_use_res,individual,37,101,42,120,0.8809523809523809,0.8416666666666667,false
Stickney 36021,sfr_1_4,llc,4,4,952,1009,0.004201680672268907,0.003964321110009911,false
South Chicago 76042,small_mf,llc,3,20,14,95,0.21428571428571427,0.21052631578947367,false
West Chicago 77030,small_mf,llc,171,1130,516,3329,0.3313953488372093,0.3394412736557525,false
West Chicago 77170,condo_unit,unknown,85,85,1809,1809,0.046987285793255944,0.046987285793255944,false
Northfield 25260,small_mf,unknown,1,7,1,7,,,true
Palatine 29140,sfr_1_4,individual,224,224,229,229,0.9781659388646288,0.9781659388646288,false
Rogers Park 75021,condo_unit,individual,453,453,543,543,0.8342541436464088,0.8342541436464088,false
Jefferson 71402,condo_unit,llc,13,13,781,781,0.016645326504481434,0.016645326504481434,false
Bloom 12151,sfr_1_4,unknown,7,7,263,264,0.026615969581749048,0.026515151515151516,false
Lake 72120,small_mf,unknown,4,27,53,351,0.07547169811320754,0.07692307692307693,false
Orland 28031,condo_unit,unknown,15,15,497,497,0.030181086519114688,0.030181086519114688,false
Jefferson 71081,sfr_1_4,unknown,86,177,2904,5108,0.029614325068870524,0.03465152701644479,false
Hanover 18080,sfr_1_4,trust,2,2,144,147,0.013888888888888888,0.013605442176870748,false
Jefferson 71074,sfr_1_4,llc,31,46,1398,1744,0.022174535050071532,0.026376146788990827,false
Thornton 37075,sfr_1_4,corp,4,4,753,806,0.005312084993359893,0.004962779156327543,false
Northfield 25011,sfr_1_4,unknown,28,28,1043,1043,0.026845637583892617,0.026845637583892617,false
Rogers Park 75031,condo_unit,trust,26,26,4133,4133,0.0062908299056375514,0.0062908299056375514,false
West Chicago 77040,sfr_1_4,unknown,52,98,1511,2586,0.03441429516876241,0.03789636504253674,false
Hyde Park 70070,small_mf,lender_reo,3,21,359,2330,0.008356545961002786,0.009012875536480686,false
Norwood Park 26010,mixed_use_res,llc,1,3,22,62,0.045454545454545456,0.04838709677419355,false
Palatine 29084,sfr_1_4,individual,1116,1116,1154,1154,0.9670710571923743,0.9670710571923743,false
Rich 32190,sfr_1_4,llc,34,34,630,630,0.05396825396825397,0.05396825396825397,false
West Chicago 77092,sfr_1_4,corp,7,14,615,1110,0.011382113821138212,0.012612612612612612,false
Lake 72350,sfr_1_4,llc,12,12,2710,2927,0.004428044280442804,0.004099760847283909,false
Elk Grove 16030,mixed_use_res,individual,3,12,6,27,0.5,0.4444444444444444,false
Evanston 17080,mixed_use_res,llc,3,9,16,61,0.1875,0.14754098360655737,false
Norwood Park 26010,small_mf,partnership,1,7,125,821,0.008,0.008526187576126675,false
Lake 72271,sfr_1_4,corp,7,7,3593,3714,0.0019482326746451434,0.001884760366182014,false
Palos 30010,condo_unit,individual,47,47,48,48,0.9791666666666666,0.9791666666666666,false
Worth 39400,sfr_1_4,unknown,3,3,156,156,0.019230769230769232,0.019230769230769232,false
Elk Grove 16085,small_mf,unknown,13,78,80,500,0.1625,0.156,false
River Forest 33040,sfr_1_4,trust,7,7,701,742,0.009985734664764621,0.009433962264150943,false
Hyde Park 70150,small_mf,trust,1,6,72,468,0.013888888888888888,0.01282051282051282,false
New Trier 23094,mixed_use_res,individual,1,2,1,2,,,true
Palatine 29090,sfr_1_4,unknown,18,18,979,979,0.018386108273748723,0.018386108273748723,false
Cicero 15071,sfr_1_4,lender_reo,3,7,1670,2805,0.0017964071856287425,0.0024955436720142605,false
Thornton 37161,mixed_use_res,individual,1,6,1,6,,,true
Lake View 73084,mixed_use_res,unknown,34,123,200,720,0.17,0.17083333333333334,false
Hanover 18035,sfr_1_4,llc,1,1,904,904,0.0011061946902654867,0.0011061946902654867,false
West Chicago 77051,condo_unit,corp,42,42,1908,1908,0.0220125786163522,0.0220125786163522,false
Lake View 73034,condo_unit,individual,7,7,14,14,0.5,0.5,false
Lake View 73200,condo_unit,trust,7,7,537,537,0.01303538175046555,0.01303538175046555,false
Lake 72110,mixed_use_res,unknown,7,18,65,199,0.1076923076923077,0.09045226130653267,false
Schaumburg 35113,condo_unit,individual,160,160,180,180,0.8888888888888888,0.8888888888888888,false
Hyde Park 70121,small_mf,unknown,7,49,47,325,0.14893617021276595,0.15076923076923077,false
Thornton 37054,sfr_1_4,trust,4,4,265,275,0.01509433962264151,0.014545454545454545,false
Thornton 37051,sfr_1_4,unknown,39,59,1219,1551,0.03199343724364233,0.038039974210186976,false
West Chicago 77120,condo_unit,trust,54,54,5079,5079,0.010632014176018901,0.010632014176018901,false
West Chicago 77040,condo_unit,individual,6,6,17,17,0.35294117647058826,0.35294117647058826,false
Lake View 73070,sfr_1_4,individual,2248,3512,2449,3909,0.9179256839526337,0.8984394985929905,false
Proviso 31161,sfr_1_4,individual,525,531,550,556,0.9545454545454546,0.9550359712230215,false
Lemont 19061,sfr_1_4,lender_reo,1,1,247,247,0.004048582995951417,0.004048582995951417,false
Palos 30062,sfr_1_4,lender_reo,1,1,607,607,0.0016474464579901153,0.0016474464579901153,false
Palos 30031,sfr_1_4,unknown,3,3,227,227,0.013215859030837005,0.013215859030837005,false
Evanston 17042,condo_unit,trust,5,5,174,174,0.028735632183908046,0.028735632183908046,false
Palos 30070,condo_unit,lender_reo,3,3,283,283,0.01060070671378092,0.01060070671378092,false
Palatine 29082,sfr_1_4,corp,224,224,416,416,0.5384615384615384,0.5384615384615384,false
New Trier 23022,sfr_1_4,corp,6,7,1455,1459,0.004123711340206186,0.004797806716929404,false
Leyden 20020,sfr_1_4,trust,10,13,2350,2637,0.00425531914893617,0.004929844520288207,false
Bremen 13032,sfr_1_4,trust,8,8,1496,1509,0.0053475935828877,0.005301524188204109,false
Hyde Park 70030,sfr_1_4,trust,21,40,4700,7901,0.004468085106382979,0.005062650297430705,false
Rogers Park 75010,condo_unit,unknown,4,4,141,141,0.028368794326241134,0.028368794326241134,false
Oak Park 27041,other_res,individual,1,1,1,1,,,true
Northfield 25082,sfr_1_4,lender_reo,1,1,152,152,0.006578947368421052,0.006578947368421052,false
Lake View 73062,small_mf,corp,27,184,162,1123,0.16666666666666666,0.163846838824577,false
Barrington 10012,mixed_use_res,corp,1,2,11,30,0.09090909090909091,0.06666666666666667,false
Niles 24101,sfr_1_4,unknown,98,103,4195,4299,0.0233611442193087,0.02395906024656897,false
Leyden 20070,sfr_1_4,individual,895,895,932,932,0.9603004291845494,0.9603004291845494,false
Maine 22040,small_mf,llc,1,7,6,42,0.16666666666666666,0.16666666666666666,false
Lemont 19010,mixed_use_res,trust,2,7,51,156,0.0392156862745098,0.04487179487179487,false
Rich 32330,sfr_1_4,lender_reo,1,1,146,146,0.00684931506849315,0.00684931506849315,false
Jefferson 71150,condo_unit,trust,4,4,695,695,0.0057553956834532375,0.0057553956834532375,false
Berwyn 11040,small_mf,llc,9,60,62,395,0.14516129032258066,0.1518987341772152,false
River Forest 33020,sfr_1_4,unknown,15,15,526,529,0.028517110266159697,0.02835538752362949,false
Riverside 34020,sfr_1_4,llc,8,14,1871,1948,0.00427578834847675,0.007186858316221766,false
Lyons 21041,mixed_use_res,individual,2,6,2,6,,,true
Thornton 37022,mixed_use_res,individual,1,2,1,2,,,true
Northfield 25090,condo_unit,trust,5,5,103,103,0.04854368932038835,0.04854368932038835,false
Worth 39330,sfr_1_4,unknown,16,22,296,350,0.05405405405405406,0.06285714285714286,false
South Chicago 76011,mixed_use_res,corp,1,2,15,54,0.06666666666666667,0.037037037037037035,false
Jefferson 71150,condo_unit,partnership,1,1,695,695,0.0014388489208633094,0.0014388489208633094,false
Palos 30050,sfr_1_4,trust,2,2,148,148,0.013513513513513514,0.013513513513513514,false
New Trier 23042,sfr_1_4,individual,148,148,156,156,0.9487179487179487,0.9487179487179487,false
South Chicago 76010,mixed_use_res,llc,4,10,9,34,0.4444444444444444,0.29411764705882354,false
Evanston 17071,small_mf,llc,14,95,46,317,0.30434782608695654,0.2996845425867508,false
New Trier 23044,sfr_1_4,llc,6,6,600,606,0.01,0.009900990099009901,false
Lake 72194,sfr_1_4,trust,4,4,1109,1110,0.0036068530207394047,0.0036036036036036037,false
Rich 32232,sfr_1_4,corp,4,4,277,277,0.01444043321299639,0.01444043321299639,false
Oak Park 27030,condo_unit,lender_reo,2,2,230,230,0.008695652173913044,0.008695652173913044,false
Bloom 12101,mixed_use_res,individual,20,55,23,61,0.8695652173913043,0.9016393442622951,false
Berwyn 11040,small_mf,corp,2,11,62,395,0.03225806451612903,0.027848101265822784,false
Northfield 25051,sfr_1_4,lender_reo,2,2,530,530,0.0037735849056603774,0.0037735849056603774,false
Wheeling 38053,sfr_1_4,llc,3,3,696,696,0.004310344827586207,0.004310344827586207,false
New Trier 23120,sfr_1_4,lender_reo,2,2,1972,1973,0.0010141987829614604,0.0010136847440446021,false
Maine 22091,sfr_1_4,corp,1,1,263,267,0.0038022813688212928,0.003745318352059925,false
West Chicago 77151,mixed_use_res,individual,24,72,32,104,0.75,0.6923076923076923,false
West Chicago 77091,condo_unit,corp,6,6,135,135,0.044444444444444446,0.044444444444444446,false
Northfield 25010,condo_unit,unknown,84,84,781,781,0.10755441741357234,0.10755441741357234,false
Rogers Park 75040,condo_unit,individual,1553,1553,1670,1670,0.9299401197604791,0.9299401197604791,false
Lake 72293,small_mf,unknown,1,6,2,11,0.5,0.5454545454545454,false
Oak Park 27040,mixed_use_res,individual,12,37,13,40,0.9230769230769231,0.925,false
Lake 72110,small_mf,unknown,9,61,56,373,0.16071428571428573,0.16353887399463807,false
Orland 28103,mixed_use_res,unknown,1,2,1,2,,,true
Schaumburg 35101,sfr_1_4,individual,322,322,342,342,0.9415204678362573,0.9415204678362573,false
Bremen 13100,sfr_1_4,individual,788,789,816,817,0.9656862745098039,0.9657282741738066,false
Schaumburg 35074,sfr_1_4,lender_reo,1,1,793,793,0.0012610340479192938,0.0012610340479192938,false
Rich 32270,sfr_1_4,individual,289,289,307,307,0.9413680781758957,0.9413680781758957,false
Bloom 12111,mixed_use_res,corp,1,4,19,59,0.05263157894736842,0.06779661016949153,false
Jefferson 71440,sfr_1_4,corp,2,2,3975,4100,0.0005031446540880503,0.0004878048780487805,false
Bloom 12031,condo_unit,llc,17,17,24,24,0.7083333333333334,0.7083333333333334,false
Lake View 73084,mixed_use_res,llc,44,161,200,720,0.22,0.22361111111111112,false
Leyden 20030,small_mf,individual,62,402,81,522,0.7654320987654321,0.7701149425287356,false
Bremen 13010,sfr_1_4,trust,8,12,1387,1471,0.005767844268204758,0.008157715839564922,false
Bremen 13400,sfr_1_4,trust,1,1,68,68,0.014705882352941176,0.014705882352941176,false
Bloom 12081,small_mf,partnership,1,7,1,7,,,true
North Chicago 74022,small_mf,corp,6,42,151,1032,0.039735099337748346,0.040697674418604654,false
Rich 32045,sfr_1_4,llc,8,8,578,602,0.01384083044982699,0.013289036544850499,false
New Trier 23120,small_mf,trust,1,5,5,33,0.2,0.15151515151515152,false
Bloom 12051,sfr_1_4,unknown,11,11,467,467,0.023554603854389723,0.023554603854389723,false
Lake View 73044,mixed_use_res,corp,1,6,5,27,0.2,0.2222222222222222,false
Barrington 10022,sfr_1_4,unknown,4,4,118,118,0.03389830508474576,0.03389830508474576,false
Schaumburg 35103,small_mf,individual,4,28,4,28,1.0,1.0,false
Bloom 12073,sfr_1_4,unknown,18,18,630,630,0.02857142857142857,0.02857142857142857,false
Wheeling 38050,small_mf,individual,1,7,7,49,0.14285714285714285,0.14285714285714285,false
Jefferson 71200,condo_unit,trust,7,7,1159,1159,0.0060396893874029335,0.0060396893874029335,false
Lake 72223,small_mf,unknown,5,34,19,127,0.2631578947368421,0.2677165354330709,false
Proviso 31092,sfr_1_4,corp,12,16,1569,1948,0.0076481835564053535,0.008213552361396304,false
Bloom 12085,mixed_use_res,unknown,1,4,4,13,0.25,0.3076923076923077,false
Jefferson 71050,sfr_1_4,unknown,51,81,1964,2837,0.025967413441955193,0.02855128657032076,false
Rich 32130,sfr_1_4,corp,10,11,1133,1175,0.0088261253309797,0.009361702127659575,false
Hanover 18020,sfr_1_4,unknown,1016,1016,5089,5089,0.1996462959324032,0.1996462959324032,false
Jefferson 71402,condo_unit,corp,3,3,781,781,0.0038412291933418692,0.0038412291933418692,false
Proviso 31020,condo_unit,individual,28,28,29,29,0.9655172413793104,0.9655172413793104,false
Jefferson 71041,sfr_1_4,trust,14,25,2235,4008,0.006263982102908278,0.0062375249500998,false
Lake 72061,sfr_1_4,lender_reo,3,3,712,842,0.004213483146067416,0.0035629453681710215,false
Bremen 13171,small_mf,trust,1,6,23,154,0.043478260869565216,0.03896103896103896,false
Thornton 37092,condo_unit,trust,1,1,64,64,0.015625,0.015625,false
Wheeling 38053,sfr_1_4,unknown,6,6,696,696,0.008620689655172414,0.008620689655172414,false
Oak Park 27010,mixed_use_res,llc,3,6,12,36,0.25,0.16666666666666666,false
Bloom 12041,mixed_use_res,individual,1,4,1,4,,,true
Lyons 21082,small_mf,individual,11,76,33,222,0.3333333333333333,0.34234234234234234,false
Leyden 20020,mixed_use_res,unknown,1,2,12,42,0.08333333333333333,0.047619047619047616,false
Bloom 12032,sfr_1_4,llc,28,28,721,731,0.038834951456310676,0.038303693570451436,false
Thornton 37070,sfr_1_4,llc,89,98,4343,4879,0.020492746949113516,0.020086083213773313,false
Orland 28061,condo_unit,corp,4,4,162,162,0.024691358024691357,0.024691358024691357,false
Lake 72040,mixed_use_res,llc,12,36,206,717,0.05825242718446602,0.0502092050209205,false
Worth 39410,sfr_1_4,individual,49,49,51,51,0.9607843137254902,0.9607843137254902,false
Rich 32043,mixed_use_res,llc,1,6,2,9,,,true
Lyons 21065,condo_unit,individual,532,532,577,577,0.9220103986135182,0.9220103986135182,false
Proviso 31060,mixed_use_res,llc,2,8,18,59,0.1111111111111111,0.13559322033898305,false
Thornton 37162,sfr_1_4,llc,13,16,1175,1190,0.011063829787234043,0.013445378151260505,false
Leyden 20081,small_mf,individual,168,1035,235,1463,0.7148936170212766,0.7074504442925496,false
Bremen 13130,sfr_1_4,lender_reo,5,5,3420,3422,0.0014619883040935672,0.0014611338398597311,false
South Chicago 76010,mixed_use_res,individual,3,15,9,34,0.3333333333333333,0.4411764705882353,false
Bremen 13250,condo_unit,trust,1,1,112,112,0.008928571428571428,0.008928571428571428,false
Bremen 13010,small_mf,unknown,1,7,12,80,0.08333333333333333,0.0875,false
Lake View 73084,sfr_1_4,partnership,5,13,2305,4498,0.0021691973969631237,0.002890173410404624,false
Palatine 29170,sfr_1_4,llc,2,2,446,446,0.004484304932735426,0.004484304932735426,false
South Chicago 76050,small_mf,llc,24,157,87,552,0.27586206896551724,0.28442028985507245,false
Lyons 21082,condo_unit,unknown,9,9,277,277,0.032490974729241874,0.032490974729241874,false
Lake 72193,sfr_1_4,individual,1497,1578,1549,1634,0.9664299548095545,0.9657282741738066,false
Oak Park 27040,condo_unit,llc,23,23,1183,1183,0.01944209636517329,0.01944209636517329,false
Hyde Park 70070,condo_unit,individual,1105,1105,1432,1432,0.7716480446927374,0.7716480446927374,false
Lake View 73070,condo_unit,unknown,56,56,1207,1207,0.0463960231980116,0.0463960231980116,false
Thornton 37200,sfr_1_4,unknown,27,27,861,863,0.0313588850174216,0.031286210892236384,false
Thornton 37054,small_mf,individual,15,105,17,118,0.8823529411764706,0.8898305084745762,false
Thornton 37164,sfr_1_4,trust,1,1,307,307,0.003257328990228013,0.003257328990228013,false
West Chicago 77030,condo_unit,unknown,206,206,3991,3991,0.051616136306690055,0.051616136306690055,false
Thornton 37102,condo_unit,individual,75,75,84,84,0.8928571428571429,0.8928571428571429,false
Hyde Park 70230,sfr_1_4,unknown,48,64,1119,1417,0.04289544235924933,0.04516584333098095,false
Bloom 12053,sfr_1_4,unknown,4,4,212,212,0.018867924528301886,0.018867924528301886,false
Palatine 29033,sfr_1_4,individual,2727,2727,2836,2836,0.9615655853314528,0.9615655853314528,false
Jefferson 71042,sfr_1_4,llc,14,34,1333,2037,0.010502625656414103,0.016691212567501227,false
Bloom 12044,condo_unit,llc,2,2,114,114,0.017543859649122806,0.017543859649122806,false
Jefferson 71140,mixed_use_res,corp,1,2,33,107,0.030303030303030304,0.018691588785046728,false
West Chicago 77115,small_mf,unknown,13,84,181,1133,0.0718232044198895,0.07413945278022947,false
Proviso 31031,mixed_use_res,unknown,1,2,3,6,,,true
Worth 39250,small_mf,unknown,2,14,35,243,0.05714285714285714,0.05761316872427984,false
West Chicago 77170,sfr_1_4,trust,40,55,2431,3854,0.016454134101192924,0.014270887389724962,false
Bremen 13312,sfr_1_4,individual,794,824,829,865,0.9577804583835947,0.9526011560693641,false
Northfield 25350,condo_unit,unknown,20,20,140,140,0.14285714285714285,0.14285714285714285,false
Lake View 73032,condo_unit,individual,2313,2313,2569,2569,0.9003503308680421,0.9003503308680421,false
Hyde Park 70260,small_mf,llc,1,7,2,14,0.5,0.5,false
Lake 72223,small_mf,trust,2,13,19,127,0.10526315789473684,0.10236220472440945,false
Lake View 73120,condo_unit,unknown,42,42,661,661,0.06354009077155824,0.06354009077155824,false
Maine 22150,condo_unit,corp,1,1,522,522,0.0019157088122605363,0.0019157088122605363,false
West Chicago 77120,small_mf,individual,163,1021,474,3062,0.3438818565400844,0.3334421946440235,false
Lake 72260,small_mf,trust,3,20,30,205,0.1,0.0975609756097561,false
Bremen 13070,sfr_1_4,corp,4,4,513,513,0.007797270955165692,0.007797270955165692,false
Rich 32255,condo_unit,trust,1,1,54,54,0.018518518518518517,0.018518518518518517,false
Jefferson 71420,sfr_1_4,lender_reo,3,3,931,956,0.00322234156820623,0.0031380753138075313,false
Hanover 18080,sfr_1_4,llc,2,2,144,147,0.013888888888888888,0.013605442176870748,false
Rich 32300,sfr_1_4,trust,2,2,217,217,0.009216589861751152,0.009216589861751152,false
Bremen 13080,condo_unit,trust,1,1,278,278,0.0035971223021582736,0.0035971223021582736,false
Rogers Park 75010,sfr_1_4,lender_reo,1,1,1666,1743,0.0006002400960384153,0.0005737234652897303,false
Bremen 13250,sfr_1_4,llc,14,14,853,853,0.016412661195779603,0.016412661195779603,false
Rich 32150,sfr_1_4,partnership,5,5,742,772,0.006738544474393531,0.006476683937823834,false
Orland 28011,condo_unit,unknown,5,5,180,180,0.027777777777777776,0.027777777777777776,false
Wheeling 38072,mixed_use_res,unknown,1,2,7,22,0.14285714285714285,0.09090909090909091,false
Lake View 73092,mixed_use_res,individual,6,23,23,95,0.2608695652173913,0.24210526315789474,false
Rich 32262,sfr_1_4,unknown,5,5,147,147,0.034013605442176874,0.034013605442176874,false
Rich 32080,sfr_1_4,trust,2,2,178,178,0.011235955056179775,0.011235955056179775,false
Lyons 21101,mixed_use_res,unknown,1,4,4,10,0.25,0.4,false
Schaumburg 35090,condo_unit,trust,4,4,359,359,0.011142061281337047,0.011142061281337047,false
Evanston 17110,sfr_1_4,corp,2,5,1104,1308,0.0018115942028985507,0.00382262996941896,false
Palatine 29083,condo_unit,trust,2,2,422,422,0.004739336492890996,0.004739336492890996,false
Jefferson 71440,condo_unit,trust,7,7,294,294,0.023809523809523808,0.023809523809523808,false
Cicero 15020,small_mf,unknown,6,37,33,207,0.18181818181818182,0.178743961352657,false
Hyde Park 70010,coop_building,coop_corp,7,7,7,7,,,true
Thornton 37070,small_mf,individual,48,294,72,457,0.6666666666666666,0.6433260393873085,false
Evanston 17050,sfr_1_4,llc,1,1,176,176,0.005681818181818182,0.005681818181818182,false
Rogers Park 75022,condo_unit,trust,18,18,2012,2012,0.008946322067594433,0.008946322067594433,false
Hyde Park 70010,mixed_use_res,llc,2,8,28,103,0.07142857142857142,0.07766990291262135,false
New Trier 23141,sfr_1_4,unknown,15,15,809,810,0.018541409147095178,0.018518518518518517,false
New Trier 23110,sfr_1_4,trust,17,17,490,490,0.03469387755102041,0.03469387755102041,false
South Chicago 76010,sfr_1_4,individual,1,1,1,1,,,true
Barrington 10021,sfr_1_4,unknown,39,39,799,799,0.04881101376720901,0.04881101376720901,false
West Chicago 77103,sfr_1_4,lender_reo,3,6,951,1702,0.0031545741324921135,0.0035252643948296123,false
Worth 39210,mixed_use_res,unknown,1,4,6,17,0.16666666666666666,0.23529411764705882,false
Niles 24102,sfr_1_4,corp,2,2,488,488,0.004098360655737705,0.004098360655737705,false
Rich 32130,small_mf,unknown,3,21,7,45,0.42857142857142855,0.4666666666666667,false
Oak Park 27020,sfr_1_4,unknown,31,34,1366,1514,0.022693997071742314,0.022457067371202115,false
Bloom 12032,mixed_use_res,llc,2,10,2,10,1.0,1.0,false
Jefferson 71071,sfr_1_4,estate,1,1,2831,3731,0.00035323207347227127,0.0002680246582685607,false
Hanover 18012,condo_unit,llc,2,2,242,242,0.008264462809917356,0.008264462809917356,false
Jefferson 71030,condo_unit,trust,2,2,71,71,0.028169014084507043,0.028169014084507043,false
Bloom 12141,small_mf,unknown,4,28,21,139,0.19047619047619047,0.2014388489208633,false
Bremen 13140,small_mf,lender_reo,1,6,72,433,0.013888888888888888,0.013856812933025405,false
New Trier 23100,sfr_1_4,lender_reo,3,3,1109,1111,0.002705139765554554,0.0027002700270027003,false
Proviso 31091,mixed_use_res,individual,33,116,48,164,0.6875,0.7073170731707317,false
Oak Park 27041,sfr_1_4,unknown,15,17,436,514,0.034403669724770644,0.033073929961089495,false
Proviso 31042,small_mf,corp,3,20,65,402,0.046153846153846156,0.04975124378109453,false
Hyde Park 70230,sfr_1_4,corp,24,27,1119,1417,0.021447721179624665,0.019054340155257588,false
Jefferson 71260,sfr_1_4,unknown,73,101,3630,5245,0.020110192837465565,0.019256434699714012,false
Hanover 18060,condo_unit,corp,1,1,145,145,0.006896551724137931,0.006896551724137931,false
Rogers Park 75022,mixed_use_res,corp,2,6,18,71,0.1111111111111111,0.08450704225352113,false
Lake View 73093,small_mf,individual,41,256,126,823,0.3253968253968254,0.3110571081409477,false
Bremen 13130,condo_unit,unknown,4,4,295,295,0.013559322033898305,0.013559322033898305,false
Worth 39260,condo_unit,individual,16,16,16,16,1.0,1.0,false
Evanston 17050,sfr_1_4,corp,1,1,176,176,0.005681818181818182,0.005681818181818182,false
West Chicago 77020,mixed_use_res,unknown,3,11,141,520,0.02127659574468085,0.021153846153846155,false
Maine 22070,condo_unit,individual,11,11,12,12,0.9166666666666666,0.9166666666666666,false
Orland 28012,sfr_1_4,corp,2,2,358,358,0.00558659217877095,0.00558659217877095,false
Palatine 29011,sfr_1_4,corp,2,2,725,725,0.002758620689655172,0.002758620689655172,false
Lyons 21031,sfr_1_4,trust,16,16,843,877,0.018979833926453145,0.018244013683010263,false
Lake 72221,mixed_use_res,corp,1,4,54,188,0.018518518518518517,0.02127659574468085,false
Lake 72223,sfr_1_4,llc,33,38,724,867,0.04558011049723757,0.04382929642445214,false
New Trier 23044,mixed_use_res,unknown,1,5,9,32,0.1111111111111111,0.15625,false
Worth 39010,condo_unit,unknown,15,15,415,415,0.03614457831325301,0.03614457831325301,false
Schaumburg 35116,condo_unit,unknown,5,5,144,144,0.034722222222222224,0.034722222222222224,false
Jefferson 71171,condo_unit,corp,1,1,125,125,0.008,0.008,false
Wheeling 38040,sfr_1_4,trust,42,42,4184,4193,0.010038240917782026,0.01001669449081803,false
Palatine 29170,sfr_1_4,corp,1,1,446,446,0.002242152466367713,0.002242152466367713,false
Schaumburg 35109,sfr_1_4,corp,8,8,1800,1800,0.0044444444444444444,0.0044444444444444444,false
Worth 39071,condo_unit,lender_reo,3,3,1323,1323,0.0022675736961451248,0.0022675736961451248,false
Lake 72422,sfr_1_4,individual,2877,2885,3014,3024,0.9545454545454546,0.9540343915343915,false
Northfield 25180,sfr_1_4,corp,3,3,654,654,0.0045871559633027525,0.0045871559633027525,false
Hanover 18015,condo_unit,llc,22,22,559,559,0.03935599284436494,0.03935599284436494,false
Jefferson 71520,condo_unit,trust,3,3,15,15,0.2,0.2,false
Lake 72170,sfr_1_4,individual,1918,2732,2220,3166,0.8639639639639639,0.8629185091598232,false
Hyde Park 70230,small_mf,individual,10,62,11,69,0.9090909090909091,0.8985507246376812,false
Jefferson 71210,small_mf,corp,1,7,47,315,0.02127659574468085,0.022222222222222223,false
Hanover 18012,condo_unit,individual,223,223,242,242,0.9214876033057852,0.9214876033057852,false
Hyde Park 70140,condo_unit,llc,1,1,35,35,0.02857142857142857,0.02857142857142857,false
Hanover 18011,mixed_use_res,corp,1,2,1,2,,,true
Palatine 29090,sfr_1_4,corp,1,1,979,979,0.0010214504596527069,0.0010214504596527069,false
Palatine 29070,condo_unit,individual,3247,3247,3516,3516,0.9234926052332195,0.9234926052332195,false
Schaumburg 35012,condo_unit,llc,27,27,993,993,0.027190332326283987,0.027190332326283987,false
Lake 72194,condo_unit,llc,6,6,443,443,0.013544018058690745,0.013544018058690745,false
Orland 28012,sfr_1_4,llc,6,6,358,358,0.01675977653631285,0.01675977653631285,false
Orland 28015,condo_unit,lender_reo,3,3,1165,1165,0.002575107296137339,0.002575107296137339,false
Oak Park 27030,sfr_1_4,individual,1533,1642,1616,1743,0.9486386138613861,0.9420539300057372,false
Riverside 34080,condo_unit,trust,4,4,155,155,0.025806451612903226,0.025806451612903226,false
West Chicago 77030,small_mf,partnership,1,7,516,3329,0.001937984496124031,0.0021027335536197055,false
Bloom 12051,sfr_1_4,partnership,4,4,467,467,0.008565310492505354,0.008565310492505354,false
Proviso 31020,condo_unit,unknown,1,1,29,29,0.034482758620689655,0.034482758620689655,false
Jefferson 71361,small_mf,llc,2,12,21,130,0.09523809523809523,0.09230769230769231,false
West Chicago 77170,sfr_1_4,partnership,1,2,2431,3854,0.00041135335252982314,0.0005189413596263622,false
Northfield 25430,condo_unit,individual,308,308,347,347,0.8876080691642652,0.8876080691642652,false
Leyden 20020,small_mf,individual,129,777,159,977,0.8113207547169812,0.7952917093142272,false
Stickney 36041,mixed_use_res,llc,1,3,18,63,0.05555555555555555,0.047619047619047616,false
Hyde Park 70180,sfr_1_4,llc,113,120,3829,4100,0.029511621833376862,0.02926829268292683,false
Lake 72281,sfr_1_4,partnership,1,1,2390,2593,0.00041841004184100416,0.0003856536829926726,false
Wheeling 38053,sfr_1_4,trust,3,3,696,696,0.004310344827586207,0.004310344827586207,false
Bloom 12150,sfr_1_4,llc,3,3,366,368,0.00819672131147541,0.008152173913043478,false
West Chicago 77132,mixed_use_res,unknown,15,48,110,397,0.13636363636363635,0.12090680100755667,false
New Trier 23132,condo_unit,trust,5,5,81,81,0.06172839506172839,0.06172839506172839,false
Hanover 18035,sfr_1_4,unknown,126,126,904,904,0.13938053097345132,0.13938053097345132,false
Evanston 17090,sfr_1_4,unknown,18,20,719,799,0.025034770514603615,0.025031289111389236,false
New Trier 23120,sfr_1_4,individual,1877,1878,1972,1973,0.9518255578093306,0.9518499746578813,false
Worth 39410,condo_unit,lender_reo,1,1,334,334,0.0029940119760479044,0.0029940119760479044,false
Hyde Park 70101,mixed_use_res,corp,1,4,41,124,0.024390243902439025,0.03225806451612903,false
Orland 28011,sfr_1_4,lender_reo,2,2,1551,1551,0.0012894906511927789,0.0012894906511927789,false
Schaumburg 35072,condo_unit,lender_reo,1,1,664,664,0.0015060240963855422,0.0015060240963855422,false
Norwood Park 26010,mixed_use_res,corp,2,4,22,62,0.09090909090909091,0.06451612903225806,false
Jefferson 71071,condo_unit,unknown,14,14,351,351,0.039886039886039885,0.039886039886039885,false
West Chicago 77151,sfr_1_4,lender_reo,1,4,596,1108,0.0016778523489932886,0.0036101083032490976,false
Bremen 13250,sfr_1_4,corp,5,5,853,853,0.005861664712778429,0.005861664712778429,false
Palatine 29033,sfr_1_4,corp,2,2,2836,2836,0.0007052186177715092,0.0007052186177715092,false
Schaumburg 35112,condo_unit,unknown,4,4,140,140,0.02857142857142857,0.02857142857142857,false
Cicero 15025,sfr_1_4,llc,1,2,214,357,0.004672897196261682,0.0056022408963585435,false
Lake 72052,small_mf,individual,3,21,10,69,0.3,0.30434782608695654,false
Thornton 37130,sfr_1_4,individual,1563,1639,1754,1839,0.8911060433295325,0.8912452419793366,false
Wheeling 38052,sfr_1_4,llc,4,4,1334,1376,0.0029985007496251873,0.0029069767441860465,false
Berwyn 11010,mixed_use_res,trust,1,2,31,97,0.03225806451612903,0.020618556701030927,false
Rich 32170,sfr_1_4,lender_reo,1,1,403,403,0.0024813895781637717,0.0024813895781637717,false
Palos 30063,sfr_1_4,unknown,4,4,177,177,0.022598870056497175,0.022598870056497175,false
Bremen 13314,small_mf,llc,17,107,55,365,0.3090909090909091,0.29315068493150687,false
Rich 32224,small_mf,llc,1,6,6,35,0.16666666666666666,0.17142857142857143,false
Wheeling 38012,condo_unit,corp,1,1,1005,1005,0.0009950248756218905,0.0009950248756218905,false
Northfield 25072,sfr_1_4,corp,7,7,1570,1570,0.0044585987261146496,0.0044585987261146496,false
Lake View 73022,condo_unit,llc,2,2,134,134,0.014925373134328358,0.014925373134328358,false
Barrington 10024,sfr_1_4,unknown,12,12,539,539,0.022263450834879406,0.022263450834879406,false
Niles 24051,sfr_1_4,llc,26,27,3685,3793,0.007055630936227951,0.007118375955707883,false
Proviso 31120,sfr_1_4,corp,3,3,844,845,0.0035545023696682463,0.0035502958579881655,false
Oak Park 27090,sfr_1_4,unknown,19,22,735,857,0.02585034013605442,0.025670945157526253,false
Maine 22111,mixed_use_res,llc,1,2,4,11,0.25,0.18181818181818182,false
Lake View 73060,sfr_1_4,unknown,9,15,187,260,0.0481283422459893,0.057692307692307696,false
Palatine 29060,small_mf,unknown,5,33,48,307,0.10416666666666667,0.10749185667752444,false
Worth 39400,condo_unit,individual,215,215,222,222,0.9684684684684685,0.9684684684684685,false
Hyde Park 70111,small_mf,lender_reo,1,7,93,617,0.010752688172043012,0.011345218800648298,false
Worth 39211,small_mf,llc,12,74,53,342,0.22641509433962265,0.21637426900584794,false
Bloom 12082,sfr_1_4,trust,1,1,386,389,0.0025906735751295338,0.002570694087403599,false
Rogers Park 75021,condo_unit,llc,45,45,543,543,0.08287292817679558,0.08287292817679558,false
Bloom 12111,sfr_1_4,corp,9,10,841,1110,0.01070154577883472,0.009009009009009009,false
Maine 22140,sfr_1_4,unknown,1,1,80,80,0.0125,0.0125,false
West Chicago 77060,condo_unit,corp,9,9,1638,1638,0.005494505494505495,0.005494505494505495,false
Orland 28046,sfr_1_4,lender_reo,3,3,1259,1259,0.0023828435266084196,0.0023828435266084196,false
Lake View 73150,sfr_1_4,corp,8,19,686,1259,0.011661807580174927,0.015091342335186657,false
Lake View 73031,condo_unit,llc,266,266,10096,10096,0.026347068145800318,0.026347068145800318,false
Proviso 31010,small_mf,corp,6,42,15,101,0.4,0.4158415841584158,false
New Trier 23041,sfr_1_4,corp,4,4,797,797,0.005018820577164366,0.005018820577164366,false
Lake View 73060,condo_unit,estate,3,3,9084,9084,0.00033025099075297226,0.00033025099075297226,false
Lake 72260,small_mf,individual,16,111,30,205,0.5333333333333333,0.5414634146341464,false
New Trier 23100,sfr_1_4,unknown,24,24,1109,1111,0.02164111812443643,0.021602160216021602,false
Maine 22180,sfr_1_4,llc,44,51,2067,2184,0.021286889211417512,0.023351648351648352,false
Lyons 21065,condo_unit,lender_reo,1,1,577,577,0.0017331022530329288,0.0017331022530329288,false
New Trier 23094,sfr_1_4,corp,3,3,806,812,0.0037220843672456576,0.003694581280788177,false
Lyons 21132,mixed_use_res,individual,1,3,4,9,,,true
Thornton 37021,sfr_1_4,unknown,192,195,3938,4092,0.04875571356018284,0.047653958944281524,false
Bloom 12122,small_mf,individual,1,7,1,7,,,true
Hanover 18020,sfr_1_4,individual,3973,3973,5089,5089,0.7807034780899981,0.7807034780899981,false
Rich 32227,sfr_1_4,llc,1,1,97,97,0.010309278350515464,0.010309278350515464,false
Maine 22110,sfr_1_4,lender_reo,1,1,1419,1454,0.0007047216349541931,0.000687757909215956,false
Rogers Park 75040,mixed_use_res,individual,6,13,6,13,1.0,1.0,false
Jefferson 71270,mixed_use_res,llc,2,7,71,225,0.028169014084507043,0.03111111111111111,false
Rich 32224,condo_unit,individual,181,181,199,199,0.9095477386934674,0.9095477386934674,false
West Chicago 77040,small_mf,unknown,3,21,31,194,0.0967741935483871,0.10824742268041238,false
Worth 39270,sfr_1_4,unknown,29,29,372,372,0.07795698924731183,0.07795698924731183,false
Thornton 37010,mixed_use_res,individual,3,7,3,7,,,true
Worth 39080,condo_unit,trust,12,12,1439,1439,0.008339124391938846,0.008339124391938846,false
Maine 22040,sfr_1_4,individual,2553,2580,2639,2667,0.9674118984463812,0.9673790776152981,false
West Chicago 77150,coop_building,coop_corp,1,1,1,1,,,true
New Trier 23044,small_mf,llc,5,35,10,70,0.5,0.5,false
Bremen 13100,condo_unit,trust,3,3,454,454,0.006607929515418502,0.006607929515418502,false
Northfield 25011,condo_unit,llc,21,21,1579,1579,0.013299556681443952,0.013299556681443952,false
Hyde Park 70083,small_mf,unknown,52,340,220,1438,0.23636363636363636,0.2364394993045897,false
Riverside 34020,sfr_1_4,partnership,1,1,1871,1948,0.0005344735435595938,0.000513347022587269,false
Rogers Park 75021,small_mf,lender_reo,1,7,96,645,0.010416666666666666,0.010852713178294573,false
Worth 39100,sfr_1_4,unknown,68,71,2957,3037,0.022996280013527222,0.023378333882120513,false
Evanston 17110,sfr_1_4,unknown,16,25,1104,1308,0.014492753623188406,0.0191131498470948,false
Cicero 15020,sfr_1_4,trust,4,9,830,1549,0.004819277108433735,0.005810200129115558,false
Lyons 21151,sfr_1_4,individual,318,318,331,331,0.9607250755287009,0.9607250755287009,false
Schaumburg 35030,sfr_1_4,trust,18,18,2206,2206,0.008159564823209429,0.008159564823209429,false
Elk Grove 16030,mixed_use_res,corp,1,3,6,27,0.16666666666666666,0.1111111111111111,false
Jefferson 71430,sfr_1_4,unknown,144,149,5165,5351,0.027879961277831558,0.027845262567744347,false
Worth 39130,sfr_1_4,llc,7,7,831,892,0.00842358604091456,0.007847533632286996,false
Thornton 37130,mixed_use_res,individual,23,69,30,95,0.7666666666666667,0.7263157894736842,false
Lyons 21064,sfr_1_4,trust,22,22,547,547,0.04021937842778794,0.04021937842778794,false
Niles 24102,sfr_1_4,lender_reo,1,1,488,488,0.0020491803278688526,0.0020491803278688526,false
Hanover 18019,sfr_1_4,unknown,155,155,1226,1226,0.1264274061990212,0.1264274061990212,false
Bremen 13310,condo_unit,corp,2,2,845,845,0.002366863905325444,0.002366863905325444,false
Thornton 37061,small_mf,corp,2,12,35,216,0.05714285714285714,0.05555555555555555,false
Bremen 13171,small_mf,llc,2,14,23,154,0.08695652173913043,0.09090909090909091,false
Northfield 25131,condo_unit,individual,280,280,295,295,0.9491525423728814,0.9491525423728814,false
Jefferson 71371,mixed_use_res,individual,56,189,71,249,0.7887323943661971,0.7590361445783133,false
Niles 24051,sfr_1_4,partnership,1,1,3685,3793,0.000271370420624152,0.0002636435539151068,false
Hyde Park 70210,sfr_1_4,unknown,99,125,1913,2703,0.05175117616309462,0.04624491305956345,false
Rich 32250,sfr_1_4,individual,297,297,306,306,0.9705882352941176,0.9705882352941176,false
Northfield 25430,sfr_1_4,unknown,11,11,667,667,0.01649175412293853,0.01649175412293853,false
New Trier 23094,sfr_1_4,llc,5,5,806,812,0.00620347394540943,0.006157635467980296,false
Worth 39400,sfr_1_4,individual,145,145,156,156,0.9294871794871795,0.9294871794871795,false
West Chicago 77120,small_mf,lender_reo,10,70,474,3062,0.02109704641350211,0.022860875244937948,false
Worth 39100,sfr_1_4,partnership,3,3,2957,3037,0.0010145417653026716,0.0009878169245966415,false
Lake 72171,small_mf,individual,30,202,53,356,0.5660377358490566,0.5674157303370787,false
Lyons 21101,small_mf,unknown,1,7,5,32,0.2,0.21875,false
Palos 30080,sfr_1_4,lender_reo,2,2,906,906,0.002207505518763797,0.002207505518763797,false
Lyons 21053,sfr_1_4,individual,44,44,47,47,0.9361702127659575,0.9361702127659575,false
Bremen 13010,mixed_use_res,llc,1,2,17,58,0.058823529411764705,0.034482758620689655,false
Palatine 29060,sfr_1_4,trust,42,42,3802,3931,0.011046817464492372,0.010684304248282879,false
Schaumburg 35160,sfr_1_4,trust,6,6,120,120,0.05,0.05,false
Maine 22180,sfr_1_4,individual,1957,2043,2067,2184,0.9467827769714562,0.9354395604395604,false
Worth 39132,sfr_1_4,partnership,1,1,858,1019,0.0011655011655011655,0.0009813542688910696,false
West Chicago 77131,sfr_1_4,individual,670,896,776,1106,0.8634020618556701,0.810126582278481,false
Wheeling 38081,condo_unit,llc,3,3,1264,1264,0.0023734177215189874,0.0023734177215189874,false
Lake 72330,small_mf,unknown,2,12,17,114,0.11764705882352941,0.10526315789473684,false
Stickney 36041,condo_unit,unknown,1,1,92,92,0.010869565217391304,0.010869565217391304,false
Norwood Park 26040,sfr_1_4,unknown,43,43,1447,1453,0.029716655148583276,0.029593943565037854,false
Hyde Park 70070,mixed_use_res,unknown,4,15,35,112,0.11428571428571428,0.13392857142857142,false
Northfield 25100,condo_unit,individual,194,194,197,197,0.9847715736040609,0.9847715736040609,false
Leyden 20090,small_mf,llc,10,68,63,422,0.15873015873015872,0.16113744075829384,false
Palos 30060,condo_unit,corp,4,4,705,705,0.005673758865248227,0.005673758865248227,false
Thornton 37161,sfr_1_4,llc,8,8,305,343,0.02622950819672131,0.023323615160349854,false
Lyons 21031,small_mf,llc,1,7,2,14,0.5,0.5,false
Evanston 17110,small_mf,unknown,2,14,15,98,0.13333333333333333,0.14285714285714285,false
Lyons 21012,sfr_1_4,individual,1561,1572,1658,1673,0.9414957780458384,0.9396294082486552,false
Lake 72091,small_mf,llc,10,61,57,359,0.17543859649122806,0.16991643454038996,false
Lake 72300,condo_unit,unknown,17,17,307,307,0.05537459283387622,0.05537459283387622,false
Northfield 25051,sfr_1_4,unknown,14,14,530,530,0.026415094339622643,0.026415094339622643,false
Bloom 12065,sfr_1_4,llc,3,3,166,166,0.018072289156626505,0.018072289156626505,false
Hyde Park 70180,condo_unit,llc,1,1,8,8,,,true
Thornton 37161,sfr_1_4,unknown,5,5,305,343,0.01639344262295082,0.014577259475218658,false
Bremen 13010,sfr_1_4,corp,2,2,1387,1471,0.0014419610670511895,0.0013596193065941536,false
Northfield 25350,sfr_1_4,unknown,1,1,201,201,0.004975124378109453,0.004975124378109453,false
Orland 28011,sfr_1_4,llc,2,2,1551,1551,0.0012894906511927789,0.0012894906511927789,false
Worth 39071,mixed_use_res,corp,1,2,16,37,0.0625,0.05405405405405406,false
Proviso 31160,sfr_1_4,corp,13,13,2206,2376,0.0058930190389845875,0.005471380471380472,false
West Chicago 77013,mixed_use_res,unknown,8,33,126,485,0.06349206349206349,0.06804123711340206,false
Evanston 17011,sfr_1_4,trust,7,7,717,718,0.009762900976290097,0.009749303621169917,false
Maine 22143,condo_unit,trust,15,15,277,277,0.05415162454873646,0.05415162454873646,false
Jefferson 71270,sfr_1_4,unknown,39,55,1731,2440,0.022530329289428077,0.022540983606557378,false
Palos 30051,condo_unit,individual,222,222,232,232,0.9568965517241379,0.9568965517241379,false
Orland 28022,small_mf,unknown,4,27,20,127,0.2,0.2125984251968504,false
Evanston 17080,mixed_use_res,individual,9,37,16,61,0.5625,0.6065573770491803,false
Thornton 37024,condo_unit,llc,4,4,36,36,0.1111111111111111,0.1111111111111111,false
Lyons 21111,small_mf,llc,4,28,59,372,0.06779661016949153,0.07526881720430108,false
Wheeling 38090,condo_unit,trust,12,12,2204,2204,0.0054446460980036296,0.0054446460980036296,false
New Trier 23043,condo_unit,trust,2,2,86,86,0.023255813953488372,0.023255813953488372,false
Evanston 17011,sfr_1_4,llc,3,3,717,718,0.0041841004184100415,0.004178272980501393,false
Jefferson 71090,mixed_use_res,corp,4,14,63,202,0.06349206349206349,0.06930693069306931,false
Bremen 13314,sfr_1_4,corp,12,13,1466,1485,0.008185538881309686,0.008754208754208754,false
Jefferson 71021,small_mf,unknown,1,7,7,49,0.14285714285714285,0.14285714285714285,false
Bremen 13151,sfr_1_4,individual,525,525,580,580,0.9051724137931034,0.9051724137931034,false
Jefferson 71430,sfr_1_4,individual,4906,5067,5165,5351,0.9498547918683447,0.9469258082601383,false
Lyons 21091,small_mf,individual,23,145,31,199,0.7419354838709677,0.7286432160804021,false
Bremen 13210,sfr_1_4,trust,9,9,1446,1487,0.006224066390041493,0.00605245460659045,false
Rich 32175,sfr_1_4,lender_reo,5,5,703,703,0.007112375533428165,0.007112375533428165,false
Maine 22100,sfr_1_4,llc,1,1,333,333,0.003003003003003003,0.003003003003003003,false
Cicero 15015,mixed_use_res,unknown,1,3,27,89,0.037037037037037035,0.033707865168539325,false
Hyde Park 70020,sfr_1_4,trust,35,35,1933,2183,0.01810657009829281,0.01603298213467705,false
Northfield 25090,sfr_1_4,corp,6,8,600,602,0.01,0.013289036544850499,false
Jefferson 71101,sfr_1_4,individual,1673,2235,1742,2352,0.960390355912744,0.9502551020408163,false
Worth 39110,condo_unit,corp,3,3,316,316,0.00949367088607595,0.00949367088607595,false
Jefferson 71050,condo_unit,trust,17,17,890,890,0.019101123595505618,0.019101123595505618,false
Lake View 73092,small_mf,partnership,1,7,134,912,0.007462686567164179,0.007675438596491228,false
Wheeling 38056,small_mf,corp,1,6,28,167,0.03571428571428571,0.03592814371257485,false
Lake View 73070,other_res,individual,1,1,1,1,,,true
Proviso 31092,small_mf,corp,3,21,72,461,0.041666666666666664,0.0455531453362256,false
Lyons 21091,mixed_use_res,unknown,5,15,53,157,0.09433962264150944,0.09554140127388536,false
West Chicago 77103,condo_unit,llc,75,75,492,492,0.1524390243902439,0.1524390243902439,false
Lake 72071,mixed_use_res,unknown,1,4,64,210,0.015625,0.01904761904761905,false
Lake 72121,mixed_use_res,corp,1,4,22,75,0.045454545454545456,0.05333333333333334,false
Worth 39071,sfr_1_4,unknown,56,58,2204,2286,0.025408348457350273,0.02537182852143482,false
Lake 72423,sfr_1_4,lender_reo,5,6,5521,5662,0.0009056330374932077,0.0010596962204168139,false
Worth 39160,small_mf,unknown,8,56,51,347,0.1568627450980392,0.16138328530259366,false
Bremen 13080,small_mf,llc,11,70,24,152,0.4583333333333333,0.4605263157894737,false
River Forest 33050,sfr_1_4,trust,11,11,439,440,0.025056947608200455,0.025,false
Cicero 15040,condo_unit,corp,1,1,49,49,0.02040816326530612,0.02040816326530612,false
Hyde Park 70083,condo_unit,lender_reo,6,6,1493,1493,0.004018754186202277,0.004018754186202277,false
Proviso 31141,condo_unit,trust,1,1,72,72,0.013888888888888888,0.013888888888888888,false
Proviso 31041,small_mf,unknown,2,13,20,130,0.1,0.1,false
Bremen 13171,sfr_1_4,llc,2,2,505,521,0.0039603960396039604,0.003838771593090211,false
Elk Grove 16061,sfr_1_4,unknown,45,45,1897,1897,0.023721665788086453,0.023721665788086453,false
Palatine 29082,sfr_1_4,trust,4,4,416,416,0.009615384615384616,0.009615384615384616,false
Jefferson 71210,sfr_1_4,individual,2408,3744,2548,3981,0.945054945054945,0.9404672192916352,false
Lake 72030,condo_unit,individual,358,358,410,410,0.8731707317073171,0.8731707317073171,false
Schaumburg 35170,condo_unit,llc,3,3,460,460,0.006521739130434782,0.006521739130434782,false
Evanston 17041,condo_unit,corp,7,7,1031,1031,0.006789524733268671,0.006789524733268671,false
West Chicago 77152,small_mf,unknown,3,21,36,243,0.08333333333333333,0.08641975308641975,false
Thornton 37181,small_mf,corp,4,26,92,592,0.043478260869565216,0.04391891891891892,false
Wheeling 38041,condo_unit,individual,406,406,424,424,0.9575471698113207,0.9575471698113207,false
New Trier 23093,condo_unit,trust,17,17,289,289,0.058823529411764705,0.058823529411764705,false
Lyons 21064,sfr_1_4,individual,491,491,547,547,0.8976234003656307,0.8976234003656307,false
Wheeling 38056,sfr_1_4,lender_reo,1,1,1070,1076,0.0009345794392523365,0.0009293680297397769,false
Bloom 12085,sfr_1_4,llc,11,12,733,787,0.015006821282401092,0.015247776365946633,false
Orland 28012,sfr_1_4,unknown,6,6,358,358,0.01675977653631285,0.01675977653631285,false
Leyden 20081,mixed_use_res,unknown,3,10,45,142,0.06666666666666667,0.07042253521126761,false
Wheeling 38026,mixed_use_res,individual,1,2,1,2,,,true
Wheeling 38070,sfr_1_4,corp,14,14,4133,4224,0.003387369949189451,0.0033143939393939395,false
Lake 72130,small_mf,unknown,6,41,58,384,0.10344827586206896,0.10677083333333333,false
Hyde Park 70100,condo_unit,llc,2,2,34,34,0.058823529411764705,0.058823529411764705,false
Evanston 17060,sfr_1_4,unknown,35,59,1033,1383,0.03388189738625363,0.04266088214027477,false
West Chicago 77011,small_mf,llc,18,123,79,521,0.22784810126582278,0.236084452975048,false
South Chicago 76060,mixed_use_res,llc,6,24,150,497,0.04,0.0482897384305835,false
Maine 22180,small_mf,llc,24,161,97,651,0.24742268041237114,0.24731182795698925,false
Palatine 29080,sfr_1_4,individual,1838,1838,1929,1929,0.9528252980819077,0.9528252980819077,false
Orland 28101,sfr_1_4,corp,1,1,149,149,0.006711409395973154,0.006711409395973154,false
Jefferson 71200,small_mf,unknown,34,231,168,1099,0.20238095238095238,0.21019108280254778,false
Cicero 15080,sfr_1_4,corp,2,2,1565,1689,0.0012779552715654952,0.0011841326228537595,false
Proviso 31080,sfr_1_4,estate,2,2,3763,3862,0.0005314908317831517,0.0005178663904712584,false
Lake 72300,condo_unit,individual,284,284,307,307,0.9250814332247557,0.9250814332247557,false
New Trier 23092,condo_unit,unknown,1,1,17,17,0.058823529411764705,0.058823529411764705,false
Elk Grove 16100,sfr_1_4,llc,11,11,3568,3652,0.003082959641255605,0.0030120481927710845,false
Bremen 13170,sfr_1_4,individual,2113,2198,2234,2329,0.9458370635631155,0.9437526835551739,false
Bremen 13330,sfr_1_4,llc,3,3,136,136,0.022058823529411766,0.022058823529411766,false
Northfield 25210,sfr_1_4,unknown,8,8,440,440,0.01818181818181818,0.01818181818181818,false
West Chicago 77011,small_mf,lender_reo,1,7,79,521,0.012658227848101266,0.013435700575815739,false
Evanston 17041,sfr_1_4,unknown,25,38,536,721,0.04664179104477612,0.052704576976421634,false
Rogers Park 75032,condo_unit,corp,10,10,900,900,0.011111111111111112,0.011111111111111112,false
Bremen 13090,condo_unit,lender_reo,1,1,397,397,0.0025188916876574307,0.0025188916876574307,false
Rich 32090,sfr_1_4,lender_reo,2,2,416,416,0.004807692307692308,0.004807692307692308,false
Wheeling 38027,sfr_1_4,corp,1,1,493,544,0.002028397565922921,0.001838235294117647,false
Lake View 73150,mixed_use_res,individual,24,88,42,143,0.5714285714285714,0.6153846153846154,false
North Chicago 74011,small_mf,llc,12,84,64,444,0.1875,0.1891891891891892,false
Lake View 73060,small_mf,partnership,6,42,120,820,0.05,0.05121951219512195,false
Palos 30080,condo_unit,llc,1,1,29,29,0.034482758620689655,0.034482758620689655,false
Lake 72230,sfr_1_4,lender_reo,2,2,583,587,0.003430531732418525,0.0034071550255536627,false
Maine 22110,small_mf,unknown,1,7,6,38,0.16666666666666666,0.18421052631578946,false
Proviso 31092,sfr_1_4,lender_reo,1,2,1569,1948,0.0006373486297004461,0.001026694045174538,false
Lake 72194,sfr_1_4,llc,3,3,1109,1110,0.002705139765554554,0.002702702702702703,false
Elk Grove 16061,sfr_1_4,trust,21,21,1897,1897,0.01107011070110701,0.01107011070110701,false
River Forest 33050,sfr_1_4,corp,1,1,439,440,0.002277904328018223,0.0022727272727272726,false
Hanover 18030,condo_unit,trust,1,1,265,265,0.0037735849056603774,0.0037735849056603774,false
Proviso 31034,sfr_1_4,trust,11,17,2110,2329,0.005213270142180095,0.0072992700729927005,false
West Chicago 77030,small_mf,unknown,88,575,516,3329,0.17054263565891473,0.1727245419044758,false
River Forest 33030,condo_unit,llc,1,1,214,214,0.004672897196261682,0.004672897196261682,false
Bremen 13070,sfr_1_4,unknown,21,21,513,513,0.04093567251461988,0.04093567251461988,false
Thornton 37130,sfr_1_4,estate,1,1,1754,1839,0.0005701254275940707,0.000543773790103317,false
Palatine 29011,sfr_1_4,trust,18,18,725,725,0.02482758620689655,0.02482758620689655,false
Hyde Park 70111,sfr_1_4,llc,85,100,4833,5311,0.017587419822056694,0.018828845791752966,false
Palatine 29022,mixed_use_res,individual,2,8,4,12,0.5,0.6666666666666666,false
Worth 39131,sfr_1_4,unknown,46,65,1579,1817,0.029132362254591513,0.03577325261419923,false
Lake 72282,small_mf,llc,58,398,136,902,0.4264705882352941,0.44124168514412415,false
Northfield 25160,condo_unit,llc,17,17,1050,1050,0.01619047619047619,0.01619047619047619,false
Lake View 73031,condo_unit,corp,38,38,10096,10096,0.003763866877971474,0.003763866877971474,false
Palos 30070,condo_unit,corp,1,1,283,283,0.0035335689045936395,0.0035335689045936395,false
Wheeling 38051,condo_unit,unknown,23,23,554,554,0.04151624548736462,0.04151624548736462,false
Jefferson 71361,condo_unit,unknown,1,1,29,29,0.034482758620689655,0.034482758620689655,false
Palos 30080,mixed_use_res,individual,2,8,2,8,,,true
Maine 22087,small_mf,individual,2,14,5,35,0.4,0.4,false
Lake View 73150,condo_unit,unknown,62,62,1482,1482,0.04183535762483131,0.04183535762483131,false
Lake 72350,condo_unit,corp,3,3,102,102,0.029411764705882353,0.029411764705882353,false
Thornton 37011,small_mf,unknown,3,18,32,192,0.09375,0.09375,false
Thornton 37180,sfr_1_4,llc,1,1,169,179,0.005917159763313609,0.00558659217877095,false
Oak Park 27050,sfr_1_4,trust,19,19,1480,1568,0.012837837837837839,0.01211734693877551,false
West Chicago 77101,condo_unit,lender_reo,1,1,53,53,0.018867924528301886,0.018867924528301886,false
Bloom 12061,sfr_1_4,lender_reo,3,3,2080,2082,0.0014423076923076924,0.001440922190201729,false
Lake View 73022,mixed_use_res,individual,2,5,2,5,,,true
Lake View 73011,small_mf,individual,78,507,131,866,0.5954198473282443,0.5854503464203233,false
West Chicago 77132,small_mf,unknown,29,188,173,1119,0.1676300578034682,0.1680071492403932,false
Palos 30031,sfr_1_4,trust,4,4,227,227,0.01762114537444934,0.01762114537444934,false
Bloom 12071,sfr_1_4,llc,93,93,867,873,0.10726643598615918,0.10652920962199312,false
North Chicago 74012,mixed_use_res,trust,2,9,216,786,0.009259259259259259,0.011450381679389313,false
New Trier 23043,condo_unit,individual,81,81,86,86,0.9418604651162791,0.9418604651162791,false
Schaumburg 35071,sfr_1_4,individual,718,718,744,744,0.9650537634408602,0.9650537634408602,false
Bremen 13050,sfr_1_4,trust,5,5,1917,2093,0.0026082420448617634,0.0023889154323936935,false
Schaumburg 35109,condo_unit,trust,6,6,1812,1812,0.0033112582781456954,0.0033112582781456954,false
North Chicago 74012,mixed_use_res,individual,111,415,216,786,0.5138888888888888,0.5279898218829516,false
Jefferson 71041,sfr_1_4,individual,2103,3720,2235,4008,0.9409395973154362,0.9281437125748503,false
West Chicago 77131,sfr_1_4,corp,13,34,776,1106,0.01675257731958763,0.03074141048824593,false
Hyde Park 70020,small_mf,lender_reo,2,14,326,2221,0.006134969325153374,0.006303466906798739,false
Oak Park 27060,condo_unit,corp,1,1,165,165,0.006060606060606061,0.006060606060606061,false
Schaumburg 35020,sfr_1_4,individual,2774,2774,2907,2907,0.954248366013072,0.954248366013072,false
West Chicago 77051,condo_unit,trust,7,7,1908,1908,0.003668763102725367,0.003668763102725367,false
Orland 28037,sfr_1_4,trust,2,2,153,153,0.013071895424836602,0.013071895424836602,false
New Trier 23091,condo_unit,trust,8,8,103,103,0.07766990291262135,0.07766990291262135,false
Bremen 13314,sfr_1_4,llc,37,46,1466,1485,0.0252387448840382,0.030976430976430977,false
Bloom 12190,sfr_1_4,lender_reo,2,2,188,188,0.010638297872340425,0.010638297872340425,false
Stickney 36012,sfr_1_4,corp,9,9,2156,2226,0.004174397031539889,0.004043126684636119,false
Stickney 36036,sfr_1_4,individual,69,69,80,80,0.8625,0.8625,false
Hyde Park 70130,sfr_1_4,estate,2,2,4445,4752,0.0004499437570303712,0.00042087542087542086,false
River Forest 33040,sfr_1_4,individual,652,689,701,742,0.9300998573466477,0.9285714285714286,false
Evanston 17090,condo_unit,lender_reo,1,1,999,999,0.001001001001001001,0.001001001001001001,false
New Trier 23171,coop_building,coop_corp,2,2,2,2,,,true
Hanover 18011,sfr_1_4,trust,10,10,2917,2969,0.0034281796366129585,0.003368137420006736,false
Northfield 25023,sfr_1_4,individual,505,505,555,555,0.9099099099099099,0.9099099099099099,false
New Trier 23022,small_mf,unknown,3,21,23,161,0.13043478260869565,0.13043478260869565,false
Maine 22180,small_mf,individual,54,357,97,651,0.5567010309278351,0.5483870967741935,false
Rich 32151,sfr_1_4,corp,2,2,389,389,0.005141388174807198,0.005141388174807198,false
West Chicago 77115,mixed_use_res,individual,405,1491,464,1719,0.8728448275862069,0.8673647469458988,false
Worth 39140,condo_unit,llc,27,27,949,949,0.02845100105374078,0.02845100105374078,false
Hanover 18013,condo_unit,llc,6,6,641,641,0.0093603744149766,0.0093603744149766,false
Schaumburg 35040,condo_unit,trust,5,5,950,950,0.005263157894736842,0.005263157894736842,false
North Chicago 74012,mixed_use_res,unknown,32,112,216,786,0.14814814814814814,0.14249363867684478,false
South Chicago 76030,sfr_1_4,individual,4318,6903,4648,7521,0.9290017211703959,0.9178300757877942,false
Lyons 21041,sfr_1_4,unknown,11,13,323,391,0.034055727554179564,0.03324808184143223,false
Thornton 37185,sfr_1_4,individual,488,509,521,545,0.9366602687140115,0.9339449541284404,false
Bremen 13345,sfr_1_4,unknown,21,21,207,207,0.10144927536231885,0.10144927536231885,false
Rich 32230,condo_unit,trust,13,13,720,720,0.018055555555555554,0.018055555555555554,false
Proviso 31092,small_mf,trust,3,18,72,461,0.041666666666666664,0.039045553145336226,false
Lyons 21102,mixed_use_res,individual,11,32,13,38,0.8461538461538461,0.8421052631578947,false
Jefferson 71171,small_mf,llc,16,101,77,500,0.2077922077922078,0.202,false
Bloom 12042,sfr_1_4,individual,635,639,685,690,0.927007299270073,0.9260869565217391,false
North Chicago 74022,mixed_use_res,llc,12,42,27,95,0.4444444444444444,0.4421052631578947,false
Worth 39211,small_mf,trust,1,7,53,342,0.018867924528301886,0.02046783625730994,false
Lake View 99999,small_mf,unknown,1,7,1,7,,,true
Bloom 12071,sfr_1_4,lender_reo,7,7,867,873,0.008073817762399077,0.008018327605956471,false
Bremen 13020,sfr_1_4,lender_reo,1,1,521,523,0.0019193857965451055,0.0019120458891013384,false
Bremen 13310,condo_unit,llc,5,5,845,845,0.005917159763313609,0.005917159763313609,false
Rogers Park 75033,small_mf,trust,2,11,92,627,0.021739130434782608,0.017543859649122806,false
Rogers Park 75060,sfr_1_4,individual,285,520,335,633,0.8507462686567164,0.8214849921011058,false
Palos 30010,sfr_1_4,lender_reo,1,1,966,967,0.0010351966873706005,0.001034126163391934,false
Maine 22082,sfr_1_4,corp,1,1,222,222,0.0045045045045045045,0.0045045045045045045,false
Rich 32255,mixed_use_res,corp,1,4,3,9,,,true
Palos 30071,mixed_use_res,individual,1,3,1,3,,,true
Rich 32110,sfr_1_4,lender_reo,3,3,603,603,0.004975124378109453,0.004975124378109453,false
Rogers Park 75031,small_mf,corp,12,82,379,2595,0.0316622691292876,0.03159922928709056,false
Thornton 37010,sfr_1_4,trust,7,9,1161,1206,0.006029285099052541,0.007462686567164179,false
Thornton 37075,mixed_use_res,individual,3,12,4,14,0.75,0.8571428571428571,false
Northfield 25011,small_mf,unknown,8,48,77,462,0.1038961038961039,0.1038961038961039,false
Lake View 73034,mixed_use_res,llc,4,10,7,23,0.5714285714285714,0.43478260869565216,false
Hanover 18018,sfr_1_4,trust,2,2,189,189,0.010582010582010581,0.010582010582010581,false
Palos 30053,sfr_1_4,unknown,20,20,924,974,0.021645021645021644,0.02053388090349076,false
Lake 72422,sfr_1_4,unknown,81,83,3014,3024,0.02687458526874585,0.027447089947089946,false
Proviso 31091,small_mf,individual,56,374,101,673,0.5544554455445545,0.5557206537890045,false
Thornton 37102,sfr_1_4,unknown,40,41,932,934,0.04291845493562232,0.043897216274089934,false
Northfield 25021,sfr_1_4,trust,34,34,1784,1784,0.01905829596412556,0.01905829596412556,false
Stickney 36012,mixed_use_res,individual,7,26,8,30,0.875,0.8666666666666667,false
Rich 32175,condo_unit,individual,107,107,120,120,0.8916666666666667,0.8916666666666667,false
Lake 72130,sfr_1_4,lender_reo,16,30,2338,3779,0.006843455945252352,0.00793860809738026,false
Evanston 17020,sfr_1_4,individual,382,385,403,406,0.9478908188585607,0.9482758620689655,false
Northfield 25023,mixed_use_res,unknown,1,2,1,2,,,true
Niles 24013,sfr_1_4,trust,4,4,348,374,0.011494252873563218,0.0106951871657754,false
Oak Park 27030,condo_unit,llc,5,5,230,230,0.021739130434782608,0.021739130434782608,false
Worth 39132,small_mf,partnership,1,7,12,77,0.08333333333333333,0.09090909090909091,false
Evanston 17200,sfr_1_4,trust,6,6,291,311,0.020618556701030927,0.01929260450160772,false
West Chicago 77152,small_mf,llc,15,103,36,243,0.4166666666666667,0.42386831275720166,false
Lake 72350,sfr_1_4,trust,11,11,2710,2927,0.004059040590405904,0.0037581141100102495,false
Lake 72052,sfr_1_4,lender_reo,1,3,1267,1831,0.0007892659826361484,0.0016384489350081922,false
Northfield 25131,condo_unit,llc,2,2,295,295,0.006779661016949152,0.006779661016949152,false
Jefferson 71101,condo_unit,llc,47,47,291,291,0.16151202749140894,0.16151202749140894,false
Elk Grove 16011,small_mf,unknown,8,56,27,189,0.2962962962962963,0.2962962962962963,false
Lyons 21031,mixed_use_res,llc,1,4,9,33,0.1111111111111111,0.12121212121212122,false
Bloom 12044,condo_unit,individual,109,109,114,114,0.956140350877193,0.956140350877193,false
Barrington 10024,sfr_1_4,trust,17,17,539,539,0.03153988868274583,0.03153988868274583,false
Orland 28101,condo_unit,lender_reo,1,1,108,108,0.009259259259259259,0.009259259259259259,false
Schaumburg 35065,sfr_1_4,trust,6,6,637,637,0.009419152276295133,0.009419152276295133,false
Jefferson 71440,small_mf,unknown,2,14,12,80,0.16666666666666666,0.175,false
Lyons 21031,condo_unit,llc,2,2,155,155,0.012903225806451613,0.012903225806451613,false
Maine 22030,sfr_1_4,lender_reo,2,2,1154,1165,0.0017331022530329288,0.0017167381974248926,false
Worth 39290,sfr_1_4,trust,2,2,285,285,0.007017543859649123,0.007017543859649123,false
Hyde Park 70101,sfr_1_4,unknown,28,54,771,1237,0.03631647211413749,0.043654001616814875,false
Thornton 37052,sfr_1_4,trust,4,4,892,1059,0.004484304932735426,0.003777148253068933,false
Lake 72345,sfr_1_4,trust,16,16,2016,2039,0.007936507936507936,0.00784698381559588,false
Thornton 37150,sfr_1_4,llc,15,15,2164,2165,0.006931608133086876,0.006928406466512702,false
Bloom 12064,sfr_1_4,individual,129,129,132,132,0.9772727272727273,0.9772727272727273,false
Northfield 25430,sfr_1_4,llc,3,3,667,667,0.004497751124437781,0.004497751124437781,false
Bloom 12033,sfr_1_4,unknown,31,31,666,670,0.046546546546546545,0.04626865671641791,false
River Forest 33040,small_mf,unknown,1,7,7,45,0.14285714285714285,0.15555555555555556,false
Wheeling 38070,small_mf,partnership,4,28,47,309,0.0851063829787234,0.09061488673139159,false
Proviso 31034,sfr_1_4,individual,1900,2089,2110,2329,0.9004739336492891,0.896951481322456,false
Lake 72431,mixed_use_res,individual,6,16,13,38,0.46153846153846156,0.42105263157894735,false
Hyde Park 70091,sfr_1_4,trust,2,2,524,524,0.003816793893129771,0.003816793893129771,false
Thornton 37075,sfr_1_4,individual,694,732,753,806,0.9216467463479415,0.9081885856079405,false
Lake 72300,sfr_1_4,corp,6,6,1318,1366,0.004552352048558422,0.004392386530014641,false
West Chicago 77060,condo_unit,unknown,55,55,1638,1638,0.033577533577533576,0.033577533577533576,false
Jefferson 71362,condo_unit,trust,13,13,739,739,0.017591339648173207,0.017591339648173207,false
