geo_neighborhood,building_type,owner_class,class_parcels,class_units,parcels,units,parcel_share,unit_share,suppressed
33162,coop_building,trust,2,2,660,660,0.0030303030303030303,0.0030303030303030303,false
33138,sfr_1_4,llc,644,1036,5274,6317,0.12210845657944634,0.16400189963590311,false
33175,sfr_1_4,estate,60,60,13804,13881,0.004346566212691973,0.004322455154527772,false
33130,small_mf,llc,240,2057,368,3051,0.6521739130434783,0.6742051786299574,false
33162,sfr_1_4,partnership,29,45,8657,9307,0.0033498902622155482,0.00483507037713549,false
33127,sfr_1_4,lender_reo,4,8,4724,6495,0.000846740050804403,0.0012317167051578138,false
33010,condo_unit,trust,1,1,984,984,0.0010162601626016261,0.0010162601626016261,false
33127,condo_unit,individual,49,49,373,373,0.13136729222520108,0.13136729222520108,false
33157,condo_unit,individual,1207,1207,1819,1819,0.6635514018691588,0.6635514018691588,false
33176,condo_unit,estate,9,9,5337,5337,0.0016863406408094434,0.0016863406408094434,false
33126,large_mf,individual,1,46,69,5162,0.014492753623188406,0.008911274699728787,false
33138,large_mf,llc,19,1128,32,2708,0.59375,0.41654357459379615,false
33144,condo_unit,estate,6,6,597,597,0.010050251256281407,0.010050251256281407,false
33143,sfr_1_4,unknown,417,427,6909,7125,0.060356057316543636,0.05992982456140351,false
33142,condo_unit,estate,2,2,555,555,0.0036036036036036037,0.0036036036036036037,false
33179,sfr_1_4,individual,5626,5683,6712,7049,0.8382002383790227,0.8062136473258619,false
33144,condo_unit,trust,3,3,597,597,0.005025125628140704,0.005025125628140704,false
33033,sfr_1_4,estate,46,46,15948,16019,0.0028843742162026585,0.0028715899868905674,false
33187,sfr_1_4,individual,4672,4729,5235,5310,0.8924546322827125,0.8905838041431262,false
33170,sfr_1_4,individual,4083,4180,4653,4824,0.877498388136686,0.8665008291873963,false
33136,large_mf,corp,12,1028,57,5008,0.21052631578947367,0.20527156549520767,false
33162,sfr_1_4,individual,7275,7627,8657,9307,0.8403604019868315,0.8194907059202751,false
33155,condo_unit,partnership,4,4,1861,1861,0.0021493820526598604,0.0021493820526598604,false
33155,small_mf,llc,7,74,16,170,0.4375,0.43529411764705883,false
33145,sfr_1_4,corp,110,171,6200,8156,0.017741935483870968,0.020966159882295242,false
33161,condo_unit,corp,246,246,3046,3046,0.08076165462902167,0.08076165462902167,false
33133,small_mf,llc,38,392,67,677,0.5671641791044776,0.5790251107828656,false
33136,small_mf,llc,84,837,127,1224,0.6614173228346457,0.6838235294117647,false
33135,condo_unit,partnership,5,5,1296,1296,0.0038580246913580245,0.0038580246913580245,false
33147,sfr_1_4,corp,282,367,10524,11991,0.026795895096921322,0.03060628804937036,false
33158,sfr_1_4,partnership,5,5,2036,2048,0.002455795677799607,0.00244140625,false
33139,large_mf,corp,16,479,77,4059,0.2077922077922078,0.11800936191180093,false
33010,sfr_1_4,unknown,214,274,5742,7762,0.03726924416579589,0.03530018036588508,false
-,sfr_1_4,llc,2,3,2,3,,,true
33187,sfr_1_4,llc,182,191,5235,5310,0.03476599808978032,0.03596986817325801,false
33144,small_mf,llc,17,156,38,351,0.4473684210526316,0.4444444444444444,false
33189,sfr_1_4,unknown,284,298,6398,6550,0.044388871522350735,0.04549618320610687,false
33168,small_mf,llc,3,31,3,31,1.0,1.0,false
33145,condo_unit,llc,334,334,2209,2209,0.1511996378451788,0.1511996378451788,false
33165,large_mf,llc,4,428,21,1497,0.19047619047619047,0.2859051436205745,false
33180,small_mf,llc,1,8,1,8,,,true
33131,condo_unit,individual,8786,8786,16160,16160,0.5436881188118812,0.5436881188118812,false
33134,sfr_1_4,llc,711,1155,8547,9822,0.08318708318708319,0.11759315821624923,false
33175,sfr_1_4,unknown,745,747,13804,13881,0.053969863807592,0.05381456667387076,false
33173,condo_unit,individual,2193,2193,2633,2633,0.8328902392707938,0.8328902392707938,false
33149,sfr_1_4,partnership,2,2,1294,1314,0.0015455950540958269,0.0015220700152207,false
33190,condo_unit,llc,184,184,852,852,0.215962441314554,0.215962441314554,false
33013,condo_unit,individual,275,275,358,358,0.7681564245810056,0.7681564245810056,false
33139,sfr_1_4,llc,262,369,1044,1291,0.2509578544061303,0.2858249419054996,false
33190,condo_unit,lender_reo,1,1,852,852,0.0011737089201877935,0.0011737089201877935,false
33054,condo_unit,trust,1,1,295,295,0.003389830508474576,0.003389830508474576,false
33127,condo_unit,partnership,115,115,373,373,0.30831099195710454,0.30831099195710454,false
33170,sfr_1_4,unknown,99,102,4653,4824,0.02127659574468085,0.021144278606965175,false
33136,condo_unit,llc,565,565,1406,1406,0.4018492176386913,0.4018492176386913,false
33138,condo_unit,estate,6,6,2970,2970,0.00202020202020202,0.00202020202020202,false
33186,large_mf,corp,2,504,14,3834,0.14285714285714285,0.13145539906103287,false
33056,condo_unit,unknown,1,1,62,62,0.016129032258064516,0.016129032258064516,false
33142,condo_unit,unknown,20,20,555,555,0.036036036036036036,0.036036036036036036,false
33160,condo_unit,estate,32,32,29691,29691,0.0010777676737058369,0.0010777676737058369,false
33054,condo_unit,lender_reo,1,1,295,295,0.003389830508474576,0.003389830508474576,false
33018,condo_unit,estate,21,21,4340,4340,0.004838709677419355,0.004838709677419355,false
33109,condo_unit,corp,106,106,748,748,0.14171122994652408,0.14171122994652408,false
33177,sfr_1_4,trust,12,12,14827,14919,0.0008093343225197275,0.0008043434546551378,false
33016,condo_unit,lender_reo,4,4,8588,8588,0.0004657661853749418,0.0004657661853749418,false
33010,sfr_1_4,individual,4804,5989,5742,7762,0.836642284918147,0.7715794898222108,false
33030,small_mf,llc,49,440,101,929,0.48514851485148514,0.4736275565123789,false
33143,sfr_1_4,individual,5835,5989,6909,7125,0.8445505861919236,0.840561403508772,false
33173,sfr_1_4,lender_reo,2,2,8176,8215,0.0002446183953033268,0.00024345709068776628,false
33030,condo_unit,corp,16,16,184,184,0.08695652173913043,0.08695652173913043,false
33179,large_mf,corp,2,133,16,3491,0.125,0.038097966198796906,false
33185,sfr_1_4,unknown,386,386,8014,8014,0.0481657100074869,0.0481657100074869,false
33146,condo_unit,partnership,1,1,900,900,0.0011111111111111111,0.0011111111111111111,false
33170,small_mf,individual,1,5,3,28,0.3333333333333333,0.17857142857142858,false
33147,sfr_1_4,llc,857,1205,10524,11991,0.0814329152413531,0.10049203569343675,false
33155,small_mf,unknown,1,6,16,170,0.0625,0.03529411764705882,false
33125,condo_unit,trust,20,20,2565,2565,0.007797270955165692,0.007797270955165692,false
33194,sfr_1_4,lender_reo,1,1,1537,1538,0.0006506180871828237,0.0006501950585175553,false
33129,small_mf,corp,5,35,28,231,0.17857142857142858,0.15151515151515152,false
33129,condo_unit,individual,3643,3643,5227,5227,0.696958102161852,0.696958102161852,false
33181,large_mf,individual,3,1653,21,3876,0.14285714285714285,0.4264705882352941,false
33109,condo_unit,trust,2,2,748,748,0.00267379679144385,0.00267379679144385,false
33030,large_mf,llc,15,1041,30,2096,0.5,0.49666030534351147,false
33141,coop_building,trust,1,1,126,126,0.007936507936507936,0.007936507936507936,false
"",sfr_1_4,corp,1,1,6,6,,,true
33149,sfr_1_4,llc,205,211,1294,1314,0.15842349304482226,0.16057838660578386,false
33130,sfr_1_4,llc,188,514,600,1428,0.31333333333333335,0.3599439775910364,false
33127,large_mf,partnership,2,260,36,4115,0.05555555555555555,0.06318347509113001,false
33161,sfr_1_4,trust,17,34,8109,9980,0.0020964360587002098,0.003406813627254509,false
33150,small_mf,unknown,3,23,89,796,0.033707865168539325,0.028894472361809045,false
33166,condo_unit,estate,2,2,3488,3488,0.0005733944954128441,0.0005733944954128441,false
33178,condo_unit,trust,17,17,8433,8433,0.002015889956124748,0.002015889956124748,false
33142,sfr_1_4,lender_reo,5,5,8997,12471,0.0005557408024897188,0.00040093015796648226,false
33136,condo_unit,partnership,1,1,1406,1406,0.0007112375533428165,0.0007112375533428165,false
33018,sfr_1_4,estate,29,29,11705,11726,0.002477573686458778,0.002473136619478083,false
33139,small_mf,individual,46,511,287,3273,0.1602787456445993,0.1561258783990223,false
33185,sfr_1_4,llc,263,263,8014,8014,0.03281756925380584,0.03281756925380584,false
33134,condo_unit,partnership,12,12,3838,3838,0.003126628452318916,0.003126628452318916,false
33013,condo_unit,unknown,10,10,358,358,0.027932960893854747,0.027932960893854747,false
33015,large_mf,individual,2,555,21,4488,0.09523809523809523,0.12366310160427807,false
33145,small_mf,individual,16,131,75,673,0.21333333333333335,0.19465081723625557,false
33149,sfr_1_4,corp,76,77,1294,1314,0.05873261205564142,0.05859969558599695,false
33015,sfr_1_4,trust,14,15,9614,9625,0.0014562096941959641,0.0015584415584415584,false
33133,sfr_1_4,partnership,7,14,6423,8108,0.001089833411178577,0.001726689689195856,false
33178,sfr_1_4,llc,1078,1097,10126,10246,0.10645862137072881,0.10706617216474722,false
33167,sfr_1_4,individual,4287,4371,5076,5198,0.8445626477541371,0.8409003462870335,false
33145,condo_unit,partnership,1,1,2209,2209,0.0004526935264825713,0.0004526935264825713,false
33161,sfr_1_4,estate,45,53,8109,9980,0.005549389567147614,0.00531062124248497,false
33129,condo_unit,unknown,160,160,5227,5227,0.03061029271092405,0.03061029271092405,false
33010,condo_unit,estate,2,2,984,984,0.0020325203252032522,0.0020325203252032522,false
33140,condo_unit,partnership,22,22,11221,11221,0.0019606095713394526,0.0019606095713394526,false
33144,small_mf,unknown,1,6,38,351,0.02631578947368421,0.017094017094017096,false
33133,condo_unit,lender_reo,1,1,6507,6507,0.0001536806516059628,0.0001536806516059628,false
33169,sfr_1_4,trust,9,9,7679,7871,0.0011720276077614273,0.0011434379367297675,false
33125,sfr_1_4,llc,785,1445,6256,9066,0.12547953964194372,0.15938671961173614,false
33033,large_mf,partnership,5,640,26,3316,0.19230769230769232,0.19300361881785283,false
33130,large_mf,llc,59,3784,82,6877,0.7195121951219512,0.550239930202123,false
33181,sfr_1_4,partnership,1,1,2045,2223,0.0004889975550122249,0.000449842555105713,false
33172,condo_unit,unknown,371,371,9766,9766,0.03798894122465697,0.03798894122465697,false
33145,large_mf,corp,5,185,18,1127,0.2777777777777778,0.16415261756876665,false
33141,large_mf,individual,6,227,70,2852,0.08571428571428572,0.07959326788218794,false
33183,sfr_1_4,unknown,389,389,6219,6239,0.06255024923621161,0.06234973553454079,false
33013,condo_unit,llc,38,38,358,358,0.10614525139664804,0.10614525139664804,false
33054,small_mf,llc,25,232,52,469,0.4807692307692308,0.4946695095948827,false
33162,condo_unit,llc,869,869,2131,2131,0.4077897700610042,0.4077897700610042,false
33196,small_mf,llc,1,12,1,12,1.0,1.0,false
33015,sfr_1_4,llc,259,259,9614,9625,0.026939879342625338,0.02690909090909091,false
33127,sfr_1_4,trust,29,55,4724,6495,0.006138865368331922,0.008468052347959968,false
33142,large_mf,individual,6,390,58,4542,0.10344827586206896,0.08586525759577279,false
33016,small_mf,corp,22,265,39,456,0.5641025641025641,0.581140350877193,false
33170,condo_unit,individual,60,60,72,72,0.8333333333333334,0.8333333333333334,false
33016,large_mf,corp,16,855,36,2305,0.4444444444444444,0.37093275488069416,false
33010,large_mf,llc,35,1224,66,2622,0.5303030303030303,0.4668192219679634,false
33034,sfr_1_4,lender_reo,2,2,5768,6050,0.00034674063800277393,0.00033057851239669424,false
33030,condo_unit,unknown,2,2,184,184,0.010869565217391304,0.010869565217391304,false
33165,small_mf,individual,1,16,2,28,0.5,0.5714285714285714,false
33055,small_mf,llc,1,11,1,11,1.0,1.0,false
33173,condo_unit,partnership,2,2,2633,2633,0.0007595898214963919,0.0007595898214963919,false
33185,sfr_1_4,lender_reo,2,2,8014,8014,0.0002495632642874969,0.0002495632642874969,false
33184,sfr_1_4,estate,16,16,3788,3824,0.004223864836325237,0.0041841004184100415,false
33194,sfr_1_4,trust,2,2,1537,1538,0.0013012361743656475,0.0013003901170351106,false
33193,condo_unit,corp,370,370,5895,5895,0.06276505513146735,0.06276505513146735,false
33190,sfr_1_4,llc,186,187,3310,3312,0.056193353474320244,0.05646135265700483,false
33140,large_mf,partnership,1,210,17,1186,0.058823529411764705,0.17706576728499157,false
33137,condo_unit,lender_reo,1,1,8256,8256,0.00012112403100775194,0.00012112403100775194,false
33141,large_mf,partnership,1,137,70,2852,0.014285714285714285,0.048036465638148666,false
33184,sfr_1_4,corp,25,25,3788,3824,0.006599788806758183,0.00653765690376569,false
33196,large_mf,unknown,1,424,17,2879,0.058823529411764705,0.14727335880514067,false
33155,sfr_1_4,corp,97,123,12127,12822,0.007998680629999175,0.00959288722508189,false
33183,condo_unit,corp,135,135,6203,6203,0.02176366274383363,0.02176366274383363,false
33142,large_mf,llc,34,2468,58,4542,0.5862068965517241,0.5433729634522237,false
33176,condo_unit,llc,1152,1152,5337,5337,0.21585160202360876,0.21585160202360876,false
33126,sfr_1_4,partnership,3,3,4074,5235,0.0007363770250368188,0.0005730659025787965,false
33032,small_mf,corp,1,8,12,153,0.08333333333333333,0.05228758169934641,false
33139,small_mf,llc,171,1935,287,3273,0.5958188153310104,0.5912007332722273,false
33185,sfr_1_4,corp,70,70,8014,8014,0.00873471425006239,0.00873471425006239,false
33162,small_mf,llc,41,376,75,682,0.5466666666666666,0.5513196480938416,false
33134,condo_unit,trust,28,28,3838,3838,0.007295466388744137,0.007295466388744137,false
33176,small_mf,individual,1,6,12,83,0.08333333333333333,0.07228915662650602,false
33186,small_mf,corp,1,6,1,6,,,true
33155,sfr_1_4,individual,10676,11172,12127,12822,0.8803496330502185,0.8713149274684137,false
33161,sfr_1_4,llc,841,1317,8109,9980,0.10371192502158096,0.13196392785571143,false
33127,condo_unit,unknown,4,4,373,373,0.010723860589812333,0.010723860589812333,false
33016,large_mf,llc,10,826,36,2305,0.2777777777777778,0.358351409978308,false
33010,condo_unit,individual,704,704,984,984,0.7154471544715447,0.7154471544715447,false
33190,sfr_1_4,individual,2933,2934,3310,3312,0.8861027190332327,0.8858695652173914,false
33132,condo_unit,corp,973,973,10782,10782,0.09024299758857354,0.09024299758857354,false
33136,sfr_1_4,corp,16,21,478,594,0.03347280334728033,0.03535353535353535,false
33175,small_mf,llc,1,15,2,31,0.5,0.4838709677419355,false
33156,sfr_1_4,unknown,686,699,8516,8731,0.08055425082198216,0.0800595578971481,false
33035,sfr_1_4,trust,9,9,4787,4791,0.001880091915604763,0.001878522229179712,false
33133,large_mf,individual,1,56,22,1616,0.045454545454545456,0.034653465346534656,false
33193,condo_unit,partnership,3,3,5895,5895,0.0005089058524173028,0.0005089058524173028,false
33175,condo_unit,llc,262,262,2787,2787,0.09400789379260854,0.09400789379260854,false
33138,sfr_1_4,individual,4312,4878,5274,6317,0.8175957527493364,0.7722019946176982,false
33149,sfr_1_4,individual,915,927,1294,1314,0.7071097372488409,0.7054794520547946,false
33162,condo_unit,trust,15,15,2131,2131,0.0070389488503050214,0.0070389488503050214,false
33147,sfr_1_4,lender_reo,4,5,10524,11991,0.0003800836183960471,0.0004169794012175799,false
33186,condo_unit,llc,574,574,4169,4169,0.1376828975773567,0.1376828975773567,false
33177,large_mf,llc,7,2006,15,2385,0.4666666666666667,0.8410901467505241,false
33140,condo_unit,trust,62,62,11221,11221,0.0055253542465020945,0.0055253542465020945,false
33013,condo_unit,estate,4,4,358,358,0.0111731843575419,0.0111731843575419,false
33122,sfr_1_4,llc,40,40,127,128,0.31496062992125984,0.3125,false
33170,sfr_1_4,llc,325,374,4653,4824,0.06984741027294218,0.0775290215588723,false
33055,sfr_1_4,estate,107,107,10603,10660,0.010091483542393663,0.0100375234521576,false
33126,condo_unit,lender_reo,2,2,7736,7736,0.0002585315408479835,0.0002585315408479835,false
33189,condo_unit,unknown,23,23,867,867,0.0265282583621684,0.0265282583621684,false
33162,large_mf,unknown,2,44,35,2250,0.05714285714285714,0.019555555555555555,false
33169,large_mf,partnership,5,634,37,4876,0.13513513513513514,0.13002461033634127,false
33147,small_mf,unknown,2,23,43,372,0.046511627906976744,0.06182795698924731,false
33160,sfr_1_4,partnership,2,2,1439,1666,0.001389854065323141,0.0012004801920768306,false
33184,condo_unit,corp,44,44,1747,1747,0.025186033199771037,0.025186033199771037,false
33035,condo_unit,individual,1292,1292,2424,2424,0.533003300330033,0.533003300330033,false
33146,sfr_1_4,corp,39,47,3375,3513,0.011555555555555555,0.013378878451465983,false
33016,sfr_1_4,estate,14,14,4098,4101,0.003416300634455832,0.003413801511826384,false
33140,condo_unit,corp,752,752,11221,11221,0.06701719989305766,0.06701719989305766,false
33128,sfr_1_4,llc,67,173,171,398,0.391812865497076,0.43467336683417085,false
33055,sfr_1_4,partnership,27,27,10603,10660,0.0025464491181741017,0.002532833020637899,false
33034,sfr_1_4,trust,6,7,5768,6050,0.0010402219140083217,0.0011570247933884298,false
33137,condo_unit,unknown,78,78,8256,8256,0.00944767441860465,0.00944767441860465,false
33030,condo_unit,partnership,2,2,184,184,0.010869565217391304,0.010869565217391304,false
33170,large_mf,llc,7,897,8,1097,0.875,0.8176845943482224,false
33146,small_mf,llc,2,30,5,74,0.4,0.40540540540540543,false
33137,large_mf,llc,24,5074,40,6671,0.6,0.7606056063558687,false
33162,sfr_1_4,trust,13,14,8657,9307,0.0015016749451311079,0.0015042441173310412,false
33145,condo_unit,unknown,48,48,2209,2209,0.021729289271163424,0.021729289271163424,false
33133,condo_unit,individual,4798,4798,6507,6507,0.7373597664054096,0.7373597664054096,false
33143,condo_unit,individual,3112,3112,4322,4322,0.7200370198981952,0.7200370198981952,false
33179,sfr_1_4,trust,20,21,6712,7049,0.0029797377830750892,0.0029791459781529296,false
33034,large_mf,individual,4,255,25,2343,0.16,0.1088348271446863,false
33173,sfr_1_4,partnership,19,19,8176,8215,0.0023238747553816046,0.0023128423615337798,false
33178,large_mf,individual,2,286,16,5129,0.125,0.055761356989666604,false
33160,condo_unit,trust,118,118,29691,29691,0.003974268296790273,0.003974268296790273,false
33178,sfr_1_4,estate,5,5,10126,10246,0.0004937783922575548,0.00048799531524497365,false
33012,small_mf,llc,65,544,131,1119,0.4961832061068702,0.48614834673815904,false
33030,large_mf,individual,1,24,30,2096,0.03333333333333333,0.011450381679389313,false
33165,sfr_1_4,partnership,31,32,14199,15049,0.0021832523417142052,0.0021263871353578313,false
33158,condo_unit,llc,28,28,228,228,0.12280701754385964,0.12280701754385964,false
33015,condo_unit,estate,15,15,7841,7841,0.0019130212983037877,0.0019130212983037877,false
33180,sfr_1_4,partnership,4,4,1859,1975,0.002151694459386767,0.0020253164556962027,false
33139,large_mf,unknown,3,907,77,4059,0.03896103896103896,0.2234540527223454,false
33147,large_mf,llc,19,1230,34,2550,0.5588235294117647,0.4823529411764706,false
33142,condo_unit,corp,22,22,555,555,0.03963963963963964,0.03963963963963964,false
33033,condo_unit,lender_reo,1,1,1748,1748,0.0005720823798627002,0.0005720823798627002,false
33179,sfr_1_4,partnership,35,35,6712,7049,0.005214541120381407,0.004965243296921549,false
33012,large_mf,individual,2,148,65,4450,0.03076923076923077,0.03325842696629214,false
33138,condo_unit,individual,2301,2301,2970,2970,0.7747474747474747,0.7747474747474747,false
33018,sfr_1_4,llc,523,524,11705,11726,0.04468175993165314,0.044687020296776396,false
33014,sfr_1_4,unknown,291,292,6655,6695,0.043726521412471825,0.04361463778939507,false
33143,large_mf,llc,17,2328,31,3459,0.5483870967741935,0.6730268863833477,false
33054,sfr_1_4,lender_reo,5,5,6688,7301,0.0007476076555023923,0.0006848376934666484,false
33031,sfr_1_4,estate,3,3,2180,2243,0.0013761467889908258,0.0013374944271065537,false
33014,large_mf,partnership,2,150,59,6089,0.03389830508474576,0.024634586960091968,false
33012,small_mf,individual,20,172,131,1119,0.15267175572519084,0.15370866845397677,false
33131,condo_unit,corp,1528,1528,16160,16160,0.09455445544554456,0.09455445544554456,false
33154,condo_unit,estate,7,7,7438,7438,0.0009411132024737832,0.0009411132024737832,false
33131,condo_unit,estate,9,9,16160,16160,0.0005569306930693069,0.0005569306930693069,false
33196,sfr_1_4,partnership,236,236,11985,12284,0.0196912807676262,0.019211983067404754,false
33175,small_mf,corp,1,16,2,31,0.5,0.5161290322580645,false
33144,sfr_1_4,corp,74,114,5477,6469,0.013511046193171445,0.017622507342711393,false
33033,sfr_1_4,corp,249,251,15948,16019,0.015613243039879609,0.01566889318933766,false
33140,sfr_1_4,estate,5,6,2592,2815,0.0019290123456790122,0.0021314387211367673,false
33129,sfr_1_4,corp,40,56,1511,1776,0.026472534745201854,0.03153153153153153,false
33141,condo_unit,unknown,237,237,12055,12055,0.019659892160929074,0.019659892160929074,false
33014,condo_unit,trust,35,35,3263,3263,0.010726325467361323,0.010726325467361323,false
33193,sfr_1_4,llc,259,259,8250,8255,0.03139393939393939,0.03137492428831012,false
33156,condo_unit,estate,9,9,3303,3303,0.0027247956403269754,0.0027247956403269754,false
33125,sfr_1_4,trust,17,35,6256,9066,0.002717391304347826,0.00386057798367527,false
33130,condo_unit,partnership,8,8,8626,8626,0.0009274287039183863,0.0009274287039183863,false
33127,sfr_1_4,individual,3188,4117,4724,6495,0.6748518204911093,0.6338722093918399,false
33174,sfr_1_4,individual,3749,4116,4292,4874,0.8734855545200373,0.8444809191629052,false
33127,large_mf,individual,3,95,36,4115,0.08333333333333333,0.023086269744835967,false
33181,condo_unit,lender_reo,1,1,4047,4047,0.00024709661477637757,0.00024709661477637757,false
33143,sfr_1_4,estate,26,26,6909,7125,0.003763207410623824,0.003649122807017544,false
33173,sfr_1_4,estate,22,22,8176,8215,0.0026908023483365948,0.002678027997565429,false
33137,large_mf,trust,2,177,40,6671,0.05,0.026532753710088442,false
33154,small_mf,individual,5,44,48,480,0.10416666666666667,0.09166666666666666,false
33150,sfr_1_4,estate,56,66,4996,6475,0.01120896717373899,0.010193050193050193,false
33015,large_mf,llc,10,2160,21,4488,0.47619047619047616,0.48128342245989303,false
33189,sfr_1_4,corp,56,59,6398,6550,0.0087527352297593,0.00900763358778626,false
33190,sfr_1_4,estate,2,2,3310,3312,0.0006042296072507553,0.0006038647342995169,false
33129,small_mf,llc,15,135,28,231,0.5357142857142857,0.5844155844155844,false
33157,sfr_1_4,estate,88,88,16983,17494,0.00518165224047577,0.005030296101520521,false
33154,coop_building,estate,1,1,296,296,0.0033783783783783786,0.0033783783783783786,false
33134,condo_unit,unknown,94,94,3838,3838,0.024491922876498175,0.024491922876498175,false
33145,condo_unit,individual,1736,1736,2209,2209,0.7858759619737438,0.7858759619737438,false
33137,small_mf,corp,10,85,81,661,0.12345679012345678,0.12859304084720122,false
33141,large_mf,trust,1,20,70,2852,0.014285714285714285,0.0070126227208976155,false
33010,small_mf,llc,146,1355,320,2929,0.45625,0.4626152270399454,false
33015,condo_unit,llc,2060,2060,7841,7841,0.26272159163372016,0.26272159163372016,false
33014,condo_unit,corp,281,281,3263,3263,0.0861170701808152,0.0861170701808152,false
33035,sfr_1_4,individual,3935,3939,4787,4791,0.8220179653227491,0.8221665623043206,false
33141,small_mf,trust,4,34,371,3565,0.01078167115902965,0.009537166900420757,false
33182,sfr_1_4,trust,4,4,3484,3509,0.001148105625717566,0.001139925904816187,false
33179,condo_unit,individual,7821,7821,9422,9422,0.8300785395881979,0.8300785395881979,false
33172,large_mf,unknown,1,294,14,4117,0.07142857142857142,0.07141122176341996,false
33184,sfr_1_4,llc,101,101,3788,3824,0.02666314677930306,0.02641213389121339,false
33160,sfr_1_4,trust,7,8,1439,1666,0.004864489228630994,0.004801920768307323,false
33134,small_mf,llc,129,1205,205,1950,0.6292682926829268,0.617948717948718,false
33131,sfr_1_4,individual,1,1,1,1,,,true
33180,condo_unit,partnership,7,7,16374,16374,0.00042750702332966896,0.00042750702332966896,false
33128,small_mf,corp,28,180,132,1043,0.21212121212121213,0.1725790987535954,false
33130,condo_unit,trust,17,17,8626,8626,0.001970785995826571,0.001970785995826571,false
33180,coop_building,coop_corp,96,96,96,96,1.0,1.0,false
33012,sfr_1_4,trust,17,20,8713,9174,0.0019511075404567888,0.0021800741225201656,false
33193,large_mf,llc,1,224,6,846,0.16666666666666666,0.2647754137115839,false
33018,sfr_1_4,partnership,121,121,11705,11726,0.010337462622810765,0.010318949343339587,false
33144,sfr_1_4,partnership,3,3,5477,6469,0.0005477451159393829,0.0004637501932292472,false
33172,sfr_1_4,llc,116,116,1331,1340,0.08715251690458302,0.08656716417910448,false
33138,sfr_1_4,partnership,3,3,5274,6317,0.0005688282138794084,0.0004749089757796422,false
33166,condo_unit,trust,7,7,3488,3488,0.0020068807339449542,0.0020068807339449542,false
33141,sfr_1_4,trust,18,21,2559,3520,0.007033997655334115,0.005965909090909091,false
33193,sfr_1_4,trust,9,9,8250,8255,0.001090909090909091,0.0010902483343428226,false
33187,sfr_1_4,partnership,52,53,5235,5310,0.009933142311365807,0.009981167608286252,false
33166,large_mf,llc,21,2644,35,3223,0.6,0.8203537077257214,false
33031,sfr_1_4,individual,1895,1950,2180,2243,0.8692660550458715,0.8693713776192599,false
33032,large_mf,partnership,3,390,56,7167,0.05357142857142857,0.05441607367099205,false
33131,condo_unit,lender_reo,4,4,16160,16160,0.00024752475247524753,0.00024752475247524753,false
33030,small_mf,trust,4,50,101,929,0.039603960396039604,0.05382131324004306,false
33156,sfr_1_4,partnership,9,9,8516,8731,0.0010568341944574918,0.0010308097583323788,false
33130,small_mf,individual,54,381,368,3051,0.14673913043478262,0.1248770894788594,false
33193,sfr_1_4,estate,22,22,8250,8255,0.0026666666666666666,0.0026650514839491215,false
33014,condo_unit,llc,585,585,3263,3263,0.17928286852589642,0.17928286852589642,false
33134,condo_unit,llc,565,565,3838,3838,0.14721208963001564,0.14721208963001564,false
33157,sfr_1_4,lender_reo,5,5,16983,17494,0.00029441205911794147,0.00028581227849548414,false
33128,sfr_1_4,individual,80,166,171,398,0.4678362573099415,0.41708542713567837,false
33144,sfr_1_4,trust,20,25,5477,6469,0.0036516341062625525,0.0038645849435770597,false
33035,sfr_1_4,corp,84,84,4787,4791,0.017547524545644455,0.017532874139010644,false
33133,small_mf,trust,1,9,67,677,0.014925373134328358,0.013293943870014771,false
33055,sfr_1_4,unknown,409,410,10603,10660,0.0385739884938225,0.038461538461538464,false
33145,sfr_1_4,trust,19,28,6200,8156,0.003064516129032258,0.0034330554193231977,false
33126,condo_unit,corp,278,278,7736,7736,0.0359358841778697,0.0359358841778697,false
33016,sfr_1_4,trust,3,3,4098,4101,0.0007320644216691069,0.000731528895391368,false
33141,condo_unit,trust,37,37,12055,12055,0.0030692658647863955,0.0030692658647863955,false
33190,condo_unit,corp,39,39,852,852,0.045774647887323945,0.045774647887323945,false
33134,condo_unit,individual,2957,2957,3838,3838,0.7704533611255863,0.7704533611255863,false
33141,large_mf,unknown,2,44,70,2852,0.02857142857142857,0.015427769985974754,false
33127,large_mf,unknown,1,100,36,4115,0.027777777777777776,0.024301336573511544,false
33166,condo_unit,unknown,68,68,3488,3488,0.0194954128440367,0.0194954128440367,false
33016,small_mf,trust,1,16,39,456,0.02564102564102564,0.03508771929824561,false
33150,large_mf,trust,1,21,19,1168,0.05263157894736842,0.01797945205479452,false
33135,condo_unit,unknown,35,35,1296,1296,0.02700617283950617,0.02700617283950617,false
33193,large_mf,corp,2,107,6,846,0.3333333333333333,0.12647754137115838,false
33146,sfr_1_4,lender_reo,4,4,3375,3513,0.0011851851851851852,0.001138627953316254,false
33131,condo_unit,trust,35,35,16160,16160,0.002165841584158416,0.002165841584158416,false
33140,coop_building,coop_corp,88,88,88,88,1.0,1.0,false
33179,large_mf,individual,3,1170,16,3491,0.1875,0.3351475221999427,false
33146,condo_unit,llc,228,228,900,900,0.25333333333333335,0.25333333333333335,false
33032,sfr_1_4,corp,302,315,15949,16083,0.018935356448680166,0.019585898153329603,false
33182,condo_unit,individual,473,473,555,555,0.8522522522522522,0.8522522522522522,false
33147,sfr_1_4,individual,8776,9748,10524,11991,0.8339034587609274,0.8129430406137936,false
33162,coop_building,estate,11,11,660,660,0.016666666666666666,0.016666666666666666,false
33138,small_mf,llc,127,1069,181,1561,0.7016574585635359,0.6848174247277387,false
33181,condo_unit,unknown,68,68,4047,4047,0.016802569804793676,0.016802569804793676,false
33126,small_mf,llc,39,405,62,629,0.6290322580645161,0.643879173290938,false
33178,sfr_1_4,partnership,41,41,10126,10246,0.00404898281651195,0.004001561585008784,false
33174,small_mf,unknown,4,38,31,296,0.12903225806451613,0.12837837837837837,false
33127,coop_building,coop_corp,8,8,8,8,,,true
33168,sfr_1_4,individual,5589,5868,6470,6856,0.8638330757341577,0.8558926487747958,false
33014,large_mf,unknown,1,368,59,6089,0.01694915254237288,0.0604368533420923,false
33014,sfr_1_4,corp,55,57,6655,6695,0.008264462809917356,0.008513816280806573,false
33055,large_mf,individual,1,33,4,391,0.25,0.08439897698209718,false
33035,small_mf,llc,6,84,6,84,1.0,1.0,false
33149,condo_unit,individual,3259,3259,5619,5619,0.5799964406478021,0.5799964406478021,false
33161,sfr_1_4,individual,6773,7992,8109,9980,0.8352447897397953,0.8008016032064128,false
33155,condo_unit,corp,42,42,1861,1861,0.022568511552928532,0.022568511552928532,false
33136,small_mf,unknown,1,6,127,1224,0.007874015748031496,0.004901960784313725,false
33146,small_mf,corp,2,34,5,74,0.4,0.4594594594594595,false
33184,condo_unit,individual,1483,1483,1747,1747,0.8488838008013738,0.8488838008013738,false
33012,condo_unit,individual,6348,6348,8837,8837,0.7183433291841123,0.7183433291841123,false
33133,small_mf,partnership,1,8,67,677,0.014925373134328358,0.011816838995568686,false
33193,sfr_1_4,individual,7290,7295,8250,8255,0.8836363636363637,0.8837068443367656,false
33056,sfr_1_4,lender_reo,3,3,8955,9033,0.00033500837520938025,0.00033211557622052476,false
33141,coop_building,coop_corp,125,125,126,126,0.9920634920634921,0.9920634920634921,false
33016,condo_unit,unknown,424,424,8588,8588,0.04937121564974383,0.04937121564974383,false
33126,sfr_1_4,estate,32,40,4074,5235,0.007854688267059401,0.007640878701050621,false
33172,large_mf,corp,3,454,14,4117,0.21428571428571427,0.11027447170269614,false
33156,sfr_1_4,corp,91,95,8516,8731,0.010685767966181306,0.010880769671286221,false
33056,condo_unit,individual,9,9,62,62,0.14516129032258066,0.14516129032258066,false
33030,condo_unit,individual,76,76,184,184,0.41304347826086957,0.41304347826086957,false
33030,small_mf,individual,14,96,101,929,0.13861386138613863,0.10333692142088267,false
33141,large_mf,llc,48,1988,70,2852,0.6857142857142857,0.697054698457223,false
33196,sfr_1_4,corp,146,157,11985,12284,0.012181894034209429,0.012780853142298926,false
33034,small_mf,llc,19,165,23,203,0.8260869565217391,0.812807881773399,false
33160,small_mf,corp,3,28,12,127,0.25,0.2204724409448819,false
33172,large_mf,llc,6,1479,14,4117,0.42857142857142855,0.35924216662618413,false
33173,large_mf,llc,5,603,10,1386,0.5,0.43506493506493504,false
33183,condo_unit,lender_reo,2,2,6203,6203,0.00032242463324197966,0.00032242463324197966,false
33013,small_mf,individual,18,124,70,551,0.2571428571428571,0.2250453720508167,false
33181,sfr_1_4,trust,8,11,2045,2223,0.003911980440097799,0.004948268106162843,false
33143,sfr_1_4,partnership,6,6,6909,7125,0.0008684324793747286,0.0008421052631578948,false
33180,condo_unit,estate,34,34,16374,16374,0.0020764626847441063,0.0020764626847441063,false
33144,condo_unit,corp,29,29,597,597,0.048576214405360134,0.048576214405360134,false
33130,sfr_1_4,corp,40,110,600,1428,0.06666666666666667,0.07703081232492998,false
33134,small_mf,trust,1,10,205,1950,0.004878048780487805,0.005128205128205128,false
33157,condo_unit,llc,387,387,1819,1819,0.21275426058273778,0.21275426058273778,false
33183,condo_unit,estate,19,19,6203,6203,0.003063034015798807,0.003063034015798807,false
33016,sfr_1_4,llc,99,99,4098,4101,0.024158125915080528,0.024140453547915143,false
33012,sfr_1_4,unknown,321,328,8713,9174,0.036841501205095835,0.035753215609330716,false
33109,sfr_1_4,corp,3,3,7,7,,,true
33014,large_mf,corp,18,1743,59,6089,0.3050847457627119,0.2862539004762687,false
33193,large_mf,unknown,1,228,6,846,0.16666666666666666,0.2695035460992908,false
33030,large_mf,corp,9,661,30,2096,0.3,0.31536259541984735,false
33176,sfr_1_4,unknown,787,794,12260,12373,0.06419249592169657,0.06417198739190172,false
33154,sfr_1_4,estate,1,1,1618,1685,0.0006180469715698393,0.0005934718100890207,false
33166,small_mf,individual,11,122,45,434,0.24444444444444444,0.28110599078341014,false
33127,sfr_1_4,corp,181,311,4724,6495,0.03831498729889924,0.04788298691301001,false
33187,sfr_1_4,corp,51,54,5235,5310,0.009742120343839542,0.010169491525423728,false
33034,condo_unit,estate,2,2,1009,1009,0.0019821605550049554,0.0019821605550049554,false
33167,large_mf,corp,3,260,13,1635,0.23076923076923078,0.15902140672782875,false
33147,sfr_1_4,trust,25,30,10524,11991,0.0023755226149752943,0.002501876407305479,false
33014,sfr_1_4,llc,240,252,6655,6695,0.03606311044327573,0.037640029873039584,false
33196,sfr_1_4,llc,510,590,11985,12284,0.0425531914893617,0.04802995766851188,false
33154,sfr_1_4,unknown,51,51,1618,1685,0.0315203955500618,0.030267062314540058,false
33013,large_mf,partnership,1,58,20,1131,0.05,0.05128205128205128,false
33030,sfr_1_4,llc,584,889,6846,7745,0.08530528775927548,0.11478373143963848,false
33162,small_mf,individual,22,180,75,682,0.29333333333333333,0.26392961876832843,false
33130,small_mf,corp,61,515,368,3051,0.16576086956521738,0.16879711569977057,false
33149,condo_unit,estate,6,6,5619,5619,0.0010678056593699946,0.0010678056593699946,false
33181,sfr_1_4,unknown,57,60,2045,2223,0.02787286063569682,0.02699055330634278,false
33174,sfr_1_4,partnership,10,16,4292,4874,0.002329916123019571,0.003282724661469019,false
33175,large_mf,trust,2,390,2,390,1.0,1.0,false
33169,condo_unit,llc,842,842,2454,2454,0.34311328443357786,0.34311328443357786,false
33154,condo_unit,llc,1886,1886,7438,7438,0.25356278569507934,0.25356278569507934,false
33156,condo_unit,unknown,87,87,3303,3303,0.02633969118982743,0.02633969118982743,false
33126,sfr_1_4,corp,69,113,4074,5235,0.016936671575846832,0.021585482330468003,false
33146,condo_unit,individual,595,595,900,900,0.6611111111111111,0.6611111111111111,false
-,large_mf,corp,1,32,2,90,0.5,0.35555555555555557,false
33140,sfr_1_4,partnership,4,4,2592,2815,0.0015432098765432098,0.0014209591474245115,false
33130,sfr_1_4,estate,3,6,600,1428,0.005,0.004201680672268907,false
33185,sfr_1_4,trust,17,17,8014,8014,0.0021212877464437236,0.0021212877464437236,false
33134,small_mf,unknown,2,17,205,1950,0.00975609756097561,0.008717948717948718,false
33165,large_mf,partnership,1,331,21,1497,0.047619047619047616,0.22110888443553775,false
33196,sfr_1_4,unknown,630,630,11985,12284,0.052565707133917394,0.05128622598502117,false
33125,condo_unit,corp,181,181,2565,2565,0.07056530214424951,0.07056530214424951,false
33012,condo_unit,corp,312,312,8837,8837,0.03530609935498472,0.03530609935498472,false
33186,condo_unit,corp,106,106,4169,4169,0.025425761573518828,0.025425761573518828,false
33139,small_mf,corp,57,683,287,3273,0.1986062717770035,0.20867705468988695,false
33180,sfr_1_4,llc,219,308,1859,1975,0.1178052716514255,0.1559493670886076,false
33173,condo_unit,estate,15,15,2633,2633,0.00569692366122294,0.00569692366122294,false
33015,sfr_1_4,individual,8758,8767,9614,9625,0.9109631786977325,0.9108571428571428,false
33176,large_mf,individual,1,159,13,1843,0.07692307692307693,0.08627238198589257,false
33176,large_mf,llc,5,971,13,1843,0.38461538461538464,0.5268583830710798,false
33145,condo_unit,corp,75,75,2209,2209,0.033952014486192846,0.033952014486192846,false
33173,condo_unit,trust,11,11,2633,2633,0.004177744018230156,0.004177744018230156,false
33136,small_mf,individual,24,204,127,1224,0.1889763779527559,0.16666666666666666,false
33140,sfr_1_4,trust,21,22,2592,2815,0.008101851851851851,0.007815275310834813,false
33134,condo_unit,estate,4,4,3838,3838,0.0010422094841063053,0.0010422094841063053,false
33178,condo_unit,partnership,17,17,8433,8433,0.002015889956124748,0.002015889956124748,false
33173,condo_unit,corp,44,44,2633,2633,0.016710976072920623,0.016710976072920623,false
33156,sfr_1_4,lender_reo,2,2,8516,8731,0.00023485204321277596,0.0002290688351849731,false
33179,sfr_1_4,estate,28,28,6712,7049,0.004171632896305125,0.003972194637537239,false
33133,small_mf,unknown,3,26,67,677,0.04477611940298507,0.03840472673559823,false
33127,sfr_1_4,llc,1078,1688,4724,6495,0.22819644369178663,0.2598922247882987,false
33135,condo_unit,trust,6,6,1296,1296,0.004629629629629629,0.004629629629629629,false
33196,condo_unit,unknown,89,89,2956,2956,0.030108254397834912,0.030108254397834912,false
33150,condo_unit,lender_reo,1,1,339,339,0.0029498525073746312,0.0029498525073746312,false
33054,small_mf,partnership,10,124,52,469,0.19230769230769232,0.26439232409381663,false
33018,condo_unit,individual,3532,3532,4340,4340,0.8138248847926267,0.8138248847926267,false
33189,large_mf,corp,7,822,17,1686,0.4117647058823529,0.4875444839857651,false
33033,small_mf,corp,1,8,5,54,0.2,0.14814814814814814,false
33055,sfr_1_4,individual,9395,9443,10603,10660,0.8860699801942846,0.8858348968105065,false
33156,condo_unit,partnership,1,1,3303,3303,0.0003027550711474417,0.0003027550711474417,false
33130,condo_unit,estate,7,7,8626,8626,0.000811500115928588,0.000811500115928588,false
33186,condo_unit,partnership,6,6,4169,4169,0.0014391940513312545,0.0014391940513312545,false
33155,small_mf,corp,1,7,16,170,0.0625,0.041176470588235294,false
33033,sfr_1_4,lender_reo,7,7,15948,16019,0.00043892651116127413,0.0004369810849616081,false
33179,condo_unit,estate,75,75,9422,9422,0.007960093398429208,0.007960093398429208,false
33160,large_mf,corp,4,306,17,3417,0.23529411764705882,0.08955223880597014,false
33014,large_mf,individual,8,922,59,6089,0.13559322033898305,0.15142059451469864,false
33172,large_mf,individual,3,1757,14,4117,0.21428571428571427,0.42676706339567644,false
33182,sfr_1_4,partnership,27,27,3484,3509,0.007749712973593571,0.007694499857509262,false
33128,small_mf,trust,2,14,132,1043,0.015151515151515152,0.013422818791946308,false
33145,condo_unit,estate,6,6,2209,2209,0.002716161158895428,0.002716161158895428,false
33136,coop_building,estate,14,14,267,267,0.052434456928838954,0.052434456928838954,false
33158,sfr_1_4,individual,1746,1756,2036,2048,0.8575638506876228,0.857421875,false
33131,coop_building,trust,1,1,98,98,0.01020408163265306,0.01020408163265306,false
33015,condo_unit,unknown,193,193,7841,7841,0.024614207371508736,0.024614207371508736,false
33015,condo_unit,coop_corp,3,3,7841,7841,0.00038260425966075756,0.00038260425966075756,false
33190,condo_unit,trust,1,1,852,852,0.0011737089201877935,0.0011737089201877935,false
33161,large_mf,llc,55,3411,75,4524,0.7333333333333333,0.7539787798408488,false
33033,condo_unit,llc,676,676,1748,1748,0.38672768878718533,0.38672768878718533,false
33139,small_mf,trust,1,8,287,3273,0.003484320557491289,0.002444240757714635,false
33154,small_mf,llc,24,231,48,480,0.5,0.48125,false
33035,large_mf,llc,6,215,6,215,1.0,1.0,false
33173,large_mf,corp,3,371,10,1386,0.3,0.2676767676767677,false
33142,sfr_1_4,unknown,270,373,8997,12471,0.030010003334444816,0.029909389784299575,false
33185,condo_unit,llc,32,32,489,489,0.065439672801636,0.065439672801636,false
33160,sfr_1_4,unknown,33,50,1439,1666,0.022932592077831826,0.030012004801920768,false
33161,sfr_1_4,partnership,14,15,8109,9980,0.0017264767542237022,0.001503006012024048,false
33150,condo_unit,individual,166,166,339,339,0.4896755162241888,0.4896755162241888,false
33133,sfr_1_4,unknown,242,290,6423,8108,0.03767709792931652,0.03576714356191416,false
33126,sfr_1_4,individual,3500,4374,4074,5235,0.8591065292096219,0.8355300859598854,false
33137,sfr_1_4,estate,9,11,1619,2213,0.005558987029030266,0.004970628106642567,false
33176,condo_unit,individual,3845,3845,5337,5337,0.7204421959902567,0.7204421959902567,false
33134,large_mf,llc,21,1048,38,1668,0.5526315789473685,0.6282973621103117,false
33172,condo_unit,individual,7714,7714,9766,9766,0.7898832684824902,0.7898832684824902,false
33126,sfr_1_4,llc,313,505,4074,5235,0.07682866961217477,0.0964660936007641,false
33174,condo_unit,individual,3485,3485,4296,4296,0.811219739292365,0.811219739292365,false
33128,large_mf,individual,1,144,31,3342,0.03225806451612903,0.04308797127468582,false
33166,condo_unit,llc,1322,1322,3488,3488,0.3790137614678899,0.3790137614678899,false
33012,condo_unit,partnership,2,2,8837,8837,0.00022632114971144054,0.00022632114971144054,false
33134,large_mf,individual,2,45,38,1668,0.05263157894736842,0.02697841726618705,false
33035,condo_unit,partnership,6,6,2424,2424,0.0024752475247524753,0.0024752475247524753,false
33147,condo_unit,trust,2,2,74,74,0.02702702702702703,0.02702702702702703,false
33169,sfr_1_4,partnership,63,64,7679,7871,0.008204193254329991,0.008131114216745013,false
33157,condo_unit,corp,75,75,1819,1819,0.04123144584936778,0.04123144584936778,false
33127,small_mf,corp,27,249,125,1054,0.216,0.23624288425047438,false
33013,sfr_1_4,corp,104,162,6945,7716,0.014974802015838734,0.020995334370139968,false
33134,small_mf,corp,48,508,205,1950,0.23414634146341465,0.2605128205128205,false
33054,sfr_1_4,corp,151,208,6688,7301,0.02257775119617225,0.028489248048212575,false
33054,condo_unit,llc,86,86,295,295,0.29152542372881357,0.29152542372881357,false
33142,large_mf,partnership,4,541,58,4542,0.06896551724137931,0.11911052399823867,false
33033,small_mf,individual,2,20,5,54,0.4,0.37037037037037035,false
33144,small_mf,individual,12,100,38,351,0.3157894736842105,0.2849002849002849,false
33196,large_mf,llc,15,2255,17,2879,0.8823529411764706,0.7832580757207364,false
33143,sfr_1_4,llc,517,567,6909,7125,0.07482993197278912,0.07957894736842105,false
33015,sfr_1_4,partnership,55,56,9614,9625,0.005720823798627002,0.005818181818181818,false
33167,large_mf,unknown,1,240,13,1635,0.07692307692307693,0.14678899082568808,false
33158,sfr_1_4,unknown,162,163,2036,2048,0.07956777996070727,0.07958984375,false
33139,sfr_1_4,individual,700,811,1044,1291,0.6704980842911877,0.6281951975213013,false
33015,condo_unit,trust,38,38,7841,7841,0.004846320622369595,0.004846320622369595,false
33139,condo_unit,partnership,124,124,22912,22912,0.005412011173184358,0.005412011173184358,false
33156,condo_unit,llc,775,775,3303,3303,0.23463518013926735,0.23463518013926735,false
33155,condo_unit,unknown,71,71,1861,1861,0.03815153143471252,0.03815153143471252,false
33170,sfr_1_4,partnership,27,29,4653,4824,0.005802707930367505,0.0060116086235489224,false
33172,sfr_1_4,partnership,2,2,1331,1340,0.0015026296018031556,0.0014925373134328358,false
33054,sfr_1_4,partnership,22,30,6688,7301,0.003289473684210526,0.004109026160799891,false
33174,condo_unit,lender_reo,1,1,4296,4296,0.00023277467411545624,0.00023277467411545624,false
33196,condo_unit,trust,6,6,2956,2956,0.0020297699594046007,0.0020297699594046007,false
33031,sfr_1_4,unknown,110,113,2180,2243,0.05045871559633028,0.05037895675434686,false
33143,sfr_1_4,lender_reo,3,3,6909,7125,0.0004342162396873643,0.0004210526315789474,false
33182,sfr_1_4,corp,20,20,3484,3509,0.0057405281285878304,0.005699629524080934,false
33141,sfr_1_4,llc,502,963,2559,3520,0.19617037905431808,0.27357954545454544,false
33177,sfr_1_4,unknown,652,656,14827,14919,0.043973831523571864,0.04397077552114753,false
33032,condo_unit,estate,2,2,589,589,0.003395585738539898,0.003395585738539898,false
33143,large_mf,trust,1,43,31,3459,0.03225806451612903,0.012431338537149466,false
33175,sfr_1_4,corp,95,98,13804,13881,0.006882063170095624,0.0070600100857286935,false
33010,coop_building,coop_corp,109,109,112,112,0.9732142857142857,0.9732142857142857,false
33177,condo_unit,individual,367,367,455,455,0.8065934065934066,0.8065934065934066,false
33013,sfr_1_4,partnership,2,2,6945,7716,0.00028797696184305253,0.0002592016588906169,false
33133,small_mf,corp,12,119,67,677,0.1791044776119403,0.1757754800590842,false
33018,condo_unit,llc,390,390,4340,4340,0.08986175115207373,0.08986175115207373,false
33136,large_mf,trust,1,42,57,5008,0.017543859649122806,0.008386581469648562,false
33166,sfr_1_4,unknown,236,249,5042,5339,0.046806822689408965,0.04663794718112006,false
33166,condo_unit,lender_reo,2,2,3488,3488,0.0005733944954128441,0.0005733944954128441,false
33138,condo_unit,llc,508,508,2970,2970,0.17104377104377105,0.17104377104377105,false
33156,large_mf,corp,3,232,9,1725,0.3333333333333333,0.1344927536231884,false
33160,small_mf,llc,9,99,12,127,0.75,0.7795275590551181,false
33035,condo_unit,unknown,28,28,2424,2424,0.01155115511551155,0.01155115511551155,false
33156,large_mf,llc,5,1333,9,1725,0.5555555555555556,0.7727536231884058,false
33147,sfr_1_4,partnership,15,15,10524,11991,0.0014253135689851768,0.0012509382036527395,false
33035,condo_unit,corp,271,271,2424,2424,0.1117986798679868,0.1117986798679868,false
33134,sfr_1_4,estate,28,29,8547,9822,0.003276003276003276,0.002952555487680717,false
33156,condo_unit,trust,8,8,3303,3303,0.0024220405691795337,0.0024220405691795337,false
33179,sfr_1_4,llc,681,954,6712,7049,0.1014600715137068,0.13533834586466165,false
33190,sfr_1_4,partnership,72,72,3310,3312,0.02175226586102719,0.021739130434782608,false
33135,condo_unit,corp,57,57,1296,1296,0.04398148148148148,0.04398148148148148,false
33136,condo_unit,trust,5,5,1406,1406,0.0035561877667140826,0.0035561877667140826,false
33141,condo_unit,estate,30,30,12055,12055,0.002488593944421402,0.002488593944421402,false
33158,sfr_1_4,estate,4,4,2036,2048,0.0019646365422396855,0.001953125,false
33126,large_mf,unknown,6,305,69,5162,0.08695652173913043,0.05908562572646261,false
33013,condo_unit,partnership,17,17,358,358,0.04748603351955307,0.04748603351955307,false
33177,sfr_1_4,corp,123,133,14827,14919,0.008295676805827207,0.008914806622427777,false
33141,condo_unit,corp,504,504,12055,12055,0.041808378266279554,0.041808378266279554,false
33034,condo_unit,individual,748,748,1009,1009,0.7413280475718533,0.7413280475718533,false
33168,sfr_1_4,unknown,277,294,6470,6856,0.0428129829984544,0.04288214702450408,false
33127,sfr_1_4,estate,74,87,4724,6495,0.015664690939881456,0.013394919168591224,false
33147,large_mf,corp,10,755,34,2550,0.29411764705882354,0.296078431372549,false
33013,small_mf,llc,37,313,70,551,0.5285714285714286,0.5680580762250453,false
33178,condo_unit,llc,2148,2148,8433,8433,0.25471362504446815,0.25471362504446815,false
33132,large_mf,llc,10,3394,13,4704,0.7692307692307693,0.7215136054421769,false
33169,condo_unit,corp,166,166,2454,2454,0.06764466177669112,0.06764466177669112,false
33175,condo_unit,unknown,79,79,2787,2787,0.02834589163975601,0.02834589163975601,false
33177,sfr_1_4,lender_reo,4,4,14827,14919,0.00026977810750657583,0.0002681144848850459,false
33140,large_mf,corp,4,151,17,1186,0.23529411764705882,0.12731871838111297,false
33137,sfr_1_4,llc,359,594,1619,2213,0.2217418159357628,0.2684139177586986,false
33012,sfr_1_4,individual,7839,8118,8713,9174,0.8996901182141628,0.8848920863309353,false
33145,large_mf,llc,12,821,18,1127,0.6666666666666666,0.7284826974267968,false
33033,sfr_1_4,llc,1372,1406,15948,16019,0.08602959618760973,0.087770772208003,false
33015,sfr_1_4,estate,27,27,9614,9625,0.002808404410235074,0.0028051948051948054,false
33176,sfr_1_4,trust,59,59,12260,12373,0.004812398042414356,0.004768447425846601,false
33147,condo_unit,individual,48,48,74,74,0.6486486486486487,0.6486486486486487,false
33180,large_mf,partnership,2,379,9,2108,0.2222222222222222,0.17979127134724857,false
33056,condo_unit,corp,6,6,62,62,0.0967741935483871,0.0967741935483871,false
33132,condo_unit,trust,14,14,10782,10782,0.0012984603969578928,0.0012984603969578928,false
33147,small_mf,partnership,1,15,43,372,0.023255813953488372,0.04032258064516129,false
33193,condo_unit,unknown,194,194,5895,5895,0.032909245122985584,0.032909245122985584,false
33135,sfr_1_4,unknown,105,174,3331,5488,0.03152206544581207,0.031705539358600585,false
33146,small_mf,trust,1,10,5,74,0.2,0.13513513513513514,false
33178,large_mf,corp,2,404,16,5129,0.125,0.07876779099239618,false
33015,sfr_1_4,unknown,439,439,9614,9625,0.04566257541085916,0.04561038961038961,false
33033,large_mf,llc,11,1744,26,3316,0.4230769230769231,0.525934861278649,false
33158,condo_unit,unknown,12,12,228,228,0.05263157894736842,0.05263157894736842,false
33139,coop_building,estate,3,3,460,460,0.006521739130434782,0.006521739130434782,false
33170,large_mf,unknown,1,200,8,1097,0.125,0.18231540565177756,false
33140,condo_unit,estate,20,20,11221,11221,0.0017823723375813207,0.0017823723375813207,false
33031,sfr_1_4,corp,38,39,2180,2243,0.01743119266055046,0.017387427552385197,false
33030,small_mf,partnership,10,124,101,929,0.09900990099009901,0.13347685683530677,false
33179,large_mf,partnership,1,206,16,3491,0.0625,0.05900887997708393,false
33126,sfr_1_4,trust,14,24,4074,5235,0.003436426116838488,0.004584527220630372,false
33141,small_mf,unknown,8,67,371,3565,0.0215633423180593,0.01879382889200561,false
33140,small_mf,individual,9,86,44,460,0.20454545454545456,0.18695652173913044,false
33174,small_mf,trust,1,8,31,296,0.03225806451612903,0.02702702702702703,false
33016,large_mf,individual,4,340,36,2305,0.1111111111111111,0.1475054229934924,false
33133,sfr_1_4,individual,5108,6169,6423,8108,0.7952670091857388,0.7608534780463739,false
33138,sfr_1_4,corp,85,139,5274,6317,0.016116799393249906,0.022004115877790092,false
33016,condo_unit,trust,34,34,8588,8588,0.0039590125756870055,0.0039590125756870055,false
33169,sfr_1_4,corp,59,73,7679,7871,0.0076832920953249124,0.009274552153474782,false
33165,condo_unit,partnership,1,1,1131,1131,0.0008841732979664014,0.0008841732979664014,false
33033,large_mf,individual,1,44,26,3316,0.038461538461538464,0.013268998793727383,false
33130,sfr_1_4,individual,346,743,600,1428,0.5766666666666667,0.5203081232492998,false
33162,large_mf,corp,7,310,35,2250,0.2,0.13777777777777778,false
33139,condo_unit,corp,1595,1595,22912,22912,0.06961417597765363,0.06961417597765363,false
33157,sfr_1_4,partnership,70,70,16983,17494,0.004121768827651181,0.004001371898936778,false
33184,condo_unit,unknown,47,47,1747,1747,0.026903262736119062,0.026903262736119062,false
33178,condo_unit,corp,508,508,8433,8433,0.06023953515949247,0.06023953515949247,false
33147,small_mf,individual,13,96,43,372,0.3023255813953488,0.25806451612903225,false
33147,large_mf,unknown,3,501,34,2550,0.08823529411764706,0.19647058823529412,false
33162,condo_unit,estate,10,10,2131,2131,0.004692632566870014,0.004692632566870014,false
33138,condo_unit,unknown,54,54,2970,2970,0.01818181818181818,0.01818181818181818,false
33149,sfr_1_4,lender_reo,1,1,1294,1314,0.0007727975270479134,0.00076103500761035,false
33012,small_mf,corp,43,371,131,1119,0.3282442748091603,0.3315460232350313,false
33013,sfr_1_4,trust,20,22,6945,7716,0.0028797696184305254,0.002851218247796786,false
33155,sfr_1_4,trust,44,46,12127,12822,0.0036282675022676673,0.003587583840274528,false
33154,small_mf,partnership,3,39,48,480,0.0625,0.08125,false
33165,condo_unit,unknown,43,43,1131,1131,0.03801945181255526,0.03801945181255526,false
33016,condo_unit,individual,6324,6324,8588,8588,0.736376339077783,0.736376339077783,false
33018,sfr_1_4,trust,19,19,11705,11726,0.0016232379325074753,0.0016203308886235715,false
33147,large_mf,individual,2,64,34,2550,0.058823529411764705,0.025098039215686273,false
33129,sfr_1_4,trust,8,9,1511,1776,0.005294506949040371,0.005067567567567568,false
33015,large_mf,corp,7,1613,21,4488,0.3333333333333333,0.35940285204991085,false
33147,sfr_1_4,unknown,359,408,10524,11991,0.03411250475104523,0.03402551913935452,false
33170,sfr_1_4,corp,68,82,4653,4824,0.014614227380184827,0.016998341625207296,false
33181,condo_unit,trust,10,10,4047,4047,0.002470966147763776,0.002470966147763776,false
33193,large_mf,partnership,2,287,6,846,0.3333333333333333,0.3392434988179669,false
33165,sfr_1_4,estate,84,86,14199,15049,0.005915909571096556,0.005714665426274171,false
33193,condo_unit,trust,13,13,5895,5895,0.0022052586938083123,0.0022052586938083123,false
33190,sfr_1_4,lender_reo,2,2,3310,3312,0.0006042296072507553,0.0006038647342995169,false
33055,sfr_1_4,lender_reo,4,4,10603,10660,0.00037725172121097803,0.000375234521575985,false
33129,condo_unit,estate,4,4,5227,5227,0.0007652573177731012,0.0007652573177731012,false
33161,condo_unit,llc,927,927,3046,3046,0.30433355219960606,0.30433355219960606,false
33183,condo_unit,unknown,218,218,6203,6203,0.035144285023375785,0.035144285023375785,false
33182,condo_unit,unknown,33,33,555,555,0.05945945945945946,0.05945945945945946,false
33010,coop_building,estate,3,3,112,112,0.026785714285714284,0.026785714285714284,false
33032,sfr_1_4,estate,38,40,15949,16083,0.002382594520032604,0.0024870981782005846,false
33125,sfr_1_4,estate,49,70,6256,9066,0.007832480818414322,0.00772115596735054,false
33196,condo_unit,corp,88,88,2956,2956,0.029769959404600813,0.029769959404600813,false
33173,large_mf,unknown,1,336,10,1386,0.1,0.24242424242424243,false
33056,small_mf,individual,1,11,2,26,0.5,0.4230769230769231,false
33176,condo_unit,unknown,161,161,5337,5337,0.030166760352257824,0.030166760352257824,false
33177,large_mf,corp,4,192,15,2385,0.26666666666666666,0.08050314465408805,false
33122,sfr_1_4,individual,83,84,127,128,0.6535433070866141,0.65625,false
33129,small_mf,unknown,1,6,28,231,0.03571428571428571,0.025974025974025976,false
33189,sfr_1_4,partnership,54,55,6398,6550,0.008440137542982182,0.008396946564885497,false
33150,sfr_1_4,individual,3816,4599,4996,6475,0.7638110488390712,0.7102702702702702,false
33142,sfr_1_4,trust,43,72,8997,12471,0.0047793709014115815,0.005773394274717345,false
33142,small_mf,individual,35,238,166,1376,0.21084337349397592,0.17296511627906977,false
33193,sfr_1_4,partnership,113,113,8250,8255,0.013696969696969697,0.013688673531193216,false
33136,coop_building,coop_corp,253,253,267,267,0.947565543071161,0.947565543071161,false
33150,sfr_1_4,partnership,9,10,4996,6475,0.001801441152922338,0.0015444015444015444,false
33174,condo_unit,partnership,4,4,4296,4296,0.000931098696461825,0.000931098696461825,false
33139,condo_unit,lender_reo,10,10,22912,22912,0.0004364525139664804,0.0004364525139664804,false
33013,large_mf,corp,7,201,20,1131,0.35,0.17771883289124668,false
33014,small_mf,individual,3,28,17,159,0.17647058823529413,0.1761006289308176,false
33018,large_mf,partnership,2,259,13,2720,0.15384615384615385,0.09522058823529411,false
33186,large_mf,unknown,1,240,14,3834,0.07142857142857142,0.06259780907668232,false
33012,condo_unit,coop_corp,1,1,8837,8837,0.00011316057485572027,0.00011316057485572027,false
33194,sfr_1_4,individual,1357,1357,1537,1538,0.8828887443070917,0.8823146944083224,false
33144,condo_unit,individual,459,459,597,597,0.7688442211055276,0.7688442211055276,false
33161,coop_building,estate,1,1,44,44,0.022727272727272728,0.022727272727272728,false
33165,condo_unit,individual,885,885,1131,1131,0.7824933687002652,0.7824933687002652,false
33178,sfr_1_4,unknown,348,348,10126,10246,0.034366976101125817,0.03396447394105016,false
33142,large_mf,corp,14,1143,58,4542,0.2413793103448276,0.25165125495376484,false
33056,sfr_1_4,trust,16,16,8955,9033,0.0017867113344500279,0.001771283073176132,false
33133,large_mf,corp,8,411,22,1616,0.36363636363636365,0.25433168316831684,false
33134,large_mf,corp,13,521,38,1668,0.34210526315789475,0.31235011990407674,false
33010,sfr_1_4,partnership,5,9,5742,7762,0.0008707767328456984,0.0011594949755217728,false
33172,condo_unit,corp,235,235,9766,9766,0.02406307597788245,0.02406307597788245,false
33012,condo_unit,lender_reo,9,9,8837,8837,0.0010184451737014824,0.0010184451737014824,false
33165,condo_unit,trust,7,7,1131,1131,0.00618921308576481,0.00618921308576481,false
33033,sfr_1_4,partnership,148,148,15948,16019,0.00928016052169551,0.009239028653474,false
33146,condo_unit,estate,3,3,900,900,0.0033333333333333335,0.0033333333333333335,false
33180,sfr_1_4,corp,44,54,1859,1975,0.023668639053254437,0.027341772151898733,false
33193,sfr_1_4,lender_reo,2,2,8250,8255,0.00024242424242424242,0.00024227740763173834,false
33126,small_mf,individual,12,103,62,629,0.1935483870967742,0.16375198728139906,false
33030,sfr_1_4,lender_reo,2,2,6846,7745,0.00029214139643587495,0.0002582311168495804,false
33158,condo_unit,individual,178,178,228,228,0.7807017543859649,0.7807017543859649,false
33175,condo_unit,individual,2346,2346,2787,2787,0.8417653390742734,0.8417653390742734,false
33179,condo_unit,llc,1054,1054,9422,9422,0.11186584589259181,0.11186584589259181,false
33193,condo_unit,individual,4393,4393,5895,5895,0.7452078032230705,0.7452078032230705,false
33055,sfr_1_4,corp,128,129,10603,10660,0.012072055078751297,0.012101313320825516,false
33133,condo_unit,estate,3,3,6507,6507,0.0004610419548178884,0.0004610419548178884,false
33141,small_mf,estate,1,8,371,3565,0.0026954177897574125,0.002244039270687237,false
33161,large_mf,unknown,6,254,75,4524,0.08,0.05614500442086649,false
33132,condo_unit,llc,4048,4048,10782,10782,0.3754405490632536,0.3754405490632536,false
33016,large_mf,trust,2,40,36,2305,0.05555555555555555,0.01735357917570499,false
33012,condo_unit,trust,44,44,8837,8837,0.004979065293651692,0.004979065293651692,false
33167,sfr_1_4,trust,6,6,5076,5198,0.001182033096926714,0.0011542901115813775,false
33129,large_mf,corp,4,369,8,633,0.5,0.5829383886255924,false
33056,large_mf,corp,2,134,20,3269,0.1,0.04099112878556133,false
33129,condo_unit,llc,942,942,5227,5227,0.18021809833556535,0.18021809833556535,false
33175,condo_unit,trust,7,7,2787,2787,0.002511661284535343,0.002511661284535343,false
33176,sfr_1_4,corp,67,69,12260,12373,0.005464926590538336,0.005576658853956195,false
33130,condo_unit,llc,3052,3052,8626,8626,0.35381405054486437,0.35381405054486437,false
33161,condo_unit,trust,20,20,3046,3046,0.006565988181221274,0.006565988181221274,false
33154,condo_unit,individual,4727,4727,7438,7438,0.6355203011562248,0.6355203011562248,false
33162,small_mf,trust,1,12,75,682,0.013333333333333334,0.017595307917888565,false
33172,condo_unit,partnership,3,3,9766,9766,0.00030718820397296744,0.00030718820397296744,false
33150,sfr_1_4,corp,167,276,4996,6475,0.03342674139311449,0.04262548262548262,false
33139,small_mf,partnership,6,66,287,3273,0.020905923344947737,0.02016498625114574,false
33016,sfr_1_4,unknown,212,212,4098,4101,0.05173255246461689,0.05169470860765667,false
33133,condo_unit,unknown,117,117,6507,6507,0.017980636237897647,0.017980636237897647,false
33010,condo_unit,unknown,42,42,984,984,0.042682926829268296,0.042682926829268296,false
33137,condo_unit,individual,4713,4713,8256,8256,0.5708575581395349,0.5708575581395349,false
33034,sfr_1_4,estate,26,27,5768,6050,0.004507628294036061,0.004462809917355372,false
33156,sfr_1_4,estate,14,15,8516,8731,0.0016439643024894317,0.001718016263887298,false
33181,small_mf,llc,26,275,30,321,0.8666666666666667,0.8566978193146417,false
33033,sfr_1_4,trust,22,22,15948,16019,0.0013794833207925758,0.001373369124165054,false
33139,sfr_1_4,estate,3,5,1044,1291,0.0028735632183908046,0.0038729666924864447,false
33145,small_mf,unknown,1,10,75,673,0.013333333333333334,0.014858841010401188,false
33189,condo_unit,individual,559,559,867,867,0.6447520184544406,0.6447520184544406,false
33135,small_mf,partnership,1,12,577,4666,0.0017331022530329288,0.002571795970852979,false
33144,small_mf,corp,8,89,38,351,0.21052631578947367,0.2535612535612536,false
33016,sfr_1_4,partnership,24,24,4098,4101,0.005856515373352855,0.005852231163130944,false
33054,condo_unit,individual,185,185,295,295,0.6271186440677966,0.6271186440677966,false
33125,condo_unit,unknown,80,80,2565,2565,0.031189083820662766,0.031189083820662766,false
33016,condo_unit,corp,255,255,8588,8588,0.02969259431765254,0.02969259431765254,false
33034,large_mf,partnership,2,264,25,2343,0.08,0.11267605633802817,false
33018,large_mf,llc,9,2098,13,2720,0.6923076923076923,0.7713235294117647,false
33177,condo_unit,llc,57,57,455,455,0.12527472527472527,0.12527472527472527,false
33160,condo_unit,llc,6783,6783,29691,29691,0.22845306658583409,0.22845306658583409,false
33189,condo_unit,corp,51,51,867,867,0.058823529411764705,0.058823529411764705,false
33169,sfr_1_4,estate,54,56,7679,7871,0.007032165646568563,0.007114724939651887,false
33176,condo_unit,trust,19,19,5337,5337,0.0035600524639310474,0.0035600524639310474,false
33167,condo_unit,trust,1,1,84,84,0.011904761904761904,0.011904761904761904,false
33034,small_mf,individual,1,8,23,203,0.043478260869565216,0.03940886699507389,false
33196,condo_unit,individual,2134,2134,2956,2956,0.7219215155615697,0.7219215155615697,false
33135,sfr_1_4,trust,10,25,3331,5488,0.003002101471029721,0.004555393586005831,false
33145,sfr_1_4,estate,33,37,6200,8156,0.00532258064516129,0.004536537518391368,false
33018,sfr_1_4,unknown,453,455,11705,11726,0.03870140965399402,0.038802660753880266,false
33127,sfr_1_4,unknown,126,170,4724,6495,0.026672311600338696,0.02617397998460354,false
33032,condo_unit,unknown,11,11,589,589,0.01867572156196944,0.01867572156196944,false
33133,condo_unit,partnership,9,9,6507,6507,0.0013831258644536654,0.0013831258644536654,false
33056,sfr_1_4,estate,113,113,8955,9033,0.012618648799553323,0.012509686704306432,false
33033,large_mf,unknown,1,128,26,3316,0.038461538461538464,0.038600723763570564,false
33165,small_mf,corp,1,12,2,28,0.5,0.42857142857142855,false
33186,sfr_1_4,estate,36,36,17390,17401,0.0020701552616446232,0.0020688466180104593,false
33035,condo_unit,llc,817,817,2424,2424,0.33704620462046203,0.33704620462046203,false
33016,sfr_1_4,corp,24,24,4098,4101,0.005856515373352855,0.005852231163130944,false
33150,large_mf,corp,6,545,19,1168,0.3157894736842105,0.4666095890410959,false
33133,sfr_1_4,corp,154,243,6423,8108,0.023976335045928693,0.02997039960532807,false
33030,sfr_1_4,individual,5751,6194,6846,7745,0.8400525854513584,0.7997417688831504,false
33172,sfr_1_4,unknown,53,54,1331,1340,0.039819684447783624,0.04029850746268657,false
33126,condo_unit,llc,1455,1455,7736,7736,0.18808169596690796,0.18808169596690796,false
33180,large_mf,corp,1,72,9,2108,0.1111111111111111,0.03415559772296015,false
33169,small_mf,corp,2,14,7,62,0.2857142857142857,0.22580645161290322,false
33180,sfr_1_4,estate,2,2,1859,1975,0.0010758472296933835,0.0010126582278481013,false
33056,sfr_1_4,individual,7848,7904,8955,9033,0.8763819095477386,0.8750138381490092,false
33125,small_mf,llc,180,1478,340,2734,0.5294117647058824,0.5405998536942209,false
33128,condo_unit,unknown,13,13,703,703,0.01849217638691323,0.01849217638691323,false
33056,large_mf,unknown,5,541,20,3269,0.25,0.16549403487304987,false
33128,condo_unit,individual,230,230,703,703,0.32716927453769556,0.32716927453769556,false
33128,condo_unit,estate,1,1,703,703,0.001422475106685633,0.001422475106685633,false
33181,condo_unit,corp,219,219,4047,4047,0.054114158636026685,0.054114158636026685,false
33147,small_mf,llc,19,170,43,372,0.4418604651162791,0.45698924731182794,false
33181,sfr_1_4,lender_reo,1,1,2045,2223,0.0004889975550122249,0.000449842555105713,false
33169,small_mf,llc,2,16,7,62,0.2857142857142857,0.25806451612903225,false
33157,condo_unit,estate,10,10,1819,1819,0.005497526113249038,0.005497526113249038,false
33014,sfr_1_4,lender_reo,3,3,6655,6695,0.00045078888054094667,0.00044809559372666166,false
33185,condo_unit,corp,5,5,489,489,0.010224948875255624,0.010224948875255624,false
33127,large_mf,llc,20,2606,36,4115,0.5555555555555556,0.6332928311057108,false
33137,large_mf,partnership,1,42,40,6671,0.025,0.0062959076600209865,false
33166,condo_unit,individual,1819,1819,3488,3488,0.5215022935779816,0.5215022935779816,false
33140,large_mf,unknown,1,72,17,1186,0.058823529411764705,0.06070826306913996,false
33130,condo_unit,unknown,113,113,8626,8626,0.013099930442847206,0.013099930442847206,false
33174,large_mf,corp,3,238,16,2868,0.1875,0.08298465829846582,false
33166,sfr_1_4,partnership,5,6,5042,5339,0.0009916699722332407,0.0011238059561715678,false
"",sfr_1_4,llc,1,1,6,6,,,true
33167,sfr_1_4,estate,67,68,5076,5198,0.013199369582348306,0.013081954597922277,false
33154,sfr_1_4,corp,41,47,1618,1685,0.02533992583436341,0.027893175074183978,false
33125,small_mf,individual,73,513,340,2734,0.21470588235294116,0.18763716166788588,false
33146,sfr_1_4,individual,2842,2923,3375,3513,0.8420740740740741,0.8320523768858525,false
33138,condo_unit,trust,12,12,2970,2970,0.00404040404040404,0.00404040404040404,false
33143,condo_unit,estate,8,8,4322,4322,0.0018509949097639982,0.0018509949097639982,false
33015,condo_unit,lender_reo,1,1,7841,7841,0.00012753475322025253,0.00012753475322025253,false
33136,large_mf,unknown,1,90,57,5008,0.017543859649122806,0.017971246006389777,false
33196,sfr_1_4,individual,10424,10631,11985,12284,0.8697538589904047,0.865434711820254,false
33054,sfr_1_4,estate,97,97,6688,7301,0.01450358851674641,0.013285851253252979,false
33154,condo_unit,trust,53,53,7438,7438,0.007125571390158645,0.007125571390158645,false
33016,large_mf,partnership,3,224,36,2305,0.08333333333333333,0.09718004338394794,false
33016,large_mf,unknown,1,20,36,2305,0.027777777777777776,0.008676789587852495,false
33010,condo_unit,llc,188,188,984,984,0.1910569105691057,0.1910569105691057,false
33136,small_mf,corp,16,155,127,1224,0.12598425196850394,0.12663398692810457,false
33184,sfr_1_4,individual,3452,3487,3788,3824,0.91129883843717,0.9118723849372385,false
33187,sfr_1_4,trust,5,6,5235,5310,0.0009551098376313276,0.0011299435028248588,false
33128,small_mf,individual,20,138,132,1043,0.15151515151515152,0.13231064237775647,false
33172,sfr_1_4,estate,2,2,1331,1340,0.0015026296018031556,0.0014925373134328358,false
33167,large_mf,partnership,1,300,13,1635,0.07692307692307693,0.1834862385321101,false
33183,sfr_1_4,individual,5565,5580,6219,6239,0.8948383984563435,0.8943740984132073,false
33015,condo_unit,corp,562,562,7841,7841,0.07167453130978192,0.07167453130978192,false
33174,small_mf,individual,5,44,31,296,0.16129032258064516,0.14864864864864866,false
33030,small_mf,corp,23,214,101,929,0.22772277227722773,0.2303552206673843,false
33139,sfr_1_4,partnership,3,3,1044,1291,0.0028735632183908046,0.0023237800154918666,false
33014,large_mf,llc,30,2906,59,6089,0.5084745762711864,0.4772540647068484,false
33015,condo_unit,partnership,7,7,7841,7841,0.0008927432725417677,0.0008927432725417677,false
33193,condo_unit,llc,903,903,5895,5895,0.15318066157760815,0.15318066157760815,false
33134,sfr_1_4,trust,58,73,8547,9822,0.006786006786006786,0.007432294848299735,false
33010,small_mf,trust,6,49,320,2929,0.01875,0.016729259132809832,false
33135,sfr_1_4,individual,2516,3806,3331,5488,0.7553287301110777,0.6935131195335277,false
33135,large_mf,llc,44,1937,58,2560,0.7586206896551724,0.756640625,false
33189,condo_unit,trust,3,3,867,867,0.0034602076124567475,0.0034602076124567475,false
33128,sfr_1_4,unknown,4,9,171,398,0.023391812865497075,0.022613065326633167,false
33134,condo_unit,corp,178,178,3838,3838,0.04637832204273059,0.04637832204273059,false
33180,sfr_1_4,individual,1512,1527,1859,1975,0.8133405056481979,0.7731645569620254,false
33010,small_mf,individual,67,546,320,2929,0.209375,0.18641174462273813,false
33155,large_mf,individual,1,47,23,2476,0.043478260869565216,0.018982229402261713,false
33147,condo_unit,corp,10,10,74,74,0.13513513513513514,0.13513513513513514,false
33135,small_mf,corp,119,996,577,4666,0.20623916811091855,0.21345906558079725,false
33125,coop_building,coop_corp,6,6,6,6,,,true
33127,large_mf,corp,10,1054,36,4115,0.2777777777777778,0.25613608748481165,false
33128,sfr_1_4,trust,1,2,171,398,0.005847953216374269,0.005025125628140704,false
33125,condo_unit,lender_reo,3,3,2565,2565,0.0011695906432748538,0.0011695906432748538,false
33129,condo_unit,partnership,4,4,5227,5227,0.0007652573177731012,0.0007652573177731012,false
33127,small_mf,llc,66,538,125,1054,0.528,0.5104364326375711,false
33033,sfr_1_4,unknown,318,319,15948,16019,0.0199398043641836,0.019913852300393282,false
33054,sfr_1_4,llc,682,854,6688,7301,0.10197368421052631,0.11697027804410355,false
33014,condo_unit,unknown,104,104,3263,3263,0.03187250996015936,0.03187250996015936,false
33167,sfr_1_4,lender_reo,2,2,5076,5198,0.0003940110323089047,0.00038476337052712584,false
33145,condo_unit,lender_reo,1,1,2209,2209,0.0004526935264825713,0.0004526935264825713,false
33174,sfr_1_4,estate,24,27,4292,4874,0.005591798695246971,0.00553959786622897,false
33137,small_mf,individual,18,125,81,661,0.2222222222222222,0.18910741301059,false
33160,sfr_1_4,llc,263,380,1439,1666,0.18276580958999306,0.22809123649459784,false
33054,large_mf,individual,1,216,28,2028,0.03571428571428571,0.10650887573964497,false
33133,large_mf,llc,13,1149,22,1616,0.5909090909090909,0.7110148514851485,false
33193,condo_unit,estate,17,17,5895,5895,0.002883799830364716,0.002883799830364716,false
33139,sfr_1_4,trust,8,8,1044,1291,0.007662835249042145,0.006196746707978312,false
33010,small_mf,unknown,12,114,320,2929,0.0375,0.03892113349265961,false
33109,sfr_1_4,llc,2,2,7,7,,,true
33130,small_mf,unknown,9,71,368,3051,0.024456521739130436,0.023271058669288757,false
33128,condo_unit,trust,3,3,703,703,0.004267425320056899,0.004267425320056899,false
33167,sfr_1_4,partnership,24,25,5076,5198,0.004728132387706856,0.004809542131589073,false
33160,large_mf,llc,10,2363,17,3417,0.5882352941176471,0.6915422885572139,false
33139,sfr_1_4,unknown,31,33,1044,1291,0.029693486590038315,0.025561580170410533,false
33143,small_mf,llc,12,157,15,194,0.8,0.8092783505154639,false
33142,sfr_1_4,llc,1306,2276,8997,12471,0.14515949761031455,0.1825034079063427,false
33010,sfr_1_4,trust,19,26,5742,7762,0.0033089515848136537,0.0033496521515073434,false
33136,sfr_1_4,estate,4,4,478,594,0.008368200836820083,0.006734006734006734,false
33173,sfr_1_4,unknown,466,468,8176,8215,0.056996086105675144,0.05696895922093731,false
33176,sfr_1_4,lender_reo,3,3,12260,12373,0.00024469820554649265,0.00024246342843287804,false
33157,sfr_1_4,corp,124,151,16983,17494,0.007301419066124948,0.008631530810563622,false
33056,large_mf,partnership,2,429,20,3269,0.1,0.13123279290302844,false
33130,large_mf,corp,16,1158,82,6877,0.1951219512195122,0.1683873782172459,false
33144,sfr_1_4,unknown,235,268,5477,6469,0.04290670074858499,0.04142835059514608,false
33196,sfr_1_4,estate,17,17,11985,12284,0.0014184397163120568,0.0013839140345164442,false
33155,sfr_1_4,estate,57,59,12127,12822,0.00470025562793766,0.004601466229917329,false
33157,sfr_1_4,trust,61,67,16983,17494,0.003591827121238886,0.003829884531839488,false
33178,sfr_1_4,lender_reo,1,1,10126,10246,0.00009875567845151097,0.00009759906304899473,false
33178,condo_unit,unknown,212,212,8433,8433,0.025139333570496858,0.025139333570496858,false
33194,sfr_1_4,partnership,27,27,1537,1538,0.01756668835393624,0.017555266579973992,false
33183,sfr_1_4,corp,59,62,6219,6239,0.00948705579675189,0.00993748998236897,false
33154,condo_unit,unknown,130,130,7438,7438,0.01747781661737026,0.01747781661737026,false
33170,sfr_1_4,lender_reo,1,1,4653,4824,0.0002149151085321298,0.00020729684908789387,false
33179,large_mf,unknown,2,130,16,3491,0.125,0.03723861357777141,false
33126,small_mf,corp,8,75,62,629,0.12903225806451613,0.1192368839427663,false
33181,sfr_1_4,llc,302,357,2045,2223,0.14767726161369193,0.16059379217273953,false
33054,large_mf,corp,10,682,28,2028,0.35714285714285715,0.33629191321499013,false
33142,sfr_1_4,corp,399,663,8997,12471,0.04434811603867956,0.05316333894635555,false
33168,sfr_1_4,estate,73,76,6470,6856,0.011282843894899537,0.011085180863477246,false
33054,condo_unit,corp,17,17,295,295,0.0576271186440678,0.0576271186440678,false
33189,sfr_1_4,llc,275,320,6398,6550,0.04298218193185371,0.04885496183206107,false
33055,condo_unit,unknown,4,4,91,91,0.04395604395604396,0.04395604395604396,false
33128,small_mf,unknown,2,14,132,1043,0.015151515151515152,0.013422818791946308,false
33016,small_mf,llc,9,94,39,456,0.23076923076923078,0.20614035087719298,false
33158,condo_unit,trust,2,2,228,228,0.008771929824561403,0.008771929824561403,false
33014,small_mf,corp,8,76,17,159,0.47058823529411764,0.4779874213836478,false
33128,small_mf,llc,80,697,132,1043,0.6060606060606061,0.6682646212847555,false
33138,sfr_1_4,lender_reo,2,2,5274,6317,0.0003792188092529389,0.00031660598385309483,false
33169,small_mf,individual,2,23,7,62,0.2857142857142857,0.3709677419354839,false
33012,small_mf,trust,1,6,131,1119,0.007633587786259542,0.005361930294906166,false
33165,sfr_1_4,trust,53,63,14199,15049,0.0037326572293823507,0.00418632467273573,false
33181,condo_unit,estate,8,8,4047,4047,0.0019767729182110206,0.0019767729182110206,false
33015,sfr_1_4,corp,60,60,9614,9625,0.006240898689411275,0.006233766233766234,false
33030,condo_unit,llc,88,88,184,184,0.4782608695652174,0.4782608695652174,false
33125,condo_unit,estate,9,9,2565,2565,0.0035087719298245615,0.0035087719298245615,false
33179,condo_unit,lender_reo,4,4,9422,9422,0.0004245383145828911,0.0004245383145828911,false
33128,large_mf,llc,23,2692,31,3342,0.7419354838709677,0.805505685218432,false
33139,sfr_1_4,corp,37,62,1044,1291,0.035440613026819924,0.048024786986831915,false
33155,condo_unit,lender_reo,1,1,1861,1861,0.0005373455131649651,0.0005373455131649651,false
33189,sfr_1_4,lender_reo,2,2,6398,6550,0.00031259768677711783,0.0003053435114503817,false
33130,coop_building,coop_corp,4,4,4,4,,,true
33174,condo_unit,unknown,202,202,4296,4296,0.04702048417132216,0.04702048417132216,false
33031,sfr_1_4,trust,9,9,2180,2243,0.004128440366972477,0.004012483281319661,false
33034,sfr_1_4,partnership,9,12,5768,6050,0.0015603328710124826,0.0019834710743801653,false
33131,coop_building,coop_corp,95,95,98,98,0.9693877551020408,0.9693877551020408,false
33176,condo_unit,partnership,25,25,5337,5337,0.00468427955780401,0.00468427955780401,false
33190,condo_unit,unknown,20,20,852,852,0.023474178403755867,0.023474178403755867,false
33176,small_mf,llc,6,43,12,83,0.5,0.5180722891566265,false
33156,sfr_1_4,llc,566,613,8516,8731,0.06646312822921559,0.07020959798419425,false
33162,sfr_1_4,unknown,373,399,8657,9307,0.04308651957953102,0.042870957343934674,false
33146,sfr_1_4,llc,225,266,3375,3513,0.06666666666666667,0.07571875889553088,false
33016,small_mf,individual,5,59,39,456,0.1282051282051282,0.12938596491228072,false
33056,small_mf,llc,1,15,2,26,0.5,0.5769230769230769,false
33137,condo_unit,corp,504,504,8256,8256,0.061046511627906974,0.061046511627906974,false
33034,large_mf,llc,9,533,25,2343,0.36,0.2274861288945796,false
33179,sfr_1_4,unknown,211,216,6712,7049,0.031436233611442196,0.030642644346715847,false
33150,large_mf,llc,7,322,19,1168,0.3684210526315789,0.2756849315068493,false
33155,small_mf,individual,7,83,16,170,0.4375,0.48823529411764705,false
33176,sfr_1_4,estate,62,62,12260,12373,0.0050570962479608485,0.005010910854279479,false
33154,sfr_1_4,trust,15,15,1618,1685,0.009270704573547589,0.008902077151335312,false
33185,condo_unit,trust,3,3,489,489,0.006134969325153374,0.006134969325153374,false
33156,small_mf,llc,1,19,1,19,1.0,1.0,false
33056,sfr_1_4,unknown,285,288,8955,9033,0.031825795644891124,0.031883095317170373,false
33138,small_mf,corp,24,254,181,1561,0.13259668508287292,0.1627162075592569,false
33166,small_mf,unknown,2,18,45,434,0.044444444444444446,0.041474654377880185,false
33187,sfr_1_4,estate,17,18,5235,5310,0.0032473734479465137,0.003389830508474576,false
33167,sfr_1_4,corp,65,71,5076,5198,0.0128053585500394,0.013659099653712967,false
33181,sfr_1_4,estate,2,3,2045,2223,0.0009779951100244498,0.001349527665317139,false
33150,condo_unit,unknown,8,8,339,339,0.02359882005899705,0.02359882005899705,false
33180,condo_unit,corp,1063,1063,16374,16374,0.06491999511420544,0.06491999511420544,false
33034,sfr_1_4,llc,979,1114,5768,6050,0.16972954230235784,0.18413223140495869,false
33179,condo_unit,unknown,193,193,9422,9422,0.020483973678624496,0.020483973678624496,false
33126,large_mf,trust,1,20,69,5162,0.014492753623188406,0.0038744672607516468,false
33178,condo_unit,estate,8,8,8433,8433,0.0009486540969998814,0.0009486540969998814,false
33130,condo_unit,lender_reo,1,1,8626,8626,0.00011592858798979828,0.00011592858798979828,false
33168,large_mf,llc,2,59,2,59,1.0,1.0,false
33129,sfr_1_4,individual,1218,1390,1511,1776,0.8060886829913965,0.7826576576576577,false
33030,small_mf,unknown,1,5,101,929,0.009900990099009901,0.005382131324004306,false
33155,large_mf,llc,18,2289,23,2476,0.782608695652174,0.9244749596122779,false
33186,sfr_1_4,corp,111,111,17390,17401,0.006382978723404255,0.006378943738865582,false
33172,sfr_1_4,individual,1135,1143,1331,1340,0.8527422990232908,0.8529850746268657,false
33130,sfr_1_4,unknown,18,42,600,1428,0.03,0.029411764705882353,false
33174,sfr_1_4,trust,14,19,4292,4874,0.0032618825722274,0.0038982355354944603,false
33150,small_mf,corp,18,165,89,796,0.20224719101123595,0.20728643216080403,false
33160,condo_unit,lender_reo,12,12,29691,29691,0.0004041628776396888,0.0004041628776396888,false
33181,coop_building,estate,1,1,97,97,0.010309278350515464,0.010309278350515464,false
33178,large_mf,partnership,4,1565,16,5129,0.25,0.3051277052056931,false
33134,large_mf,unknown,1,32,38,1668,0.02631578947368421,0.019184652278177457,false
33033,condo_unit,unknown,24,24,1748,1748,0.013729977116704805,0.013729977116704805,false
33122,large_mf,partnership,2,303,6,1424,0.3333333333333333,0.2127808988764045,false
33155,condo_unit,trust,7,7,1861,1861,0.0037614185921547557,0.0037614185921547557,false
33109,condo_unit,partnership,12,12,748,748,0.016042780748663103,0.016042780748663103,false
33032,sfr_1_4,trust,7,10,15949,16083,0.00043889899053232176,0.0006217745445501461,false
33015,large_mf,partnership,2,160,21,4488,0.09523809523809523,0.035650623885918005,false
33127,condo_unit,corp,5,5,373,373,0.013404825737265416,0.013404825737265416,false
33185,condo_unit,estate,1,1,489,489,0.002044989775051125,0.002044989775051125,false
33013,sfr_1_4,unknown,260,283,6945,7716,0.037437005039596835,0.03667703473302229,false
33135,small_mf,llc,308,2592,577,4666,0.5337954939341422,0.5555079297042435,false
33162,sfr_1_4,corp,112,147,8657,9307,0.012937507219591082,0.015794563231975933,false
33170,condo_unit,llc,12,12,72,72,0.16666666666666666,0.16666666666666666,false
33013,sfr_1_4,llc,396,560,6945,7716,0.05701943844492441,0.07257646448937273,false
33129,sfr_1_4,llc,185,245,1511,1776,0.12243547319655856,0.13795045045045046,false
33154,condo_unit,partnership,61,61,7438,7438,0.008201129335842968,0.008201129335842968,false
33126,large_mf,llc,37,3090,69,5162,0.5362318840579711,0.5986051917861294,false
33150,coop_building,coop_corp,59,59,62,62,0.9516129032258065,0.9516129032258065,false
33184,condo_unit,llc,158,158,1747,1747,0.090440755580996,0.090440755580996,false
33125,sfr_1_4,corp,172,325,6256,9066,0.027493606138107418,0.03584822413412751,false
33166,sfr_1_4,corp,59,80,5042,5339,0.011701705672352241,0.014984079415620903,false
33154,sfr_1_4,partnership,1,1,1618,1685,0.0006180469715698393,0.0005934718100890207,false
33182,condo_unit,corp,9,9,555,555,0.016216216216216217,0.016216216216216217,false
33128,condo_unit,llc,383,383,703,703,0.5448079658605974,0.5448079658605974,false
33181,sfr_1_4,corp,26,35,2045,2223,0.012713936430317848,0.015744489428699954,false
33126,condo_unit,individual,5685,5685,7736,7736,0.734875904860393,0.734875904860393,false
33013,small_mf,unknown,5,36,70,551,0.07142857142857142,0.06533575317604355,false
33173,large_mf,individual,1,76,10,1386,0.1,0.05483405483405483,false
33174,sfr_1_4,unknown,229,262,4292,4874,0.05335507921714818,0.05375461633155519,false
33169,large_mf,unknown,2,190,37,4876,0.05405405405405406,0.03896636587366694,false
33135,small_mf,unknown,23,173,577,4666,0.03986135181975736,0.03707672524646378,false
33012,sfr_1_4,lender_reo,1,1,8713,9174,0.0001147710317915758,0.00010900370612600828,false
33032,large_mf,individual,5,748,56,7167,0.08928571428571429,0.10436723873308218,false
33132,condo_unit,partnership,11,11,10782,10782,0.0010202188833240587,0.0010202188833240587,false
33168,sfr_1_4,corp,100,118,6470,6856,0.015455950540958269,0.01721120186697783,false
33146,sfr_1_4,trust,27,30,3375,3513,0.008,0.008539709649871904,false
33010,small_mf,corp,86,837,320,2929,0.26875,0.28576305906452715,false
33190,large_mf,individual,1,288,9,1437,0.1111111111111111,0.20041753653444677,false
33176,small_mf,corp,5,34,12,83,0.4166666666666667,0.40963855421686746,false
33139,large_mf,individual,7,191,77,4059,0.09090909090909091,0.04705592510470559,false
33150,condo_unit,llc,144,144,339,339,0.4247787610619469,0.4247787610619469,false
33174,condo_unit,corp,132,132,4296,4296,0.030726256983240222,0.030726256983240222,false
33179,condo_unit,trust,20,20,9422,9422,0.0021226915729144554,0.0021226915729144554,false
33014,small_mf,llc,6,55,17,159,0.35294117647058826,0.34591194968553457,false
33032,large_mf,llc,31,3872,56,7167,0.5535714285714286,0.5402539416771313,false
33129,large_mf,llc,4,264,8,633,0.5,0.41706161137440756,false
33149,sfr_1_4,unknown,83,84,1294,1314,0.06414219474497682,0.0639269406392694,false
33154,condo_unit,lender_reo,2,2,7438,7438,0.00026888948642108095,0.00026888948642108095,false
33131,condo_unit,partnership,18,18,16160,16160,0.0011138613861386138,0.0011138613861386138,false
33180,condo_unit,trust,106,106,16374,16374,0.006473677781849273,0.006473677781849273,false
33012,condo_unit,unknown,388,388,8837,8837,0.04390630304401946,0.04390630304401946,false
33169,condo_unit,estate,6,6,2454,2454,0.0024449877750611247,0.0024449877750611247,false
33183,sfr_1_4,estate,18,18,6219,6239,0.002894356005788712,0.0028850777368167975,false
33034,condo_unit,unknown,23,23,1009,1009,0.022794846382556987,0.022794846382556987,false
33165,sfr_1_4,unknown,721,747,14199,15049,0.05077822381857877,0.04963784969100937,false
33183,condo_unit,partnership,5,5,6203,6203,0.0008060615831049493,0.0008060615831049493,false
33134,sfr_1_4,lender_reo,1,1,8547,9822,0.000117000117000117,0.00010181225819588678,false
33183,large_mf,llc,1,30,1,30,1.0,1.0,false
33180,condo_unit,lender_reo,6,6,16374,16374,0.00036643459142543056,0.00036643459142543056,false
33161,large_mf,individual,1,127,75,4524,0.013333333333333334,0.028072502210433246,false
33156,condo_unit,corp,111,111,3303,3303,0.03360581289736603,0.03360581289736603,false
33173,sfr_1_4,trust,30,31,8176,8215,0.003669275929549902,0.0037735849056603774,false
33131,condo_unit,unknown,234,234,16160,16160,0.014480198019801981,0.014480198019801981,false
33166,sfr_1_4,llc,347,417,5042,5339,0.06882189607298692,0.07810451395392395,false
33143,condo_unit,llc,887,887,4322,4322,0.20522906062008328,0.20522906062008328,false
33149,coop_building,coop_corp,122,122,130,130,0.9384615384615385,0.9384615384615385,false
33033,sfr_1_4,individual,13786,13820,15948,16019,0.864434411838475,0.8627255134527748,false
33012,small_mf,unknown,2,26,131,1119,0.015267175572519083,0.02323503127792672,false
33054,small_mf,individual,8,49,52,469,0.15384615384615385,0.1044776119402985,false
33175,condo_unit,corp,77,77,2787,2787,0.027628274129888768,0.027628274129888768,false
33154,large_mf,unknown,1,20,12,287,0.08333333333333333,0.06968641114982578,false
33109,condo_unit,individual,402,402,748,748,0.5374331550802139,0.5374331550802139,false
33033,condo_unit,partnership,10,10,1748,1748,0.005720823798627002,0.005720823798627002,false
33172,condo_unit,estate,55,55,9766,9766,0.005631783739504403,0.005631783739504403,false
33126,condo_unit,trust,26,26,7736,7736,0.003360910031023785,0.003360910031023785,false
33054,sfr_1_4,unknown,206,221,6688,7301,0.030801435406698566,0.03026982605122586,false
33196,condo_unit,partnership,4,4,2956,2956,0.0013531799729364006,0.0013531799729364006,false
33054,sfr_1_4,individual,5507,5865,6688,7301,0.8234150717703349,0.8033146144363785,false
33140,sfr_1_4,corp,36,42,2592,2815,0.013888888888888888,0.01492007104795737,false
33134,sfr_1_4,corp,103,181,8547,9822,0.01205101205101205,0.01842801873345551,false
33145,sfr_1_4,unknown,246,329,6200,8156,0.03967741935483871,0.040338401177047574,false
33140,small_mf,corp,8,88,44,460,0.18181818181818182,0.19130434782608696,false
33035,sfr_1_4,lender_reo,2,2,4787,4791,0.0004177982034677251,0.0004174493842621582,false
33133,condo_unit,corp,275,275,6507,6507,0.04226217919163977,0.04226217919163977,false
33055,condo_unit,llc,11,11,91,91,0.12087912087912088,0.12087912087912088,false
33018,condo_unit,unknown,257,257,4340,4340,0.05921658986175115,0.05921658986175115,false
33186,condo_unit,estate,21,21,4169,4169,0.005037179179659391,0.005037179179659391,false
33179,large_mf,llc,8,1852,16,3491,0.5,0.530507018046405,false
33126,sfr_1_4,lender_reo,1,1,4074,5235,0.0002454590083456063,0.00019102196752626553,false
33184,sfr_1_4,trust,1,1,3788,3824,0.00026399155227032733,0.0002615062761506276,false
33156,sfr_1_4,trust,52,59,8516,8731,0.0061061531235321745,0.006757530637956706,false
33176,sfr_1_4,llc,410,437,12260,12373,0.033442088091353996,0.03531883940838924,false
33155,sfr_1_4,lender_reo,1,1,12127,12822,0.00008246062505153789,0.00007799095304944626,false
33130,condo_unit,corp,629,629,8626,8626,0.07291908184558311,0.07291908184558311,false
33154,small_mf,corp,16,166,48,480,0.3333333333333333,0.3458333333333333,false
33018,sfr_1_4,corp,136,136,11705,11726,0.01161896625373772,0.011598157939621354,false
33174,condo_unit,trust,8,8,4296,4296,0.00186219739292365,0.00186219739292365,false
33183,sfr_1_4,llc,157,159,6219,6239,0.025245216272712655,0.025484853341881712,false
33150,sfr_1_4,lender_reo,4,5,4996,6475,0.0008006405124099279,0.0007722007722007722,false
33161,condo_unit,unknown,62,62,3046,3046,0.020354563361785948,0.020354563361785948,false
33032,sfr_1_4,llc,1166,1208,15949,16083,0.07310803185152674,0.07511036498165766,false
33132,condo_unit,individual,5601,5601,10782,10782,0.5194769059543684,0.5194769059543684,false
33035,sfr_1_4,estate,10,10,4787,4791,0.0020889910173386254,0.002087246921310791,false
33034,sfr_1_4,unknown,85,90,5768,6050,0.014736477115117892,0.01487603305785124,false
33165,condo_unit,estate,5,5,1131,1131,0.004420866489832007,0.004420866489832007,false
33125,small_mf,unknown,6,58,340,2734,0.01764705882352941,0.02121433796634967,false
33055,large_mf,corp,1,176,4,391,0.25,0.45012787723785164,false
33034,small_mf,corp,3,30,23,203,0.13043478260869565,0.1477832512315271,false
33134,small_mf,individual,23,187,205,1950,0.11219512195121951,0.09589743589743589,false
33125,condo_unit,individual,1673,1673,2565,2565,0.6522417153996102,0.6522417153996102,false
33173,condo_unit,unknown,74,74,2633,2633,0.0281048233953665,0.0281048233953665,false
33125,condo_unit,llc,539,539,2565,2565,0.2101364522417154,0.2101364522417154,false
33189,sfr_1_4,individual,5683,5766,6398,6550,0.8882463269771804,0.8803053435114504,false
33150,sfr_1_4,llc,781,1313,4996,6475,0.15632506004803842,0.20277992277992277,false
33016,sfr_1_4,lender_reo,4,4,4098,4101,0.0009760858955588092,0.000975371860521824,false
33136,small_mf,trust,2,22,127,1224,0.015748031496062992,0.017973856209150325,false
33122,large_mf,llc,4,1121,6,1424,0.6666666666666666,0.7872191011235955,false
33142,condo_unit,individual,306,306,555,555,0.5513513513513514,0.5513513513513514,false
33173,small_mf,llc,2,12,2,12,1.0,1.0,false
33165,sfr_1_4,corp,139,159,14199,15049,0.009789421790266921,0.010565486078809224,false
33141,sfr_1_4,estate,8,9,2559,3520,0.0031262211801484957,0.002556818181818182,false
33181,coop_building,coop_corp,96,96,97,97,0.9896907216494846,0.9896907216494846,false
33016,sfr_1_4,individual,3718,3721,4098,4101,0.9072718399219132,0.9073396732504267,false
33132,small_mf,corp,1,13,1,13,1.0,1.0,false
33034,large_mf,corp,9,1225,25,2343,0.36,0.5228339735381989,false
33168,condo_unit,individual,4,4,4,4,,,true
33190,sfr_1_4,unknown,77,77,3310,3312,0.02326283987915408,0.0232487922705314,false
33139,large_mf,llc,47,2174,77,4059,0.6103896103896104,0.53559990145356,false
33136,condo_unit,unknown,26,26,1406,1406,0.01849217638691323,0.01849217638691323,false
33032,condo_unit,partnership,2,2,589,589,0.003395585738539898,0.003395585738539898,false
33134,sfr_1_4,individual,7185,7884,8547,9822,0.8406458406458407,0.8026878436163715,false
33140,small_mf,partnership,1,10,44,460,0.022727272727272728,0.021739130434782608,false
33165,large_mf,individual,3,146,21,1497,0.14285714285714285,0.09752839011356046,false
33144,condo_unit,unknown,24,24,597,597,0.04020100502512563,0.04020100502512563,false
33131,condo_unit,llc,5546,5546,16160,16160,0.3431930693069307,0.3431930693069307,false
33196,sfr_1_4,lender_reo,2,2,11985,12284,0.00016687526074259492,0.00016281341582546403,false
33130,large_mf,unknown,1,20,82,6877,0.012195121951219513,0.0029082448742184094,false
33162,sfr_1_4,lender_reo,1,1,8657,9307,0.00011551345731777752,0.00010744600838078866,false
33162,small_mf,corp,11,114,75,682,0.14666666666666667,0.16715542521994134,false
33137,large_mf,corp,13,1378,40,6671,0.325,0.2065657322740219,false
33183,sfr_1_4,trust,18,18,6219,6239,0.002894356005788712,0.0028850777368167975,false
33146,large_mf,llc,7,1429,9,1630,0.7777777777777778,0.8766871165644172,false
33109,condo_unit,llc,194,194,748,748,0.25935828877005346,0.25935828877005346,false
33141,sfr_1_4,corp,82,181,2559,3520,0.032043767096522076,0.05142045454545455,false
33139,condo_unit,unknown,427,427,22912,22912,0.018636522346368714,0.018636522346368714,false
33168,sfr_1_4,trust,6,7,6470,6856,0.0009273570324574962,0.0010210035005834305,false
33186,sfr_1_4,lender_reo,4,4,17390,17401,0.00023001725129384704,0.00022987184644560657,false
33013,condo_unit,corp,13,13,358,358,0.036312849162011177,0.036312849162011177,false
33161,small_mf,trust,1,6,154,1464,0.006493506493506494,0.004098360655737705,false
33010,sfr_1_4,corp,161,360,5742,7762,0.028039010797631488,0.04637979902087091,false
33136,condo_unit,corp,72,72,1406,1406,0.051209103840682786,0.051209103840682786,false
33161,condo_unit,estate,21,21,3046,3046,0.006894287590282338,0.006894287590282338,false
33146,condo_unit,corp,49,49,900,900,0.05444444444444444,0.05444444444444444,false
33182,condo_unit,estate,2,2,555,555,0.0036036036036036037,0.0036036036036036037,false
33189,condo_unit,llc,231,231,867,867,0.2664359861591695,0.2664359861591695,false
33187,condo_unit,llc,25,25,521,521,0.04798464491362764,0.04798464491362764,false
33032,condo_unit,corp,51,51,589,589,0.0865874363327674,0.0865874363327674,false
33018,large_mf,corp,2,363,13,2720,0.15384615384615385,0.13345588235294117,false
33167,sfr_1_4,unknown,137,142,5076,5198,0.02698975571315997,0.027318199307425933,false
33150,sfr_1_4,unknown,147,183,4996,6475,0.02942353883106485,0.028262548262548263,false
33172,condo_unit,trust,32,32,9766,9766,0.0032766741757116525,0.0032766741757116525,false
33149,condo_unit,unknown,179,179,5619,5619,0.03185620217120484,0.03185620217120484,false
33154,coop_building,lender_reo,1,1,296,296,0.0033783783783783786,0.0033783783783783786,false
33177,condo_unit,corp,11,11,455,455,0.024175824175824177,0.024175824175824177,false
33010,condo_unit,corp,47,47,984,984,0.047764227642276426,0.047764227642276426,false
33165,large_mf,corp,12,556,21,1497,0.5714285714285714,0.37140948563794257,false
33128,condo_unit,corp,73,73,703,703,0.10384068278805121,0.10384068278805121,false
33168,sfr_1_4,partnership,16,16,6470,6856,0.002472952086553323,0.002333722287047841,false
33177,sfr_1_4,llc,446,460,14827,14919,0.030080258986983206,0.03083316576178028,false
33158,sfr_1_4,trust,20,21,2036,2048,0.009823182711198428,0.01025390625,false
33174,small_mf,llc,14,127,31,296,0.45161290322580644,0.42905405405405406,false
33161,sfr_1_4,unknown,297,352,8109,9980,0.03662597114317425,0.035270541082164326,false
33035,sfr_1_4,partnership,25,25,4787,4791,0.005222477543346564,0.005218117303276978,false
33055,large_mf,partnership,1,150,4,391,0.25,0.3836317135549872,false
33150,condo_unit,estate,1,1,339,339,0.0029498525073746312,0.0029498525073746312,false
33160,condo_unit,corp,2385,2385,29691,29691,0.08032737193088815,0.08032737193088815,false
33174,sfr_1_4,corp,38,70,4292,4874,0.008853681267474371,0.014361920393926959,false
33155,condo_unit,llc,394,394,1861,1861,0.21171413218699625,0.21171413218699625,false
33136,sfr_1_4,unknown,17,20,478,594,0.03556485355648536,0.03367003367003367,false
33179,sfr_1_4,lender_reo,2,2,6712,7049,0.0002979737783075089,0.0002837281883955171,false
33130,sfr_1_4,trust,5,13,600,1428,0.008333333333333333,0.009103641456582634,false
33032,condo_unit,individual,344,344,589,589,0.5840407470288624,0.5840407470288624,false
33149,sfr_1_4,trust,12,12,1294,1314,0.00927357032457496,0.0091324200913242,false
33014,condo_unit,estate,9,9,3263,3263,0.0027581979773214833,0.0027581979773214833,false
33125,small_mf,trust,7,69,340,2734,0.020588235294117647,0.025237746891002194,false
33167,condo_unit,corp,5,5,84,84,0.05952380952380952,0.05952380952380952,false
33144,large_mf,unknown,1,40,25,1491,0.04,0.02682763246143528,false
33175,sfr_1_4,partnership,39,39,13804,13881,0.002825268038249783,0.0028095958504430517,false
33138,large_mf,partnership,1,467,32,2708,0.03125,0.1724519940915805,false
33157,large_mf,unknown,1,136,29,4627,0.034482758620689655,0.02939269505078885,false
33135,sfr_1_4,partnership,2,4,3331,5488,0.0006004202942059442,0.0007288629737609329,false
33189,large_mf,llc,8,498,17,1686,0.47058823529411764,0.29537366548042704,false
33056,sfr_1_4,llc,490,501,8955,9033,0.05471803461753211,0.05546330122882763,false
33135,large_mf,corp,14,623,58,2560,0.2413793103448276,0.243359375,false
33180,sfr_1_4,trust,17,17,1859,1975,0.00914470145239376,0.008607594936708861,false
33013,small_mf,corp,10,78,70,551,0.14285714285714285,0.14156079854809436,false
33129,condo_unit,corp,451,451,5227,5227,0.08628276257891716,0.08628276257891716,false
33122,sfr_1_4,corp,4,4,127,128,0.031496062992125984,0.03125,false
33142,small_mf,unknown,3,31,166,1376,0.018072289156626505,0.02252906976744186,false
33169,sfr_1_4,unknown,320,327,7679,7871,0.041672092720406305,0.041544911701181554,false
33139,coop_building,coop_corp,457,457,460,460,0.9934782608695653,0.9934782608695653,false
33014,condo_unit,partnership,1,1,3263,3263,0.00030646644192460924,0.00030646644192460924,false
33135,sfr_1_4,corp,115,285,3331,5488,0.03452416691684179,0.05193148688046647,false
33139,condo_unit,trust,140,140,22912,22912,0.006110335195530726,0.006110335195530726,false
33182,sfr_1_4,unknown,250,250,3484,3509,0.07175660160734787,0.07124536905101168,false
33033,condo_unit,individual,898,898,1748,1748,0.5137299771167048,0.5137299771167048,false
33146,large_mf,unknown,1,181,9,1630,0.1111111111111111,0.11104294478527607,false
33126,large_mf,corp,24,1701,69,5162,0.34782608695652173,0.32952344052692756,false
33018,sfr_1_4,individual,10422,10440,11705,11726,0.8903887227680478,0.8903291830121098,false
33166,sfr_1_4,individual,4362,4550,5042,5339,0.8651328837762793,0.8522195167634389,false
33056,sfr_1_4,partnership,79,79,8955,9033,0.008821887213847013,0.008745710173807151,false
33169,condo_unit,trust,6,6,2454,2454,0.0024449877750611247,0.0024449877750611247,false
33165,condo_unit,corp,65,65,1131,1131,0.05747126436781609,0.05747126436781609,false
33132,large_mf,partnership,1,471,13,4704,0.07692307692307693,0.10012755102040816,false
33035,sfr_1_4,llc,646,646,4787,4791,0.1349488197200752,0.1348361511166771,false
33130,large_mf,individual,2,438,82,6877,0.024390243902439025,0.06369056274538316,false
33133,sfr_1_4,trust,37,55,6423,8108,0.005760548030515336,0.00678342377898372,false
33154,sfr_1_4,individual,1278,1301,1618,1685,0.7898640296662547,0.7721068249258161,false
33131,large_mf,corp,1,100,5,1417,0.2,0.07057163020465773,false
33180,sfr_1_4,unknown,61,63,1859,1975,0.0328133405056482,0.03189873417721519,false
33138,sfr_1_4,estate,25,32,5274,6317,0.004740235115661737,0.005065695741649517,false
33175,sfr_1_4,llc,448,453,13804,13881,0.032454361054766734,0.03263453641668468,false
33013,large_mf,individual,2,65,20,1131,0.1,0.05747126436781609,false
33169,condo_unit,lender_reo,5,5,2454,2454,0.002037489812550937,0.002037489812550937,false
33055,sfr_1_4,llc,516,523,10603,10660,0.04866547203621616,0.049061913696060035,false
33056,large_mf,llc,10,2081,20,3269,0.5,0.6365861119608442,false
33139,condo_unit,individual,14701,14701,22912,22912,0.6416288407821229,0.6416288407821229,false
33176,sfr_1_4,partnership,32,32,12260,12373,0.0026101141924959217,0.0025862765699506992,false
33165,condo_unit,llc,125,125,1131,1131,0.11052166224580018,0.11052166224580018,false
33149,condo_unit,llc,1285,1285,5619,5619,0.22868837871507386,0.22868837871507386,false
33184,sfr_1_4,partnership,18,18,3788,3824,0.004751847940865892,0.004707112970711297,false
33145,sfr_1_4,llc,615,1017,6200,8156,0.09919354838709678,0.12469347719470329,false
33181,condo_unit,individual,2694,2694,4047,4047,0.6656782802075611,0.6656782802075611,false
33136,large_mf,llc,40,3426,57,5008,0.7017543859649122,0.6841054313099042,false
33180,condo_unit,individual,11726,11726,16374,16374,0.7161353365090998,0.7161353365090998,false
33143,large_mf,partnership,3,561,31,3459,0.0967741935483871,0.16218560277536861,false
33143,condo_unit,unknown,118,118,4322,4322,0.027302174919018974,0.027302174919018974,false
33157,sfr_1_4,individual,15089,15395,16983,17494,0.8884767120061238,0.8800160054875957,false
"",coop_building,coop_corp,1,1,1,1,,,true
33173,sfr_1_4,llc,254,258,8176,8215,0.031066536203522503,0.03140596469872185,false
33155,sfr_1_4,llc,648,783,12127,12822,0.05343448503339655,0.06106691623771642,false
33135,condo_unit,llc,252,252,1296,1296,0.19444444444444445,0.19444444444444445,false
33178,large_mf,llc,7,2505,16,5129,0.4375,0.4883992981087931,false
33032,condo_unit,llc,179,179,589,589,0.30390492359932086,0.30390492359932086,false
33127,small_mf,unknown,6,49,125,1054,0.048,0.046489563567362426,false
33169,sfr_1_4,individual,6808,6913,7679,7871,0.886573772626644,0.878287384068098,false
33160,condo_unit,individual,19698,19698,29691,29691,0.6634333636455492,0.6634333636455492,false
33138,sfr_1_4,trust,25,29,5274,6317,0.004740235115661737,0.004590786765869875,false
33054,small_mf,corp,7,50,52,469,0.1346153846153846,0.10660980810234541,false
33126,condo_unit,unknown,255,255,7736,7736,0.03296277145811789,0.03296277145811789,false
33178,sfr_1_4,individual,8375,8475,10126,10246,0.8270788070314044,0.8271520593402303,false
33167,condo_unit,individual,53,53,84,84,0.6309523809523809,0.6309523809523809,false
33186,sfr_1_4,individual,15479,15489,17390,17401,0.8901092581943646,0.890121257399,false
33167,sfr_1_4,llc,488,513,5076,5198,0.09613869188337273,0.09869180454020778,false
33032,sfr_1_4,lender_reo,5,5,15949,16083,0.0003134992789516584,0.0003108872722750731,false
33143,small_mf,unknown,2,19,15,194,0.13333333333333333,0.0979381443298969,false
33175,condo_unit,estate,16,16,2787,2787,0.0057409400789379264,0.0057409400789379264,false
33133,condo_unit,llc,1274,1274,6507,6507,0.19578915014599663,0.19578915014599663,false
33146,condo_unit,unknown,20,20,900,900,0.022222222222222223,0.022222222222222223,false
33126,sfr_1_4,unknown,142,175,4074,5235,0.03485517918507609,0.033428844317096466,false
33182,sfr_1_4,individual,3076,3099,3484,3509,0.8828932261768083,0.8831575947563408,false
33189,sfr_1_4,trust,18,22,6398,6550,0.002813379180994061,0.0033587786259541984,false
33180,condo_unit,unknown,337,337,16374,16374,0.02058140955172835,0.02058140955172835,false
33144,condo_unit,partnership,1,1,597,597,0.0016750418760469012,0.0016750418760469012,false
33194,sfr_1_4,corp,8,9,1537,1538,0.00520494469746259,0.005851755526657998,false
33187,condo_unit,unknown,16,16,521,521,0.030710172744721688,0.030710172744721688,false
33150,small_mf,individual,15,110,89,796,0.16853932584269662,0.13819095477386933,false
33137,sfr_1_4,unknown,38,55,1619,2213,0.02347127856701668,0.024853140533212834,false
33012,sfr_1_4,llc,350,463,8713,9174,0.04016986112705153,0.050468715936341835,false
33167,condo_unit,unknown,6,6,84,84,0.07142857142857142,0.07142857142857142,false
33194,sfr_1_4,llc,96,96,1537,1538,0.062459336369551074,0.06241872561768531,false
33175,sfr_1_4,individual,12387,12454,13804,13881,0.8973485946102578,0.8971976082414812,false
33176,condo_unit,corp,126,126,5337,5337,0.023608768971332208,0.023608768971332208,false
33135,sfr_1_4,estate,29,35,3331,5488,0.00870609426598619,0.006377551020408163,false
33196,condo_unit,estate,4,4,2956,2956,0.0013531799729364006,0.0013531799729364006,false
33190,large_mf,partnership,5,681,9,1437,0.5555555555555556,0.47390396659707723,false
33168,sfr_1_4,llc,406,474,6470,6856,0.06275115919629057,0.0691365227537923,false
33127,small_mf,partnership,3,20,125,1054,0.024,0.018975332068311195,false
33150,sfr_1_4,trust,16,23,4996,6475,0.0032025620496397116,0.003552123552123552,false
33177,sfr_1_4,estate,57,57,14827,14919,0.0038443380319687056,0.0038206314096119044,false
33145,sfr_1_4,individual,5174,6569,6200,8156,0.834516129032258,0.8054193231976459,false
33149,condo_unit,partnership,8,8,5619,5619,0.0014237408791599928,0.0014237408791599928,false
33130,condo_unit,individual,4799,4799,8626,8626,0.556341293763042,0.556341293763042,false
33155,condo_unit,individual,1338,1338,1861,1861,0.7189682966147233,0.7189682966147233,false
33034,sfr_1_4,individual,4500,4595,5768,6050,0.7801664355062413,0.759504132231405,false
33131,large_mf,llc,4,1317,5,1417,0.8,0.9294283697953423,false
33180,large_mf,llc,6,1657,9,2108,0.6666666666666666,0.7860531309297912,false
33156,sfr_1_4,individual,7096,7239,8516,8731,0.833255049318929,0.82911464895201,false
33137,condo_unit,trust,18,18,8256,8256,0.002180232558139535,0.002180232558139535,false
33010,large_mf,individual,3,349,66,2622,0.045454545454545456,0.13310450038138824,false
33033,condo_unit,corp,138,138,1748,1748,0.07894736842105263,0.07894736842105263,false
33142,small_mf,corp,39,323,166,1376,0.23493975903614459,0.23473837209302326,false
33187,sfr_1_4,unknown,253,255,5235,5310,0.048328557784145174,0.0480225988700565,false
33135,sfr_1_4,llc,554,1159,3331,5488,0.16631642149504652,0.21118804664723032,false
33142,sfr_1_4,estate,133,157,8997,12471,0.01478270534622652,0.012589206960147542,false
33141,sfr_1_4,unknown,65,92,2559,3520,0.025400547088706527,0.026136363636363635,false
33146,condo_unit,trust,4,4,900,900,0.0044444444444444444,0.0044444444444444444,false
33030,sfr_1_4,trust,22,36,6846,7745,0.0032135553607946245,0.004648160103292447,false
33140,condo_unit,individual,7465,7465,11221,11221,0.6652704750022279,0.6652704750022279,false
33034,condo_unit,trust,4,4,1009,1009,0.003964321110009911,0.003964321110009911,false
33013,sfr_1_4,individual,6097,6618,6945,7716,0.8778977681785457,0.8576982892690513,false
33142,sfr_1_4,individual,6833,8915,8997,12471,0.7594753806824497,0.7148584716542379,false
33184,large_mf,llc,1,47,1,47,1.0,1.0,false
33014,condo_unit,lender_reo,2,2,3263,3263,0.0006129328838492185,0.0006129328838492185,false
33154,sfr_1_4,llc,229,267,1618,1685,0.1415327564894932,0.15845697329376854,false
33154,sfr_1_4,lender_reo,2,2,1618,1685,0.0012360939431396785,0.0011869436201780415,false
33142,condo_unit,trust,2,2,555,555,0.0036036036036036037,0.0036036036036036037,false
33139,condo_unit,llc,5887,5887,22912,22912,0.25693959497206703,0.25693959497206703,false
33162,large_mf,partnership,1,68,35,2250,0.02857142857142857,0.030222222222222223,false
33157,large_mf,individual,1,332,29,4627,0.034482758620689655,0.07175275556516102,false
33032,large_mf,unknown,2,566,56,7167,0.03571428571428571,0.07897307101995256,false
33169,sfr_1_4,llc,361,424,7679,7871,0.04701132960020836,0.05386863168593571,false
33174,sfr_1_4,llc,228,364,4292,4874,0.05312208760484623,0.07468198604842019,false
33174,large_mf,individual,5,582,16,2868,0.3125,0.20292887029288703,false
33154,large_mf,llc,8,204,12,287,0.6666666666666666,0.710801393728223,false
33143,sfr_1_4,corp,62,63,6909,7125,0.008973802286872196,0.008842105263157894,false
33030,sfr_1_4,corp,160,225,6846,7745,0.02337131171487,0.029051000645577793,false
33056,condo_unit,llc,44,44,62,62,0.7096774193548387,0.7096774193548387,false
33161,small_mf,individual,17,107,154,1464,0.11038961038961038,0.07308743169398907,false
33109,condo_unit,lender_reo,1,1,748,748,0.001336898395721925,0.001336898395721925,false
33132,condo_unit,unknown,129,129,10782,10782,0.011964385086254869,0.011964385086254869,false
33150,large_mf,individual,5,280,19,1168,0.2631578947368421,0.23972602739726026,false
33146,sfr_1_4,unknown,236,241,3375,3513,0.06992592592592592,0.0686023341873043,false
33177,sfr_1_4,partnership,150,150,14827,14919,0.010116679031496593,0.010054293183189221,false
33185,condo_unit,individual,421,421,489,489,0.8609406952965235,0.8609406952965235,false
33177,condo_unit,unknown,19,19,455,455,0.041758241758241756,0.041758241758241756,false
33034,condo_unit,llc,177,177,1009,1009,0.17542120911793854,0.17542120911793854,false
33138,small_mf,unknown,4,42,181,1561,0.022099447513812154,0.026905829596412557,false
33127,condo_unit,llc,199,199,373,373,0.5335120643431636,0.5335120643431636,false
33160,condo_unit,unknown,590,590,29691,29691,0.019871341483951366,0.019871341483951366,false
33054,small_mf,unknown,2,14,52,469,0.038461538461538464,0.029850746268656716,false
33166,condo_unit,corp,268,268,3488,3488,0.0768348623853211,0.0768348623853211,false
33054,large_mf,llc,15,890,28,2028,0.5357142857142857,0.4388560157790927,false
33174,large_mf,llc,7,1972,16,2868,0.4375,0.6875871687587168,false
33013,sfr_1_4,estate,64,67,6945,7716,0.009215262778977681,0.008683255572835667,false
33138,condo_unit,lender_reo,1,1,2970,2970,0.0003367003367003367,0.0003367003367003367,false
33033,large_mf,corp,8,760,26,3316,0.3076923076923077,0.22919179734620024,false
33134,coop_building,coop_corp,52,52,52,52,1.0,1.0,false
33128,large_mf,corp,7,506,31,3342,0.22580645161290322,0.15140634350688212,false
33190,sfr_1_4,trust,3,3,3310,3312,0.0009063444108761329,0.0009057971014492754,false
33157,large_mf,partnership,3,611,29,4627,0.10344827586206896,0.13205100497082342,false
33136,large_mf,individual,2,392,57,5008,0.03508771929824561,0.07827476038338659,false
33010,sfr_1_4,llc,498,1059,5742,7762,0.08672936259143156,0.13643390878639525,false
33154,large_mf,corp,3,63,12,287,0.25,0.21951219512195122,false
33150,small_mf,trust,2,14,89,796,0.02247191011235955,0.017587939698492462,false
33184,condo_unit,estate,11,11,1747,1747,0.006296508299942759,0.006296508299942759,false
33160,large_mf,unknown,2,592,17,3417,0.11764705882352941,0.1732513901082821,false
33143,small_mf,corp,1,18,15,194,0.06666666666666667,0.09278350515463918,false
33196,large_mf,corp,1,200,17,2879,0.058823529411764705,0.06946856547412296,false
33141,large_mf,corp,12,436,70,2852,0.17142857142857143,0.15287517531556802,false
33178,sfr_1_4,corp,261,262,10126,10246,0.02577523207584436,0.02557095451883662,false
33196,condo_unit,llc,628,628,2956,2956,0.2124492557510149,0.2124492557510149,false
33141,small_mf,individual,41,365,371,3565,0.1105121293800539,0.10238429172510519,false
33012,large_mf,partnership,1,124,65,4450,0.015384615384615385,0.027865168539325844,false
33194,sfr_1_4,unknown,46,46,1537,1538,0.02992843201040989,0.02990897269180754,false
33136,sfr_1_4,individual,355,402,478,594,0.7426778242677824,0.6767676767676768,false
33169,large_mf,corp,11,1209,37,4876,0.2972972972972973,0.24794913863822807,false
33109,sfr_1_4,individual,2,2,7,7,,,true
33175,sfr_1_4,lender_reo,4,4,13804,13881,0.0002897710808461316,0.0002881636769685181,false
33145,small_mf,corp,19,164,75,673,0.25333333333333335,0.2436849925705795,false
33125,sfr_1_4,partnership,2,4,6256,9066,0.00031969309462915604,0.00044120891242003087,false
33144,sfr_1_4,estate,41,46,5477,6469,0.007485849917838233,0.00711083629618179,false
33176,large_mf,corp,5,457,13,1843,0.38461538461538464,0.24796527400976667,false
33190,sfr_1_4,corp,35,35,3310,3312,0.010574018126888218,0.010567632850241546,false
33144,sfr_1_4,individual,4759,5453,5477,6469,0.8689063355851744,0.8429432678930283,false
33125,condo_unit,partnership,60,60,2565,2565,0.023391812865497075,0.023391812865497075,false
33160,sfr_1_4,estate,3,3,1439,1666,0.0020847810979847115,0.001800720288115246,false
33127,small_mf,individual,23,198,125,1054,0.184,0.18785578747628084,false
33169,condo_unit,partnership,3,3,2454,2454,0.0012224938875305623,0.0012224938875305623,false
33030,sfr_1_4,estate,40,42,6846,7745,0.0058428279287175,0.005422853453841188,false
33157,condo_unit,trust,8,8,1819,1819,0.0043980208905992305,0.0043980208905992305,false
33142,small_mf,llc,89,784,166,1376,0.536144578313253,0.5697674418604651,false
33139,large_mf,partnership,4,308,77,4059,0.05194805194805195,0.07588075880758807,false
33141,small_mf,corp,62,597,371,3565,0.16711590296495957,0.16746143057503507,false
33035,condo_unit,estate,4,4,2424,2424,0.0016501650165016502,0.0016501650165016502,false
33139,condo_unit,estate,28,28,22912,22912,0.0012220670391061453,0.0012220670391061453,false
33132,large_mf,corp,2,839,13,4704,0.15384615384615385,0.17835884353741496,false
33016,condo_unit,estate,40,40,8588,8588,0.004657661853749418,0.004657661853749418,false
33184,condo_unit,trust,4,4,1747,1747,0.0022896393817973667,0.0022896393817973667,false
33136,condo_unit,individual,730,730,1406,1406,0.519203413940256,0.519203413940256,false
33181,large_mf,llc,16,2094,21,3876,0.7619047619047619,0.5402476780185759,false
33158,sfr_1_4,llc,86,86,2036,2048,0.04223968565815324,0.0419921875,false
33016,small_mf,partnership,1,8,39,456,0.02564102564102564,0.017543859649122806,false
33190,large_mf,llc,2,428,9,1437,0.2222222222222222,0.2978427279053584,false
33157,sfr_1_4,unknown,814,834,16983,17494,0.04793028322440087,0.04767348805304676,false
33016,condo_unit,partnership,5,5,8588,8588,0.0005822077317186772,0.0005822077317186772,false
33143,condo_unit,trust,22,22,4322,4322,0.005090236001850995,0.005090236001850995,false
33182,sfr_1_4,llc,92,94,3484,3509,0.02640642939150402,0.026788258763180393,false
33181,large_mf,corp,2,129,21,3876,0.09523809523809523,0.033281733746130034,false
"",condo_unit,llc,1,1,3,3,,,true
-,large_mf,partnership,1,58,2,90,0.5,0.6444444444444445,false
33187,condo_unit,individual,467,467,521,521,0.8963531669865643,0.8963531669865643,false
33031,sfr_1_4,llc,125,129,2180,2243,0.05733944954128441,0.05751226036558181,false
33161,small_mf,llc,105,1046,154,1464,0.6818181818181818,0.7144808743169399,false
33157,large_mf,corp,5,593,29,4627,0.1724137931034483,0.12816079533174843,false
33033,condo_unit,trust,1,1,1748,1748,0.0005720823798627002,0.0005720823798627002,false
33169,condo_unit,unknown,39,39,2454,2454,0.01589242053789731,0.01589242053789731,false
33177,large_mf,partnership,4,187,15,2385,0.26666666666666666,0.07840670859538784,false
33179,sfr_1_4,corp,109,110,6712,7049,0.01623957091775924,0.01560505036175344,false
33161,coop_building,coop_corp,43,43,44,44,0.9772727272727273,0.9772727272727273,false
33160,large_mf,individual,1,156,17,3417,0.058823529411764705,0.0456540825285338,false
33190,large_mf,corp,1,40,9,1437,0.1111111111111111,0.027835768963117607,false
33174,small_mf,corp,7,79,31,296,0.22580645161290322,0.2668918918918919,false
33181,condo_unit,llc,989,989,4047,4047,0.2443785520138374,0.2443785520138374,false
33012,sfr_1_4,corp,111,167,8713,9174,0.012739584528864914,0.018203618923043383,false
33149,condo_unit,trust,50,50,5619,5619,0.008898380494749955,0.008898380494749955,false
33137,condo_unit,llc,2894,2894,8256,8256,0.3505329457364341,0.3505329457364341,false
33147,small_mf,corp,8,68,43,372,0.18604651162790697,0.1827956989247312,false
33161,small_mf,corp,28,281,154,1464,0.18181818181818182,0.1919398907103825,false
33056,sfr_1_4,corp,121,129,8955,9033,0.013512004466778336,0.014280969777482564,false
33182,condo_unit,llc,38,38,555,555,0.06846846846846846,0.06846846846846846,false
33125,large_mf,partnership,2,347,72,5045,0.027777777777777776,0.06878097125867196,false
33166,sfr_1_4,trust,19,22,5042,5339,0.003768345894486315,0.004120621839295748,false
33055,sfr_1_4,trust,17,17,10603,10660,0.0016033198151466565,0.0015947467166979362,false
33150,coop_building,estate,3,3,62,62,0.04838709677419355,0.04838709677419355,false
33137,condo_unit,partnership,42,42,8256,8256,0.005087209302325582,0.005087209302325582,false
33157,small_mf,llc,9,85,9,85,1.0,1.0,false
33190,condo_unit,individual,601,601,852,852,0.7053990610328639,0.7053990610328639,false
33184,sfr_1_4,unknown,175,176,3788,3824,0.046198521647307283,0.04602510460251046,false
33149,condo_unit,corp,831,831,5619,5619,0.14789108382274427,0.14789108382274427,false
33125,sfr_1_4,unknown,229,323,6256,9066,0.03660485933503836,0.03562761967791749,false
33170,sfr_1_4,estate,41,41,4653,4824,0.008811519449817323,0.008499170812603648,false
33142,condo_unit,llc,203,203,555,555,0.36576576576576575,0.36576576576576575,false
33174,large_mf,unknown,1,76,16,2868,0.0625,0.026499302649930265,false
33149,coop_building,trust,8,8,130,130,0.06153846153846154,0.06153846153846154,false
33169,sfr_1_4,lender_reo,5,5,7679,7871,0.0006511264487563485,0.0006352432981832042,false
33156,condo_unit,individual,2312,2312,3303,3303,0.6999697244928853,0.6999697244928853,false
33139,small_mf,unknown,6,70,287,3273,0.020905923344947737,0.021387106630003056,false
33160,sfr_1_4,corp,46,51,1439,1666,0.031966643502432245,0.030612244897959183,false
33138,sfr_1_4,unknown,178,198,5274,6317,0.03375047402351156,0.03134399240145639,false
33035,condo_unit,trust,6,6,2424,2424,0.0024752475247524753,0.0024752475247524753,false
33030,large_mf,partnership,4,290,30,2096,0.13333333333333333,0.1383587786259542,false
33134,small_mf,partnership,2,23,205,1950,0.00975609756097561,0.011794871794871795,false
33137,small_mf,llc,53,451,81,661,0.654320987654321,0.6822995461422088,false
33185,sfr_1_4,estate,6,6,8014,8014,0.0007486897928624906,0.0007486897928624906,false
33125,large_mf,llc,47,3093,72,5045,0.6527777777777778,0.6130822596630328,false
33140,sfr_1_4,unknown,93,98,2592,2815,0.03587962962962963,0.034813499111900535,false
33140,large_mf,llc,11,753,17,1186,0.6470588235294118,0.6349072512647554,false
33054,condo_unit,estate,1,1,295,295,0.003389830508474576,0.003389830508474576,false
33172,large_mf,partnership,1,133,14,4117,0.07142857142857142,0.032305076512023315,false
33150,small_mf,llc,51,484,89,796,0.5730337078651685,0.6080402010050251,false
33135,small_mf,estate,1,8,577,4666,0.0017331022530329288,0.0017145306472353193,false
33146,sfr_1_4,estate,2,2,3375,3513,0.0005925925925925926,0.000569313976658127,false
33138,large_mf,individual,1,24,32,2708,0.03125,0.008862629246676515,false
33173,sfr_1_4,individual,7347,7378,8176,8215,0.898605675146771,0.8981132075471698,false
33155,large_mf,corp,4,140,23,2476,0.17391304347826086,0.05654281098546042,false
33185,sfr_1_4,partnership,131,131,8014,8014,0.016346393810831045,0.016346393810831045,false
33193,condo_unit,lender_reo,2,2,5895,5895,0.00033927056827820186,0.00033927056827820186,false
33032,small_mf,individual,1,18,12,153,0.08333333333333333,0.11764705882352941,false
33167,condo_unit,llc,19,19,84,84,0.2261904761904762,0.2261904761904762,false
33130,small_mf,trust,2,12,368,3051,0.005434782608695652,0.003933136676499509,false
33141,condo_unit,llc,2986,2986,12055,12055,0.2476980506014102,0.2476980506014102,false
33016,small_mf,estate,1,14,39,456,0.02564102564102564,0.03070175438596491,false
33186,sfr_1_4,llc,614,614,17390,17401,0.03530764807360552,0.03528532842940061,false
33187,condo_unit,estate,5,5,521,521,0.009596928982725527,0.009596928982725527,false
33014,condo_unit,individual,2246,2246,3263,3263,0.6883236285626724,0.6883236285626724,false
33030,sfr_1_4,partnership,20,34,6846,7745,0.00292141396435875,0.004389928986442866,false
33137,sfr_1_4,individual,1144,1430,1619,2213,0.7066090179122916,0.6461816538635337,false
33175,sfr_1_4,trust,26,26,13804,13881,0.0018835120254998552,0.0018730639002953677,false
33135,condo_unit,individual,933,933,1296,1296,0.7199074074074074,0.7199074074074074,false
33134,large_mf,partnership,1,22,38,1668,0.02631578947368421,0.013189448441247002,false
33125,sfr_1_4,individual,5002,6864,6256,9066,0.7995524296675192,0.757114493712773,false
33014,sfr_1_4,individual,5999,6024,6655,6695,0.901427498121713,0.8997759522031367,false
33178,sfr_1_4,trust,17,17,10126,10246,0.0016788465336756864,0.0016591840718329105,false
33161,condo_unit,individual,1770,1770,3046,3046,0.5810899540380827,0.5810899540380827,false
33182,sfr_1_4,estate,15,15,3484,3509,0.004305396096440872,0.004274722143060701,false
33018,condo_unit,partnership,5,5,4340,4340,0.001152073732718894,0.001152073732718894,false
33141,condo_unit,individual,8239,8239,12055,12055,0.6834508502695977,0.6834508502695977,false
"",condo_unit,individual,2,2,3,3,,,true
33165,sfr_1_4,individual,12572,13209,14199,15049,0.8854144658074512,0.8777327397169247,false
33141,small_mf,partnership,2,16,371,3565,0.005390835579514825,0.004488078541374474,false
33186,sfr_1_4,unknown,947,948,17390,17401,0.05445658424381829,0.05447962760760876,false
33183,condo_unit,trust,12,12,6203,6203,0.0019345477994518782,0.0019345477994518782,false
33143,condo_unit,partnership,3,3,4322,4322,0.0006941230911614993,0.0006941230911614993,false
33179,condo_unit,corp,255,255,9422,9422,0.02706431755465931,0.02706431755465931,false
33183,sfr_1_4,partnership,12,12,6219,6239,0.001929570670525808,0.001923385157877865,false
33154,coop_building,coop_corp,291,291,296,296,0.9831081081081081,0.9831081081081081,false
33150,condo_unit,trust,3,3,339,339,0.008849557522123894,0.008849557522123894,false
33141,sfr_1_4,partnership,3,3,2559,3520,0.0011723329425556857,0.0008522727272727272,false
33145,small_mf,llc,38,362,75,673,0.5066666666666667,0.537890044576523,false
33185,condo_unit,unknown,27,27,489,489,0.05521472392638037,0.05521472392638037,false
33166,small_mf,corp,12,117,45,434,0.26666666666666666,0.2695852534562212,false
33185,sfr_1_4,individual,7139,7139,8014,8014,0.8908160718742201,0.8908160718742201,false
33154,coop_building,trust,3,3,296,296,0.010135135135135136,0.010135135135135136,false
33186,large_mf,llc,11,3090,14,3834,0.7857142857142857,0.8059467918622848,false
33137,sfr_1_4,trust,13,27,1619,2213,0.008029647930821495,0.012200632625395391,false
33146,large_mf,corp,1,20,9,1630,0.1111111111111111,0.012269938650306749,false
33155,sfr_1_4,partnership,20,20,12127,12822,0.0016492125010307578,0.0015598190609889253,false
33130,large_mf,partnership,4,1477,82,6877,0.04878048780487805,0.21477388396102953,false
33137,coop_building,coop_corp,19,19,19,19,1.0,1.0,false
33140,small_mf,llc,25,270,44,460,0.5681818181818182,0.5869565217391305,false
33183,condo_unit,llc,668,668,6203,6203,0.10768982750282122,0.10768982750282122,false
33160,condo_unit,partnership,73,73,29691,29691,0.00245865750564144,0.00245865750564144,false
33166,large_mf,corp,8,317,35,3223,0.22857142857142856,0.09835556934533043,false
33181,sfr_1_4,individual,1648,1755,2045,2223,0.8058679706601467,0.7894736842105263,false
33183,condo_unit,individual,5144,5144,6203,6203,0.8292761566983717,0.8292761566983717,false
33125,large_mf,individual,6,305,72,5045,0.08333333333333333,0.06045589692765114,false
33138,condo_unit,corp,85,85,2970,2970,0.02861952861952862,0.02861952861952862,false
33183,sfr_1_4,lender_reo,1,1,6219,6239,0.00016079755587715066,0.00016028209648982208,false
33193,sfr_1_4,unknown,486,486,8250,8255,0.05890909090909091,0.058873410054512416,false
33141,small_mf,llc,253,2478,371,3565,0.6819407008086253,0.6950911640953716,false
33141,sfr_1_4,individual,1881,2251,2559,3520,0.735052754982415,0.6394886363636364,false
33132,condo_unit,estate,1,1,10782,10782,0.00009274717121127805,0.00009274717121127805,false
33167,large_mf,llc,8,835,13,1635,0.6153846153846154,0.5107033639143731,false
33032,small_mf,llc,9,121,12,153,0.75,0.7908496732026143,false
33166,large_mf,partnership,1,28,35,3223,0.02857142857142857,0.008687558175612783,false
33032,large_mf,corp,15,1591,56,7167,0.26785714285714285,0.22198967489884192,false
33190,condo_unit,partnership,5,5,852,852,0.005868544600938967,0.005868544600938967,false
33150,condo_unit,corp,16,16,339,339,0.0471976401179941,0.0471976401179941,false
33177,small_mf,individual,1,6,1,6,,,true
33190,condo_unit,estate,1,1,852,852,0.0011737089201877935,0.0011737089201877935,false
33136,sfr_1_4,trust,1,1,478,594,0.0020920502092050207,0.0016835016835016834,false
33145,condo_unit,trust,8,8,2209,2209,0.0036215482118605704,0.0036215482118605704,false
33012,sfr_1_4,estate,63,63,8713,9174,0.0072305750028692755,0.0068672334859385216,false
33161,small_mf,unknown,2,13,154,1464,0.012987012987012988,0.008879781420765027,false
33167,small_mf,llc,2,30,2,30,1.0,1.0,false
33170,small_mf,llc,2,23,3,28,0.6666666666666666,0.8214285714285714,false
33180,condo_unit,llc,3095,3095,16374,16374,0.18901917674361793,0.18901917674361793,false
33054,large_mf,partnership,2,240,28,2028,0.07142857142857142,0.11834319526627218,false
33140,condo_unit,llc,2587,2587,11221,11221,0.23054986186614385,0.23054986186614385,false
33129,sfr_1_4,unknown,53,68,1511,1776,0.03507610853739246,0.038288288288288286,false
33035,sfr_1_4,unknown,76,76,4787,4791,0.015876331731773552,0.015863076601962012,false
33162,condo_unit,corp,119,119,2131,2131,0.05584232754575317,0.05584232754575317,false
33169,small_mf,unknown,1,9,7,62,0.14285714285714285,0.14516129032258066,false
33015,sfr_1_4,lender_reo,2,2,9614,9625,0.00020802995631370917,0.0002077922077922078,false
33155,sfr_1_4,unknown,584,618,12127,12822,0.04815700503009813,0.048198408984557795,false
33132,condo_unit,lender_reo,5,5,10782,10782,0.0004637358560563903,0.0004637358560563903,false
33186,condo_unit,individual,3317,3317,4169,4169,0.7956344447109619,0.7956344447109619,false
33168,sfr_1_4,lender_reo,3,3,6470,6856,0.0004636785162287481,0.00043757292882147026,false
33015,condo_unit,individual,4962,4962,7841,7841,0.632827445478893,0.632827445478893,false
33141,condo_unit,lender_reo,4,4,12055,12055,0.00033181252592285357,0.00033181252592285357,false
33173,sfr_1_4,corp,36,37,8176,8215,0.004403131115459882,0.004503956177723676,false
33127,condo_unit,trust,1,1,373,373,0.002680965147453083,0.002680965147453083,false
33013,sfr_1_4,lender_reo,2,2,6945,7716,0.00028797696184305253,0.0002592016588906169,false
33166,large_mf,individual,5,234,35,3223,0.14285714285714285,0.0726031647533354,false
33133,condo_unit,trust,30,30,6507,6507,0.004610419548178884,0.004610419548178884,false
33149,condo_unit,lender_reo,1,1,5619,5619,0.0001779676098949991,0.0001779676098949991,false
33193,sfr_1_4,corp,69,69,8250,8255,0.008363636363636363,0.008358570563294972,false
33012,condo_unit,estate,60,60,8837,8837,0.006789634491343216,0.006789634491343216,false
33010,large_mf,unknown,1,34,66,2622,0.015151515151515152,0.012967200610221205,false
33126,condo_unit,estate,35,35,7736,7736,0.00452430196483971,0.00452430196483971,false
33186,condo_unit,trust,7,7,4169,4169,0.0016790597265531303,0.0016790597265531303,false
33138,condo_unit,partnership,3,3,2970,2970,0.00101010101010101,0.00101010101010101,false
33178,condo_unit,individual,5523,5523,8433,8433,0.6549270722162931,0.6549270722162931,false
33158,sfr_1_4,corp,13,13,2036,2048,0.0063850687622789785,0.00634765625,false
33158,condo_unit,corp,8,8,228,228,0.03508771929824561,0.03508771929824561,false
33012,condo_unit,llc,1673,1673,8837,8837,0.18931764173362,0.18931764173362,false
33196,condo_unit,lender_reo,3,3,2956,2956,0.0010148849797023004,0.0010148849797023004,false
33014,sfr_1_4,trust,27,27,6655,6695,0.00405709992486852,0.004032860343539955,false
33172,condo_unit,lender_reo,3,3,9766,9766,0.00030718820397296744,0.00030718820397296744,false
33178,large_mf,unknown,1,369,16,5129,0.0625,0.07194384870345097,false
33133,small_mf,individual,12,123,67,677,0.1791044776119403,0.18168389955686853,false
33030,sfr_1_4,unknown,267,323,6846,7745,0.039000876424189306,0.04170432537120723,false
33160,sfr_1_4,individual,1085,1172,1439,1666,0.753995830437804,0.7034813925570228,false
33196,sfr_1_4,trust,20,21,11985,12284,0.001668752607425949,0.0017095408661673723,false
33054,sfr_1_4,trust,18,21,6688,7301,0.0026913875598086126,0.0028763183125599234,false
33136,large_mf,partnership,1,30,57,5008,0.017543859649122806,0.0059904153354632585,false
33176,large_mf,trust,1,176,13,1843,0.07692307692307693,0.09549647314161692,false
33144,condo_unit,llc,75,75,597,597,0.12562814070351758,0.12562814070351758,false
33135,small_mf,individual,123,870,577,4666,0.21317157712305027,0.18645520788684097,false
33030,large_mf,unknown,1,80,30,2096,0.03333333333333333,0.03816793893129771,false
33129,sfr_1_4,partnership,2,2,1511,1776,0.0013236267372600927,0.0011261261261261261,false
33162,sfr_1_4,llc,796,1014,8657,9307,0.0919487120249509,0.1089502524981197,false
33145,small_mf,trust,1,6,75,673,0.013333333333333334,0.008915304606240713,false
33157,condo_unit,unknown,128,128,1819,1819,0.07036833424958769,0.07036833424958769,false
33187,sfr_1_4,lender_reo,3,4,5235,5310,0.0005730659025787965,0.0007532956685499058,false
33186,condo_unit,unknown,138,138,4169,4169,0.03310146318061885,0.03310146318061885,false
33144,large_mf,corp,9,358,25,1491,0.36,0.24010731052984574,false
33144,sfr_1_4,llc,345,560,5477,6469,0.06299068833302902,0.08656670273612614,false
33033,small_mf,llc,2,26,5,54,0.4,0.48148148148148145,false
33014,sfr_1_4,estate,34,34,6655,6695,0.005108940646130729,0.005078416728902166,false
33145,large_mf,partnership,1,121,18,1127,0.05555555555555555,0.10736468500443656,false
33157,condo_unit,partnership,4,4,1819,1819,0.0021990104452996153,0.0021990104452996153,false
33010,large_mf,corp,27,1015,66,2622,0.4090909090909091,0.38710907704042713,false
33125,large_mf,corp,17,1300,72,5045,0.2361111111111111,0.2576808721506442,false
33161,sfr_1_4,corp,122,217,8109,9980,0.015045011715377974,0.021743486973947897,false
33056,condo_unit,trust,2,2,62,62,0.03225806451612903,0.03225806451612903,false
33162,large_mf,llc,25,1828,35,2250,0.7142857142857143,0.8124444444444444,false
33181,small_mf,unknown,4,46,30,321,0.13333333333333333,0.14330218068535824,false
33165,sfr_1_4,llc,599,753,14199,15049,0.04218606944150997,0.05003654727888896,false
33140,small_mf,unknown,1,6,44,460,0.022727272727272728,0.013043478260869565,false
33138,small_mf,individual,24,180,181,1561,0.13259668508287292,0.11531069827033953,false
33140,condo_unit,lender_reo,6,6,11221,11221,0.0005347117012743962,0.0005347117012743962,false
33144,large_mf,individual,1,44,25,1491,0.04,0.029510395707578806,false
33133,sfr_1_4,estate,22,27,6423,8108,0.003425190720846956,0.003330044400592008,false
33160,coop_building,coop_corp,48,48,48,48,1.0,1.0,false
33010,small_mf,partnership,3,28,320,2929,0.009375,0.009559576647319904,false
33154,condo_unit,corp,572,572,7438,7438,0.07690239311642914,0.07690239311642914,false
33133,sfr_1_4,llc,853,1310,6423,8108,0.13280398567647517,0.16156882091761224,false
33013,large_mf,llc,10,807,20,1131,0.5,0.713527851458886,false
33143,condo_unit,lender_reo,3,3,4322,4322,0.0006941230911614993,0.0006941230911614993,false
33129,small_mf,individual,7,55,28,231,0.25,0.23809523809523808,false
33054,condo_unit,unknown,4,4,295,295,0.013559322033898305,0.013559322033898305,false
33032,sfr_1_4,unknown,342,344,15949,16083,0.021443350680293436,0.021389044332525028,false
33143,large_mf,corp,10,527,31,3459,0.3225806451612903,0.15235617230413415,false
33056,large_mf,individual,1,84,20,3269,0.05,0.02569593147751606,false
"",sfr_1_4,individual,4,4,6,6,,,true
33018,condo_unit,trust,34,34,4340,4340,0.00783410138248848,0.00783410138248848,false
33010,sfr_1_4,estate,41,45,5742,7762,0.007140369209334726,0.0057974748776088636,false
33136,sfr_1_4,llc,84,145,478,594,0.17573221757322174,0.2441077441077441,false
33140,sfr_1_4,individual,2092,2256,2592,2815,0.8070987654320988,0.8014209591474245,false
33161,large_mf,corp,13,732,75,4524,0.17333333333333334,0.16180371352785147,false
33127,sfr_1_4,partnership,44,59,4724,6495,0.009314140558848433,0.009083910700538876,false
33147,sfr_1_4,estate,206,213,10524,11991,0.019574306347396427,0.0177633224918689,false
33034,large_mf,unknown,1,66,25,2343,0.04,0.028169014084507043,false
33129,sfr_1_4,estate,5,6,1511,1776,0.0033090668431502318,0.0033783783783783786,false
33012,sfr_1_4,partnership,11,14,8713,9174,0.0012624813497073338,0.001526051885764116,false
33157,large_mf,llc,19,2955,29,4627,0.6551724137931034,0.6386427490814783,false
33012,large_mf,llc,46,3112,65,4450,0.7076923076923077,0.6993258426966292,false
33016,condo_unit,llc,1502,1502,8588,8588,0.17489520260829064,0.17489520260829064,false
33142,sfr_1_4,partnership,8,10,8997,12471,0.00088918528398355,0.0008018603159329645,false
33143,sfr_1_4,trust,43,44,6909,7125,0.006223766102185555,0.006175438596491228,false
33135,small_mf,trust,2,15,577,4666,0.0034662045060658577,0.0032147449635662236,false
33055,large_mf,llc,1,32,4,391,0.25,0.08184143222506395,false
33174,condo_unit,estate,29,29,4296,4296,0.006750465549348231,0.006750465549348231,false
33145,sfr_1_4,partnership,3,5,6200,8156,0.0004838709677419355,0.0006130456105934281,false
33166,small_mf,llc,20,177,45,434,0.4444444444444444,0.4078341013824885,false
33181,condo_unit,partnership,58,58,4047,4047,0.0143316036570299,0.0143316036570299,false
33157,sfr_1_4,llc,732,884,16983,17494,0.04310192545486663,0.0505316108380016,false
33131,coop_building,estate,2,2,98,98,0.02040816326530612,0.02040816326530612,false
33034,sfr_1_4,corp,161,203,5768,6050,0.027912621359223302,0.03355371900826446,false
33147,condo_unit,llc,14,14,74,74,0.1891891891891892,0.1891891891891892,false
33174,condo_unit,llc,435,435,4296,4296,0.10125698324022346,0.10125698324022346,false
33177,sfr_1_4,individual,13383,13447,14827,14919,0.9026101031901261,0.9013338695623031,false
33162,sfr_1_4,estate,58,60,8657,9307,0.0066997805244310964,0.0064467605028473195,false
33135,condo_unit,estate,8,8,1296,1296,0.006172839506172839,0.006172839506172839,false
33186,sfr_1_4,partnership,163,163,17390,17401,0.009373202990224266,0.009367277742658468,false
33144,large_mf,llc,14,1049,25,1491,0.56,0.7035546613011402,false
33186,sfr_1_4,trust,35,35,17390,17401,0.0020126509488211618,0.0020113786563990574,false
33130,small_mf,partnership,2,15,368,3051,0.005434782608695652,0.004916420845624385,false
33172,condo_unit,llc,1353,1353,9766,9766,0.1385418799918083,0.1385418799918083,false
33162,condo_unit,individual,1078,1078,2131,2131,0.5058657907085875,0.5058657907085875,false
33186,sfr_1_4,coop_corp,1,1,17390,17401,0.00005750431282346176,0.00005746796161140164,false
33134,sfr_1_4,partnership,13,16,8547,9822,0.001521001521001521,0.0016289961311341885,false
33172,sfr_1_4,corp,23,23,1331,1340,0.01728024042073629,0.017164179104477612,false
33183,small_mf,llc,1,12,1,12,1.0,1.0,false
33156,large_mf,individual,1,160,9,1725,0.1111111111111111,0.0927536231884058,false
33176,sfr_1_4,individual,10840,10917,12260,12373,0.8841761827079935,0.8823244160672432,false
33032,sfr_1_4,partnership,110,110,15949,16083,0.006896984136936485,0.006839519990051607,false
33187,condo_unit,corp,8,8,521,521,0.015355086372360844,0.015355086372360844,false
33134,sfr_1_4,unknown,448,483,8547,9822,0.05241605241605242,0.049175320708613315,false
33170,sfr_1_4,trust,9,15,4653,4824,0.0019342359767891683,0.003109452736318408,false
33018,condo_unit,corp,100,100,4340,4340,0.02304147465437788,0.02304147465437788,false
33155,condo_unit,estate,4,4,1861,1861,0.0021493820526598604,0.0021493820526598604,false
33128,sfr_1_4,corp,19,48,171,398,0.1111111111111111,0.12060301507537688,false
33018,condo_unit,lender_reo,1,1,4340,4340,0.0002304147465437788,0.0002304147465437788,false
33165,large_mf,unknown,1,36,21,1497,0.047619047619047616,0.02404809619238477,false
33140,condo_unit,unknown,307,307,11221,11221,0.027359415381873274,0.027359415381873274,false
33136,sfr_1_4,partnership,1,1,478,594,0.0020920502092050207,0.0016835016835016834,false
33014,sfr_1_4,partnership,6,6,6655,6695,0.0009015777610818933,0.0008961911874533233,false
33126,small_mf,unknown,3,46,62,629,0.04838709677419355,0.07313195548489666,false
33166,sfr_1_4,estate,14,15,5042,5339,0.002776675922253074,0.0028095148904289193,false
33137,sfr_1_4,corp,56,96,1619,2213,0.034589252625077206,0.04338002711251695,false
33109,condo_unit,unknown,31,31,748,748,0.04144385026737968,0.04144385026737968,false
33129,condo_unit,trust,23,23,5227,5227,0.004400229577195332,0.004400229577195332,false
33055,condo_unit,individual,76,76,91,91,0.8351648351648352,0.8351648351648352,false
33162,condo_unit,unknown,40,40,2131,2131,0.018770530267480056,0.018770530267480056,false
33138,coop_building,coop_corp,24,24,24,24,1.0,1.0,false
33162,coop_building,coop_corp,647,647,660,660,0.9803030303030303,0.9803030303030303,false
33012,large_mf,corp,16,1066,65,4450,0.24615384615384617,0.2395505617977528,false
33013,condo_unit,trust,1,1,358,358,0.002793296089385475,0.002793296089385475,false
33189,sfr_1_4,estate,26,28,6398,6550,0.004063769928102532,0.004274809160305344,false
33034,condo_unit,corp,55,55,1009,1009,0.05450941526263627,0.05450941526263627,false
33018,sfr_1_4,lender_reo,2,2,11705,11726,0.00017086715079026057,0.00017056114617090227,false
33189,large_mf,partnership,2,366,17,1686,0.11764705882352941,0.21708185053380782,false
33169,condo_unit,individual,1387,1387,2454,2454,0.56519967400163,0.56519967400163,false
33189,small_mf,llc,4,64,4,64,1.0,1.0,false
33125,small_mf,corp,74,616,340,2734,0.21764705882352942,0.22531089978054133,false
33177,condo_unit,estate,1,1,455,455,0.002197802197802198,0.002197802197802198,false
33141,condo_unit,partnership,18,18,12055,12055,0.0014931563666528412,0.0014931563666528412,false
33136,condo_unit,estate,7,7,1406,1406,0.004978662873399715,0.004978662873399715,false
33137,condo_unit,estate,6,6,8256,8256,0.0007267441860465116,0.0007267441860465116,false
33032,sfr_1_4,individual,13979,14051,15949,16083,0.8764812840930466,0.8736554125474103,false
33032,small_mf,unknown,1,6,12,153,0.08333333333333333,0.0392156862745098,false
33173,condo_unit,llc,294,294,2633,2633,0.11165970375996961,0.11165970375996961,false
33176,large_mf,partnership,1,80,13,1843,0.07692307692307693,0.04340748779164406,false
33161,small_mf,partnership,1,11,154,1464,0.006493506493506494,0.007513661202185792,false
33143,condo_unit,corp,169,169,4322,4322,0.03910226746876446,0.03910226746876446,false
33169,large_mf,llc,19,2843,37,4876,0.5135135135135135,0.5830598851517638,false
33138,large_mf,corp,11,1089,32,2708,0.34375,0.4021418020679468,false
33140,sfr_1_4,llc,341,387,2592,2815,0.13155864197530864,0.13747779751332148,false
33138,small_mf,trust,2,16,181,1561,0.011049723756906077,0.010249839846252402,false
