nta,nta_name,borough,parcels,units,entity_parcels,entity_units,entity_parcel_share,entity_unit_share,sfr_condo_parcels,sfr_condo_units,sfr_condo_entity_parcels,sfr_condo_entity_units,sfr_condo_entity_unit_share,suppressed
Barrington 10011,Barrington 10011,,177,177,3,3,0.01694915254237288,0.01694915254237288,177,177,3,3,0.01694915254237288,false
Barrington 10012,Barrington 10012,,1421,1571,55,75,0.03870513722730472,0.047740292807129214,1396,1445,49,52,0.035986159169550176,false
Barrington 10014,Barrington 10014,,126,126,0,0,0.0,0.0,126,126,0,0,0.0,false
Barrington 10021,Barrington 10021,,799,799,14,14,0.017521902377972465,0.017521902377972465,799,799,14,14,0.017521902377972465,false
Barrington 10022,Barrington 10022,,118,118,1,1,0.00847457627118644,0.00847457627118644,118,118,1,1,0.00847457627118644,false
Barrington 10023,Barrington 10023,,735,735,3,3,0.004081632653061225,0.004081632653061225,735,735,3,3,0.004081632653061225,false
Barrington 10024,Barrington 10024,,786,786,37,37,0.047073791348600506,0.047073791348600506,786,786,37,37,0.047073791348600506,false
Barrington 10025,Barrington 10025,,44,44,0,0,0.0,0.0,44,44,0,0,0.0,false
Barrington 10030,Barrington 10030,,130,130,0,0,0.0,0.0,130,130,0,0,0.0,false
Barrington 10031,Barrington 10031,,950,950,20,20,0.021052631578947368,0.021052631578947368,950,950,20,20,0.021052631578947368,false
Barrington 10040,Barrington 10040,,737,737,3,3,0.004070556309362279,0.004070556309362279,737,737,3,3,0.004070556309362279,false
Berwyn 11010,Berwyn 11010,,2542,4733,96,351,0.03776553894571204,0.07416015212338897,2365,3754,52,83,0.022109749600426214,false
Berwyn 11020,Berwyn 11020,,2727,3731,64,129,0.02346901356802347,0.034575180916644334,2665,3487,50,62,0.017780326928591914,false
Berwyn 11030,Berwyn 11030,,1622,1960,31,84,0.01911220715166461,0.04285714285714286,1577,1734,22,29,0.016724336793540944,false
Berwyn 11040,Berwyn 11040,,1666,2206,29,101,0.017406962785114045,0.04578422484134179,1579,1732,16,20,0.011547344110854504,false
Berwyn 11050,Berwyn 11050,,2122,2805,41,110,0.01932139491046183,0.0392156862745098,2055,2519,31,43,0.017070265978562923,false
Berwyn 11060,Berwyn 11060,,756,1365,32,160,0.042328042328042326,0.11721611721611722,662,808,8,11,0.013613861386138614,false
Berwyn 11070,Berwyn 11070,,2339,2756,29,68,0.012398460880718255,0.02467343976777939,2311,2626,21,22,0.008377760853008377,false
Bloom 12010,Bloom 12010,,1645,1683,36,47,0.02188449848024316,0.027926322043969103,1634,1646,33,33,0.020048602673147023,false
Bloom 12021,Bloom 12021,,921,933,49,49,0.053203040173724216,0.05251875669882101,919,919,49,49,0.05331882480957562,false
Bloom 12022,Bloom 12022,,1824,1824,27,27,0.014802631578947368,0.014802631578947368,1824,1824,27,27,0.014802631578947368,false
Bloom 12031,Bloom 12031,,284,300,25,25,0.0880281690140845,0.08333333333333333,280,284,25,25,0.0880281690140845,false
Bloom 12032,Bloom 12032,,723,741,42,50,0.058091286307053944,0.06747638326585695,721,731,40,40,0.05471956224350205,false
Bloom 12033,Bloom 12033,,933,1017,10,12,0.010718113612004287,0.011799410029498525,918,922,10,12,0.013015184381778741,false
Bloom 12041,Bloom 12041,,208,217,4,10,0.019230769230769232,0.04608294930875576,206,206,3,3,0.014563106796116505,false
Bloom 12042,Bloom 12042,,685,690,23,23,0.033576642335766425,0.03333333333333333,685,690,23,23,0.03333333333333333,false
Bloom 12043,Bloom 12043,,383,385,6,6,0.015665796344647518,0.015584415584415584,383,385,6,6,0.015584415584415584,false
Bloom 12044,Bloom 12044,,607,620,8,8,0.013179571663920923,0.012903225806451613,605,608,8,8,0.013157894736842105,false
Bloom 12046,Bloom 12046,,549,550,5,5,0.009107468123861567,0.00909090909090909,549,550,5,5,0.00909090909090909,false
Bloom 12051,Bloom 12051,,467,467,10,10,0.021413276231263382,0.021413276231263382,467,467,10,10,0.021413276231263382,false
Bloom 12052,Bloom 12052,,229,229,1,1,0.004366812227074236,0.004366812227074236,229,229,1,1,0.004366812227074236,false
Bloom 12053,Bloom 12053,,212,212,1,1,0.0047169811320754715,0.0047169811320754715,212,212,1,1,0.0047169811320754715,false
Bloom 12054,Bloom 12054,,143,143,0,0,0.0,0.0,143,143,0,0,0.0,false
Bloom 12061,Bloom 12061,,2100,2141,26,26,0.012380952380952381,0.012143858010275572,2091,2093,26,26,0.012422360248447204,false
Bloom 12063,Bloom 12063,,169,173,2,2,0.011834319526627219,0.011560693641618497,169,173,2,2,0.011560693641618497,false
Bloom 12064,Bloom 12064,,132,132,0,0,0.0,0.0,132,132,0,0,0.0,false
Bloom 12065,Bloom 12065,,166,166,4,4,0.024096385542168676,0.024096385542168676,166,166,4,4,0.024096385542168676,false
Bloom 12071,Bloom 12071,,900,909,97,97,0.10777777777777778,0.10671067106710672,899,905,97,97,0.10718232044198896,false
Bloom 12072,Bloom 12072,,845,1014,39,45,0.046153846153846156,0.04437869822485207,840,990,39,45,0.045454545454545456,false
Bloom 12073,Bloom 12073,,630,630,6,6,0.009523809523809525,0.009523809523809525,630,630,6,6,0.009523809523809525,false
Bloom 12081,Bloom 12081,,166,172,2,8,0.012048192771084338,0.046511627906976744,165,165,1,1,0.006060606060606061,false
Bloom 12082,Bloom 12082,,390,393,6,6,0.015384615384615385,0.015267175572519083,390,393,6,6,0.015267175572519083,false
Bloom 12084,Bloom 12084,,699,852,35,81,0.05007153075822604,0.09507042253521127,688,785,29,39,0.049681528662420385,false
Bloom 12085,Bloom 12085,,740,818,18,30,0.024324324324324326,0.03667481662591687,733,787,16,18,0.022871664548919948,false
Bloom 12086,Bloom 12086,,318,338,5,8,0.015723270440251572,0.023668639053254437,318,338,5,8,0.023668639053254437,false
Bloom 12087,Bloom 12087,,421,421,2,2,0.004750593824228029,0.004750593824228029,421,421,2,2,0.004750593824228029,false
Bloom 12088,Bloom 12088,,145,145,2,2,0.013793103448275862,0.013793103448275862,145,145,2,2,0.013793103448275862,false
Bloom 12091,Bloom 12091,,437,592,19,69,0.043478260869565216,0.11655405405405406,423,519,11,13,0.025048169556840076,false
Bloom 12093,Bloom 12093,,183,186,3,3,0.01639344262295082,0.016129032258064516,183,186,3,3,0.016129032258064516,false
Bloom 12101,Bloom 12101,,1199,1799,45,105,0.03753127606338615,0.058365758754863814,1151,1583,38,70,0.04421983575489577,false
Bloom 12111,Bloom 12111,,862,1181,26,39,0.030162412993039442,0.03302286198137172,841,1110,25,35,0.03153153153153153,false
Bloom 12112,Bloom 12112,,155,155,4,4,0.025806451612903226,0.025806451612903226,143,143,4,4,0.027972027972027972,false
Bloom 12121,Bloom 12121,,668,668,35,35,0.05239520958083832,0.05239520958083832,666,666,35,35,0.052552552552552555,false
Bloom 12122,Bloom 12122,,565,628,21,60,0.03716814159292035,0.09554140127388536,554,605,21,60,0.09917355371900827,false
Bloom 12132,Bloom 12132,,210,210,2,2,0.009523809523809525,0.009523809523809525,210,210,2,2,0.009523809523809525,false
Bloom 12141,Bloom 12141,,1007,1271,53,130,0.05263157894736842,0.1022816679779701,977,1105,45,78,0.07058823529411765,false
Bloom 12142,Bloom 12142,,1647,1787,44,64,0.02671523982999393,0.03581421376608842,1617,1698,40,50,0.02944640753828033,false
Bloom 12150,Bloom 12150,,366,368,3,3,0.00819672131147541,0.008152173913043478,366,368,3,3,0.008152173913043478,false
Bloom 12151,Bloom 12151,,263,264,2,2,0.0076045627376425855,0.007575757575757576,263,264,2,2,0.007575757575757576,false
Bloom 12162,Bloom 12162,,2871,2949,328,354,0.11424590734935562,0.12004069175991862,2857,2868,323,324,0.11297071129707113,false
Bloom 12190,Bloom 12190,,188,188,1,1,0.005319148936170213,0.005319148936170213,188,188,1,1,0.005319148936170213,false
Bloom 12191,Bloom 12191,,99,99,3,3,0.030303030303030304,0.030303030303030304,99,99,3,3,0.030303030303030304,false
Bremen 13010,Bremen 13010,,1416,1609,49,95,0.0346045197740113,0.05904288377874456,1387,1471,40,43,0.029231815091774305,false
Bremen 13020,Bremen 13020,,521,523,10,10,0.019193857965451054,0.019120458891013385,521,523,10,10,0.019120458891013385,false
Bremen 13032,Bremen 13032,,2009,2356,51,152,0.02538576406172225,0.06451612903225806,1940,1953,30,32,0.01638504864311316,false
Bremen 13050,Bremen 13050,,1924,2133,36,60,0.018711018711018712,0.02812939521800281,1917,2093,32,32,0.015289058767319636,false
Bremen 13060,Bremen 13060,,371,371,6,6,0.016172506738544475,0.016172506738544475,371,371,6,6,0.016172506738544475,false
Bremen 13070,Bremen 13070,,513,513,10,10,0.01949317738791423,0.01949317738791423,513,513,10,10,0.01949317738791423,false
Bremen 13080,Bremen 13080,,1448,1680,35,121,0.024171270718232045,0.07202380952380952,1413,1490,19,19,0.012751677852348993,false
Bremen 13090,Bremen 13090,,428,428,0,0,0.0,0.0,428,428,0,0,0.0,false
Bremen 13100,Bremen 13100,,1274,1292,10,10,0.007849293563579277,0.007739938080495356,1270,1271,10,10,0.007867820613690008,false
Bremen 13110,Bremen 13110,,350,365,11,15,0.03142857142857143,0.0410958904109589,350,365,11,15,0.0410958904109589,false
Bremen 13120,Bremen 13120,,1948,1959,66,68,0.033880903490759756,0.03471158754466565,1943,1945,66,68,0.03496143958868895,false
Bremen 13130,Bremen 13130,,3740,3858,50,72,0.013368983957219251,0.01866251944012442,3715,3717,44,44,0.011837503362927092,false
Bremen 13140,Bremen 13140,,1668,2034,25,76,0.01498800959232614,0.03736479842674533,1594,1594,15,15,0.009410288582183186,false
Bremen 13151,Bremen 13151,,580,580,20,20,0.034482758620689655,0.034482758620689655,580,580,20,20,0.034482758620689655,false
Bremen 13152,Bremen 13152,,544,557,13,13,0.02389705882352941,0.02333931777378815,542,545,13,13,0.023853211009174313,false
Bremen 13160,Bremen 13160,,126,132,1,4,0.007936507936507936,0.030303030303030304,123,123,0,0,0.0,false
Bremen 13170,Bremen 13170,,2808,3222,91,126,0.032407407407407406,0.03910614525139665,2730,2825,81,86,0.030442477876106194,false
Bremen 13171,Bremen 13171,,756,903,15,27,0.01984126984126984,0.029900332225913623,733,749,13,13,0.017356475300400534,false
Bremen 13180,Bremen 13180,,515,564,12,12,0.02330097087378641,0.02127659574468085,512,543,12,12,0.022099447513812154,false
Bremen 13182,Bremen 13182,,258,258,0,0,0.0,0.0,258,258,0,0,0.0,false
Bremen 13210,Bremen 13210,,2027,2117,15,43,0.00740009866798224,0.02031176192725555,2016,2057,9,9,0.004375303840544483,false
Bremen 13240,Bremen 13240,,1935,1947,90,96,0.046511627906976744,0.04930662557781202,1933,1933,89,89,0.04604242110708743,false
Bremen 13250,Bremen 13250,,971,1001,24,29,0.024716786817713696,0.028971028971028972,965,965,23,23,0.02383419689119171,false
Bremen 13260,Bremen 13260,,2189,2189,111,111,0.05070808588396528,0.05070808588396528,2189,2189,111,111,0.05070808588396528,false
Bremen 13270,Bremen 13270,,884,884,20,20,0.02262443438914027,0.02262443438914027,884,884,20,20,0.02262443438914027,false
Bremen 13280,Bremen 13280,,548,554,9,9,0.016423357664233577,0.016245487364620937,547,547,9,9,0.016453382084095063,false
Bremen 13310,Bremen 13310,,1101,1106,9,9,0.008174386920980926,0.0081374321880651,1100,1102,9,9,0.008166969147005444,false
Bremen 13312,Bremen 13312,,928,1175,30,69,0.032327586206896554,0.05872340425531915,891,927,24,30,0.032362459546925564,false
Bremen 13314,Bremen 13314,,1534,1888,68,170,0.04432855280312908,0.09004237288135593,1466,1485,49,59,0.03973063973063973,false
Bremen 13315,Bremen 13315,,187,187,1,1,0.0053475935828877,0.0053475935828877,187,187,1,1,0.0053475935828877,false
Bremen 13316,Bremen 13316,,431,431,4,4,0.009280742459396751,0.009280742459396751,431,431,4,4,0.009280742459396751,false
Bremen 13320,Bremen 13320,,805,805,60,60,0.07453416149068323,0.07453416149068323,805,805,60,60,0.07453416149068323,false
Bremen 13330,Bremen 13330,,136,136,3,3,0.022058823529411766,0.022058823529411766,136,136,3,3,0.022058823529411766,false
Bremen 13340,Bremen 13340,,283,283,19,19,0.06713780918727916,0.06713780918727916,283,283,19,19,0.06713780918727916,false
Bremen 13341,Bremen 13341,,98,98,0,0,0.0,0.0,98,98,0,0,0.0,false
Bremen 13342,Bremen 13342,,212,271,2,7,0.009433962264150943,0.025830258302583026,200,200,1,1,0.005,false
Bremen 13344,Bremen 13344,,112,112,0,0,0.0,0.0,112,112,0,0,0.0,false
Bremen 13345,Bremen 13345,,271,271,1,1,0.0036900369003690036,0.0036900369003690036,271,271,1,1,0.0036900369003690036,false
Bremen 13400,Bremen 13400,,68,68,0,0,0.0,0.0,68,68,0,0,0.0,false
Calumet 14010,Calumet 14010,,583,975,48,245,0.0823327615780446,0.2512820512820513,517,562,14,19,0.033807829181494664,false
Calumet 14020,Calumet 14020,,1702,2696,66,266,0.038777908343125736,0.09866468842729971,1580,2006,30,47,0.023429710867397806,false
Calumet 14030,Calumet 14030,,2286,2990,77,152,0.0336832895888014,0.050836120401337795,2169,2270,64,68,0.029955947136563875,false
Calumet 14040,Calumet 14040,,553,636,43,56,0.07775768535262206,0.0880503144654088,548,605,41,43,0.07107438016528926,false
Cicero 15015,Cicero 15015,,995,1447,15,51,0.01507537688442211,0.035245335176226675,946,1210,8,10,0.008264462809917356,false
Cicero 15020,Cicero 15020,,936,1876,21,68,0.022435897435897436,0.03624733475479744,883,1602,15,28,0.017478152309612985,false
Cicero 15025,Cicero 15025,,223,400,5,8,0.02242152466367713,0.02,214,357,5,8,0.022408963585434174,false
Cicero 15030,Cicero 15030,,4125,6335,63,200,0.015272727272727273,0.03157063930544594,3933,5466,37,56,0.010245151847786316,false
Cicero 15040,Cicero 15040,,990,1880,19,67,0.01919191919191919,0.03563829787234043,938,1614,12,22,0.013630731102850062,false
Cicero 15065,Cicero 15065,,1175,2169,18,71,0.015319148936170212,0.03273397879207008,1103,1807,11,27,0.014941892639734366,false
Cicero 15071,Cicero 15071,,1821,3277,38,107,0.02086765513454146,0.032651815685077815,1739,2874,28,51,0.017745302713987474,false
Cicero 15072,Cicero 15072,,706,1039,10,20,0.014164305949008499,0.019249278152069296,676,917,7,8,0.008724100327153763,false
Cicero 15080,Cicero 15080,,1635,2071,15,59,0.009174311926605505,0.028488652824722356,1565,1689,6,6,0.003552397868561279,false
Cicero 15085,Cicero 15085,,770,956,9,40,0.011688311688311689,0.04184100418410042,753,848,4,5,0.00589622641509434,false
Cicero 15090,Cicero 15090,,804,1012,11,61,0.013681592039800995,0.06027667984189723,788,916,2,5,0.0054585152838427945,false
Elk Grove 16010,Elk Grove 16010,,2439,2445,9,9,0.0036900369003690036,0.0036809815950920245,2438,2438,9,9,0.0036915504511894994,false
Elk Grove 16011,Elk Grove 16011,,3325,3487,159,261,0.04781954887218045,0.07484944078004015,3298,3298,142,142,0.0430563978168587,false
Elk Grove 16012,Elk Grove 16012,,1598,1801,26,70,0.016270337922403004,0.03886729594669628,1560,1564,18,18,0.011508951406649617,false
Elk Grove 16030,Elk Grove 16030,,2607,2670,27,45,0.010356731875719217,0.016853932584269662,2593,2600,23,23,0.008846153846153846,false
Elk Grove 16051,Elk Grove 16051,,3798,3991,36,51,0.009478672985781991,0.012778752192432975,3789,3934,35,45,0.011438739196746314,false
Elk Grove 16061,Elk Grove 16061,,3202,3216,6,6,0.0018738288569643974,0.0018656716417910447,3198,3198,6,6,0.001876172607879925,false
Elk Grove 16062,Elk Grove 16062,,3409,3599,39,107,0.011440305074801994,0.0297304806890803,3373,3373,27,27,0.008004743551734361,false
Elk Grove 16065,Elk Grove 16065,,442,466,5,11,0.011312217194570135,0.023605150214592276,438,438,4,4,0.0091324200913242,false
Elk Grove 16070,Elk Grove 16070,,538,1167,41,214,0.0762081784386617,0.18337617823479005,415,418,8,8,0.019138755980861243,false
Elk Grove 16085,Elk Grove 16085,,719,1142,66,286,0.0917941585535466,0.2504378283712785,639,642,26,26,0.040498442367601244,false
Elk Grove 16091,Elk Grove 16091,,150,162,1,1,0.006666666666666667,0.006172839506172839,148,148,1,1,0.006756756756756757,false
Elk Grove 16094,Elk Grove 16094,,301,301,0,0,0.0,0.0,301,301,0,0,0.0,false
Elk Grove 16095,Elk Grove 16095,,99,99,0,0,0.0,0.0,99,99,0,0,0.0,false
Elk Grove 16096,Elk Grove 16096,,273,273,0,0,0.0,0.0,273,273,0,0,0.0,false
Elk Grove 16100,Elk Grove 16100,,4532,4958,41,111,0.009046778464254192,0.022388059701492536,4462,4546,27,29,0.0063792344918609765,false
Evanston 17011,Evanston 17011,,839,840,3,3,0.003575685339690107,0.0035714285714285713,839,840,3,3,0.0035714285714285713,false
Evanston 17013,Evanston 17013,,1650,1804,21,56,0.012727272727272728,0.031042128603104215,1629,1676,15,16,0.00954653937947494,false
Evanston 17020,Evanston 17020,,475,520,6,30,0.01263157894736842,0.057692307692307696,466,469,2,2,0.0042643923240938165,false
Evanston 17041,Evanston 17041,,1619,2063,96,265,0.0592958616429895,0.12845370819195345,1567,1752,75,126,0.07191780821917808,false
Evanston 17042,Evanston 17042,,678,748,16,42,0.02359882005899705,0.05614973262032086,666,686,12,16,0.023323615160349854,false
Evanston 17043,Evanston 17043,,1579,1911,42,201,0.026599113362887904,0.10518053375196232,1519,1551,15,21,0.013539651837524178,false
Evanston 17050,Evanston 17050,,179,179,2,2,0.0111731843575419,0.0111731843575419,179,179,2,2,0.0111731843575419,false
Evanston 17060,Evanston 17060,,1064,1555,64,142,0.06015037593984962,0.09131832797427653,1033,1383,57,99,0.07158351409978309,false
Evanston 17071,Evanston 17071,,1672,1999,45,169,0.026913875598086126,0.08454227113556778,1620,1673,23,28,0.016736401673640166,false
Evanston 17080,Evanston 17080,,1344,1961,50,228,0.03720238095238095,0.11626721060683325,1257,1431,20,33,0.023060796645702306,false
Evanston 17090,Evanston 17090,,1764,2087,53,188,0.030045351473922902,0.09008145663632007,1718,1798,30,35,0.01946607341490545,false
Evanston 17110,Evanston 17110,,1188,1476,13,68,0.010942760942760943,0.04607046070460705,1172,1376,4,8,0.005813953488372093,false
Evanston 17112,Evanston 17112,,917,1381,47,202,0.05125408942202835,0.14627081824764662,867,1054,22,37,0.03510436432637571,false
Evanston 17120,Evanston 17120,,1528,1703,28,90,0.01832460732984293,0.05284791544333529,1505,1592,17,19,0.01193467336683417,false
Evanston 17130,Evanston 17130,,700,889,18,50,0.025714285714285714,0.0562429696287964,690,829,13,19,0.022919179734620022,false
Evanston 17140,Evanston 17140,,891,930,18,24,0.020202020202020204,0.025806451612903226,887,910,17,18,0.01978021978021978,false
Evanston 17200,Evanston 17200,,305,335,1,2,0.003278688524590164,0.005970149253731343,302,322,1,2,0.006211180124223602,false
Evanston 17210,Evanston 17210,,569,839,16,38,0.028119507908611598,0.04529201430274136,552,768,11,18,0.0234375,false
Evanston 17220,Evanston 17220,,1479,2138,67,259,0.045300878972278566,0.12114125350795135,1391,1558,36,50,0.03209242618741977,false
Hanover 18010,Hanover 18010,,4502,4514,146,146,0.03243003109729009,0.03234381922906513,4500,4500,146,146,0.03244444444444444,false
Hanover 18011,Hanover 18011,,3355,3570,46,161,0.013710879284649776,0.045098039215686274,3325,3377,26,29,0.008587503701510216,false
Hanover 18012,Hanover 18012,,2421,2421,16,16,0.00660883932259397,0.00660883932259397,2421,2421,16,16,0.00660883932259397,false
Hanover 18013,Hanover 18013,,2751,2751,20,20,0.007270083605961469,0.007270083605961469,2751,2751,20,20,0.007270083605961469,false
Hanover 18014,Hanover 18014,,622,622,3,3,0.00482315112540193,0.00482315112540193,622,622,3,3,0.00482315112540193,false
Hanover 18015,Hanover 18015,,1484,1508,28,52,0.018867924528301886,0.034482758620689655,1480,1480,24,24,0.016216216216216217,false
Hanover 18018,Hanover 18018,,189,189,0,0,0.0,0.0,189,189,0,0,0.0,false
Hanover 18019,Hanover 18019,,1496,1502,19,19,0.01270053475935829,0.012649800266311585,1495,1495,19,19,0.012709030100334449,false
Hanover 18020,Hanover 18020,,5090,5091,69,69,0.01355599214145383,0.013553329404832056,5089,5089,69,69,0.013558655924543132,false
Hanover 18030,Hanover 18030,,693,693,139,139,0.20057720057720058,0.20057720057720058,693,693,139,139,0.20057720057720058,false
Hanover 18035,Hanover 18035,,1076,1076,7,7,0.006505576208178439,0.006505576208178439,1076,1076,7,7,0.006505576208178439,false
Hanover 18040,Hanover 18040,,565,576,4,4,0.007079646017699115,0.006944444444444444,564,573,4,4,0.006980802792321117,false
Hanover 18050,Hanover 18050,,1457,1637,52,64,0.03568977350720659,0.03909590714722053,1419,1438,48,48,0.03337969401947149,false
Hanover 18060,Hanover 18060,,634,640,25,31,0.03943217665615142,0.0484375,633,633,24,24,0.037914691943127965,false
Hanover 18070,Hanover 18070,,1946,2294,41,112,0.0210688591983556,0.04882301656495205,1898,1982,29,35,0.017658930373360242,false
Hanover 18075,Hanover 18075,,214,214,1,1,0.004672897196261682,0.004672897196261682,214,214,1,1,0.004672897196261682,false
Hanover 18080,Hanover 18080,,253,363,13,31,0.05138339920948617,0.08539944903581267,228,231,10,10,0.04329004329004329,false
Hanover 18082,Hanover 18082,,533,536,3,5,0.005628517823639775,0.009328358208955223,531,531,2,2,0.003766478342749529,false
Hanover 18090,Hanover 18090,,1951,1951,11,11,0.005638134290107637,0.005638134290107637,1950,1950,11,11,0.0056410256410256415,false
Hyde Park 70010,Hyde Park 70010,,8172,14539,1243,3420,0.1521047479197259,0.23522938303872343,7416,9685,916,1254,0.129478575116159,false
Hyde Park 70020,Hyde Park 70020,,7758,9917,362,1160,0.04666151069863367,0.11697085812241605,7397,7647,233,278,0.0363541258009677,false
Hyde Park 70030,Hyde Park 70030,,5242,10575,567,1585,0.10816482258679894,0.14988179669030732,4821,8022,450,820,0.10221889803041635,false
Hyde Park 70070,Hyde Park 70070,,4788,8638,568,1464,0.11862990810359231,0.16948367677703172,4384,6186,441,659,0.1065308761720013,false
Hyde Park 70080,Hyde Park 70080,,10404,16562,662,2094,0.06362937331795464,0.12643400555488468,9736,12292,438,575,0.046778392450374226,false
Hyde Park 70083,Hyde Park 70083,,2470,4177,209,663,0.08461538461538462,0.15872635863059611,2236,2708,133,152,0.056129985228951254,false
Hyde Park 70091,Hyde Park 70091,,524,524,4,4,0.007633587786259542,0.007633587786259542,524,524,4,4,0.007633587786259542,false
Hyde Park 70100,Hyde Park 70100,,4236,7482,326,832,0.0769593956562795,0.11120021384656509,3987,6164,262,449,0.07284231018818949,false
Hyde Park 70101,Hyde Park 70101,,829,1460,22,71,0.026537997587454766,0.04863013698630137,771,1237,13,27,0.021827000808407437,false
Hyde Park 70111,Hyde Park 70111,,5001,6065,128,214,0.02559488102379524,0.03528441879637263,4885,5363,116,134,0.024986015289949655,false
Hyde Park 70120,Hyde Park 70120,,3909,8126,344,1306,0.08800204655922231,0.16071868077775042,3396,4903,192,322,0.06567407709565572,false
Hyde Park 70121,Hyde Park 70121,,1178,1670,89,196,0.07555178268251274,0.11736526946107785,1116,1301,73,89,0.06840891621829362,false
Hyde Park 70130,Hyde Park 70130,,4516,5082,80,144,0.01771479185119575,0.02833530106257379,4448,4755,71,86,0.01808622502628812,false
Hyde Park 70140,Hyde Park 70140,,801,1754,62,184,0.07740324594257178,0.10490307867730901,716,1362,48,106,0.07782672540381791,false
Hyde Park 70150,Hyde Park 70150,,492,962,32,123,0.06504065040650407,0.12785862785862787,420,494,16,18,0.03643724696356275,false
Hyde Park 70151,Hyde Park 70151,,310,338,1,1,0.0032258064516129032,0.0029585798816568047,310,338,1,1,0.0029585798816568047,false
Hyde Park 70170,Hyde Park 70170,,868,887,30,30,0.03456221198156682,0.033821871476888386,863,874,30,30,0.034324942791762014,false
Hyde Park 70180,Hyde Park 70180,,3871,4222,136,149,0.03513304055799535,0.035291331122690665,3837,4108,135,145,0.035296981499513144,false
Hyde Park 70210,Hyde Park 70210,,2056,3279,133,217,0.0646887159533074,0.06617871302226289,1913,2703,118,163,0.060303366629670736,false
Hyde Park 70220,Hyde Park 70220,,2856,3932,105,288,0.03676470588235294,0.07324516785350967,2732,3184,77,109,0.034233668341708545,false
Hyde Park 70230,Hyde Park 70230,,1140,1521,70,96,0.06140350877192982,0.0631163708086785,1119,1417,69,89,0.06280875088214538,false
Hyde Park 70240,Hyde Park 70240,,4725,5505,42,62,0.008888888888888889,0.011262488646684832,4649,5203,36,39,0.007495675571785508,false
Hyde Park 70241,Hyde Park 70241,,482,482,0,0,0.0,0.0,482,482,0,0,0.0,false
Hyde Park 70250,Hyde Park 70250,,543,575,15,17,0.027624309392265192,0.029565217391304348,537,557,15,17,0.03052064631956912,false
Hyde Park 70260,Hyde Park 70260,,482,526,22,31,0.04564315352697095,0.058935361216730035,474,488,21,24,0.04918032786885246,false
Hyde Park 70280,Hyde Park 70280,,2796,3340,22,32,0.007868383404864092,0.009580838323353293,2725,3076,19,23,0.007477243172951885,false
Hyde Park 70300,Hyde Park 70300,,4,4,0,0,,,,,,,,true
Jefferson 71010,Jefferson 71010,,3304,4552,65,172,0.01967312348668281,0.037785588752196834,3201,4074,46,87,0.021354933726067747,false
Jefferson 71021,Jefferson 71021,,1205,1272,14,36,0.011618257261410789,0.02830188679245283,1191,1202,9,13,0.010815307820299502,false
Jefferson 71022,Jefferson 71022,,976,1012,4,10,0.004098360655737705,0.009881422924901186,974,999,3,3,0.003003003003003003,false
Jefferson 71030,Jefferson 71030,,1992,2099,24,53,0.012048192771084338,0.0252501191043354,1979,2034,19,23,0.011307767944936086,false
Jefferson 71041,Jefferson 71041,,3446,6250,162,463,0.047011027278003485,0.07408,3238,5011,120,197,0.039313510277389746,false
Jefferson 71042,Jefferson 71042,,3115,4744,181,541,0.05810593900481541,0.11403878583473862,2948,3652,124,151,0.04134720700985761,false
Jefferson 71050,Jefferson 71050,,2965,4400,80,182,0.026981450252951095,0.041363636363636366,2854,3727,67,99,0.026562919237993025,false
Jefferson 71060,Jefferson 71060,,1587,2197,43,92,0.027095148078134845,0.041875284478834776,1562,2069,39,65,0.03141614306428226,false
Jefferson 71070,Jefferson 71070,,8683,16760,563,1700,0.06483934124150639,0.10143198090692124,8001,13241,368,587,0.04433199909372404,false
Jefferson 71071,Jefferson 71071,,3305,4712,90,256,0.02723146747352496,0.05432937181663837,3182,4082,62,83,0.020333170014698677,false
Jefferson 71074,Jefferson 71074,,2428,3267,166,380,0.06836902800658978,0.11631466176920723,2327,2673,129,147,0.05499438832772166,false
Jefferson 71081,Jefferson 71081,,5269,9573,304,889,0.05769595748718922,0.09286535046484906,4845,7049,207,278,0.039438218186976876,false
Jefferson 71082,Jefferson 71082,,6837,11061,362,934,0.05294719906391692,0.08444082813488835,6401,8762,265,378,0.04314083542570189,false
Jefferson 71090,Jefferson 71090,,4030,5771,60,187,0.01488833746898263,0.032403396291803846,3889,5086,37,65,0.012780180888714117,false
Jefferson 71101,Jefferson 71101,,2153,3275,99,275,0.04598235020901068,0.08396946564885496,2033,2643,68,85,0.03216042376087779,false
Jefferson 71110,Jefferson 71110,,4223,6754,250,680,0.059199621122424814,0.10068107787977496,3994,5469,173,227,0.04150667398061803,false
Jefferson 71120,Jefferson 71120,,3937,6197,147,382,0.03733807467614935,0.061642730353396805,3756,5130,110,149,0.029044834307992203,false
Jefferson 71140,Jefferson 71140,,1337,1592,16,35,0.011967090501121914,0.02198492462311558,1285,1375,6,6,0.004363636363636364,false
Jefferson 71150,Jefferson 71150,,10887,13946,209,539,0.019197207678883072,0.038649075003585255,10568,12309,147,197,0.01600454951661386,false
Jefferson 71171,Jefferson 71171,,2054,3499,84,247,0.04089581304771178,0.07059159759931409,1937,2862,55,80,0.027952480782669462,false
Jefferson 71180,Jefferson 71180,,5931,10723,341,923,0.05749452031697859,0.08607665765177655,5492,8650,244,388,0.04485549132947977,false
Jefferson 71200,Jefferson 71200,,8597,10874,171,532,0.019890659532395022,0.048924038992091225,8310,9366,104,127,0.013559683963271407,false
Jefferson 71210,Jefferson 71210,,2708,4561,65,181,0.024002954209748892,0.039684279763209825,2597,4030,48,81,0.02009925558312655,false
Jefferson 71250,Jefferson 71250,,1694,2373,33,67,0.01948051948051948,0.028234302570585755,1636,2132,22,30,0.014071294559099437,false
Jefferson 71260,Jefferson 71260,,4084,6992,142,444,0.034769833496571985,0.06350114416475973,3774,5389,85,118,0.021896455743180554,false
Jefferson 71270,Jefferson 71270,,1834,2790,38,108,0.020719738276990186,0.03870967741935484,1745,2454,24,41,0.016707416462917686,false
Jefferson 71280,Jefferson 71280,,1421,2558,54,191,0.038001407459535536,0.0746677091477717,1332,2159,29,49,0.02269569245020843,false
Jefferson 71361,Jefferson 71361,,1349,1477,8,18,0.005930318754633061,0.012186865267433988,1328,1347,6,6,0.004454342984409799,false
Jefferson 71362,Jefferson 71362,,2927,3445,69,227,0.023573624871882474,0.06589259796806966,2854,3007,40,53,0.017625540405719987,false
Jefferson 71371,Jefferson 71371,,6754,7835,80,177,0.011844832691738229,0.02259093809827696,6606,7110,61,73,0.010267229254571027,false
Jefferson 71390,Jefferson 71390,,4274,5687,101,193,0.023631258773982217,0.033937049410937226,4078,4482,85,90,0.020080321285140562,false
Jefferson 71402,Jefferson 71402,,1962,2775,51,161,0.02599388379204893,0.058018018018018015,1892,2410,36,71,0.02946058091286307,false
Jefferson 71410,Jefferson 71410,,4127,5320,90,285,0.02180760843227526,0.05357142857142857,3997,4666,55,88,0.018859837119588514,false
Jefferson 71420,Jefferson 71420,,966,1012,4,10,0.004140786749482402,0.009881422924901186,962,987,3,3,0.00303951367781155,false
Jefferson 71430,Jefferson 71430,,5574,6044,57,121,0.01022604951560818,0.0200198544010589,5503,5689,42,54,0.009492002109333802,false
Jefferson 71440,Jefferson 71440,,4282,4477,17,24,0.0039701074264362445,0.005360732633459906,4269,4394,16,17,0.0038689121529358215,false
Jefferson 71461,Jefferson 71461,,2165,2265,13,22,0.006004618937644342,0.009713024282560706,2149,2205,9,9,0.004081632653061225,false
Jefferson 71463,Jefferson 71463,,313,378,4,21,0.012779552715654952,0.05555555555555555,304,320,1,3,0.009375,false
Jefferson 71520,Jefferson 71520,,1055,2072,36,115,0.034123222748815164,0.0555019305019305,965,1686,24,52,0.03084223013048636,false
Jefferson 71560,Jefferson 71560,,728,755,3,9,0.004120879120879121,0.011920529801324504,725,737,2,2,0.0027137042062415195,false
Jefferson 71580,Jefferson 71580,,50,51,0,0,0.0,0.0,50,51,0,0,0.0,false
Jefferson 71599,Jefferson 71599,,4,4,0,0,,,4,4,0,0,,true
Jefferson 71600,Jefferson 71600,,1039,1074,3,3,0.0028873917228103944,0.002793296089385475,1036,1058,3,3,0.002835538752362949,false
Lake 72030,Lake 72030,,14557,17692,127,251,0.008724325066978086,0.014187203255708795,14225,16224,99,123,0.007581360946745562,false
Lake 72040,Lake 72040,,5449,9768,76,181,0.013947513305193613,0.01852989352989353,5202,8788,57,96,0.010923987255348202,false
Lake 72051,Lake 72051,,1337,2356,29,69,0.02169035153328347,0.02928692699490662,1269,2093,23,37,0.017677974199713332,false
Lake 72052,Lake 72052,,1307,1991,49,96,0.03749043611323642,0.048216976393771975,1271,1835,40,58,0.03160762942779292,false
Lake 72061,Lake 72061,,778,931,0,0,0.0,0.0,770,900,0,0,0.0,false
Lake 72070,Lake 72070,,5878,9169,93,383,0.015821708063967335,0.041771185516414004,5525,7390,41,63,0.008525033829499323,false
Lake 72071,Lake 72071,,2695,4392,97,344,0.03599257884972171,0.07832422586520947,2530,3498,56,98,0.02801600914808462,false
Lake 72080,Lake 72080,,2070,4533,48,139,0.02318840579710145,0.030664019413192148,1852,3577,34,82,0.022924238188426056,false
Lake 72091,Lake 72091,,3300,6060,237,517,0.07181818181818182,0.08531353135313531,3156,5393,222,438,0.08121639161876507,false
Lake 72092,Lake 72092,,2091,4219,214,727,0.10234337637494022,0.17231571462431855,1893,2985,139,233,0.07805695142378559,false
Lake 72110,Lake 72110,,3762,4836,39,129,0.01036682615629984,0.026674937965260544,3640,4263,23,30,0.007037297677691766,false
Lake 72120,Lake 72120,,3465,4929,189,387,0.05454545454545454,0.07851491174680462,3354,4393,159,220,0.050079672205781925,false
Lake 72121,Lake 72121,,2525,2897,146,190,0.057821782178217825,0.06558508802209181,2490,2738,140,153,0.05588020452885318,false
Lake 72130,Lake 72130,,2469,4420,202,465,0.08181449979748887,0.10520361990950226,2343,3784,174,299,0.07901691331923891,false
Lake 72150,Lake 72150,,1930,3321,73,195,0.03782383419689119,0.05871725383920506,1803,2721,54,86,0.031606027195883866,false
Lake 72151,Lake 72151,,781,1022,18,44,0.023047375160051217,0.043052837573385516,756,876,13,16,0.0182648401826484,false
Lake 72170,Lake 72170,,2336,3813,194,421,0.08304794520547945,0.11041174927878311,2220,3166,160,227,0.07169930511686672,false
Lake 72171,Lake 72171,,1865,3098,173,347,0.09276139410187667,0.11200774693350549,1760,2562,155,245,0.09562841530054644,false
Lake 72191,Lake 72191,,1112,1117,10,10,0.008992805755395683,0.008952551477170993,1109,1109,10,10,0.009017132551848512,false
Lake 72192,Lake 72192,,1198,1230,17,43,0.014190317195325543,0.034959349593495934,1193,1199,12,12,0.010008340283569641,false
Lake 72193,Lake 72193,,1679,1841,11,17,0.006551518761167362,0.009234111895708854,1663,1748,10,10,0.005720823798627002,false
Lake 72194,Lake 72194,,1552,1553,18,18,0.011597938144329897,0.01159047005795235,1552,1553,18,18,0.01159047005795235,false
Lake 72200,Lake 72200,,7099,7654,102,202,0.014368220876179744,0.02639142931800366,7004,7200,81,90,0.0125,false
Lake 72212,Lake 72212,,4140,5708,171,455,0.041304347826086954,0.07971268395234758,3982,4760,129,188,0.03949579831932773,false
Lake 72221,Lake 72221,,3442,6165,216,713,0.06275421266705404,0.11565287915652879,3154,4404,143,220,0.049954586739327886,false
Lake 72222,Lake 72222,,447,916,21,47,0.04697986577181208,0.05131004366812227,444,897,20,41,0.045707915273132664,false
Lake 72223,Lake 72223,,750,1023,49,85,0.06533333333333333,0.08308895405669599,724,867,43,48,0.05536332179930796,false
Lake 72230,Lake 72230,,599,626,1,1,0.001669449081803005,0.001597444089456869,595,599,1,1,0.001669449081803005,false
Lake 72251,Lake 72251,,875,1605,90,218,0.10285714285714286,0.13582554517133957,810,1208,73,105,0.0869205298013245,false
Lake 72260,Lake 72260,,1083,1495,49,103,0.04524469067405355,0.06889632107023412,1051,1282,43,64,0.0499219968798752,false
Lake 72271,Lake 72271,,3712,4030,37,95,0.009967672413793104,0.02357320099255583,3655,3776,22,24,0.006355932203389831,false
Lake 72274,Lake 72274,,2496,2995,77,175,0.030849358974358976,0.05843071786310518,2422,2531,58,59,0.023310944290794153,false
Lake 72281,Lake 72281,,2483,2902,123,164,0.049536850583971004,0.05651274982770503,2432,2635,117,123,0.04667931688804554,false
Lake 72282,Lake 72282,,7676,9170,351,853,0.04572694111516415,0.093020719738277,7511,8163,272,316,0.03871125811588877,false
Lake 72293,Lake 72293,,379,578,27,42,0.0712401055408971,0.0726643598615917,371,545,27,42,0.07706422018348624,false
Lake 72300,Lake 72300,,1653,1842,27,63,0.016333938294010888,0.03420195439739414,1625,1673,22,31,0.01852958756724447,false
Lake 72310,Lake 72310,,1539,1584,54,55,0.03508771929824561,0.034722222222222224,1535,1569,54,55,0.03505417463352454,false
Lake 72312,Lake 72312,,2368,2635,136,164,0.057432432432432436,0.06223908918406072,2342,2510,135,162,0.06454183266932272,false
Lake 72321,Lake 72321,,3791,4009,137,154,0.03613822210498549,0.03841356946869544,3769,3913,135,141,0.03603373370815231,false
Lake 72323,Lake 72323,,977,1011,6,6,0.006141248720573183,0.005934718100890208,971,988,6,6,0.006072874493927126,false
Lake 72330,Lake 72330,,7099,8417,505,636,0.07113677982814481,0.07556136390637995,7023,8085,492,558,0.06901669758812616,false
Lake 72345,Lake 72345,,2094,2120,62,63,0.029608404966571154,0.029716981132075472,2093,2116,62,63,0.029773156899810964,false
Lake 72350,Lake 72350,,2908,3497,37,133,0.012723521320495186,0.03803259937088933,2812,3029,17,17,0.005612413337735226,false
Lake 72361,Lake 72361,,797,857,23,23,0.028858218318695106,0.026837806301050177,793,834,23,23,0.027577937649880094,false
Lake 72380,Lake 72380,,14327,16182,168,327,0.011726111537656174,0.020207638116425657,14038,14765,128,140,0.009481882831019302,false
Lake 72420,Lake 72420,,148,148,0,0,0.0,0.0,148,148,0,0,0.0,false
Lake 72422,Lake 72422,,3227,3295,13,20,0.004028509451502944,0.006069802731411229,3209,3219,11,11,0.003417210313762038,false
Lake 72423,Lake 72423,,5782,6191,62,108,0.010722933241093047,0.01744467775803586,5704,5845,49,51,0.00872540633019675,false
Lake 72431,Lake 72431,,845,870,5,12,0.005917159763313609,0.013793103448275862,832,832,2,2,0.002403846153846154,false
Lake 72432,Lake 72432,,294,294,0,0,0.0,0.0,294,294,0,0,0.0,false
Lake View 73011,Lake View 73011,,3334,4741,175,424,0.05248950209958008,0.08943260915418688,3175,3791,133,163,0.04299657082563967,false
Lake View 73012,Lake View 73012,,2846,4509,213,634,0.07484188334504568,0.14060767354180528,2667,3399,143,176,0.05177993527508091,false
Lake View 73022,Lake View 73022,,482,631,12,44,0.024896265560165973,0.06973058637083994,470,561,7,10,0.017825311942959002,false
Lake View 73031,Lake View 73031,,12533,17025,548,1604,0.043724567142743156,0.0942143906020558,11948,13465,370,470,0.034905310063126624,false
Lake View 73032,Lake View 73032,,4307,7014,349,1113,0.08103087996285117,0.15868263473053892,3940,4760,216,257,0.053991596638655465,false
Lake View 73034,Lake View 73034,,365,564,15,45,0.0410958904109589,0.0797872340425532,345,450,7,7,0.015555555555555555,false
Lake View 73041,Lake View 73041,,1415,2481,105,276,0.07420494699646643,0.11124546553808948,1265,1736,70,113,0.06509216589861751,false
Lake View 73042,Lake View 73042,,1961,3383,201,522,0.10249872514023457,0.15430091634643808,1781,2301,143,168,0.07301173402868318,false
Lake View 73044,Lake View 73044,,596,851,26,96,0.0436241610738255,0.1128084606345476,567,668,15,25,0.0374251497005988,false
Lake View 73050,Lake View 73050,,4293,6114,212,779,0.04938271604938271,0.12741249591102388,3993,4175,112,117,0.028023952095808383,false
Lake View 73060,Lake View 73060,,9401,10177,230,510,0.024465482395489842,0.050112999901739216,9271,9344,184,192,0.02054794520547945,false
Lake View 73062,Lake View 73062,,8180,9199,245,727,0.029951100244498777,0.07903032938362865,8007,8053,165,178,0.022103563889233825,false
Lake View 73063,Lake View 73063,,4495,5301,338,617,0.07519466073414906,0.11639313337106207,4368,4546,290,322,0.0708315002199736,false
Lake View 73070,Lake View 73070,,3818,5911,187,467,0.04897852278679937,0.07900524445948232,3656,5116,140,216,0.04222048475371384,false
Lake View 73081,Lake View 73081,,4487,6532,324,749,0.07220860262981948,0.11466625842008574,4254,5347,256,349,0.06527024499719469,false
Lake View 73084,Lake View 73084,,7898,12794,600,1906,0.07596859964547986,0.14897608253869002,7308,9501,395,682,0.07178191769287444,false
Lake View 73092,Lake View 73092,,1629,2664,151,538,0.09269490484960098,0.20195195195195195,1470,1655,87,129,0.07794561933534744,false
Lake View 73093,Lake View 73093,,4625,6315,364,822,0.0787027027027027,0.130166270783848,4418,5193,296,431,0.08299634122857694,false
Lake View 73110,Lake View 73110,,1056,1516,100,246,0.0946969696969697,0.16226912928759896,1017,1309,78,112,0.0855614973262032,false
Lake View 73120,Lake View 73120,,1381,2062,124,253,0.08979000724112962,0.12269641125121242,1310,1769,99,163,0.09214245336348219,false
Lake View 73150,Lake View 73150,,2296,3443,169,460,0.07360627177700349,0.1336044147545745,2168,2741,121,187,0.06822327617657789,false
Lake View 73200,Lake View 73200,,972,986,17,17,0.01748971193415638,0.017241379310344827,968,969,17,17,0.017543859649122806,false
Lake View 99999,Lake View 99999,,1,7,0,0,,,,,,,,true
Lemont 19010,Lemont 19010,,1456,1871,161,297,0.11057692307692307,0.15873864243719935,1371,1492,129,134,0.08981233243967829,false
Lemont 19011,Lemont 19011,,309,310,9,9,0.02912621359223301,0.02903225806451613,309,310,9,9,0.02903225806451613,false
Lemont 19020,Lemont 19020,,862,865,251,251,0.29118329466357307,0.2901734104046243,862,865,251,251,0.2901734104046243,false
Lemont 19025,Lemont 19025,,624,624,1,1,0.0016025641025641025,0.0016025641025641025,624,624,1,1,0.0016025641025641025,false
Lemont 19030,Lemont 19030,,279,279,0,0,0.0,0.0,279,279,0,0,0.0,false
Lemont 19032,Lemont 19032,,640,664,16,16,0.025,0.024096385542168676,636,636,16,16,0.025157232704402517,false
Lemont 19038,Lemont 19038,,123,123,41,41,0.3333333333333333,0.3333333333333333,123,123,41,41,0.3333333333333333,false
Lemont 19040,Lemont 19040,,320,321,3,4,0.009375,0.012461059190031152,320,321,3,4,0.012461059190031152,false
Lemont 19050,Lemont 19050,,437,437,2,2,0.004576659038901602,0.004576659038901602,437,437,2,2,0.004576659038901602,false
Lemont 19060,Lemont 19060,,2806,2808,99,99,0.035281539558089804,0.035256410256410256,2804,2804,99,99,0.03530670470756063,false
Lemont 19061,Lemont 19061,,247,247,11,11,0.044534412955465584,0.044534412955465584,247,247,11,11,0.044534412955465584,false
Lemont 19100,Lemont 19100,,380,380,3,3,0.007894736842105263,0.007894736842105263,380,380,3,3,0.007894736842105263,false
Leyden 20010,Leyden 20010,,748,1003,13,24,0.017379679144385027,0.023928215353938187,704,740,12,18,0.024324324324324326,false
Leyden 20011,Leyden 20011,,799,891,23,35,0.028785982478097622,0.03928170594837262,788,814,21,21,0.025798525798525797,false
Leyden 20020,Leyden 20020,,3455,4590,82,180,0.02373371924746744,0.0392156862745098,3284,3571,63,69,0.019322318678241388,false
Leyden 20030,Leyden 20030,,4262,4975,48,92,0.011262318160488035,0.018492462311557788,4134,4278,35,36,0.008415147265077139,false
Leyden 20040,Leyden 20040,,810,816,6,6,0.007407407407407408,0.007352941176470588,809,809,6,6,0.007416563658838072,false
Leyden 20050,Leyden 20050,,4917,5256,61,196,0.012405938580435224,0.03729071537290715,4850,4893,36,36,0.007357449417535254,false
Leyden 20060,Leyden 20060,,1213,1253,12,24,0.00989282769991756,0.019154030327214685,1205,1205,10,10,0.008298755186721992,false
Leyden 20070,Leyden 20070,,1197,1219,5,5,0.004177109440267335,0.004101722723543888,1189,1189,5,5,0.004205214465937763,false
Leyden 20080,Leyden 20080,,6541,8597,202,419,0.03088212811496713,0.04873793183668722,6324,7411,159,182,0.024558089326676562,false
Leyden 20081,Leyden 20081,,3305,4825,102,391,0.03086232980332829,0.08103626943005181,3025,3220,46,53,0.016459627329192546,false
Leyden 20090,Leyden 20090,,753,1215,55,164,0.07304116865869854,0.13497942386831277,689,791,37,40,0.05056890012642225,false
Leyden 20091,Leyden 20091,,92,451,12,71,0.13043478260869565,0.1574279379157428,59,232,3,12,0.05172413793103448,false
Lyons 21011,Lyons 21011,,358,358,12,12,0.0335195530726257,0.0335195530726257,358,358,12,12,0.0335195530726257,false
Lyons 21012,Lyons 21012,,1684,1729,16,18,0.009501187648456057,0.010410641989589358,1678,1693,16,18,0.010632014176018901,false
Lyons 21013,Lyons 21013,,898,980,43,81,0.04788418708240535,0.0826530612244898,884,915,35,41,0.04480874316939891,false
Lyons 21022,Lyons 21022,,1143,1174,7,7,0.006124234470691163,0.00596252129471891,1143,1174,7,7,0.00596252129471891,false
Lyons 21031,Lyons 21031,,1009,1079,8,19,0.007928642220019821,0.017608897126969416,998,1032,6,8,0.007751937984496124,false
Lyons 21032,Lyons 21032,,1103,1314,22,96,0.019945602901178604,0.0730593607305936,1071,1117,9,10,0.008952551477170993,false
Lyons 21041,Lyons 21041,,343,452,16,46,0.04664723032069971,0.10176991150442478,334,402,11,14,0.03482587064676617,false
Lyons 21042,Lyons 21042,,2910,3875,66,189,0.02268041237113402,0.0487741935483871,2800,3350,44,80,0.023880597014925373,false
Lyons 21052,Lyons 21052,,3105,3991,92,257,0.02962962962962963,0.06439488849912303,2967,3254,60,73,0.022433927473878304,false
Lyons 21053,Lyons 21053,,47,47,0,0,0.0,0.0,47,47,0,0,0.0,false
Lyons 21061,Lyons 21061,,384,384,5,5,0.013020833333333334,0.013020833333333334,384,384,5,5,0.013020833333333334,false
Lyons 21062,Lyons 21062,,938,938,14,14,0.014925373134328358,0.014925373134328358,938,938,14,14,0.014925373134328358,false
Lyons 21064,Lyons 21064,,697,697,18,18,0.02582496413199426,0.02582496413199426,697,697,18,18,0.02582496413199426,false
Lyons 21065,Lyons 21065,,966,966,13,13,0.013457556935817806,0.013457556935817806,966,966,13,13,0.013457556935817806,false
Lyons 21067,Lyons 21067,,407,407,3,3,0.007371007371007371,0.007371007371007371,407,407,3,3,0.007371007371007371,false
Lyons 21071,Lyons 21071,,2260,2261,20,21,0.008849557522123894,0.009287925696594427,2259,2259,19,19,0.008410801239486499,false
Lyons 21082,Lyons 21082,,1523,1815,43,149,0.028233749179251477,0.08209366391184574,1481,1558,26,38,0.024390243902439025,false
Lyons 21084,Lyons 21084,,2070,2218,49,66,0.023671497584541065,0.029756537421100092,2042,2046,45,45,0.021994134897360705,false
Lyons 21091,Lyons 21091,,2536,3706,46,112,0.018138801261829655,0.030221262817053427,2452,3350,30,48,0.014328358208955224,false
Lyons 21101,Lyons 21101,,1359,1507,19,19,0.013980868285504048,0.012607830126078301,1350,1465,19,19,0.012969283276450512,false
Lyons 21102,Lyons 21102,,1818,2539,23,92,0.012651265126512651,0.03623473808586058,1685,1762,10,10,0.0056753688989784334,false
Lyons 21111,Lyons 21111,,2768,3244,30,61,0.01083815028901734,0.0188039457459926,2696,2832,23,26,0.009180790960451978,false
Lyons 21120,Lyons 21120,,206,258,3,11,0.014563106796116505,0.04263565891472868,201,236,2,5,0.0211864406779661,false
Lyons 21121,Lyons 21121,,563,639,27,39,0.047957371225577264,0.06103286384976526,551,557,25,25,0.04488330341113106,false
Lyons 21131,Lyons 21131,,270,270,1,1,0.003703703703703704,0.003703703703703704,270,270,1,1,0.003703703703703704,false
Lyons 21132,Lyons 21132,,799,810,11,14,0.01376720901126408,0.01728395061728395,794,794,8,8,0.010075566750629723,false
Lyons 21133,Lyons 21133,,166,166,1,1,0.006024096385542169,0.006024096385542169,166,166,1,1,0.006024096385542169,false
Lyons 21151,Lyons 21151,,331,331,3,3,0.00906344410876133,0.00906344410876133,331,331,3,3,0.00906344410876133,false
Lyons 21161,Lyons 21161,,265,265,0,0,0.0,0.0,265,265,0,0,0.0,false
Lyons 21162,Lyons 21162,,1320,1435,54,55,0.04090909090909091,0.03832752613240418,1294,1337,54,55,0.04113687359760658,false
Lyons 21165,Lyons 21165,,473,473,1,1,0.0021141649048625794,0.0021141649048625794,473,473,1,1,0.0021141649048625794,false
Lyons 21166,Lyons 21166,,628,653,4,7,0.006369426751592357,0.010719754977029096,625,640,4,7,0.0109375,false
Lyons 21200,Lyons 21200,,280,280,3,3,0.010714285714285714,0.010714285714285714,280,280,3,3,0.010714285714285714,false
Maine 22010,Maine 22010,,546,561,0,0,0.0,0.0,544,547,0,0,0.0,false
Maine 22022,Maine 22022,,383,383,0,0,0.0,0.0,383,383,0,0,0.0,false
Maine 22023,Maine 22023,,1618,1700,17,31,0.010506798516687269,0.018235294117647058,1603,1609,14,14,0.00870105655686762,false
Maine 22030,Maine 22030,,1154,1165,5,5,0.004332755632582322,0.004291845493562232,1154,1165,5,5,0.004291845493562232,false
Maine 22031,Maine 22031,,2054,2167,38,44,0.018500486854917234,0.02030456852791878,2048,2127,37,37,0.017395392571697227,false
Maine 22040,Maine 22040,,2684,2796,21,49,0.00782414307004471,0.017525035765379112,2662,2690,15,15,0.0055762081784386614,false
Maine 22050,Maine 22050,,7500,8069,106,247,0.014133333333333333,0.030610980294956004,7395,7422,81,81,0.010913500404203719,false
Maine 22060,Maine 22060,,100,100,4,4,0.04,0.04,100,100,4,4,0.04,false
Maine 22070,Maine 22070,,905,905,1,1,0.0011049723756906078,0.0011049723756906078,905,905,1,1,0.0011049723756906078,false
Maine 22080,Maine 22080,,4382,4806,28,63,0.006389776357827476,0.013108614232209739,4329,4512,22,25,0.005540780141843972,false
Maine 22082,Maine 22082,,339,339,6,6,0.017699115044247787,0.017699115044247787,339,339,6,6,0.017699115044247787,false
Maine 22085,Maine 22085,,4193,4951,41,80,0.009778201764846173,0.016158351848111492,4092,4338,34,38,0.00875979714153988,false
Maine 22087,Maine 22087,,961,996,7,29,0.007284079084287201,0.029116465863453816,953,953,2,2,0.002098635886673662,false
Maine 22091,Maine 22091,,1469,1586,39,45,0.02654867256637168,0.02837326607818411,1447,1451,38,38,0.026188835286009647,false
Maine 22093,Maine 22093,,865,931,7,7,0.008092485549132947,0.007518796992481203,854,854,7,7,0.00819672131147541,false
Maine 22100,Maine 22100,,333,333,3,3,0.009009009009009009,0.009009009009009009,333,333,3,3,0.009009009009009009,false
Maine 22110,Maine 22110,,1467,1536,11,21,0.007498295841854124,0.013671875,1459,1494,7,7,0.004685408299866131,false
Maine 22111,Maine 22111,,3900,4220,47,86,0.012051282051282051,0.02037914691943128,3876,4082,40,45,0.011024007839294463,false
Maine 22120,Maine 22120,,1081,1106,12,27,0.011100832562442183,0.024412296564195298,1075,1078,8,8,0.0074211502782931356,false
Maine 22130,Maine 22130,,1023,1437,22,52,0.021505376344086023,0.03618649965205289,939,945,16,16,0.016931216931216932,false
Maine 22140,Maine 22140,,80,80,0,0,0.0,0.0,80,80,0,0,0.0,false
Maine 22141,Maine 22141,,383,383,1,1,0.0026109660574412533,0.0026109660574412533,383,383,1,1,0.0026109660574412533,false
Maine 22142,Maine 22142,,73,73,0,0,0.0,0.0,73,73,0,0,0.0,false
Maine 22143,Maine 22143,,454,457,1,1,0.0022026431718061676,0.002188183807439825,454,457,1,1,0.002188183807439825,false
Maine 22145,Maine 22145,,24,24,1,1,0.041666666666666664,0.041666666666666664,24,24,1,1,0.041666666666666664,false
Maine 22150,Maine 22150,,3636,3833,54,133,0.01485148514851485,0.03469866944951735,3600,3638,37,39,0.010720175920835623,false
Maine 22180,Maine 22180,,5839,6564,138,310,0.023634183935605412,0.04722730042656916,5720,5837,108,115,0.019701901661812574,false
New Trier 23010,New Trier 23010,,491,491,21,21,0.04276985743380855,0.04276985743380855,491,491,21,21,0.04276985743380855,false
New Trier 23011,New Trier 23011,,390,390,6,6,0.015384615384615385,0.015384615384615385,390,390,6,6,0.015384615384615385,false
New Trier 23021,New Trier 23021,,686,686,16,16,0.023323615160349854,0.023323615160349854,686,686,16,16,0.023323615160349854,false
New Trier 23022,New Trier 23022,,1694,1874,44,167,0.025974025974025976,0.08911419423692636,1658,1662,23,24,0.01444043321299639,false
New Trier 23041,New Trier 23041,,797,797,9,9,0.011292346298619825,0.011292346298619825,797,797,9,9,0.011292346298619825,false
New Trier 23042,New Trier 23042,,229,229,7,7,0.03056768558951965,0.03056768558951965,229,229,7,7,0.03056768558951965,false
New Trier 23043,New Trier 23043,,559,614,11,24,0.01967799642218247,0.03908794788273615,546,547,9,10,0.018281535648994516,false
New Trier 23044,New Trier 23044,,656,745,28,88,0.042682926829268296,0.11812080536912752,637,643,16,16,0.024883359253499222,false
New Trier 23045,New Trier 23045,,229,229,0,0,0.0,0.0,229,229,0,0,0.0,false
New Trier 23050,New Trier 23050,,327,327,7,7,0.021406727828746176,0.021406727828746176,327,327,7,7,0.021406727828746176,false
New Trier 23080,New Trier 23080,,608,608,9,9,0.014802631578947368,0.014802631578947368,608,608,9,9,0.014802631578947368,false
New Trier 23091,New Trier 23091,,412,422,4,4,0.009708737864077669,0.009478672985781991,410,410,4,4,0.00975609756097561,false
New Trier 23092,New Trier 23092,,1603,1645,21,30,0.013100436681222707,0.0182370820668693,1587,1592,14,14,0.008793969849246231,false
New Trier 23093,New Trier 23093,,1971,2116,46,84,0.023338406900050734,0.03969754253308128,1941,1974,37,39,0.019756838905775075,false
New Trier 23094,New Trier 23094,,834,871,10,22,0.011990407673860911,0.02525832376578645,825,831,8,8,0.009626955475330927,false
New Trier 23100,New Trier 23100,,1123,1185,24,84,0.0213713268032057,0.07088607594936709,1113,1115,14,14,0.012556053811659192,false
New Trier 23110,New Trier 23110,,490,490,13,13,0.026530612244897958,0.026530612244897958,490,490,13,13,0.026530612244897958,false
New Trier 23120,New Trier 23120,,2343,2384,28,40,0.01195049082373026,0.016778523489932886,2331,2332,26,26,0.011149228130360206,false
New Trier 23132,New Trier 23132,,805,805,6,6,0.007453416149068323,0.007453416149068323,805,805,6,6,0.007453416149068323,false
New Trier 23141,New Trier 23141,,864,865,7,7,0.008101851851851851,0.008092485549132947,864,865,7,7,0.008092485549132947,false
New Trier 23150,New Trier 23150,,2115,2157,31,57,0.014657210401891253,0.02642559109874826,2105,2106,25,25,0.011870845204178538,false
New Trier 23170,New Trier 23170,,363,363,10,10,0.027548209366391185,0.027548209366391185,363,363,10,10,0.027548209366391185,false
New Trier 23171,New Trier 23171,,508,510,20,22,0.03937007874015748,0.043137254901960784,506,508,20,22,0.04330708661417323,false
Niles 24013,Niles 24013,,1311,1463,9,35,0.006864988558352402,0.023923444976076555,1283,1309,5,9,0.006875477463712758,false
Niles 24021,Niles 24021,,65,65,0,0,0.0,0.0,65,65,0,0,0.0,false
Niles 24022,Niles 24022,,186,186,0,0,0.0,0.0,186,186,0,0,0.0,false
Niles 24023,Niles 24023,,346,346,5,5,0.014450867052023121,0.014450867052023121,346,346,5,5,0.014450867052023121,false
Niles 24031,Niles 24031,,13469,16072,475,794,0.035266166753285325,0.049402687904430066,13242,14863,426,522,0.03512076969656193,false
Niles 24032,Niles 24032,,595,689,80,102,0.13445378151260504,0.14804063860667635,582,628,76,84,0.1337579617834395,false
Niles 24051,Niles 24051,,3996,4220,41,42,0.01026026026026026,0.00995260663507109,3976,4084,41,42,0.01028403525954946,false
Niles 24052,Niles 24052,,1650,1768,30,40,0.01818181818181818,0.02262443438914027,1637,1684,29,33,0.019596199524940617,false
Niles 24060,Niles 24060,,777,779,3,3,0.003861003861003861,0.0038510911424903724,777,779,3,3,0.0038510911424903724,false
Niles 24081,Niles 24081,,10347,10898,87,147,0.008408234270803132,0.013488713525417508,10291,10616,76,89,0.008383571966842501,false
Niles 24101,Niles 24101,,4660,4780,31,35,0.006652360515021459,0.007322175732217573,4654,4758,31,35,0.007356031946195881,false
Niles 24102,Niles 24102,,570,570,5,5,0.008771929824561403,0.008771929824561403,570,570,5,5,0.008771929824561403,false
Niles 24103,Niles 24103,,619,619,6,6,0.009693053311793215,0.009693053311793215,619,619,6,6,0.009693053311793215,false
Niles 24140,Niles 24140,,167,187,5,23,0.029940119760479042,0.12299465240641712,163,163,2,2,0.012269938650306749,false
Niles 24150,Niles 24150,,432,433,3,4,0.006944444444444444,0.009237875288683603,432,433,3,4,0.009237875288683603,false
Niles 24160,Niles 24160,,88,88,0,0,0.0,0.0,88,88,0,0,0.0,false
North Chicago 74011,North Chicago 74011,,1908,2523,141,336,0.07389937106918239,0.13317479191438764,1804,1947,102,131,0.06728299948638931,false
North Chicago 74012,North Chicago 74012,,12280,16035,747,1752,0.06083061889250815,0.10926099158091675,11744,13255,564,758,0.05718596755941154,false
North Chicago 74013,North Chicago 74013,,2047,2569,213,376,0.10405471421592574,0.14636045153756325,1952,1965,185,194,0.09872773536895674,false
North Chicago 74022,North Chicago 74022,,17851,18972,682,1242,0.038205142569043754,0.06546489563567362,17641,17813,584,610,0.0342446527816763,false
North Chicago 74030,North Chicago 74030,,19641,20515,1105,1534,0.0562598645690138,0.07477455520350963,19460,19470,1024,1030,0.05290190035952748,false
Northfield 25010,Northfield 25010,,1203,1203,65,65,0.05403158769742311,0.05403158769742311,1203,1203,65,65,0.05403158769742311,false
Northfield 25011,Northfield 25011,,2701,3089,54,126,0.01999259533506109,0.040789899643897704,2622,2622,39,39,0.014874141876430207,false
Northfield 25021,Northfield 25021,,1884,1884,15,15,0.007961783439490446,0.007961783439490446,1884,1884,15,15,0.007961783439490446,false
Northfield 25023,Northfield 25023,,564,565,17,17,0.030141843971631204,0.03008849557522124,563,563,17,17,0.03019538188277087,false
Northfield 25051,Northfield 25051,,530,530,14,14,0.026415094339622643,0.026415094339622643,530,530,14,14,0.026415094339622643,false
Northfield 25052,Northfield 25052,,3417,3417,10,10,0.0029265437518290896,0.0029265437518290896,3417,3417,10,10,0.0029265437518290896,false
Northfield 25061,Northfield 25061,,594,599,13,18,0.021885521885521887,0.03005008347245409,593,593,12,12,0.02023608768971332,false
Northfield 25072,Northfield 25072,,1811,1835,21,27,0.011595803423522915,0.014713896457765668,1806,1806,20,20,0.01107419712070875,false
Northfield 25082,Northfield 25082,,152,152,5,5,0.03289473684210526,0.03289473684210526,152,152,5,5,0.03289473684210526,false
Northfield 25090,Northfield 25090,,704,711,15,22,0.02130681818181818,0.030942334739803096,703,705,14,16,0.02269503546099291,false
Northfield 25100,Northfield 25100,,879,901,6,13,0.006825938566552901,0.014428412874583796,875,878,4,4,0.004555808656036446,false
Northfield 25102,Northfield 25102,,2306,2306,25,25,0.010841283607979185,0.010841283607979185,2306,2306,25,25,0.010841283607979185,false
Northfield 25110,Northfield 25110,,404,404,2,2,0.0049504950495049506,0.0049504950495049506,404,404,2,2,0.0049504950495049506,false
Northfield 25131,Northfield 25131,,1153,1252,11,25,0.009540329575021683,0.019968051118210862,1132,1143,9,12,0.010498687664041995,false
Northfield 25132,Northfield 25132,,2603,2671,28,34,0.010756819054936612,0.01272931486334706,2589,2599,27,27,0.010388611004232396,false
Northfield 25140,Northfield 25140,,346,346,1,1,0.002890173410404624,0.002890173410404624,346,346,1,1,0.002890173410404624,false
Northfield 25160,Northfield 25160,,2904,2962,49,51,0.0168732782369146,0.017218095881161376,2896,2912,49,51,0.017513736263736264,false
Northfield 25180,Northfield 25180,,735,735,15,15,0.02040816326530612,0.02040816326530612,735,735,15,15,0.02040816326530612,false
Northfield 25190,Northfield 25190,,189,189,2,2,0.010582010582010581,0.010582010582010581,189,189,2,2,0.010582010582010581,false
Northfield 25200,Northfield 25200,,2324,2330,37,43,0.015920826161790018,0.018454935622317595,2323,2323,36,36,0.015497201894102454,false
Northfield 25210,Northfield 25210,,440,440,27,27,0.06136363636363636,0.06136363636363636,440,440,27,27,0.06136363636363636,false
Northfield 25220,Northfield 25220,,79,79,0,0,0.0,0.0,79,79,0,0,0.0,false
Northfield 25230,Northfield 25230,,103,103,0,0,0.0,0.0,103,103,0,0,0.0,false
Northfield 25240,Northfield 25240,,27,27,0,0,0.0,0.0,27,27,0,0,0.0,false
Northfield 25250,Northfield 25250,,229,247,3,15,0.013100436681222707,0.06072874493927125,226,226,1,1,0.004424778761061947,false
Northfield 25260,Northfield 25260,,989,995,1,1,0.0010111223458038423,0.0010050251256281408,988,988,1,1,0.0010121457489878543,false
Northfield 25270,Northfield 25270,,360,360,10,10,0.027777777777777776,0.027777777777777776,360,360,10,10,0.027777777777777776,false
Northfield 25280,Northfield 25280,,257,263,4,4,0.01556420233463035,0.015209125475285171,256,256,4,4,0.015625,false
Northfield 25300,Northfield 25300,,103,103,1,1,0.009708737864077669,0.009708737864077669,103,103,1,1,0.009708737864077669,false
Northfield 25310,Northfield 25310,,13,13,1,1,0.07692307692307693,0.07692307692307693,13,13,1,1,0.07692307692307693,false
Northfield 25320,Northfield 25320,,81,81,2,2,0.024691358024691357,0.024691358024691357,81,81,2,2,0.024691358024691357,false
Northfield 25350,Northfield 25350,,341,341,0,0,0.0,0.0,341,341,0,0,0.0,false
Northfield 25400,Northfield 25400,,201,201,0,0,0.0,0.0,201,201,0,0,0.0,false
Northfield 25420,Northfield 25420,,97,97,0,0,0.0,0.0,97,97,0,0,0.0,false
Northfield 25430,Northfield 25430,,1112,1606,28,92,0.025179856115107913,0.057285180572851806,1014,1014,16,16,0.015779092702169626,false
Norwood Park 26010,Norwood Park 26010,,7019,8102,82,222,0.011682575865507907,0.02740064181683535,6872,7219,57,71,0.009835157223992242,false
Norwood Park 26030,Norwood Park 26030,,383,385,2,2,0.005221932114882507,0.005194805194805195,383,385,2,2,0.005194805194805195,false
Norwood Park 26040,Norwood Park 26040,,1483,1601,19,50,0.012811867835468645,0.03123048094940662,1457,1463,10,10,0.00683526999316473,false
Norwood Park 26050,Norwood Park 26050,,244,244,3,3,0.012295081967213115,0.012295081967213115,244,244,3,3,0.012295081967213115,false
Oak Park 27010,Oak Park 27010,,1375,1500,13,44,0.009454545454545455,0.029333333333333333,1347,1354,5,5,0.003692762186115214,false
Oak Park 27020,Oak Park 27020,,2272,2728,50,176,0.022007042253521125,0.06451612903225806,2208,2356,27,34,0.014431239388794566,false
Oak Park 27030,Oak Park 27030,,1894,2255,45,112,0.02375923970432946,0.04966740576496674,1846,1973,33,36,0.01824632539280284,false
Oak Park 27040,Oak Park 27040,,1747,2253,57,216,0.03262736119061248,0.09587217043941411,1676,1815,32,47,0.025895316804407712,false
Oak Park 27041,Oak Park 27041,,1179,1388,26,56,0.02205258693808312,0.040345821325648415,1151,1229,20,25,0.02034174125305126,false
Oak Park 27050,Oak Park 27050,,1718,2003,25,88,0.014551804423748545,0.04393409885172242,1674,1762,13,16,0.009080590238365494,false
Oak Park 27060,Oak Park 27060,,1780,2049,32,105,0.017977528089887642,0.05124450951683748,1746,1865,19,30,0.0160857908847185,false
Oak Park 27070,Oak Park 27070,,1132,1234,12,26,0.01060070671378092,0.02106969205834684,1124,1179,10,12,0.010178117048346057,false
Oak Park 27080,Oak Park 27080,,1051,1493,32,138,0.030447193149381543,0.09243134628265237,990,1143,14,23,0.020122484689413824,false
Oak Park 27090,Oak Park 27090,,1277,1779,34,139,0.02662490211433046,0.07813378302417089,1203,1325,16,21,0.015849056603773583,false
Oak Park 27100,Oak Park 27100,,757,932,24,83,0.031704095112285335,0.0890557939914163,731,806,14,20,0.02481389578163772,false
Orland 28011,Orland 28011,,1731,1731,5,5,0.0028885037550548816,0.0028885037550548816,1731,1731,5,5,0.0028885037550548816,false
Orland 28012,Orland 28012,,358,358,8,8,0.0223463687150838,0.0223463687150838,358,358,8,8,0.0223463687150838,false
Orland 28013,Orland 28013,,287,287,3,3,0.010452961672473868,0.010452961672473868,287,287,3,3,0.010452961672473868,false
Orland 28014,Orland 28014,,433,433,11,11,0.025404157043879907,0.025404157043879907,433,433,11,11,0.025404157043879907,false
Orland 28015,Orland 28015,,3926,3926,13,13,0.0033112582781456954,0.0033112582781456954,3926,3926,13,13,0.0033112582781456954,false
Orland 28022,Orland 28022,,2003,2423,53,120,0.026460309535696454,0.04952538175815105,1958,2221,44,78,0.035119315623592974,false
Orland 28030,Orland 28030,,457,457,3,3,0.006564551422319475,0.006564551422319475,457,457,3,3,0.006564551422319475,false
Orland 28031,Orland 28031,,1631,1655,14,14,0.008583690987124463,0.008459214501510574,1627,1627,14,14,0.008604794099569761,false
Orland 28032,Orland 28032,,904,904,5,5,0.0055309734513274336,0.0055309734513274336,904,904,5,5,0.0055309734513274336,false
Orland 28034,Orland 28034,,384,384,0,0,0.0,0.0,384,384,0,0,0.0,false
Orland 28036,Orland 28036,,4754,5270,58,119,0.012200252419015565,0.02258064516129032,4651,4654,46,46,0.009883970777825527,false
Orland 28037,Orland 28037,,153,153,1,1,0.006535947712418301,0.006535947712418301,153,153,1,1,0.006535947712418301,false
Orland 28039,Orland 28039,,523,526,3,3,0.0057361376673040155,0.005703422053231939,522,522,3,3,0.005747126436781609,false
Orland 28040,Orland 28040,,1511,1512,36,36,0.02382528127068167,0.023809523809523808,1510,1510,36,36,0.02384105960264901,false
Orland 28043,Orland 28043,,3030,3035,11,11,0.0036303630363036304,0.003624382207578254,3029,3030,11,11,0.0036303630363036304,false
Orland 28045,Orland 28045,,1704,1704,3,3,0.0017605633802816902,0.0017605633802816902,1704,1704,3,3,0.0017605633802816902,false
Orland 28046,Orland 28046,,1319,1583,4,4,0.003032600454890068,0.002526847757422615,1275,1275,4,4,0.003137254901960784,false
Orland 28047,Orland 28047,,1175,1175,2,2,0.001702127659574468,0.001702127659574468,1175,1175,2,2,0.001702127659574468,false
Orland 28050,Orland 28050,,1808,1846,42,54,0.023230088495575223,0.02925243770314193,1807,1839,41,47,0.0255573681348559,false
Orland 28061,Orland 28061,,1053,1162,21,45,0.019943019943019943,0.0387263339070568,1034,1034,17,17,0.01644100580270793,false
Orland 28088,Orland 28088,,866,866,4,4,0.004618937644341801,0.004618937644341801,866,866,4,4,0.004618937644341801,false
Orland 28099,Orland 28099,,603,603,13,13,0.02155887230514096,0.02155887230514096,603,603,13,13,0.02155887230514096,false
Orland 28100,Orland 28100,,3132,3133,89,89,0.028416347381864625,0.02840727736993297,3131,3131,89,89,0.028425423187480037,false
Orland 28101,Orland 28101,,257,257,1,1,0.0038910505836575876,0.0038910505836575876,257,257,1,1,0.0038910505836575876,false
Orland 28102,Orland 28102,,93,93,0,0,0.0,0.0,93,93,0,0,0.0,false
Orland 28103,Orland 28103,,1966,1967,5,5,0.00254323499491353,0.002541942043721403,1965,1965,5,5,0.002544529262086514,false
Orland 28104,Orland 28104,,148,148,1,1,0.006756756756756757,0.006756756756756757,148,148,1,1,0.006756756756756757,false
Palatine 29011,Palatine 29011,,725,725,2,2,0.002758620689655172,0.002758620689655172,725,725,2,2,0.002758620689655172,false
Palatine 29013,Palatine 29013,,375,375,2,2,0.005333333333333333,0.005333333333333333,375,375,2,2,0.005333333333333333,false
Palatine 29022,Palatine 29022,,4572,5264,261,484,0.05708661417322835,0.0919452887537994,4438,4466,216,220,0.04926108374384237,false
Palatine 29031,Palatine 29031,,459,459,4,4,0.008714596949891068,0.008714596949891068,459,459,4,4,0.008714596949891068,false
Palatine 29032,Palatine 29032,,1035,1035,2,2,0.001932367149758454,0.001932367149758454,1035,1035,2,2,0.001932367149758454,false
Palatine 29033,Palatine 29033,,2836,2836,17,17,0.005994358251057828,0.005994358251057828,2836,2836,17,17,0.005994358251057828,false
Palatine 29041,Palatine 29041,,552,552,4,4,0.007246376811594203,0.007246376811594203,552,552,4,4,0.007246376811594203,false
Palatine 29042,Palatine 29042,,566,566,8,8,0.014134275618374558,0.014134275618374558,566,566,8,8,0.014134275618374558,false
Palatine 29043,Palatine 29043,,991,1418,51,347,0.05146316851664985,0.2447108603667137,915,915,1,1,0.001092896174863388,false
Palatine 29050,Palatine 29050,,1611,1703,27,60,0.01675977653631285,0.03523194362889019,1609,1689,26,53,0.03137951450562463,false
Palatine 29060,Palatine 29060,,5481,5916,106,170,0.019339536580915893,0.028735632183908046,5409,5538,93,106,0.019140483929216325,false
Palatine 29070,Palatine 29070,,8054,8802,132,262,0.016389371740749937,0.029765962281299706,7905,7905,106,106,0.013409234661606578,false
Palatine 29080,Palatine 29080,,2302,2310,32,32,0.013900955690703735,0.013852813852813853,2300,2300,32,32,0.01391304347826087,false
Palatine 29082,Palatine 29082,,987,1017,247,259,0.2502532928064843,0.25467059980334317,982,982,245,245,0.2494908350305499,false
Palatine 29083,Palatine 29083,,1556,1556,7,7,0.004498714652956298,0.004498714652956298,1556,1556,7,7,0.004498714652956298,false
Palatine 29084,Palatine 29084,,1154,1154,3,3,0.0025996533795493936,0.0025996533795493936,1154,1154,3,3,0.0025996533795493936,false
Palatine 29090,Palatine 29090,,988,1038,8,16,0.008097165991902834,0.015414258188824663,979,979,6,6,0.006128702757916241,false
Palatine 29100,Palatine 29100,,3711,3727,37,37,0.009970358393963891,0.009927555674805473,3711,3727,37,37,0.009927555674805473,false
Palatine 29110,Palatine 29110,,182,182,1,1,0.005494505494505495,0.005494505494505495,182,182,1,1,0.005494505494505495,false
Palatine 29120,Palatine 29120,,140,140,0,0,0.0,0.0,140,140,0,0,0.0,false
Palatine 29130,Palatine 29130,,83,83,0,0,0.0,0.0,83,83,0,0,0.0,false
Palatine 29140,Palatine 29140,,229,229,0,0,0.0,0.0,229,229,0,0,0.0,false
Palatine 29170,Palatine 29170,,446,446,3,3,0.006726457399103139,0.006726457399103139,446,446,3,3,0.006726457399103139,false
Palatine 29180,Palatine 29180,,291,291,1,1,0.003436426116838488,0.003436426116838488,291,291,1,1,0.003436426116838488,false
Palos 30010,Palos 30010,,1014,1015,8,8,0.007889546351084813,0.007881773399014778,1014,1015,8,8,0.007881773399014778,false
Palos 30011,Palos 30011,,1233,1240,25,31,0.0202757502027575,0.025,1231,1231,24,24,0.01949634443541836,false
Palos 30012,Palos 30012,,2867,3283,28,60,0.009766306243460064,0.018275967103259214,2783,2827,19,19,0.0067209055535903785,false
Palos 30020,Palos 30020,,268,268,3,3,0.011194029850746268,0.011194029850746268,268,268,3,3,0.011194029850746268,false
Palos 30022,Palos 30022,,999,1230,26,71,0.026026026026026026,0.05772357723577236,956,978,17,17,0.017382413087934562,false
Palos 30030,Palos 30030,,1216,1599,18,64,0.014802631578947368,0.04002501563477173,1141,1175,8,8,0.006808510638297872,false
Palos 30031,Palos 30031,,227,227,1,1,0.004405286343612335,0.004405286343612335,227,227,1,1,0.004405286343612335,false
Palos 30040,Palos 30040,,516,702,5,27,0.009689922480620155,0.038461538461538464,483,486,1,1,0.00205761316872428,false
Palos 30041,Palos 30041,,369,369,3,3,0.008130081300813009,0.008130081300813009,369,369,3,3,0.008130081300813009,false
Palos 30042,Palos 30042,,1671,1719,5,7,0.002992220227408737,0.004072134962187318,1670,1714,5,7,0.004084014002333722,false
Palos 30050,Palos 30050,,148,148,0,0,0.0,0.0,148,148,0,0,0.0,false
Palos 30051,Palos 30051,,683,683,1,1,0.0014641288433382138,0.0014641288433382138,683,683,1,1,0.0014641288433382138,false
Palos 30052,Palos 30052,,357,357,3,3,0.008403361344537815,0.008403361344537815,357,357,3,3,0.008403361344537815,false
Palos 30053,Palos 30053,,1136,1222,11,11,0.009683098591549295,0.00900163666121113,1128,1178,11,11,0.00933786078098472,false
Palos 30054,Palos 30054,,1231,1231,3,3,0.002437043054427295,0.002437043054427295,1231,1231,3,3,0.002437043054427295,false
Palos 30060,Palos 30060,,812,895,44,57,0.054187192118226604,0.06368715083798883,794,801,40,40,0.049937578027465665,false
Palos 30061,Palos 30061,,686,895,13,41,0.018950437317784258,0.04581005586592179,648,677,7,7,0.0103397341211226,false
Palos 30062,Palos 30062,,607,607,2,2,0.0032948929159802307,0.0032948929159802307,607,607,2,2,0.0032948929159802307,false
Palos 30063,Palos 30063,,177,177,0,0,0.0,0.0,177,177,0,0,0.0,false
Palos 30070,Palos 30070,,1496,1496,10,10,0.0066844919786096255,0.0066844919786096255,1496,1496,10,10,0.0066844919786096255,false
Palos 30071,Palos 30071,,448,450,4,4,0.008928571428571428,0.008888888888888889,447,447,4,4,0.008948545861297539,false
Palos 30080,Palos 30080,,938,950,10,16,0.010660980810234541,0.016842105263157894,935,935,9,9,0.009625668449197862,false
Palos 30082,Palos 30082,,19,19,0,0,0.0,0.0,19,19,0,0,0.0,false
Palos 30092,Palos 30092,,265,265,2,2,0.007547169811320755,0.007547169811320755,265,265,2,2,0.007547169811320755,false
Palos 30100,Palos 30100,,39,39,1,1,0.02564102564102564,0.02564102564102564,39,39,1,1,0.02564102564102564,false
Proviso 31010,Proviso 31010,,651,789,17,58,0.026113671274961597,0.07351077313054499,630,668,9,9,0.01347305389221557,false
Proviso 31020,Proviso 31020,,3398,3778,72,160,0.02118893466745144,0.04235044997353097,3331,3420,55,58,0.01695906432748538,false
Proviso 31021,Proviso 31021,,151,151,1,1,0.006622516556291391,0.006622516556291391,151,151,1,1,0.006622516556291391,false
Proviso 31030,Proviso 31030,,1541,1732,29,59,0.01881894873458793,0.034064665127020784,1500,1504,23,23,0.015292553191489361,false
Proviso 31031,Proviso 31031,,1262,1348,33,39,0.026148969889064975,0.028931750741839762,1251,1292,31,31,0.023993808049535603,false
Proviso 31032,Proviso 31032,,1841,2247,46,87,0.024986420423682782,0.03871829105473965,1794,1996,38,41,0.020541082164328657,false
Proviso 31033,Proviso 31033,,212,231,2,4,0.009433962264150943,0.017316017316017316,212,231,2,4,0.017316017316017316,false
Proviso 31034,Proviso 31034,,2264,3189,80,196,0.0353356890459364,0.0614612731263719,2122,2341,60,71,0.030328919265271252,false
Proviso 31040,Proviso 31040,,841,1040,20,46,0.023781212841854936,0.04423076923076923,816,922,15,18,0.019522776572668113,false
Proviso 31041,Proviso 31041,,1229,1556,13,22,0.010577705451586655,0.014138817480719794,1195,1378,12,16,0.011611030478955007,false
Proviso 31042,Proviso 31042,,1679,2926,36,103,0.02144133412745682,0.03520164046479836,1565,2351,25,39,0.01658868566567418,false
Proviso 31050,Proviso 31050,,1135,1298,25,59,0.022026431718061675,0.045454545454545456,1107,1118,19,19,0.01699463327370304,false
Proviso 31060,Proviso 31060,,3028,4252,96,261,0.031704095112285335,0.06138287864534337,2932,3704,69,91,0.02456803455723542,false
Proviso 31080,Proviso 31080,,3933,4460,47,140,0.011950165268243072,0.03139013452914798,3847,3946,30,33,0.008362899138367968,false
Proviso 31091,Proviso 31091,,2852,3991,114,320,0.03997194950911641,0.08018040591330494,2703,3154,72,90,0.028535193405199746,false
Proviso 31092,Proviso 31092,,1858,2669,74,193,0.03982777179763186,0.07231172723866616,1766,2145,55,80,0.037296037296037296,false
Proviso 31102,Proviso 31102,,1189,1227,4,4,0.00336417157275021,0.0032599837000814994,1188,1225,4,4,0.0032653061224489797,false
Proviso 31103,Proviso 31103,,792,1059,13,42,0.016414141414141416,0.039660056657223795,766,878,11,28,0.03189066059225513,false
Proviso 31104,Proviso 31104,,2544,2650,80,93,0.031446540880503145,0.03509433962264151,2525,2576,78,83,0.032220496894409936,false
Proviso 31110,Proviso 31110,,2530,2835,49,80,0.019367588932806323,0.02821869488536155,2500,2720,43,65,0.02389705882352941,false
Proviso 31120,Proviso 31120,,849,872,14,28,0.016489988221436984,0.03211009174311927,844,845,11,11,0.01301775147928994,false
Proviso 31141,Proviso 31141,,2127,2335,50,67,0.023507287259050307,0.028693790149892935,2119,2283,48,53,0.023215067893123085,false
Proviso 31150,Proviso 31150,,884,899,4,5,0.004524886877828055,0.0055617352614015575,884,899,4,5,0.0055617352614015575,false
Proviso 31151,Proviso 31151,,333,337,1,1,0.003003003003003003,0.002967359050445104,333,337,1,1,0.002967359050445104,false
Proviso 31152,Proviso 31152,,287,289,0,0,0.0,0.0,286,288,0,0,0.0,false
Proviso 31160,Proviso 31160,,2335,2701,44,107,0.018843683083511777,0.039614957423176604,2285,2455,32,36,0.014663951120162933,false
Proviso 31161,Proviso 31161,,566,618,10,35,0.0176678445229682,0.05663430420711974,555,561,5,5,0.008912655971479501,false
Proviso 31170,Proviso 31170,,563,824,12,48,0.021314387211367674,0.05825242718446602,512,537,6,10,0.0186219739292365,false
Proviso 31173,Proviso 31173,,193,193,0,0,0.0,0.0,193,193,0,0,0.0,false
Proviso 31174,Proviso 31174,,242,242,0,0,0.0,0.0,242,242,0,0,0.0,false
Proviso 31190,Proviso 31190,,789,1101,17,62,0.021546261089987327,0.05631244323342416,762,958,9,14,0.014613778705636743,false
Proviso 31200,Proviso 31200,,442,647,9,22,0.020361990950226245,0.03400309119010819,422,533,6,6,0.01125703564727955,false
Proviso 31210,Proviso 31210,,757,784,5,5,0.0066050198150594455,0.006377551020408163,753,770,5,5,0.006493506493506494,false
Rich 32010,Rich 32010,,1265,1265,37,37,0.02924901185770751,0.02924901185770751,1265,1265,37,37,0.02924901185770751,false
Rich 32020,Rich 32020,,886,886,35,35,0.039503386004514675,0.039503386004514675,886,886,35,35,0.039503386004514675,false
Rich 32040,Rich 32040,,199,199,0,0,0.0,0.0,199,199,0,0,0.0,false
Rich 32041,Rich 32041,,355,355,24,24,0.0676056338028169,0.0676056338028169,355,355,24,24,0.0676056338028169,false
Rich 32042,Rich 32042,,157,157,0,0,0.0,0.0,157,157,0,0,0.0,false
Rich 32043,Rich 32043,,196,213,4,9,0.02040816326530612,0.04225352112676056,192,192,3,3,0.015625,false
Rich 32045,Rich 32045,,598,666,11,11,0.01839464882943144,0.016516516516516516,590,614,11,11,0.017915309446254073,false
Rich 32050,Rich 32050,,326,339,10,13,0.03067484662576687,0.038348082595870206,319,319,9,9,0.02821316614420063,false
Rich 32055,Rich 32055,,548,615,21,87,0.03832116788321168,0.14146341463414633,537,538,10,10,0.01858736059479554,false
Rich 32060,Rich 32060,,425,428,8,8,0.018823529411764704,0.018691588785046728,422,422,8,8,0.018957345971563982,false
Rich 32061,Rich 32061,,126,126,6,6,0.047619047619047616,0.047619047619047616,126,126,6,6,0.047619047619047616,false
Rich 32070,Rich 32070,,593,593,8,8,0.013490725126475547,0.013490725126475547,593,593,8,8,0.013490725126475547,false
Rich 32075,Rich 32075,,156,156,2,2,0.01282051282051282,0.01282051282051282,156,156,2,2,0.01282051282051282,false
Rich 32080,Rich 32080,,178,178,3,3,0.016853932584269662,0.016853932584269662,178,178,3,3,0.016853932584269662,false
Rich 32090,Rich 32090,,416,416,6,6,0.014423076923076924,0.014423076923076924,416,416,6,6,0.014423076923076924,false
Rich 32100,Rich 32100,,141,141,1,1,0.0070921985815602835,0.0070921985815602835,141,141,1,1,0.0070921985815602835,false
Rich 32110,Rich 32110,,603,603,11,11,0.01824212271973466,0.01824212271973466,603,603,11,11,0.01824212271973466,false
Rich 32120,Rich 32120,,3297,3315,199,199,0.060357901122232334,0.060030165912518856,3284,3284,199,199,0.06059683313032887,false
Rich 32130,Rich 32130,,1324,1435,56,66,0.04229607250755287,0.045993031358885016,1301,1343,52,54,0.040208488458674606,false
Rich 32150,Rich 32150,,802,1035,29,63,0.03615960099750624,0.06086956521739131,765,795,24,30,0.03773584905660377,false
Rich 32151,Rich 32151,,389,389,2,2,0.005141388174807198,0.005141388174807198,389,389,2,2,0.005141388174807198,false
Rich 32160,Rich 32160,,553,553,17,17,0.03074141048824593,0.03074141048824593,553,553,17,17,0.03074141048824593,false
Rich 32161,Rich 32161,,436,437,6,6,0.013761467889908258,0.013729977116704805,435,435,6,6,0.013793103448275862,false
Rich 32170,Rich 32170,,403,403,10,10,0.02481389578163772,0.02481389578163772,403,403,10,10,0.02481389578163772,false
Rich 32175,Rich 32175,,823,823,32,32,0.038882138517618466,0.038882138517618466,823,823,32,32,0.038882138517618466,false
Rich 32180,Rich 32180,,384,550,10,26,0.026041666666666668,0.04727272727272727,351,351,7,7,0.019943019943019943,false
Rich 32181,Rich 32181,,1065,1085,42,42,0.03943661971830986,0.03870967741935484,1061,1061,42,42,0.03958529688972667,false
Rich 32190,Rich 32190,,630,630,41,41,0.06507936507936508,0.06507936507936508,630,630,41,41,0.06507936507936508,false
Rich 32200,Rich 32200,,520,520,10,10,0.019230769230769232,0.019230769230769232,520,520,10,10,0.019230769230769232,false
Rich 32201,Rich 32201,,188,188,4,4,0.02127659574468085,0.02127659574468085,188,188,4,4,0.02127659574468085,false
Rich 32220,Rich 32220,,953,1115,42,42,0.04407135362014691,0.03766816143497758,926,926,42,42,0.04535637149028078,false
Rich 32222,Rich 32222,,615,615,8,8,0.013008130081300813,0.013008130081300813,615,615,8,8,0.013008130081300813,false
Rich 32224,Rich 32224,,465,496,13,18,0.02795698924731183,0.036290322580645164,459,461,12,12,0.026030368763557483,false
Rich 32226,Rich 32226,,936,937,40,40,0.042735042735042736,0.042689434364994665,935,935,40,40,0.0427807486631016,false
Rich 32227,Rich 32227,,97,97,1,1,0.010309278350515464,0.010309278350515464,97,97,1,1,0.010309278350515464,false
Rich 32230,Rich 32230,,1471,1473,5,5,0.003399048266485384,0.0033944331296673455,1470,1470,5,5,0.003401360544217687,false
Rich 32232,Rich 32232,,277,277,14,14,0.05054151624548736,0.05054151624548736,277,277,14,14,0.05054151624548736,false
Rich 32250,Rich 32250,,471,471,2,2,0.004246284501061571,0.004246284501061571,471,471,2,2,0.004246284501061571,false
Rich 32255,Rich 32255,,455,487,5,14,0.01098901098901099,0.028747433264887063,448,450,3,3,0.006666666666666667,false
Rich 32257,Rich 32257,,94,94,2,2,0.02127659574468085,0.02127659574468085,94,94,2,2,0.02127659574468085,false
Rich 32262,Rich 32262,,147,147,2,2,0.013605442176870748,0.013605442176870748,147,147,2,2,0.013605442176870748,false
Rich 32270,Rich 32270,,307,307,6,6,0.019543973941368076,0.019543973941368076,307,307,6,6,0.019543973941368076,false
Rich 32275,Rich 32275,,91,91,3,3,0.03296703296703297,0.03296703296703297,91,91,3,3,0.03296703296703297,false
Rich 32300,Rich 32300,,217,217,1,1,0.004608294930875576,0.004608294930875576,217,217,1,1,0.004608294930875576,false
Rich 32310,Rich 32310,,304,304,10,10,0.03289473684210526,0.03289473684210526,304,304,10,10,0.03289473684210526,false
Rich 32320,Rich 32320,,317,317,1,1,0.0031545741324921135,0.0031545741324921135,317,317,1,1,0.0031545741324921135,false
Rich 32330,Rich 32330,,146,146,2,2,0.0136986301369863,0.0136986301369863,146,146,2,2,0.0136986301369863,false
Rich 32340,Rich 32340,,199,199,4,4,0.020100502512562814,0.020100502512562814,199,199,4,4,0.020100502512562814,false
Rich 32350,Rich 32350,,191,191,4,4,0.020942408376963352,0.020942408376963352,191,191,4,4,0.020942408376963352,false
Rich 32360,Rich 32360,,148,148,1,1,0.006756756756756757,0.006756756756756757,148,148,1,1,0.006756756756756757,false
River Forest 33015,River Forest 33015,,962,1095,18,31,0.018711018711018712,0.028310502283105023,935,955,14,14,0.014659685863874346,false
River Forest 33020,River Forest 33020,,563,577,1,6,0.0017761989342806395,0.010398613518197574,561,564,0,0,0.0,false
River Forest 33030,River Forest 33030,,851,866,3,3,0.0035252643948296123,0.003464203233256351,850,860,3,3,0.0034883720930232558,false
River Forest 33040,River Forest 33040,,1183,1273,26,40,0.02197802197802198,0.031421838177533384,1172,1213,23,25,0.020610057708161583,false
River Forest 33050,River Forest 33050,,439,440,2,2,0.004555808656036446,0.004545454545454545,439,440,2,2,0.004545454545454545,false
Riverside 34010,Riverside 34010,,1834,2240,32,118,0.017448200654307525,0.05267857142857143,1758,1815,16,33,0.01818181818181818,false
Riverside 34020,Riverside 34020,,2017,2242,24,72,0.011898859692612791,0.032114183764495985,1981,2058,14,20,0.009718172983479106,false
Riverside 34040,Riverside 34040,,61,112,1,5,0.01639344262295082,0.044642857142857144,56,87,0,0,0.0,false
Riverside 34050,Riverside 34050,,688,692,6,9,0.00872093023255814,0.01300578034682081,688,692,6,9,0.01300578034682081,false
Riverside 34070,Riverside 34070,,589,656,2,13,0.003395585738539898,0.019817073170731708,583,634,0,0,0.0,false
Riverside 34080,Riverside 34080,,425,643,20,52,0.047058823529411764,0.08087091757387248,401,504,15,18,0.03571428571428571,false
Rogers Park 75010,Rogers Park 75010,,1832,2036,24,89,0.013100436681222707,0.043713163064833006,1807,1884,14,20,0.010615711252653927,false
Rogers Park 75021,Rogers Park 75021,,1777,3045,98,266,0.05514912774338773,0.08735632183908046,1663,2346,70,98,0.041773231031543054,false
Rogers Park 75022,Rogers Park 75022,,3147,4644,165,435,0.052430886558627265,0.09366925064599484,2988,3620,120,145,0.04005524861878453,false
Rogers Park 75023,Rogers Park 75023,,511,594,5,9,0.009784735812133072,0.015151515151515152,503,558,5,9,0.016129032258064516,false
Rogers Park 75031,Rogers Park 75031,,6105,9126,427,1306,0.06994266994266994,0.14310760464606617,5674,6358,279,306,0.0481283422459893,false
Rogers Park 75032,Rogers Park 75032,,1243,2071,102,356,0.08205953338696702,0.17189763399323998,1136,1361,60,77,0.05657604702424688,false
Rogers Park 75033,Rogers Park 75033,,1454,2057,50,206,0.0343878954607978,0.10014584346135148,1359,1427,24,32,0.02242466713384723,false
Rogers Park 75040,Rogers Park 75040,,2755,3097,54,153,0.019600725952813067,0.04940264772360349,2713,2851,38,45,0.01578393546124167,false
Rogers Park 75060,Rogers Park 75060,,1044,1863,97,347,0.09291187739463602,0.18625872249060654,952,1250,60,104,0.0832,false
Schaumburg 35011,Schaumburg 35011,,1341,1341,5,5,0.0037285607755406414,0.0037285607755406414,1341,1341,5,5,0.0037285607755406414,false
Schaumburg 35012,Schaumburg 35012,,2254,2296,46,88,0.02040816326530612,0.03832752613240418,2247,2247,39,39,0.017356475300400534,false
Schaumburg 35020,Schaumburg 35020,,3897,3899,83,83,0.021298434693353862,0.021287509617850732,3896,3896,83,83,0.021303901437371663,false
Schaumburg 35030,Schaumburg 35030,,3625,3638,71,71,0.019586206896551724,0.019516217702034086,3622,3622,71,71,0.019602429596907785,false
Schaumburg 35031,Schaumburg 35031,,552,552,7,7,0.012681159420289856,0.012681159420289856,552,552,7,7,0.012681159420289856,false
Schaumburg 35032,Schaumburg 35032,,546,546,1,1,0.0018315018315018315,0.0018315018315018315,546,546,1,1,0.0018315018315018315,false
Schaumburg 35035,Schaumburg 35035,,94,94,0,0,0.0,0.0,94,94,0,0,0.0,false
Schaumburg 35040,Schaumburg 35040,,6658,6901,84,150,0.012616401321718233,0.0217359802927112,6610,6610,71,71,0.010741301059001514,false
Schaumburg 35060,Schaumburg 35060,,231,233,0,0,0.0,0.0,229,229,0,0,0.0,false
Schaumburg 35065,Schaumburg 35065,,637,637,1,1,0.0015698587127158557,0.0015698587127158557,637,637,1,1,0.0015698587127158557,false
Schaumburg 35071,Schaumburg 35071,,744,744,2,2,0.002688172043010753,0.002688172043010753,744,744,2,2,0.002688172043010753,false
Schaumburg 35072,Schaumburg 35072,,1694,1695,160,160,0.09445100354191263,0.0943952802359882,1693,1693,160,160,0.09450679267572357,false
Schaumburg 35074,Schaumburg 35074,,1032,1038,14,14,0.013565891472868217,0.01348747591522158,1031,1031,14,14,0.013579049466537343,false
Schaumburg 35075,Schaumburg 35075,,599,599,0,0,0.0,0.0,599,599,0,0,0.0,false
Schaumburg 35080,Schaumburg 35080,,1109,1117,8,8,0.007213706041478809,0.007162041181736795,1107,1108,8,8,0.007220216606498195,false
Schaumburg 35085,Schaumburg 35085,,288,288,0,0,0.0,0.0,288,288,0,0,0.0,false
Schaumburg 35090,Schaumburg 35090,,2287,2293,13,13,0.005684302579798863,0.0056694286960314,2286,2286,13,13,0.005686789151356081,false
Schaumburg 35091,Schaumburg 35091,,218,218,0,0,0.0,0.0,218,218,0,0,0.0,false
Schaumburg 35100,Schaumburg 35100,,526,550,24,42,0.045627376425855515,0.07636363636363637,522,522,21,21,0.040229885057471264,false
Schaumburg 35101,Schaumburg 35101,,3833,3845,55,61,0.014349073832507175,0.015864759427828348,3831,3831,54,54,0.014095536413469069,false
Schaumburg 35102,Schaumburg 35102,,192,192,0,0,0.0,0.0,192,192,0,0,0.0,false
Schaumburg 35103,Schaumburg 35103,,372,396,3,3,0.008064516129032258,0.007575757575757576,368,368,3,3,0.008152173913043478,false
Schaumburg 35104,Schaumburg 35104,,197,197,3,3,0.015228426395939087,0.015228426395939087,197,197,3,3,0.015228426395939087,false
Schaumburg 35105,Schaumburg 35105,,594,594,4,4,0.006734006734006734,0.006734006734006734,594,594,4,4,0.006734006734006734,false
Schaumburg 35106,Schaumburg 35106,,132,132,1,1,0.007575757575757576,0.007575757575757576,132,132,1,1,0.007575757575757576,false
Schaumburg 35107,Schaumburg 35107,,280,280,1,1,0.0035714285714285713,0.0035714285714285713,280,280,1,1,0.0035714285714285713,false
Schaumburg 35108,Schaumburg 35108,,651,651,7,7,0.010752688172043012,0.010752688172043012,651,651,7,7,0.010752688172043012,false
Schaumburg 35109,Schaumburg 35109,,3615,3633,72,78,0.01991701244813278,0.021469859620148638,3612,3612,71,71,0.019656699889258028,false
Schaumburg 35110,Schaumburg 35110,,625,625,6,6,0.0096,0.0096,625,625,6,6,0.0096,false
Schaumburg 35111,Schaumburg 35111,,82,82,0,0,0.0,0.0,82,82,0,0,0.0,false
Schaumburg 35112,Schaumburg 35112,,809,821,7,19,0.00865265760197775,0.023142509135200974,807,807,5,5,0.006195786864931847,false
Schaumburg 35113,Schaumburg 35113,,578,578,10,10,0.01730103806228374,0.01730103806228374,578,578,10,10,0.01730103806228374,false
Schaumburg 35114,Schaumburg 35114,,390,390,0,0,0.0,0.0,390,390,0,0,0.0,false
Schaumburg 35115,Schaumburg 35115,,251,251,1,1,0.00398406374501992,0.00398406374501992,251,251,1,1,0.00398406374501992,false
Schaumburg 35116,Schaumburg 35116,,566,566,1,1,0.0017667844522968198,0.0017667844522968198,566,566,1,1,0.0017667844522968198,false
Schaumburg 35117,Schaumburg 35117,,267,273,9,9,0.033707865168539325,0.03296703296703297,266,266,9,9,0.03383458646616541,false
Schaumburg 35140,Schaumburg 35140,,96,96,1,1,0.010416666666666666,0.010416666666666666,96,96,1,1,0.010416666666666666,false
Schaumburg 35150,Schaumburg 35150,,206,206,0,0,0.0,0.0,206,206,0,0,0.0,false
Schaumburg 35151,Schaumburg 35151,,105,105,0,0,0.0,0.0,105,105,0,0,0.0,false
Schaumburg 35160,Schaumburg 35160,,120,120,1,1,0.008333333333333333,0.008333333333333333,120,120,1,1,0.008333333333333333,false
Schaumburg 35170,Schaumburg 35170,,1597,1652,16,16,0.010018785222291797,0.009685230024213076,1587,1587,16,16,0.010081915563957152,false
South Chicago 76010,South Chicago 76010,,12616,13295,455,677,0.036065313887127456,0.05092139902218879,12498,12498,415,415,0.03320531285005601,false
South Chicago 76011,South Chicago 76011,,9007,9412,441,618,0.048961918507827246,0.06566085847853803,8928,8928,406,406,0.04547491039426523,false
South Chicago 76012,South Chicago 76012,,2818,2827,72,75,0.0255500354861604,0.026529890343119915,2816,2816,71,71,0.02521306818181818,false
South Chicago 76030,South Chicago 76030,,6454,10873,233,667,0.036101642392314844,0.061344615101627885,6028,8901,153,273,0.03067071115604988,false
South Chicago 76040,South Chicago 76040,,1387,1662,103,173,0.07426099495313626,0.10409145607701564,1343,1379,90,95,0.06889050036258158,false
South Chicago 76041,South Chicago 76041,,1386,2639,90,173,0.06493506493506493,0.06555513452065176,1226,1576,77,98,0.06218274111675127,false
South Chicago 76042,South Chicago 76042,,877,980,67,121,0.07639680729760548,0.12346938775510204,863,885,58,60,0.06779661016949153,false
South Chicago 76050,South Chicago 76050,,4001,6612,174,466,0.04348912771807048,0.07047791893526921,3761,5518,125,198,0.035882566147154765,false
South Chicago 76060,South Chicago 76060,,5217,8068,122,257,0.02338508721487445,0.03185423896876549,5009,7207,99,135,0.018731788538920494,false
Stickney 36012,Stickney 36012,,2369,2722,26,82,0.010975094976783452,0.030124908155767818,2316,2386,17,19,0.00796311818943839,false
Stickney 36021,Stickney 36021,,954,1021,6,6,0.006289308176100629,0.005876591576885406,952,1009,6,6,0.005946481665014866,false
Stickney 36022,Stickney 36022,,340,349,4,4,0.011764705882352941,0.011461318051575931,340,349,4,4,0.011461318051575931,false
Stickney 36036,Stickney 36036,,80,80,0,0,0.0,0.0,80,80,0,0,0.0,false
Stickney 36041,Stickney 36041,,4290,4737,58,132,0.01351981351981352,0.02786573780873971,4237,4448,45,51,0.011465827338129496,false
Stickney 36050,Stickney 36050,,4594,5051,61,78,0.013278188942098389,0.015442486636309642,4537,4745,59,65,0.0136986301369863,false
Stickney 36060,Stickney 36060,,277,299,1,1,0.0036101083032490976,0.0033444816053511705,274,278,1,1,0.0035971223021582736,false
Thornton 37010,Thornton 37010,,1165,1220,23,28,0.019742489270386267,0.022950819672131147,1161,1206,23,28,0.02321724709784411,false
Thornton 37011,Thornton 37011,,257,445,13,63,0.05058365758754864,0.14157303370786517,223,245,3,3,0.012244897959183673,false
Thornton 37021,Thornton 37021,,4112,4364,243,272,0.05909533073929961,0.06232813932172319,4082,4236,239,247,0.05830972615675165,false
Thornton 37022,Thornton 37022,,661,842,20,45,0.030257186081694403,0.05344418052256532,637,694,18,31,0.0446685878962536,false
Thornton 37023,Thornton 37023,,1558,1944,87,162,0.0558408215661104,0.08333333333333333,1522,1726,77,94,0.054461181923522596,false
Thornton 37024,Thornton 37024,,3813,4902,224,467,0.05874639391555206,0.0952672378620971,3623,3733,179,183,0.04902223412804715,false
Thornton 37033,Thornton 37033,,3697,4159,143,191,0.038680010819583444,0.045924501081990865,3657,3957,139,170,0.0429618397776093,false
Thornton 37051,Thornton 37051,,1480,2257,59,176,0.03986486486486487,0.07797961896322551,1389,1721,43,73,0.04241719930273097,false
Thornton 37052,Thornton 37052,,1064,1575,53,197,0.04981203007518797,0.12507936507936507,1000,1167,29,39,0.033419023136246784,false
Thornton 37053,Thornton 37053,,2708,3389,72,195,0.026587887740029542,0.0575390970787843,2636,2957,51,63,0.021305377071356105,false
Thornton 37054,Thornton 37054,,289,401,8,14,0.02768166089965398,0.034912718204488775,265,275,6,6,0.02181818181818182,false
Thornton 37061,Thornton 37061,,3710,4414,151,233,0.040700808625336926,0.05278658812868147,3648,4098,141,171,0.04172767203513909,false
Thornton 37063,Thornton 37063,,202,271,5,17,0.024752475247524754,0.06273062730627306,191,203,3,3,0.014778325123152709,false
Thornton 37070,Thornton 37070,,4448,5449,156,245,0.03507194244604316,0.044962378418058356,4343,4879,143,168,0.03443328550932568,false
Thornton 37075,Thornton 37075,,759,834,13,25,0.017127799736495388,0.02997601918465228,753,806,11,11,0.013647642679900745,false
Thornton 37092,Thornton 37092,,3047,3081,115,127,0.037742041352149654,0.041220382992534894,3037,3043,113,114,0.03746302990469931,false
Thornton 37101,Thornton 37101,,2231,2404,141,148,0.0632003585835948,0.06156405990016639,2197,2200,140,141,0.06409090909090909,false
Thornton 37102,Thornton 37102,,1040,1152,51,59,0.04903846153846154,0.051215277777777776,1016,1018,49,49,0.0481335952848723,false
Thornton 37103,Thornton 37103,,356,359,9,9,0.025280898876404494,0.025069637883008356,356,359,9,9,0.025069637883008356,false
Thornton 37121,Thornton 37121,,2527,2683,111,124,0.043925603482390184,0.04621692135669027,2514,2625,108,108,0.04114285714285714,false
Thornton 37130,Thornton 37130,,1790,1976,89,99,0.049720670391061456,0.050101214574898786,1754,1839,88,95,0.051658510059815116,false
Thornton 37134,Thornton 37134,,218,239,17,18,0.0779816513761468,0.07531380753138076,218,239,17,18,0.07531380753138076,false
Thornton 37150,Thornton 37150,,2164,2165,32,32,0.014787430683918669,0.014780600461893764,2164,2165,32,32,0.014780600461893764,false
Thornton 37161,Thornton 37161,,372,505,11,11,0.02956989247311828,0.02178217821782178,353,391,11,11,0.028132992327365727,false
Thornton 37162,Thornton 37162,,1305,1475,28,81,0.021455938697318006,0.05491525423728814,1261,1276,16,19,0.014890282131661442,false
Thornton 37163,Thornton 37163,,849,941,8,16,0.009422850412249705,0.01700318809776833,848,934,7,9,0.009635974304068522,false
Thornton 37164,Thornton 37164,,307,307,11,11,0.035830618892508145,0.035830618892508145,307,307,11,11,0.035830618892508145,false
Thornton 37171,Thornton 37171,,1028,1098,22,43,0.021400778210116732,0.039162112932604735,1014,1027,17,17,0.016553067185978577,false
Thornton 37180,Thornton 37180,,195,230,4,13,0.020512820512820513,0.05652173913043478,189,199,1,1,0.005025125628140704,false
Thornton 37181,Thornton 37181,,4646,5528,187,409,0.04024967714162721,0.07398697539797396,4523,4832,153,210,0.04346026490066225,false
Thornton 37183,Thornton 37183,,768,963,17,48,0.022135416666666668,0.04984423676012461,747,831,12,16,0.019253910950661854,false
Thornton 37185,Thornton 37185,,610,663,15,29,0.02459016393442623,0.043740573152337855,600,624,13,16,0.02564102564102564,false
Thornton 37190,Thornton 37190,,977,994,9,9,0.009211873080859774,0.009054325955734407,972,976,9,9,0.009221311475409836,false
Thornton 37200,Thornton 37200,,1438,1442,16,17,0.011126564673157162,0.011789181692094313,1436,1438,15,15,0.01043115438108484,false
West Chicago 77011,West Chicago 77011,,2688,4475,63,215,0.0234375,0.048044692737430165,2543,3699,41,68,0.018383346850500134,false
West Chicago 77013,West Chicago 77013,,7108,13481,505,1687,0.07104670793472144,0.12513908463763815,6591,10385,337,593,0.057101588830043334,false
West Chicago 77020,West Chicago 77020,,4168,7794,212,620,0.0508637236084453,0.07954837054144213,3894,6438,143,244,0.037899968934451696,false
West Chicago 77030,West Chicago 77030,,9718,17756,1162,2905,0.11957192838032517,0.16360666816850641,8832,13012,870,1214,0.0932984936981248,false
West Chicago 77040,West Chicago 77040,,1628,3048,77,197,0.0472972972972973,0.06463254593175853,1528,2603,64,133,0.051094890510948905,false
West Chicago 77051,West Chicago 77051,,2747,4383,384,847,0.13978886057517292,0.19324663472507414,2538,3359,301,419,0.1247395058052992,false
West Chicago 77052,West Chicago 77052,,1729,3600,185,557,0.10699826489300174,0.15472222222222223,1487,2289,114,169,0.07383136740934906,false
West Chicago 77060,West Chicago 77060,,2814,4445,269,681,0.09559346126510306,0.1532058492688414,2572,3250,193,285,0.0876923076923077,false
West Chicago 77080,West Chicago 77080,,1656,3029,80,310,0.04830917874396135,0.10234400792340706,1569,2510,45,75,0.029880478087649404,false
West Chicago 77085,West Chicago 77085,,325,645,8,36,0.024615384615384615,0.05581395348837209,296,458,4,8,0.017467248908296942,false
West Chicago 77091,West Chicago 77091,,4388,10291,468,1527,0.10665451230628988,0.14838208143037607,3949,7780,354,818,0.1051413881748072,false
West Chicago 77092,West Chicago 77092,,638,1210,27,74,0.04231974921630094,0.06115702479338843,615,1110,23,48,0.043243243243243246,false
West Chicago 77101,West Chicago 77101,,1581,3127,145,476,0.09171410499683745,0.15222257755036778,1442,2407,96,188,0.07810552555047777,false
West Chicago 77102,West Chicago 77102,,6365,13707,717,1772,0.11264728986645718,0.1292770117458233,5896,11044,608,1138,0.10304237595074249,false
West Chicago 77103,West Chicago 77103,,1521,2586,226,435,0.14858645627876396,0.16821345707656613,1443,2194,199,302,0.13764813126709208,false
West Chicago 77104,West Chicago 77104,,181,391,1,1,0.0055248618784530384,0.0025575447570332483,142,142,1,1,0.007042253521126761,false
West Chicago 77115,West Chicago 77115,,8448,16985,181,628,0.021425189393939392,0.036973800412128346,7802,14132,111,246,0.01740730257571469,false
West Chicago 77120,West Chicago 77120,,9106,15021,1136,2752,0.12475291016911927,0.1832101724252713,8245,10631,850,1107,0.10412943279089455,false
West Chicago 77131,West Chicago 77131,,12070,14320,1174,2287,0.09726594863297432,0.15970670391061453,11684,12014,979,1060,0.08823039786915265,false
West Chicago 77132,West Chicago 77132,,4445,6656,295,866,0.06636670416197975,0.13010817307692307,4162,5140,199,311,0.060505836575875487,false
West Chicago 77141,West Chicago 77141,,5526,12969,488,1570,0.08830980817951502,0.1210579073174493,4592,8527,295,553,0.06485282045267972,false
West Chicago 77150,West Chicago 77150,,4256,6923,283,717,0.06649436090225563,0.10356781742019355,3990,5581,201,292,0.05232037269306576,false
West Chicago 77151,West Chicago 77151,,857,1717,50,171,0.058343057176196034,0.09959231217239371,774,1286,27,41,0.03188180404354588,false
West Chicago 77152,West Chicago 77152,,800,1325,88,259,0.11,0.19547169811320755,746,1008,62,100,0.0992063492063492,false
West Chicago 77170,West Chicago 77170,,4581,7347,384,966,0.08382449246889326,0.1314822376480196,4240,5663,280,461,0.08140561539819884,false
Wheeling 38010,Wheeling 38010,,3583,3595,11,11,0.0030700530281886685,0.00305980528511822,3581,3581,11,11,0.0030717676626640603,false
Wheeling 38011,Wheeling 38011,,1065,1065,13,13,0.012206572769953052,0.012206572769953052,1065,1065,13,13,0.012206572769953052,false
Wheeling 38012,Wheeling 38012,,2128,2134,28,34,0.013157894736842105,0.015932521087160263,2127,2127,27,27,0.012693935119887164,false
Wheeling 38013,Wheeling 38013,,5095,5489,303,446,0.059470068694798824,0.0812534159227546,5021,5049,279,287,0.05684293919588037,false
Wheeling 38014,Wheeling 38014,,1056,1062,12,12,0.011363636363636364,0.011299435028248588,1055,1055,12,12,0.011374407582938388,false
Wheeling 38015,Wheeling 38015,,212,212,0,0,0.0,0.0,212,212,0,0,0.0,false
Wheeling 38022,Wheeling 38022,,1192,1204,22,28,0.018456375838926176,0.023255813953488372,1190,1190,21,21,0.01764705882352941,false
Wheeling 38023,Wheeling 38023,,1575,2008,57,189,0.03619047619047619,0.09412350597609562,1485,1486,28,28,0.018842530282637954,false
Wheeling 38026,Wheeling 38026,,450,451,5,5,0.011111111111111112,0.011086474501108648,449,449,5,5,0.011135857461024499,false
Wheeling 38027,Wheeling 38027,,550,602,5,7,0.00909090909090909,0.011627906976744186,549,600,4,5,0.008333333333333333,false
Wheeling 38031,Wheeling 38031,,4564,4612,71,77,0.015556529360210342,0.016695576756287946,4554,4554,70,70,0.015371102327624066,false
Wheeling 38032,Wheeling 38032,,811,817,6,6,0.007398273736128237,0.0073439412484700125,810,810,6,6,0.007407407407407408,false
Wheeling 38040,Wheeling 38040,,5729,5808,40,83,0.00698202129516495,0.014290633608815427,5716,5725,33,34,0.005938864628820961,false
Wheeling 38041,Wheeling 38041,,625,625,2,2,0.0032,0.0032,625,625,2,2,0.0032,false
Wheeling 38045,Wheeling 38045,,603,603,1,1,0.001658374792703151,0.001658374792703151,603,603,1,1,0.001658374792703151,false
Wheeling 38048,Wheeling 38048,,272,272,0,0,0.0,0.0,272,272,0,0,0.0,false
Wheeling 38050,Wheeling 38050,,2314,2361,17,34,0.007346585998271392,0.014400677678949597,2306,2306,14,14,0.006071118820468344,false
Wheeling 38051,Wheeling 38051,,1684,1809,15,55,0.008907363420427554,0.030403537866224434,1659,1659,7,7,0.004219409282700422,false
Wheeling 38052,Wheeling 38052,,1363,1490,11,48,0.008070432868672046,0.032214765100671144,1345,1387,4,4,0.002883922134102379,false
Wheeling 38053,Wheeling 38053,,1254,1276,9,25,0.007177033492822967,0.019592476489028215,1249,1249,5,5,0.0040032025620496394,false
Wheeling 38055,Wheeling 38055,,54,54,0,0,0.0,0.0,54,54,0,0,0.0,false
Wheeling 38056,Wheeling 38056,,1474,1619,22,46,0.014925373134328358,0.028412600370599134,1446,1452,17,17,0.011707988980716254,false
Wheeling 38070,Wheeling 38070,,4869,5232,72,174,0.014787430683918669,0.033256880733944956,4817,4908,55,59,0.01202118989405053,false
Wheeling 38071,Wheeling 38071,,1314,1314,15,15,0.01141552511415525,0.01141552511415525,1314,1314,15,15,0.01141552511415525,false
Wheeling 38072,Wheeling 38072,,1691,1784,34,48,0.020106445890005913,0.026905829596412557,1673,1686,31,32,0.018979833926453145,false
Wheeling 38080,Wheeling 38080,,2047,2078,9,15,0.004396678065461651,0.007218479307025986,2041,2041,8,8,0.0039196472317491425,false
Wheeling 38081,Wheeling 38081,,2751,2852,23,71,0.008360596146855689,0.024894810659186535,2734,2734,15,15,0.005486466715435259,false
Wheeling 38082,Wheeling 38082,,1042,1042,2,2,0.0019193857965451055,0.0019193857965451055,1042,1042,2,2,0.0019193857965451055,false
Wheeling 38090,Wheeling 38090,,2343,2941,94,242,0.040119504908237305,0.08228493709622578,2225,2225,66,66,0.029662921348314608,false
Wheeling 38100,Wheeling 38100,,274,274,0,0,0.0,0.0,274,274,0,0,0.0,false
Wheeling 38110,Wheeling 38110,,421,433,3,3,0.007125890736342043,0.006928406466512702,419,419,3,3,0.007159904534606206,false
Worth 39010,Worth 39010,,2934,3004,31,49,0.010565780504430812,0.016311584553928095,2920,2934,28,28,0.00954328561690525,false
Worth 39020,Worth 39020,,663,718,10,16,0.015082956259426848,0.022284122562674095,652,652,9,9,0.013803680981595092,false
Worth 39030,Worth 39030,,863,899,16,26,0.01853997682502897,0.028921023359288096,854,868,14,14,0.016129032258064516,false
Worth 39040,Worth 39040,,1757,2128,39,117,0.0221969265793967,0.0549812030075188,1685,1722,24,24,0.013937282229965157,false
Worth 39050,Worth 39050,,2754,2879,55,91,0.019970951343500364,0.03160819729072595,2736,2799,51,64,0.022865309038942478,false
Worth 39060,Worth 39060,,1644,1651,36,43,0.021897810218978103,0.02604482132041187,1547,1550,35,38,0.024516129032258065,false
Worth 39071,Worth 39071,,3615,4109,68,149,0.018810511756569847,0.03626186420053541,3527,3609,52,54,0.014962593516209476,false
Worth 39080,Worth 39080,,6628,7308,141,323,0.02127338563669282,0.04419813902572523,6507,6684,107,138,0.02064631956912029,false
Worth 39081,Worth 39081,,454,454,2,2,0.004405286343612335,0.004405286343612335,454,454,2,2,0.004405286343612335,false
Worth 39082,Worth 39082,,824,923,8,44,0.009708737864077669,0.047670639219934995,809,821,2,2,0.00243605359317905,false
Worth 39100,Worth 39100,,3054,3345,64,123,0.020956123117223315,0.036771300448430494,2997,3077,52,52,0.016899577510562237,false
Worth 39101,Worth 39101,,335,335,2,2,0.005970149253731343,0.005970149253731343,335,335,2,2,0.005970149253731343,false
Worth 39110,Worth 39110,,2851,2974,72,80,0.02525429673798667,0.026899798251513115,2824,2848,70,73,0.025632022471910113,false
Worth 39122,Worth 39122,,2238,2239,13,14,0.00580875781948168,0.006252791424743189,2237,2237,12,12,0.005364327223960662,false
Worth 39130,Worth 39130,,957,1182,23,36,0.024033437826541274,0.030456852791878174,906,967,20,20,0.020682523267838676,false
Worth 39131,Worth 39131,,1792,2258,27,103,0.015066964285714286,0.04561558901682905,1745,1983,16,33,0.01664145234493192,false
Worth 39132,Worth 39132,,902,1173,20,43,0.022172949002217297,0.03665814151747655,863,1024,16,19,0.0185546875,false
Worth 39133,Worth 39133,,321,433,4,9,0.012461059190031152,0.020785219399538105,300,376,4,9,0.023936170212765957,false
Worth 39140,Worth 39140,,1308,2543,61,169,0.046636085626911315,0.06645694062131341,1117,1387,42,48,0.03460706560922855,false
Worth 39151,Worth 39151,,2944,3273,48,124,0.016304347826086956,0.037885731744576844,2876,2962,29,32,0.010803511141120865,false
Worth 39160,Worth 39160,,2525,2896,72,159,0.028514851485148516,0.05490331491712707,2465,2528,55,58,0.022943037974683545,false
Worth 39180,Worth 39180,,767,767,2,2,0.002607561929595828,0.002607561929595828,767,767,2,2,0.002607561929595828,false
Worth 39200,Worth 39200,,717,722,13,15,0.01813110181311018,0.02077562326869806,713,713,12,12,0.016830294530154277,false
Worth 39210,Worth 39210,,3186,3858,82,239,0.02573760200878845,0.061949196474857436,3088,3253,56,72,0.022133415308945588,false
Worth 39211,Worth 39211,,2076,2387,58,120,0.027938342967244702,0.050272308336824466,2022,2043,46,46,0.022515907978463045,false
Worth 39220,Worth 39220,,365,396,8,8,0.021917808219178082,0.020202020202020204,362,380,8,8,0.021052631578947368,false
Worth 39250,Worth 39250,,1376,1602,40,94,0.029069767441860465,0.05867665418227216,1341,1359,31,31,0.022810890360559236,false
Worth 39260,Worth 39260,,857,860,7,8,0.008168028004667444,0.009302325581395349,854,854,6,6,0.00702576112412178,false
Worth 39270,Worth 39270,,500,500,3,3,0.006,0.006,500,500,3,3,0.006,false
Worth 39280,Worth 39280,,79,79,0,0,0.0,0.0,79,79,0,0,0.0,false
Worth 39290,Worth 39290,,441,441,1,1,0.0022675736961451248,0.0022675736961451248,441,441,1,1,0.0022675736961451248,false
Worth 39300,Worth 39300,,84,84,0,0,0.0,0.0,84,84,0,0,0.0,false
Worth 39310,Worth 39310,,1523,1600,55,86,0.03611293499671701,0.05375,1509,1528,50,53,0.03468586387434555,false
Worth 39330,Worth 39330,,354,409,3,10,0.00847457627118644,0.02444987775061125,353,407,2,8,0.019656019656019656,false
Worth 39340,Worth 39340,,74,74,1,1,0.013513513513513514,0.013513513513513514,74,74,1,1,0.013513513513513514,false
Worth 39400,Worth 39400,,378,378,3,3,0.007936507936507936,0.007936507936507936,378,378,3,3,0.007936507936507936,false
Worth 39410,Worth 39410,,385,385,4,4,0.01038961038961039,0.01038961038961039,385,385,4,4,0.01038961038961039,false
