geo_neighborhood,building_type,owner_class,class_parcels,class_units,parcels,units,parcel_share,unit_share,suppressed
QN0104,mixed_use_res,unknown,21,200,427,2559,0.04918032786885246,0.07815552950371239,false
MN1203,other_res,unknown,1,1,2,3,,,true
BK1602,sfr_1_4,lender_reo,4,8,3051,5813,0.0013110455588331695,0.0013762257010149664,false
QN0201,mixed_use_res,corp,30,97,256,22121,0.1171875,0.004384973554540934,false
QN0503,mixed_use_res,unknown,9,15,356,798,0.025280898876404494,0.018796992481203006,false
MN0803,small_mf,partnership,7,103,265,3352,0.026415094339622643,0.030727923627684964,false
QN0105,sfr_1_4,llc,122,290,815,1846,0.14969325153374233,0.1570964247020585,false
MN0102,other_res,coop_corp,1,4,11,22,0.09090909090909091,0.18181818181818182,false
SI0305,mixed_use_res,trust,1,1,71,140,0.014084507042253521,0.007142857142857143,false
BX0102,coop_building,hdfc,4,75,6,140,0.6666666666666666,0.5357142857142857,false
BK1203,small_mf,llc,44,395,84,688,0.5238095238095238,0.5741279069767442,false
SI0105,small_mf,llc,12,107,21,180,0.5714285714285714,0.5944444444444444,false
BK0104,sfr_1_4,unknown,21,58,1418,3346,0.014809590973201692,0.017334130304841603,false
QN0905,sfr_1_4,unknown,22,36,5505,9086,0.003996366939146231,0.003962139555359894,false
QN1303,sfr_1_4,llc,168,282,10963,13419,0.015324272553133267,0.021014978761457633,false
BX1203,mixed_use_res,hdfc,5,541,174,2321,0.028735632183908046,0.23308918569582077,false
BX1201,small_mf,partnership,1,13,304,2584,0.003289473684210526,0.005030959752321981,false
MN0201,small_mf,trust,1,5,66,634,0.015151515151515152,0.007886435331230283,false
MN1202,mixed_use_res,trust,2,53,227,9502,0.00881057268722467,0.005577773100399916,false
MN0602,large_mf,partnership,2,50,71,2895,0.028169014084507043,0.017271157167530225,false
BK0104,condo_unit,individual,93,896,179,1607,0.5195530726256983,0.5575606720597387,false
MN0302,sfr_1_4,trust,4,9,13,37,0.3076923076923077,0.24324324324324326,false
MN0401,condo_unit,llc,10,326,62,1585,0.16129032258064516,0.2056782334384858,false
BX1102,other_res,trust,1,1,12,9,,,true
BK1303,sfr_1_4,corp,23,52,1121,2472,0.020517395182872437,0.021035598705501618,false
BK1503,mixed_use_res,partnership,1,0,289,1686,0.0034602076124567475,0.0,false
BK1503,condo_unit,corp,3,150,99,1365,0.030303030303030304,0.10989010989010989,false
BX1101,large_mf,corp,8,560,65,4534,0.12307692307692308,0.12351124834583149,false
MN1202,small_mf,llc,38,457,58,710,0.6551724137931034,0.643661971830986,false
BX0201,small_mf,llc,24,184,39,310,0.6153846153846154,0.5935483870967742,false
MN0302,sfr_1_4,corp,1,4,13,37,0.07692307692307693,0.10810810810810811,false
MN0203,mixed_use_res,hdfc,2,560,602,9155,0.0033222591362126247,0.06116876024030585,false
BX0501,sfr_1_4,corp,23,59,894,1910,0.025727069351230425,0.030890052356020943,false
MN1002,condo_unit,llc,13,92,78,1134,0.16666666666666666,0.08112874779541446,false
BX0502,other_res,llc,1,1,6,13,0.16666666666666666,0.07692307692307693,false
BK1201,small_mf,unknown,2,32,166,1202,0.012048192771084338,0.026622296173044926,false
QN0103,small_mf,corp,64,564,823,6403,0.07776427703523693,0.08808371076058098,false
BX0502,mixed_use_res,llc,70,2938,132,5832,0.5303030303030303,0.5037722908093278,false
MN0301,small_mf,trust,1,8,47,520,0.02127659574468085,0.015384615384615385,false
BK1601,large_mf,unknown,5,184,46,2019,0.10869565217391304,0.09113422486379395,false
MN0901,large_mf,corp,1,35,37,2810,0.02702702702702703,0.012455516014234875,false
QN0103,sfr_1_4,llc,348,918,2242,5281,0.15521855486173058,0.17383071387994697,false
BK0902,sfr_1_4,corp,32,79,2728,4928,0.011730205278592375,0.016030844155844156,false
BK0301,mixed_use_res,hdfc,21,229,796,6890,0.026381909547738693,0.03323657474600871,false
BX0403,sfr_1_4,individual,321,721,416,961,0.7716346153846154,0.7502601456815817,false
BK1602,large_mf,partnership,7,385,89,4779,0.07865168539325842,0.08056078677547604,false
BX1101,mixed_use_res,partnership,2,114,152,1717,0.013157894736842105,0.06639487478159581,false
BX0502,small_mf,corp,6,57,87,856,0.06896551724137931,0.06658878504672897,false
BK1203,small_mf,unknown,1,8,84,688,0.011904761904761904,0.011627906976744186,false
MN1002,small_mf,unknown,30,400,477,5168,0.06289308176100629,0.07739938080495357,false
BK1204,other_res,individual,7,11,16,26,0.4375,0.4230769230769231,false
MN0102,other_res,llc,4,4,11,22,0.36363636363636365,0.18181818181818182,false
MN1102,large_mf,llc,47,1826,128,7687,0.3671875,0.2375439052946533,false
BX0603,small_mf,llc,134,1292,198,1974,0.6767676767676768,0.6545086119554204,false
MN0303,mixed_use_res,llc,541,8447,924,15272,0.5854978354978355,0.553103719224725,false
QN0501,other_res,trust,7,10,46,62,0.15217391304347827,0.16129032258064516,false
BK1302,coop_building,coop_corp,9,7136,9,7136,1.0,1.0,false
MN0604,condo_unit,llc,7,261,24,1674,0.2916666666666667,0.15591397849462366,false
QN1206,other_res,corp,1,2,7,8,,,true
QN1307,mixed_use_res,corp,9,12,67,81,0.13432835820895522,0.14814814814814814,false
QN0203,sfr_1_4,partnership,1,2,3914,8071,0.0002554931016862545,0.00024780076818238137,false
QN0704,other_res,corp,4,4,15,7,,,true
QN1306,mixed_use_res,corp,9,7,28,51,0.32142857142857145,0.13725490196078433,false
MN1201,large_mf,unknown,44,1545,339,12836,0.12979351032448377,0.12036459956372701,false
QN0802,small_mf,corp,6,44,17,123,0.35294117647058826,0.35772357723577236,false
QN0301,large_mf,llc,88,5044,136,7942,0.6470588235294118,0.6351045076806849,false
BX0301,sfr_1_4,hdfc,1,4,670,1550,0.0014925373134328358,0.0025806451612903226,false
QN0704,condo_unit,individual,14,479,22,591,0.6363636363636364,0.8104906937394247,false
QN1205,mixed_use_res,lender_reo,1,2,266,527,0.0037593984962406013,0.003795066413662239,false
MN1001,large_mf,partnership,11,497,138,5558,0.07971014492753623,0.08942065491183879,false
QN0805,mixed_use_res,trust,8,75,131,1288,0.061068702290076333,0.05822981366459627,false
QN0401,other_res,corp,8,12,29,40,0.27586206896551724,0.3,false
SI0204,small_mf,corp,1,6,7,60,0.14285714285714285,0.1,false
QN0901,mixed_use_res,partnership,2,226,92,1778,0.021739130434782608,0.12710911136107986,false
BK0102,condo_unit,unknown,18,290,192,3282,0.09375,0.08836075563680683,false
QN0301,small_mf,llc,60,553,122,1029,0.4918032786885246,0.5374149659863946,false
QN1304,sfr_1_4,llc,73,82,5145,5729,0.014188532555879495,0.014313143655088147,false
QN0402,other_res,lender_reo,1,2,43,78,0.023255813953488372,0.02564102564102564,false
SI0104,large_mf,hdfc,1,34,23,2203,0.043478260869565216,0.015433499773036768,false
BK1101,small_mf,partnership,1,18,358,2692,0.002793296089385475,0.006686478454680535,false
MN0703,condo_unit,individual,21,2013,35,3270,0.6,0.6155963302752293,false
SI0304,sfr_1_4,trust,1071,1494,11143,15492,0.09611415238266176,0.09643687064291247,false
QN0704,mixed_use_res,individual,114,510,323,2444,0.35294117647058826,0.20867430441898527,false
BK1303,mixed_use_res,trust,14,36,276,2217,0.050724637681159424,0.016238159675236806,false
BK1602,sfr_1_4,corp,42,103,3051,5813,0.01376597836774828,0.017718905900567693,false
BX0601,large_mf,unknown,13,919,73,4020,0.1780821917808219,0.22860696517412935,false
QN0301,large_mf,unknown,18,1376,136,7942,0.1323529411764706,0.17325610677411232,false
MN0401,condo_unit,corp,3,86,62,1585,0.04838709677419355,0.05425867507886435,false
MN1001,large_mf,hdfc,24,1087,138,5558,0.17391304347826086,0.19557394746311624,false
SI0104,mixed_use_res,trust,8,13,163,393,0.049079754601226995,0.03307888040712468,false
BK0202,sfr_1_4,llc,122,324,788,1675,0.1548223350253807,0.19343283582089552,false
BX0903,large_mf,hdfc,3,138,30,2471,0.1,0.05584783488466208,false
BK0401,small_mf,partnership,18,113,1548,10157,0.011627906976744186,0.011125332283154475,false
MN1102,coop_building,hdfc,22,534,40,2034,0.55,0.26253687315634217,false
BK1701,small_mf,partnership,1,10,311,2757,0.003215434083601286,0.003627130939426913,false
QN0901,other_res,corp,1,2,6,12,0.16666666666666666,0.16666666666666666,false
QN0702,small_mf,individual,7,36,15,83,0.4666666666666667,0.43373493975903615,false
MN0402,mixed_use_res,corp,92,4242,494,23228,0.1862348178137652,0.18262441880489064,false
MN0203,sfr_1_4,coop_corp,1,2,603,1087,0.001658374792703151,0.0018399264029438822,false
SI0304,condo_unit,llc,1,0,5,10,0.2,0.0,false
MN1202,large_mf,individual,18,680,316,13645,0.056962025316455694,0.04983510443385856,false
BK0102,mixed_use_res,individual,268,4559,992,14214,0.2701612903225806,0.3207401153792036,false
MN0701,mixed_use_res,llc,97,7352,220,24731,0.4409090909090909,0.29727871901661884,false
MN0903,mixed_use_res,corp,22,610,187,4431,0.11764705882352941,0.13766644098397654,false
BK0801,small_mf,individual,34,252,205,1856,0.16585365853658537,0.13577586206896552,false
BX0801,small_mf,hdfc,2,18,58,591,0.034482758620689655,0.030456852791878174,false
BK1502,mixed_use_res,unknown,12,160,325,1674,0.036923076923076927,0.0955794504181601,false
BK0401,small_mf,individual,269,1650,1548,10157,0.17377260981912146,0.16244954218765384,false
BK0302,condo_unit,individual,51,521,136,1114,0.375,0.46768402154398564,false
QN0902,small_mf,corp,12,103,57,422,0.21052631578947367,0.24407582938388625,false
MN0402,sfr_1_4,trust,6,15,51,131,0.11764705882352941,0.11450381679389313,false
QN1206,mixed_use_res,lender_reo,1,2,203,386,0.0049261083743842365,0.0051813471502590676,false
QN0805,other_res,corp,2,5,4,8,,,true
BX0603,sfr_1_4,partnership,4,12,658,1597,0.0060790273556231,0.007514088916718848,false
BX1001,mixed_use_res,unknown,7,151,109,1212,0.06422018348623854,0.12458745874587458,false
BK0902,condo_unit,individual,25,296,57,600,0.43859649122807015,0.49333333333333335,false
MN1203,mixed_use_res,unknown,14,775,92,5883,0.15217391304347827,0.13173550909399967,false
MN1001,coop_building,hdfc,31,895,71,2129,0.43661971830985913,0.42038515735086895,false
SI0303,other_res,individual,4,1,5,5,,,true
BK1703,sfr_1_4,individual,4069,7462,4821,9008,0.8440157643642398,0.8283747779751333,false
BK0104,mixed_use_res,trust,23,63,805,6332,0.02857142857142857,0.009949463044851548,false
BX0802,sfr_1_4,llc,41,87,538,926,0.0762081784386617,0.0939524838012959,false
BX0702,large_mf,unknown,28,1171,310,14209,0.09032258064516129,0.08241255542261947,false
BK0901,condo_unit,unknown,6,131,23,546,0.2608695652173913,0.23992673992673993,false
QN0901,sfr_1_4,coop_corp,1,2,1303,2065,0.0007674597083653108,0.0009685230024213075,false
BK0401,small_mf,hdfc,49,338,1548,10157,0.03165374677002584,0.033277542581470906,false
MN0803,mixed_use_res,corp,65,1701,441,20090,0.1473922902494331,0.08466898954703833,false
QN0707,small_mf,corp,17,166,84,702,0.20238095238095238,0.23646723646723647,false
BK0701,mixed_use_res,partnership,2,84,214,1684,0.009345794392523364,0.0498812351543943,false
QN1206,sfr_1_4,trust,215,284,3701,5046,0.058092407457443936,0.056282203725723345,false
BX1202,sfr_1_4,lender_reo,15,33,6181,10976,0.0024267917812651673,0.0030065597667638484,false
BX1104,sfr_1_4,trust,39,78,1171,2506,0.033304867634500426,0.03112529928172386,false
QN1201,large_mf,unknown,7,540,103,8070,0.06796116504854369,0.06691449814126393,false
QN0105,mixed_use_res,unknown,4,16,233,7658,0.017167381974248927,0.0020893183598850876,false
BX0703,other_res,corp,1,1,6,15,0.16666666666666666,0.06666666666666667,false
QN1201,small_mf,corp,21,176,86,802,0.2441860465116279,0.2194513715710723,false
MN0402,small_mf,hdfc,4,42,195,2085,0.020512820512820513,0.02014388489208633,false
MN0302,other_res,unknown,1,2,6,12,0.16666666666666666,0.16666666666666666,false
SI0204,sfr_1_4,llc,186,328,7889,11068,0.023577132716440612,0.02963498373689917,false
BX0702,large_mf,corp,43,2058,310,14209,0.13870967741935483,0.14483777887254556,false
MN0502,small_mf,unknown,1,5,9,83,0.1111111111111111,0.060240963855421686,false
BX0903,small_mf,corp,4,24,36,328,0.1111111111111111,0.07317073170731707,false
BK1402,large_mf,individual,6,446,130,6612,0.046153846153846156,0.06745311554748941,false
MN0101,small_mf,corp,2,19,10,95,0.2,0.2,false
BK1501,sfr_1_4,partnership,2,3,5463,9796,0.0003660992128866923,0.00030624744793793387,false
QN0703,other_res,individual,1,0,1,0,,,true
SI0105,sfr_1_4,hdfc,1,2,8454,10801,0.00011828720132481665,0.00018516803999629665,false
BK0201,small_mf,corp,17,165,212,1875,0.08018867924528301,0.088,false
QN0303,other_res,llc,3,6,16,25,0.1875,0.24,false
QN1301,mixed_use_res,individual,18,21,50,76,0.36,0.27631578947368424,false
QN0501,mixed_use_res,trust,21,46,385,950,0.05454545454545454,0.04842105263157895,false
SI0104,mixed_use_res,individual,69,215,163,393,0.4233128834355828,0.5470737913486005,false
BK1601,sfr_1_4,unknown,11,25,2589,6286,0.004248744689069139,0.003977091950365892,false
QN0805,other_res,individual,2,3,4,8,,,true
SI0201,large_mf,unknown,2,69,14,1056,0.14285714285714285,0.06534090909090909,false
QN0703,mixed_use_res,trust,3,6,25,55,0.12,0.10909090909090909,false
QN0803,small_mf,llc,5,32,10,61,0.5,0.5245901639344263,false
BK0101,mixed_use_res,partnership,1,2,765,10849,0.00130718954248366,0.0001843487879067195,false
BX0302,small_mf,hdfc,4,62,26,311,0.15384615384615385,0.19935691318327975,false
BK1401,condo_unit,individual,6,176,13,390,0.46153846153846156,0.4512820512820513,false
QN0104,mixed_use_res,llc,238,1585,427,2559,0.5573770491803278,0.6193825713169206,false
BK1401,sfr_1_4,coop_corp,1,1,1401,2295,0.0007137758743754461,0.00043572984749455336,false
BX0603,large_mf,llc,76,2382,144,5400,0.5277777777777778,0.4411111111111111,false
BK1102,large_mf,llc,15,2106,21,2367,0.7142857142857143,0.8897338403041825,false
QN0402,mixed_use_res,partnership,2,446,382,2350,0.005235602094240838,0.18978723404255318,false
BK0501,mixed_use_res,partnership,1,18,432,2854,0.0023148148148148147,0.006306937631394534,false
MN1001,mixed_use_res,unknown,37,1035,285,6308,0.12982456140350876,0.16407736207989854,false
BK0802,sfr_1_4,partnership,6,19,3421,8038,0.0017538731365097924,0.002363772082607614,false
QN0203,small_mf,corp,21,195,234,1858,0.08974358974358974,0.10495156081808396,false
BK1801,sfr_1_4,unknown,74,108,10386,15181,0.007124975929135375,0.007114155852710625,false
BK0201,mixed_use_res,llc,105,1618,194,3653,0.5412371134020618,0.44292362441828637,false
BK0601,other_res,corp,5,4,43,47,0.11627906976744186,0.0851063829787234,false
QN0702,mixed_use_res,individual,30,42,105,204,0.2857142857142857,0.20588235294117646,false
BK0104,other_res,individual,7,5,16,18,0.4375,0.2777777777777778,false
BK1303,mixed_use_res,individual,81,985,276,2217,0.29347826086956524,0.44429409111411816,false
BX1003,small_mf,partnership,3,20,85,585,0.03529411764705882,0.03418803418803419,false
MN0702,sfr_1_4,partnership,2,6,489,941,0.00408997955010225,0.006376195536663124,false
QN0102,sfr_1_4,corp,16,41,763,1781,0.020969855832241154,0.023020774845592364,false
BX1003,small_mf,trust,4,25,85,585,0.047058823529411764,0.042735042735042736,false
QN1201,condo_unit,corp,1,0,5,418,0.2,0.0,false
BK0802,mixed_use_res,individual,182,657,731,4435,0.24897400820793433,0.14813979706877115,false
BK0701,large_mf,partnership,1,52,26,1738,0.038461538461538464,0.02991944764096663,false
QN0705,other_res,llc,3,2,7,8,,,true
BK1601,coop_building,hdfc,5,78,8,155,0.625,0.5032258064516129,false
QN0202,coop_building,coop_corp,45,3934,45,3934,1.0,1.0,false
QN0504,sfr_1_4,individual,6411,9733,7306,11336,0.8774979468929647,0.858592095977417,false
QN0904,mixed_use_res,corp,29,72,224,603,0.12946428571428573,0.11940298507462686,false
BX0703,mixed_use_res,unknown,8,421,107,3703,0.07476635514018691,0.1136916014042668,false
BK1801,small_mf,individual,4,25,21,214,0.19047619047619047,0.11682242990654206,false
BX1203,condo_unit,individual,1,9,1,9,,,true
MN0604,condo_unit,trust,1,27,24,1674,0.041666666666666664,0.016129032258064516,false
MN0903,condo_unit,individual,24,284,35,693,0.6857142857142857,0.4098124098124098,false
MN0303,small_mf,hdfc,19,215,362,3808,0.052486187845303865,0.056460084033613446,false
BK1103,sfr_1_4,llc,244,632,5677,12177,0.04298044741941166,0.05190112507185678,false
MN0801,sfr_1_4,partnership,1,1,177,259,0.005649717514124294,0.003861003861003861,false
QN1101,mixed_use_res,corp,12,35,130,250,0.09230769230769231,0.14,false
BX0803,mixed_use_res,llc,32,659,73,1984,0.4383561643835616,0.3321572580645161,false
QN0502,small_mf,lender_reo,1,6,1219,7794,0.0008203445447087777,0.0007698229407236335,false
BK0501,sfr_1_4,llc,277,657,4212,8445,0.0657644824311491,0.07779751332149201,false
QN0503,sfr_1_4,lender_reo,3,6,5801,10368,0.0005171522151353214,0.0005787037037037037,false
QN0601,sfr_1_4,partnership,1,2,2236,3184,0.0004472271914132379,0.000628140703517588,false
MN0203,mixed_use_res,llc,336,4051,602,9155,0.5581395348837209,0.44249044238121243,false
SI0106,large_mf,hdfc,1,43,11,505,0.09090909090909091,0.08514851485148515,false
BK0501,sfr_1_4,corp,79,176,4212,8445,0.01875593542260209,0.02084073416222617,false
BX1201,sfr_1_4,individual,4269,8398,5063,10321,0.8431759826190006,0.8136808448793722,false
BX0801,sfr_1_4,unknown,3,7,649,1222,0.004622496147919877,0.0057283142389525366,false
SI0101,other_res,individual,5,5,9,9,,,true
BK0601,mixed_use_res,partnership,3,21,920,12490,0.003260869565217391,0.0016813450760608487,false
BK1001,other_res,llc,6,8,21,24,0.2857142857142857,0.3333333333333333,false
BK0901,coop_building,hdfc,4,175,10,753,0.4,0.23240371845949534,false
BX0703,sfr_1_4,lender_reo,1,1,467,988,0.0021413276231263384,0.0010121457489878543,false
BK1702,small_mf,corp,1,19,87,782,0.011494252873563218,0.024296675191815855,false
BK0402,large_mf,unknown,10,364,73,3982,0.136986301369863,0.09141135107985937,false
BK0104,condo_unit,llc,59,495,179,1607,0.329608938547486,0.3080273802115744,false
MN0201,small_mf,unknown,2,12,66,634,0.030303030303030304,0.01892744479495268,false
QN0101,mixed_use_res,hdfc,1,84,403,2926,0.0024813895781637717,0.028708133971291867,false
BX0501,large_mf,corp,23,1287,197,10732,0.116751269035533,0.1199217294073798,false
MN0801,large_mf,llc,109,5213,197,11550,0.5532994923857868,0.4513419913419913,false
SI0102,mixed_use_res,individual,71,701,206,1428,0.3446601941747573,0.49089635854341734,false
BK0203,mixed_use_res,hdfc,2,127,244,7868,0.00819672131147541,0.01614133197763091,false
BX0702,mixed_use_res,llc,97,3170,154,5497,0.6298701298701299,0.5766781881026014,false
SI0101,sfr_1_4,partnership,2,5,2208,3594,0.0009057971014492754,0.0013912075681691708,false
BK0505,small_mf,unknown,3,20,86,642,0.03488372093023256,0.03115264797507788,false
BK0402,coop_building,coop_corp,6,72,16,217,0.375,0.3317972350230415,false
BX1201,small_mf,corp,37,294,304,2584,0.12171052631578948,0.11377708978328173,false
BX0501,small_mf,individual,6,34,110,1201,0.05454545454545454,0.028309741881765195,false
BK0203,small_mf,trust,4,28,171,1367,0.023391812865497075,0.020482809070958303,false
BK0503,small_mf,unknown,7,87,247,1795,0.02834008097165992,0.048467966573816156,false
BK0701,small_mf,corp,14,97,164,1190,0.08536585365853659,0.08151260504201681,false
BK0703,coop_building,coop_corp,25,627,26,644,0.9615384615384616,0.9736024844720497,false
BK0601,mixed_use_res,unknown,30,182,920,12490,0.03260869565217391,0.01457165732586069,false
MN0703,sfr_1_4,unknown,1,2,94,172,0.010638297872340425,0.011627906976744186,false
QN0902,sfr_1_4,unknown,18,31,4021,7106,0.004476498383486694,0.004362510554461019,false
BX0501,mixed_use_res,llc,43,1632,97,5793,0.44329896907216493,0.28171931641636455,false
BK0501,other_res,trust,1,1,39,45,0.02564102564102564,0.022222222222222223,false
QN1104,other_res,corp,1,1,4,4,,,true
BK0703,other_res,individual,3,5,5,12,0.6,0.4166666666666667,false
BK1702,sfr_1_4,hdfc,1,2,4620,7137,0.00021645021645021645,0.00028022978842650974,false
QN0103,mixed_use_res,individual,136,1004,607,4409,0.22405271828665568,0.22771603538217283,false
QN0805,large_mf,corp,6,511,40,3719,0.15,0.13740252756117236,false
BK1303,mixed_use_res,partnership,1,2,276,2217,0.0036231884057971015,0.0009021199819576004,false
BX0201,sfr_1_4,llc,75,204,398,989,0.1884422110552764,0.20626895854398383,false
MN1002,other_res,individual,1,4,3,8,,,true
BK0801,condo_unit,corp,2,31,110,1050,0.01818181818181818,0.029523809523809525,false
QN0105,sfr_1_4,lender_reo,1,2,815,1846,0.001226993865030675,0.0010834236186348862,false
QN0201,mixed_use_res,individual,42,2078,256,22121,0.1640625,0.09393788707562949,false
QN0905,condo_unit,individual,1,9,2,57,0.5,0.15789473684210525,false
BX1101,small_mf,llc,36,267,52,387,0.6923076923076923,0.689922480620155,false
BK0301,small_mf,corp,50,436,775,6301,0.06451612903225806,0.06919536581495,false
QN0903,sfr_1_4,unknown,22,31,3220,5556,0.0068322981366459624,0.005579553635709143,false
BK0503,large_mf,corp,3,201,34,4633,0.08823529411764706,0.04338441614504641,false
QN0901,sfr_1_4,llc,99,213,1303,2065,0.07597851112816577,0.10314769975786925,false
BK0503,sfr_1_4,hdfc,37,106,4379,9160,0.008449417675268326,0.011572052401746726,false
SI0105,coop_building,coop_corp,2,330,2,330,1.0,1.0,false
MN0703,coop_building,hdfc,12,201,136,5580,0.08823529411764706,0.03602150537634408,false
BK0204,condo_unit,corp,3,69,117,1147,0.02564102564102564,0.06015693112467306,false
MN0401,coop_building,hdfc,5,60,223,8058,0.02242152466367713,0.007446016381236039,false
BX0202,condo_unit,individual,3,39,9,889,0.3333333333333333,0.043869516310461196,false
BK1103,large_mf,hdfc,1,166,68,3438,0.014705882352941176,0.048283885980221056,false
BK1102,small_mf,llc,35,382,82,706,0.4268292682926829,0.5410764872521246,false
MN1101,large_mf,hdfc,11,831,94,4059,0.11702127659574468,0.20473022912047303,false
BK0703,other_res,llc,2,7,5,12,0.4,0.5833333333333334,false
BK1501,sfr_1_4,estate,3,8,5463,9796,0.0005491488193300384,0.0008166598611678236,false
BK0104,mixed_use_res,hdfc,2,22,805,6332,0.002484472049689441,0.003474415666456096,false
MN1102,sfr_1_4,individual,318,947,503,1558,0.6322067594433399,0.6078305519897305,false
QN0704,large_mf,partnership,2,145,52,3406,0.038461538461538464,0.04257193188490899,false
BK0102,other_res,corp,6,11,22,39,0.2727272727272727,0.28205128205128205,false
QN0901,coop_building,coop_corp,35,3397,35,3397,1.0,1.0,false
BX0102,large_mf,corp,8,630,83,4088,0.0963855421686747,0.1541095890410959,false
BK0204,mixed_use_res,hdfc,3,27,235,2733,0.01276595744680851,0.009879253567508232,false
MN1001,small_mf,unknown,31,347,404,3791,0.07673267326732673,0.0915325771564231,false
MN0502,mixed_use_res,corp,65,1109,318,15266,0.20440251572327045,0.07264509367221277,false
BK0702,condo_unit,llc,23,150,96,748,0.23958333333333334,0.20053475935828877,false
QN1401,small_mf,individual,6,52,49,387,0.12244897959183673,0.1343669250645995,false
SI0201,other_res,unknown,3,5,22,28,0.13636363636363635,0.17857142857142858,false
BK1303,large_mf,unknown,10,507,80,4830,0.125,0.10496894409937889,false
BK1103,sfr_1_4,unknown,35,71,5677,12177,0.006165228113440197,0.005830664367249733,false
QN1103,small_mf,llc,5,40,5,40,1.0,1.0,false
BK0301,large_mf,corp,11,574,117,5286,0.09401709401709402,0.10858872493378736,false
BK1502,small_mf,corp,4,34,40,346,0.1,0.09826589595375723,false
QN1401,large_mf,corp,12,3265,70,8678,0.17142857142857143,0.3762387646923254,false
BX0701,small_mf,individual,6,56,94,1043,0.06382978723404255,0.053691275167785234,false
BX0903,other_res,llc,3,3,9,5,,,true
MN0604,large_mf,unknown,5,208,47,3246,0.10638297872340426,0.0640788662969809,false
QN1204,large_mf,unknown,1,111,10,892,0.1,0.12443946188340807,false
MN0903,large_mf,lender_reo,1,29,249,9583,0.004016064257028112,0.0030261922153814046,false
QN1202,sfr_1_4,trust,198,310,6056,9549,0.03269484808454425,0.03246413236988166,false
BK0902,coop_building,coop_corp,17,1322,19,1346,0.8947368421052632,0.9821693907875185,false
BK1801,other_res,corp,2,4,15,17,0.13333333333333333,0.23529411764705882,false
BK0602,mixed_use_res,hdfc,6,77,813,6895,0.007380073800738007,0.01116751269035533,false
BK0503,mixed_use_res,individual,100,560,252,2760,0.3968253968253968,0.2028985507246377,false
BX0202,large_mf,hdfc,39,1572,140,6046,0.2785714285714286,0.2600066159444261,false
QN0402,small_mf,llc,166,1131,303,1945,0.5478547854785478,0.5814910025706941,false
QN1205,small_mf,individual,2,16,9,73,0.2222222222222222,0.2191780821917808,false
QN0504,sfr_1_4,trust,553,859,7306,11336,0.07569121270188886,0.07577628793225123,false
BK1803,sfr_1_4,estate,3,5,11663,21999,0.00025722369887678983,0.00022728305832083275,false
BK1501,sfr_1_4,unknown,47,78,5463,9796,0.008603331502837269,0.007962433646386281,false
SI0105,sfr_1_4,lender_reo,2,2,8454,10801,0.0002365744026496333,0.00018516803999629665,false
QN1302,sfr_1_4,lender_reo,1,1,5418,6860,0.00018456995201181247,0.0001457725947521866,false
BX0502,large_mf,unknown,18,1058,245,12528,0.07346938775510205,0.08445083014048531,false
BK1803,small_mf,llc,3,27,8,65,0.375,0.4153846153846154,false
QN1202,mixed_use_res,corp,45,92,223,518,0.20179372197309417,0.1776061776061776,false
BX0602,sfr_1_4,lender_reo,2,5,996,2199,0.002008032128514056,0.002273760800363802,false
QN1201,small_mf,unknown,3,17,86,802,0.03488372093023256,0.02119700748129676,false
MN0302,coop_building,hdfc,11,441,56,7208,0.19642857142857142,0.06118201997780244,false
BK0901,sfr_1_4,estate,1,2,2061,3827,0.00048520135856380397,0.0005226025607525476,false
QN1001,mixed_use_res,trust,26,50,667,1325,0.038980509745127435,0.03773584905660377,false
QN0203,sfr_1_4,unknown,14,33,3914,8071,0.0035769034236075624,0.004088712675009293,false
QN0905,small_mf,trust,2,17,31,299,0.06451612903225806,0.056856187290969896,false
BK0302,coop_building,hdfc,6,60,20,249,0.3,0.24096385542168675,false
BK0701,sfr_1_4,trust,257,489,2634,5057,0.09757023538344722,0.09669764682618152,false
MN0303,large_mf,unknown,32,1042,256,8965,0.125,0.1162297824874512,false
BX0402,small_mf,llc,27,282,57,589,0.47368421052631576,0.47877758913412566,false
BX0201,sfr_1_4,unknown,3,8,398,989,0.007537688442211055,0.008088978766430738,false
MN1102,large_mf,partnership,4,137,128,7687,0.03125,0.017822297385195786,false
QN0101,sfr_1_4,lender_reo,1,2,5703,11779,0.0001753463089601964,0.00016979370065370574,false
QN0905,small_mf,corp,2,17,31,299,0.06451612903225806,0.056856187290969896,false
BK0203,sfr_1_4,llc,208,585,1236,3154,0.16828478964401294,0.18547875713379836,false
BX1104,mixed_use_res,trust,1,3,95,1961,0.010526315789473684,0.0015298317185109638,false
QN0202,small_mf,corp,42,324,465,3266,0.09032258064516129,0.09920391916717697,false
MN0903,large_mf,llc,135,4926,249,9583,0.5421686746987951,0.5140352707920276,false
BK0402,large_mf,individual,7,447,73,3982,0.0958904109589041,0.11225514816675038,false
BX0202,small_mf,unknown,10,122,112,1180,0.08928571428571429,0.10338983050847457,false
BX0501,mixed_use_res,unknown,2,79,97,5793,0.020618556701030927,0.013637148282409806,false
QN0503,small_mf,unknown,2,12,194,1232,0.010309278350515464,0.00974025974025974,false
BK1602,other_res,corp,2,2,6,8,,,true
QN0202,sfr_1_4,unknown,22,38,2187,4222,0.010059442158207591,0.009000473709142587,false
QN0102,sfr_1_4,individual,579,1325,763,1781,0.7588466579292268,0.7439640651319483,false
BK1002,other_res,individual,6,7,12,15,0.5,0.4666666666666667,false
QN0402,large_mf,partnership,11,2566,36,5034,0.3055555555555556,0.5097338100913786,false
BX0802,mixed_use_res,llc,27,1005,52,1686,0.5192307692307693,0.5960854092526691,false
BK1301,condo_unit,llc,7,46,40,478,0.175,0.09623430962343096,false
QN0105,other_res,corp,2,4,15,29,0.13333333333333333,0.13793103448275862,false
QN0602,other_res,unknown,2,2,5,6,,,true
BX0501,large_mf,individual,3,274,197,10732,0.015228426395939087,0.025531121878494222,false
BX0101,coop_building,hdfc,4,35,6,206,0.6666666666666666,0.16990291262135923,false
BX0903,sfr_1_4,llc,154,394,3200,6216,0.048125,0.06338481338481339,false
BX0303,mixed_use_res,llc,54,1314,123,4574,0.43902439024390244,0.28727590730214253,false
QN0706,mixed_use_res,individual,28,79,53,144,0.5283018867924528,0.5486111111111112,false
BX0202,mixed_use_res,individual,22,703,150,4942,0.14666666666666667,0.14225010117361392,false
MN0201,mixed_use_res,individual,161,2265,780,10500,0.2064102564102564,0.21571428571428572,false
BK1001,other_res,unknown,3,4,21,24,0.14285714285714285,0.16666666666666666,false
QN0803,sfr_1_4,unknown,23,26,3552,4319,0.006475225225225225,0.006019912016670526,false
QN0703,sfr_1_4,corp,22,39,2478,3709,0.00887812752219532,0.010514963602049069,false
BX0503,small_mf,individual,1,5,36,427,0.027777777777777776,0.0117096018735363,false
BK0101,small_mf,unknown,20,150,1050,7287,0.01904761904761905,0.02058460271716756,false
MN0101,mixed_use_res,individual,44,8639,206,21016,0.21359223300970873,0.41106775789874384,false
QN0705,large_mf,unknown,4,168,25,1414,0.16,0.1188118811881188,false
BK0503,sfr_1_4,unknown,27,54,4379,9160,0.006165791276547157,0.0058951965065502186,false
BK1502,large_mf,llc,61,3582,79,4614,0.7721518987341772,0.776332899869961,false
SI0101,small_mf,unknown,2,15,54,467,0.037037037037037035,0.032119914346895075,false
BK0401,mixed_use_res,hdfc,12,132,744,6374,0.016129032258064516,0.02070913084405397,false
QN1104,mixed_use_res,llc,10,11,32,34,0.3125,0.3235294117647059,false
QN0104,small_mf,trust,44,285,590,3907,0.07457627118644068,0.07294599436908114,false
BK0502,small_mf,trust,3,17,172,1391,0.01744186046511628,0.012221423436376708,false
BK1801,other_res,llc,4,5,15,17,0.26666666666666666,0.29411764705882354,false
BK1601,sfr_1_4,trust,116,273,2589,6286,0.044804943993820005,0.043429844097995544,false
BX0503,small_mf,unknown,3,30,36,427,0.08333333333333333,0.0702576112412178,false
MN0702,coop_building,coop_corp,453,17603,465,17950,0.9741935483870968,0.9806685236768802,false
QN0105,large_mf,trust,1,20,32,1588,0.03125,0.012594458438287154,false
QN0704,large_mf,llc,37,2501,52,3406,0.7115384615384616,0.7342924251321198,false
QN0102,other_res,unknown,2,4,10,16,0.2,0.25,false
BX0802,large_mf,partnership,2,115,62,4114,0.03225806451612903,0.027953330092367525,false
MN0401,small_mf,unknown,23,277,223,2449,0.1031390134529148,0.11310739077174357,false
BX0803,large_mf,llc,27,2291,56,4971,0.48214285714285715,0.4608730637698652,false
QN1303,other_res,corp,2,3,16,15,0.125,0.2,false
BK1801,other_res,unknown,1,1,15,17,0.06666666666666667,0.058823529411764705,false
BK1202,sfr_1_4,individual,3660,7895,5735,12755,0.6381865736704446,0.6189729517836142,false
QN0702,sfr_1_4,partnership,4,5,6178,8190,0.0006474587245063128,0.0006105006105006105,false
SI0303,mixed_use_res,llc,3,3,17,23,0.17647058823529413,0.13043478260869565,false
BK1002,sfr_1_4,llc,239,563,5750,10581,0.041565217391304345,0.053208581419525565,false
BX0401,condo_unit,individual,2,279,2,279,1.0,1.0,false
BK1402,small_mf,individual,11,107,84,870,0.13095238095238096,0.12298850574712644,false
BX0302,mixed_use_res,hdfc,6,246,43,1793,0.13953488372093023,0.13720022308979365,false
BK0302,large_mf,llc,45,2068,89,5037,0.5056179775280899,0.41056184236648796,false
BX0802,large_mf,individual,2,163,62,4114,0.03225806451612903,0.03962080700048615,false
BK1202,other_res,trust,4,8,88,132,0.045454545454545456,0.06060606060606061,false
MN0801,sfr_1_4,llc,59,88,177,259,0.3333333333333333,0.33976833976833976,false
BK1101,mixed_use_res,corp,167,616,1031,4072,0.16197866149369544,0.1512770137524558,false
MN1002,small_mf,trust,10,86,477,5168,0.020964360587002098,0.016640866873065017,false
QN0503,mixed_use_res,trust,13,34,356,798,0.03651685393258427,0.042606516290726815,false
MN0703,large_mf,corp,16,832,141,7096,0.11347517730496454,0.11724915445321307,false
BK0302,sfr_1_4,corp,131,336,6616,15509,0.019800483675937123,0.021664839770455864,false
BX1003,condo_unit,llc,1,18,7,212,0.14285714285714285,0.08490566037735849,false
BX0901,sfr_1_4,unknown,25,73,2991,7957,0.008358408559010365,0.009174311926605505,false
BK0702,sfr_1_4,corp,64,161,3240,7420,0.019753086419753086,0.02169811320754717,false
BK0504,large_mf,llc,1,124,11,10400,0.09090909090909091,0.011923076923076923,false
MN0101,mixed_use_res,corp,15,350,206,21016,0.07281553398058252,0.016653977921583556,false
BX0904,large_mf,unknown,1,61,10,595,0.1,0.10252100840336134,false
QN0706,large_mf,llc,1,26,2,62,0.5,0.41935483870967744,false
MN1201,coop_building,coop_corp,44,2332,71,3036,0.6197183098591549,0.7681159420289855,false
SI0302,mixed_use_res,unknown,1,1,123,196,0.008130081300813009,0.00510204081632653,false
MN0202,mixed_use_res,llc,201,2975,386,8046,0.5207253886010362,0.36974894357444693,false
BK0401,mixed_use_res,trust,21,70,744,6374,0.028225806451612902,0.010982114841543772,false
BK1201,large_mf,unknown,8,432,59,2210,0.13559322033898305,0.19547511312217195,false
BK0204,large_mf,partnership,1,72,54,2481,0.018518518518518517,0.02902055622732769,false
BX0901,small_mf,trust,1,8,153,1393,0.006535947712418301,0.00574300071787509,false
BX0901,sfr_1_4,partnership,1,3,2991,7957,0.00033433634236041456,0.00037702651753173305,false
QN1001,sfr_1_4,individual,11978,17657,13198,19671,0.9075617517805729,0.8976157795739922,false
QN1205,sfr_1_4,unknown,57,71,11252,14249,0.00506576608602915,0.004982805810934101,false
BK0601,small_mf,trust,20,147,475,3778,0.042105263157894736,0.03890947591318158,false
BK0103,mixed_use_res,individual,116,676,387,4533,0.2997416020671835,0.14912861239797043,false
MN0501,mixed_use_res,unknown,46,1882,370,13543,0.12432432432432433,0.13896477885254374,false
MN0701,small_mf,individual,19,173,254,2436,0.07480314960629922,0.07101806239737274,false
BK1103,coop_building,coop_corp,7,544,7,544,1.0,1.0,false
SI0101,other_res,llc,2,2,9,9,,,true
SI0303,mixed_use_res,trust,1,2,17,23,0.058823529411764705,0.08695652173913043,false
BX1002,large_mf,individual,2,104,10,529,0.2,0.19659735349716445,false
MN0203,sfr_1_4,unknown,11,21,603,1087,0.01824212271973466,0.019319227230910764,false
BK1001,small_mf,individual,144,869,392,2660,0.3673469387755102,0.32669172932330826,false
BK0201,condo_unit,corp,1,57,43,409,0.023255813953488372,0.1393643031784841,false
QN1304,other_res,individual,1,1,3,4,,,true
MN0502,condo_unit,llc,1,17,8,639,0.125,0.026604068857589983,false
BK0503,sfr_1_4,trust,241,500,4379,9160,0.05503539620918018,0.05458515283842795,false
SI0104,other_res,corp,1,1,7,8,,,true
SI0202,sfr_1_4,partnership,1,1,7616,9710,0.00013130252100840336,0.00010298661174047374,false
QN0805,large_mf,unknown,12,1277,40,3719,0.3,0.34337187415972037,false
QN1306,condo_unit,individual,1,10,1,10,1.0,1.0,false
QN0504,condo_unit,llc,1,15,10,165,0.1,0.09090909090909091,false
BK1802,mixed_use_res,individual,70,150,218,400,0.3211009174311927,0.375,false
QN0706,mixed_use_res,trust,2,4,53,144,0.03773584905660377,0.027777777777777776,false
BK0203,small_mf,coop_corp,1,7,171,1367,0.005847953216374269,0.005120702267739576,false
QN0401,sfr_1_4,corp,105,253,5747,12724,0.018270401948842874,0.019883684375982397,false
BX0303,large_mf,llc,29,1088,121,4954,0.2396694214876033,0.21962050867985466,false
MN0502,mixed_use_res,partnership,3,16,318,15266,0.009433962264150943,0.0010480807022140706,false
QN0501,large_mf,individual,2,90,4,171,0.5,0.5263157894736842,false
SI0302,sfr_1_4,estate,2,2,15372,19253,0.00013010668748373666,0.00010387991481846985,false
QN0903,small_mf,corp,3,19,23,172,0.13043478260869565,0.11046511627906977,false
MN0203,large_mf,unknown,19,593,134,4855,0.1417910447761194,0.12214212152420185,false
BK0201,small_mf,trust,13,87,212,1875,0.06132075471698113,0.0464,false
BX0401,mixed_use_res,individual,7,257,146,8646,0.04794520547945205,0.02972472819801064,false
BX1001,small_mf,partnership,1,12,72,564,0.013888888888888888,0.02127659574468085,false
QN0401,condo_unit,unknown,7,381,55,1265,0.12727272727272726,0.3011857707509881,false
SI0107,other_res,trust,1,1,22,23,0.045454545454545456,0.043478260869565216,false
MN0802,sfr_1_4,trust,74,100,825,1103,0.08969696969696969,0.09066183136899365,false
BK1101,sfr_1_4,unknown,59,146,9019,20034,0.006541745204568134,0.007287611061195967,false
MN0901,large_mf,partnership,2,134,37,2810,0.05405405405405406,0.04768683274021352,false
BK0101,sfr_1_4,unknown,14,36,2048,5108,0.0068359375,0.007047768206734534,false
QN0303,small_mf,corp,18,143,156,1153,0.11538461538461539,0.12402428447528187,false
BX0904,small_mf,individual,2,14,16,130,0.125,0.1076923076923077,false
BK0602,large_mf,corp,5,115,42,1677,0.11904761904761904,0.06857483601669648,false
BK0204,small_mf,coop_corp,1,6,221,1796,0.004524886877828055,0.0033407572383073497,false
BX0502,condo_unit,llc,1,3,2,5,,,true
QN0702,other_res,individual,8,4,10,6,,,true
QN0602,sfr_1_4,trust,774,999,6473,8241,0.1195736134713425,0.12122315253003277,false
BX0803,small_mf,corp,1,13,20,171,0.05,0.07602339181286549,false
BK1503,large_mf,corp,4,245,40,3058,0.1,0.08011772400261609,false
QN0602,sfr_1_4,partnership,3,3,6473,8241,0.0004634636181059787,0.00036403349108117945,false
QN0804,condo_unit,individual,1,42,1,42,1.0,1.0,false
BX0703,mixed_use_res,llc,58,1929,107,3703,0.5420560747663551,0.520928976505536,false
SI0302,sfr_1_4,trust,1457,1839,15372,19253,0.09478272183190216,0.09551758167558302,false
BK1061,large_mf,unknown,1,501,1,501,1.0,1.0,false
BX0403,small_mf,corp,4,42,67,731,0.05970149253731343,0.057455540355677154,false
BX0201,large_mf,unknown,7,306,48,2131,0.14583333333333334,0.14359455654622244,false
BX0703,large_mf,hdfc,9,486,215,9963,0.04186046511627907,0.04878048780487805,false
QN0905,sfr_1_4,trust,270,443,5505,9086,0.04904632152588556,0.04875632841734537,false
QN0103,large_mf,trust,2,53,238,9510,0.008403361344537815,0.005573080967402734,false
BK0602,other_res,coop_corp,1,0,13,17,0.07692307692307693,0.0,false
SI0204,mixed_use_res,llc,31,50,72,198,0.4305555555555556,0.25252525252525254,false
BK1303,large_mf,llc,58,3286,80,4830,0.725,0.6803312629399586,false
MN1201,sfr_1_4,estate,1,3,173,410,0.005780346820809248,0.007317073170731708,false
QN1204,large_mf,llc,2,206,10,892,0.2,0.23094170403587444,false
BK0202,large_mf,hdfc,1,491,35,2435,0.02857142857142857,0.20164271047227927,false
MN0903,large_mf,unknown,32,1169,249,9583,0.1285140562248996,0.12198685171658144,false
BK0505,large_mf,llc,9,432,25,1255,0.36,0.34422310756972113,false
BK1001,condo_unit,unknown,7,200,52,782,0.1346153846153846,0.2557544757033248,false
SI0104,sfr_1_4,trust,493,617,7165,9522,0.06880669923237963,0.06479731148918294,false
MN0604,small_mf,corp,4,30,72,722,0.05555555555555555,0.04155124653739612,false
QN0903,small_mf,unknown,1,6,23,172,0.043478260869565216,0.03488372093023256,false
BK0402,small_mf,trust,17,106,907,6125,0.018743109151047408,0.017306122448979593,false
MN0501,small_mf,unknown,4,45,54,526,0.07407407407407407,0.08555133079847908,false
SI0107,small_mf,corp,1,7,11,87,0.09090909090909091,0.08045977011494253,false
QN1001,mixed_use_res,unknown,16,39,667,1325,0.0239880059970015,0.02943396226415094,false
MN0903,large_mf,trust,1,20,249,9583,0.004016064257028112,0.002087029114056141,false
MN0803,small_mf,trust,5,41,265,3352,0.018867924528301886,0.012231503579952268,false
BK0302,small_mf,partnership,53,423,879,6752,0.06029579067121729,0.06264810426540285,false
SI0201,sfr_1_4,individual,6496,8331,7417,9674,0.8758258055817716,0.8611742815794914,false
BK0101,small_mf,hdfc,3,19,1050,7287,0.002857142857142857,0.002607383010841224,false
BK1002,sfr_1_4,partnership,3,8,5750,10581,0.0005217391304347826,0.0007560722048955675,false
QN0705,condo_unit,llc,2,87,10,223,0.2,0.3901345291479821,false
QN0503,sfr_1_4,llc,280,679,5801,10368,0.04826754007929667,0.06548996913580248,false
SI0202,condo_unit,individual,14,441,16,591,0.875,0.7461928934010152,false
BX0601,small_mf,llc,34,380,51,583,0.6666666666666666,0.6518010291595198,false
BX0201,mixed_use_res,corp,7,127,60,2195,0.11666666666666667,0.05785876993166287,false
QN1303,other_res,individual,11,8,16,15,0.6875,0.5333333333333333,false
QN0202,other_res,individual,1,2,3,4,,,true
BX0901,large_mf,hdfc,23,2248,138,8290,0.16666666666666666,0.27117008443908325,false
BK1702,mixed_use_res,llc,53,449,126,720,0.42063492063492064,0.6236111111111111,false
BX0702,small_mf,llc,64,656,92,925,0.6956521739130435,0.7091891891891892,false
MN0303,small_mf,unknown,49,579,362,3808,0.13535911602209943,0.15204831932773108,false
QN0707,sfr_1_4,unknown,6,14,818,1889,0.007334963325183374,0.007411328745367919,false
QN1104,sfr_1_4,corp,19,28,2981,3609,0.00637370010063737,0.0077583818232197285,false
QN0203,small_mf,individual,61,392,234,1858,0.2606837606837607,0.2109795479009688,false
QN0503,sfr_1_4,trust,354,648,5801,10368,0.06102396138596794,0.0625,false
BX0302,mixed_use_res,llc,16,431,43,1793,0.37209302325581395,0.2403792526491913,false
MN0902,large_mf,corp,9,231,102,3435,0.08823529411764706,0.06724890829694323,false
QN0903,sfr_1_4,llc,163,368,3220,5556,0.05062111801242236,0.06623470122390208,false
MN0302,condo_unit,unknown,1,24,15,657,0.06666666666666667,0.0365296803652968,false
MN0502,other_res,corp,1,3,7,17,0.14285714285714285,0.17647058823529413,false
QN1202,large_mf,individual,1,34,7,730,0.14285714285714285,0.04657534246575343,false
BK0601,sfr_1_4,individual,2725,6406,3993,9824,0.6824442774855998,0.6520765472312704,false
BX0101,sfr_1_4,individual,690,1387,879,1805,0.7849829351535836,0.7684210526315789,false
BX1203,small_mf,trust,2,24,167,1268,0.011976047904191617,0.01892744479495268,false
BX1202,condo_unit,llc,1,0,4,75,0.25,0.0,false
QN1101,small_mf,individual,5,41,25,245,0.2,0.1673469387755102,false
BK1703,small_mf,unknown,4,51,217,1732,0.018433179723502304,0.029445727482678985,false
MN1001,small_mf,trust,11,79,404,3791,0.027227722772277228,0.020838828805064626,false
MN1202,mixed_use_res,partnership,4,181,227,9502,0.01762114537444934,0.019048621342875185,false
MN1203,condo_unit,llc,1,0,3,101,0.3333333333333333,0.0,false
QN0602,sfr_1_4,llc,322,560,6473,8241,0.049745095010041714,0.0679529183351535,false
BK0702,other_res,individual,4,5,21,29,0.19047619047619047,0.1724137931034483,false
MN0401,coop_building,lender_reo,1,8,223,8058,0.004484304932735426,0.0009928021841648052,false
MN1101,large_mf,individual,9,318,94,4059,0.09574468085106383,0.07834441980783444,false
QN0103,mixed_use_res,unknown,33,382,607,4409,0.054365733113673806,0.08664096166931277,false
MN0303,small_mf,individual,43,352,362,3808,0.11878453038674033,0.09243697478991597,false
BK1602,sfr_1_4,hdfc,14,50,3051,5813,0.004588659455916093,0.00860141063134354,false
BK1402,large_mf,hdfc,1,21,130,6612,0.007692307692307693,0.003176043557168784,false
BX1201,small_mf,individual,44,286,304,2584,0.14473684210526316,0.11068111455108359,false
BK0402,mixed_use_res,trust,14,35,456,2173,0.03070175438596491,0.016106764841233318,false
MN0604,small_mf,hdfc,2,30,72,722,0.027777777777777776,0.04155124653739612,false
MN0202,condo_unit,individual,13,212,25,357,0.52,0.5938375350140056,false
MN0801,condo_unit,individual,10,1178,15,1540,0.6666666666666666,0.7649350649350649,false
MN0102,mixed_use_res,llc,162,3171,424,8933,0.38207547169811323,0.3549759319377589,false
BK1501,sfr_1_4,llc,710,1325,5463,9796,0.12996522057477577,0.13525928950592078,false
BK0902,other_res,corp,1,0,6,1,,,true
BK1203,sfr_1_4,unknown,12,23,2350,4853,0.005106382978723404,0.004739336492890996,false
BK1202,sfr_1_4,corp,87,223,5735,12755,0.015170008718395816,0.017483339866718933,false
BX0603,small_mf,corp,31,347,198,1974,0.15656565656565657,0.1757852077001013,false
BX0101,small_mf,hdfc,13,166,123,1365,0.10569105691056911,0.12161172161172161,false
BX0401,small_mf,llc,106,1076,172,1746,0.6162790697674418,0.6162657502863689,false
BK0701,other_res,corp,2,3,2,3,,,true
SI0301,sfr_1_4,llc,99,151,5757,6951,0.017196456487754037,0.02172349302258668,false
SI0301,large_mf,llc,9,1326,9,1326,1.0,1.0,false
BK1801,large_mf,coop_corp,1,42,32,1952,0.03125,0.02151639344262295,false
MN0903,mixed_use_res,llc,93,2238,187,4431,0.49732620320855614,0.5050778605280974,false
QN1103,mixed_use_res,trust,5,7,82,244,0.06097560975609756,0.028688524590163935,false
MN1102,large_mf,corp,14,574,128,7687,0.109375,0.07467152335111227,false
MN0501,small_mf,hdfc,1,7,54,526,0.018518518518518517,0.013307984790874524,false
BK1803,sfr_1_4,llc,333,718,11663,21999,0.028551830575323674,0.03263784717487159,false
BX0802,large_mf,unknown,7,605,62,4114,0.11290322580645161,0.14705882352941177,false
SI0203,large_mf,corp,1,80,5,313,0.2,0.25559105431309903,false
BX0603,mixed_use_res,partnership,2,46,268,4093,0.007462686567164179,0.011238700219887612,false
BK0104,large_mf,unknown,6,276,58,3261,0.10344827586206896,0.08463661453541858,false
BK1202,condo_unit,lender_reo,1,22,613,2615,0.0016313213703099511,0.008413001912045888,false
QN1305,mixed_use_res,trust,3,5,49,67,0.061224489795918366,0.07462686567164178,false
BX0904,mixed_use_res,corp,7,73,44,5482,0.1590909090909091,0.01331630791681868,false
QN0802,coop_building,coop_corp,7,2773,7,2773,1.0,1.0,false
MN0501,large_mf,unknown,3,233,15,2107,0.2,0.11058376839107736,false
QN0301,sfr_1_4,corp,67,149,5591,11008,0.011983544983008406,0.013535610465116279,false
QN1205,sfr_1_4,trust,522,652,11252,14249,0.04639175257731959,0.045757597024352586,false
BK1701,mixed_use_res,llc,291,3632,521,4648,0.5585412667946257,0.7814113597246127,false
QN0501,other_res,individual,31,38,46,62,0.6739130434782609,0.6129032258064516,false
BX0802,condo_unit,individual,1,33,3,34,0.3333333333333333,0.9705882352941176,false
MN0801,small_mf,individual,10,113,139,1777,0.07194244604316546,0.06359032076533483,false
QN1102,sfr_1_4,lender_reo,1,2,7981,10543,0.0001252975817566721,0.00018969932656739068,false
QN1001,sfr_1_4,unknown,66,100,13198,19671,0.005000757690559176,0.005083625641807738,false
BX1104,sfr_1_4,llc,115,311,1171,2506,0.0982066609735269,0.12410215482841182,false
SI0201,small_mf,llc,24,206,39,299,0.6153846153846154,0.6889632107023411,false
QN1201,mixed_use_res,corp,82,1386,531,6846,0.1544256120527307,0.20245398773006135,false
BX1102,mixed_use_res,individual,30,108,115,786,0.2608695652173913,0.13740458015267176,false
BX0401,other_res,unknown,1,1,2,2,,,true
BX0904,large_mf,hdfc,1,221,10,595,0.1,0.37142857142857144,false
BK1203,sfr_1_4,partnership,1,2,2350,4853,0.000425531914893617,0.00041211621677313,false
BK0202,condo_unit,llc,23,310,74,939,0.3108108108108108,0.3301384451544196,false
BK1302,small_mf,trust,4,31,82,571,0.04878048780487805,0.0542907180385289,false
BK1001,small_mf,coop_corp,1,16,392,2660,0.002551020408163265,0.006015037593984963,false
BK1303,sfr_1_4,llc,147,352,1121,2472,0.1311329170383586,0.1423948220064725,false
MN0701,small_mf,corp,30,299,254,2436,0.11811023622047244,0.12274220032840723,false
BX0301,large_mf,unknown,20,939,110,4679,0.18181818181818182,0.2006839068176961,false
SI0204,sfr_1_4,trust,669,986,7889,11068,0.08480162251235898,0.08908565233104446,false
QN0303,condo_unit,unknown,2,22,30,492,0.06666666666666667,0.044715447154471545,false
BK1601,condo_unit,corp,1,10,26,293,0.038461538461538464,0.034129692832764506,false
QN0105,condo_unit,individual,1,14,7,486,0.14285714285714285,0.02880658436213992,false
MN0802,mixed_use_res,corp,112,2045,631,13257,0.1774960380348653,0.15425812778154938,false
BX0802,other_res,llc,1,1,3,3,,,true
MN1101,small_mf,hdfc,13,125,169,1674,0.07692307692307693,0.07467144563918758,false
BX0402,sfr_1_4,llc,65,170,328,802,0.19817073170731708,0.2119700748129676,false
BX1001,mixed_use_res,trust,4,10,109,1212,0.03669724770642202,0.00825082508250825,false
QN1402,sfr_1_4,trust,95,178,3258,6007,0.029158993247391036,0.029632095888130514,false
BK0103,mixed_use_res,corp,36,1314,387,4533,0.09302325581395349,0.2898742554599603,false
QN1001,small_mf,individual,10,71,32,240,0.3125,0.29583333333333334,false
BK0801,mixed_use_res,corp,52,276,317,3637,0.1640378548895899,0.0758867198240308,false
BX1202,sfr_1_4,corp,65,126,6181,10976,0.010516097718815726,0.011479591836734694,false
QN0601,other_res,llc,1,1,5,6,,,true
BK1702,sfr_1_4,corp,37,68,4620,7137,0.008008658008658008,0.009527812806501331,false
BX0701,other_res,corp,2,2,2,2,,,true
BX0502,mixed_use_res,unknown,9,655,132,5832,0.06818181818181818,0.1123113854595336,false
BX1161,mixed_use_res,llc,1,2,3,189,0.3333333333333333,0.010582010582010581,false
BX0501,sfr_1_4,individual,739,1538,894,1910,0.8266219239373602,0.8052356020942408,false
QN0701,condo_unit,individual,14,662,16,744,0.875,0.8897849462365591,false
QN0905,other_res,unknown,1,2,5,7,,,true
MN0803,condo_unit,partnership,1,21,34,2202,0.029411764705882353,0.009536784741144414,false
BK0202,condo_unit,coop_corp,1,3,74,939,0.013513513513513514,0.003194888178913738,false
BK1301,small_mf,partnership,6,92,33,286,0.18181818181818182,0.32167832167832167,false
MN0302,sfr_1_4,hdfc,1,4,13,37,0.07692307692307693,0.10810810810810811,false
MN0701,mixed_use_res,trust,3,11,220,24731,0.013636363636363636,0.00044478589624358093,false
BK0401,small_mf,unknown,62,447,1548,10157,0.040051679586563305,0.044009057792655314,false
BX1202,sfr_1_4,llc,344,785,6181,10976,0.05565442485034784,0.07151967930029154,false
MN0602,large_mf,individual,6,475,71,2895,0.08450704225352113,0.16407599309153714,false
MN0102,small_mf,llc,16,126,30,238,0.5333333333333333,0.5294117647058824,false
QN0903,sfr_1_4,partnership,4,10,3220,5556,0.0012422360248447205,0.0017998560115190785,false
BK1704,other_res,individual,2,2,4,6,,,true
BK1101,mixed_use_res,partnership,1,3,1031,4072,0.0009699321047526673,0.0007367387033398821,false
BX0303,large_mf,corp,15,655,121,4954,0.12396694214876033,0.1322163907953169,false
QN1302,sfr_1_4,trust,412,532,5418,6860,0.07604282022886674,0.07755102040816327,false
BK0502,mixed_use_res,corp,49,296,354,3198,0.1384180790960452,0.09255784865540963,false
QN0602,small_mf,trust,2,10,51,379,0.0392156862745098,0.026385224274406333,false
BK0201,mixed_use_res,trust,7,18,194,3653,0.03608247422680412,0.004927456884752259,false
QN1103,condo_unit,individual,6,275,13,726,0.46153846153846156,0.3787878787878788,false
BK0902,sfr_1_4,partnership,3,9,2728,4928,0.0010997067448680353,0.0018262987012987013,false
MN1203,coop_building,coop_corp,32,1992,34,2033,0.9411764705882353,0.9798327594687654,false
QN1102,mixed_use_res,llc,76,233,153,485,0.49673202614379086,0.48041237113402063,false
BK1002,condo_unit,individual,35,358,41,522,0.8536585365853658,0.685823754789272,false
SI0102,sfr_1_4,unknown,18,24,2375,3437,0.007578947368421052,0.0069828338667442535,false
BX0303,small_mf,hdfc,21,247,94,989,0.22340425531914893,0.24974721941354905,false
MN0402,condo_unit,unknown,7,508,29,1594,0.2413793103448276,0.3186951066499373,false
BK1502,other_res,trust,1,1,15,23,0.06666666666666667,0.043478260869565216,false
BK1803,mixed_use_res,corp,26,37,227,424,0.1145374449339207,0.08726415094339622,false
QN0105,mixed_use_res,corp,30,404,233,7658,0.12875536480686695,0.05275528858709846,false
QN0301,small_mf,partnership,2,12,122,1029,0.01639344262295082,0.011661807580174927,false
BK1302,condo_unit,unknown,1,6,10,207,0.1,0.028985507246376812,false
QN0901,sfr_1_4,individual,1064,1617,1303,2065,0.8165771297006907,0.7830508474576271,false
BK0203,large_mf,llc,17,1620,28,2366,0.6071428571428571,0.6846999154691462,false
BK0501,small_mf,llc,37,264,101,703,0.36633663366336633,0.3755334281650071,false
BK0103,large_mf,corp,11,498,27,1458,0.4074074074074074,0.34156378600823045,false
QN1204,sfr_1_4,corp,48,85,3597,5424,0.013344453711426188,0.015671091445427728,false
BK1303,sfr_1_4,individual,814,1776,1121,2472,0.7261373773416593,0.7184466019417476,false
BK1102,sfr_1_4,individual,2690,5701,3205,6908,0.8393135725429017,0.8252750434279097,false
BK1101,small_mf,corp,50,431,358,2692,0.13966480446927373,0.1601040118870728,false
QN0703,condo_unit,individual,5,1825,6,1967,0.8333333333333334,0.9278088459583121,false
QN0105,other_res,individual,3,9,15,29,0.2,0.3103448275862069,false
BX0601,other_res,corp,1,3,1,3,,,true
BK1704,large_mf,llc,69,3257,86,4138,0.8023255813953488,0.7870952150797487,false
BK1401,mixed_use_res,corp,67,246,493,4345,0.1359026369168357,0.05661680092059839,false
QN1402,sfr_1_4,hdfc,1,1,3258,6007,0.0003069367710251688,0.000166472448809722,false
BK1701,sfr_1_4,llc,211,518,2436,4930,0.08661740558292283,0.1050709939148073,false
BK0103,mixed_use_res,hdfc,3,151,387,4533,0.007751937984496124,0.03331127288771233,false
MN0201,coop_building,hdfc,4,47,168,2155,0.023809523809523808,0.021809744779582366,false
BK1502,large_mf,corp,9,438,79,4614,0.11392405063291139,0.09492847854356307,false
QN0503,coop_building,coop_corp,1,241,1,241,1.0,1.0,false
QN0805,sfr_1_4,corp,49,98,3172,5173,0.01544766708701135,0.018944519621109608,false
MN0201,mixed_use_res,unknown,77,1132,780,10500,0.09871794871794871,0.10780952380952381,false
MN1203,large_mf,llc,125,5082,184,7871,0.6793478260869565,0.6456612882734087,false
BK1001,other_res,individual,7,8,21,24,0.3333333333333333,0.3333333333333333,false
SI0103,small_mf,llc,12,125,15,144,0.8,0.8680555555555556,false
MN0402,mixed_use_res,trust,4,29,494,23228,0.008097165991902834,0.0012484931978646462,false
QN1202,sfr_1_4,hdfc,2,6,6056,9549,0.00033025099075297226,0.0006283380458686773,false
QN0501,sfr_1_4,llc,402,948,7575,13525,0.05306930693069307,0.0700924214417745,false
BX0303,large_mf,hdfc,43,1713,121,4954,0.35537190082644626,0.34578118691966087,false
BK0302,condo_unit,corp,3,66,136,1114,0.022058823529411766,0.059245960502693,false
QN0905,mixed_use_res,unknown,11,16,372,732,0.02956989247311828,0.02185792349726776,false
BK0302,sfr_1_4,unknown,45,111,6616,15509,0.006801692865779928,0.007157134567025598,false
MN1201,mixed_use_res,trust,3,19,283,10139,0.01060070671378092,0.0018739520662787257,false
QN1205,mixed_use_res,hdfc,1,66,266,527,0.0037593984962406013,0.1252371916508539,false
BK1201,small_mf,individual,60,398,166,1202,0.3614457831325301,0.33111480865224624,false
MN0903,small_mf,trust,8,52,260,2283,0.03076923076923077,0.022777047744196234,false
BK1601,sfr_1_4,llc,482,1309,2589,6286,0.1861722672846659,0.20824053452115812,false
BX0502,mixed_use_res,partnership,2,63,132,5832,0.015151515151515152,0.010802469135802469,false
BX0102,mixed_use_res,individual,29,718,221,6180,0.13122171945701358,0.11618122977346278,false
BK1403,mixed_use_res,llc,161,1463,328,2214,0.49085365853658536,0.6607949412827462,false
BX0904,mixed_use_res,unknown,3,4908,44,5482,0.06818181818181818,0.8952936884348778,false
BK0201,mixed_use_res,individual,38,677,194,3653,0.1958762886597938,0.1853271283876266,false
BK1601,mixed_use_res,partnership,1,6,301,3474,0.0033222591362126247,0.0017271157167530224,false
QN0402,mixed_use_res,llc,164,668,382,2350,0.4293193717277487,0.28425531914893615,false
BX1202,mixed_use_res,corp,11,28,75,166,0.14666666666666667,0.1686746987951807,false
QN0103,mixed_use_res,partnership,2,18,607,4409,0.0032948929159802307,0.0040825584032660464,false
QN0704,sfr_1_4,corp,38,63,6823,9873,0.005569397625677854,0.006381039197812215,false
BX0102,mixed_use_res,hdfc,18,1404,221,6180,0.08144796380090498,0.22718446601941747,false
QN0303,large_mf,partnership,1,132,18,859,0.05555555555555555,0.15366705471478465,false
BX1001,mixed_use_res,llc,55,871,109,1212,0.5045871559633027,0.7186468646864687,false
QN1001,other_res,unknown,3,6,24,33,0.125,0.18181818181818182,false
BX0904,sfr_1_4,individual,164,372,200,456,0.82,0.8157894736842105,false
SI0104,sfr_1_4,llc,322,635,7165,9522,0.04494068387997208,0.06668767065742491,false
QN1401,sfr_1_4,lender_reo,13,25,4906,8222,0.0026498165511618424,0.0030406227195329603,false
BK1704,mixed_use_res,llc,97,687,225,1516,0.4311111111111111,0.45316622691292874,false
BK0201,condo_unit,llc,8,59,43,409,0.18604651162790697,0.14425427872860636,false
BK0401,small_mf,corp,181,1142,1548,10157,0.11692506459948321,0.11243477404745496,false
BX0401,large_mf,partnership,7,327,201,11485,0.03482587064676617,0.02847191989551589,false
MN1101,coop_building,hdfc,13,198,41,5175,0.3170731707317073,0.03826086956521739,false
QN1401,mixed_use_res,individual,36,281,88,2938,0.4090909090909091,0.095643294758339,false
QN0401,sfr_1_4,trust,525,1186,5747,12724,0.09135200974421437,0.09320968248978309,false
BX0402,sfr_1_4,unknown,1,3,328,802,0.003048780487804878,0.003740648379052369,false
BX0102,small_mf,llc,63,619,105,1035,0.6,0.5980676328502416,false
BX0603,mixed_use_res,llc,142,1965,268,4093,0.5298507462686567,0.48008795504519913,false
SI0201,sfr_1_4,unknown,43,65,7417,9674,0.0057974922475394364,0.006719040727723796,false
QN0202,large_mf,unknown,10,492,126,7314,0.07936507936507936,0.06726825266611977,false
QN0303,sfr_1_4,lender_reo,6,12,2261,5527,0.0026536930561698365,0.002171159761172426,false
MN0201,small_mf,individual,6,50,66,634,0.09090909090909091,0.07886435331230283,false
SI0202,large_mf,llc,2,115,3,245,0.6666666666666666,0.46938775510204084,false
BX0803,mixed_use_res,trust,4,5,73,1984,0.0547945205479452,0.0025201612903225806,false
BX1001,large_mf,hdfc,1,84,22,1009,0.045454545454545456,0.08325074331020813,false
MN0301,sfr_1_4,llc,2,3,13,36,0.15384615384615385,0.08333333333333333,false
BK0601,coop_building,hdfc,3,31,131,990,0.022900763358778626,0.031313131313131314,false
BK0302,mixed_use_res,llc,377,2473,692,4891,0.5447976878612717,0.5056225720711511,false
BK0101,small_mf,corp,59,467,1050,7287,0.05619047619047619,0.06408672979278167,false
BX0301,sfr_1_4,corp,19,46,670,1550,0.028358208955223882,0.02967741935483871,false
BK1402,large_mf,unknown,19,1085,130,6612,0.14615384615384616,0.16409558378705383,false
QN0801,large_mf,unknown,1,42,22,2101,0.045454545454545456,0.019990480723465015,false
QN1002,mixed_use_res,individual,56,100,146,263,0.3835616438356164,0.38022813688212925,false
SI0105,sfr_1_4,llc,227,368,8454,10801,0.02685119470073338,0.03407091935931858,false
QN1306,mixed_use_res,individual,6,24,28,51,0.21428571428571427,0.47058823529411764,false
QN1306,mixed_use_res,unknown,1,1,28,51,0.03571428571428571,0.0196078431372549,false
BK0104,condo_unit,unknown,22,160,179,1607,0.12290502793296089,0.09956440572495333,false
QN0703,large_mf,llc,1,121,4,575,0.25,0.21043478260869566,false
BK1302,condo_unit,llc,2,170,10,207,0.2,0.821256038647343,false
BX1201,small_mf,llc,186,1650,304,2584,0.6118421052631579,0.6385448916408669,false
BK0802,sfr_1_4,individual,2536,5748,3421,8038,0.7413037123648056,0.7151032595172928,false
BK0901,large_mf,partnership,1,321,175,9552,0.005714285714285714,0.033605527638190955,false
SI0305,sfr_1_4,unknown,34,48,4456,6227,0.00763016157989228,0.007708366789786414,false
QN0703,large_mf,hdfc,1,150,4,575,0.25,0.2608695652173913,false
SI0204,condo_unit,individual,32,2631,53,3922,0.6037735849056604,0.6708312085670576,false
BK1501,small_mf,unknown,4,26,81,640,0.04938271604938271,0.040625,false
SI0202,small_mf,individual,4,28,18,164,0.2222222222222222,0.17073170731707318,false
BK1802,sfr_1_4,lender_reo,11,19,10567,15121,0.0010409766253430491,0.0012565306527346075,false
QN0805,sfr_1_4,unknown,18,34,3172,5173,0.005674653215636823,0.006572588439976802,false
SI0301,sfr_1_4,corp,20,33,5757,6951,0.0034740316136876847,0.004747518342684506,false
SI0304,mixed_use_res,individual,33,41,76,108,0.4342105263157895,0.37962962962962965,false
QN0707,other_res,llc,10,19,15,27,0.6666666666666666,0.7037037037037037,false
QN0903,small_mf,llc,13,109,23,172,0.5652173913043478,0.6337209302325582,false
BK1802,mixed_use_res,unknown,5,6,218,400,0.022935779816513763,0.015,false
BK1401,large_mf,trust,1,47,357,17441,0.0028011204481792717,0.002694799610114099,false
BX0302,sfr_1_4,trust,6,12,127,274,0.047244094488188976,0.043795620437956206,false
MN0604,condo_unit,unknown,10,967,24,1674,0.4166666666666667,0.5776583034647551,false
MN0902,small_mf,corp,4,44,54,629,0.07407407407407407,0.06995230524642289,false
BK0103,large_mf,unknown,1,35,27,1458,0.037037037037037035,0.02400548696844993,false
BK0202,condo_unit,corp,1,18,74,939,0.013513513513513514,0.019169329073482427,false
SI0304,sfr_1_4,individual,9596,13266,11143,15492,0.8611684465583774,0.8563129357087529,false
BK1001,sfr_1_4,partnership,1,2,7613,12530,0.00013135426244581636,0.0001596169193934557,false
QN1303,small_mf,llc,7,93,15,159,0.4666666666666667,0.5849056603773585,false
BK0702,small_mf,unknown,18,149,549,3970,0.03278688524590164,0.037531486146095715,false
BX1203,mixed_use_res,llc,79,1284,174,2321,0.4540229885057471,0.5532098233520034,false
QN0105,large_mf,corp,7,181,32,1588,0.21875,0.11397984886649874,false
BK1301,condo_unit,individual,31,313,40,478,0.775,0.6548117154811716,false
SI0201,mixed_use_res,trust,5,8,152,275,0.03289473684210526,0.02909090909090909,false
BK1501,mixed_use_res,coop_corp,1,1,592,1820,0.0016891891891891893,0.0005494505494505495,false
BX0801,other_res,llc,1,1,1,1,,,true
QN1201,small_mf,individual,16,114,86,802,0.18604651162790697,0.14214463840399003,false
BX1002,mixed_use_res,individual,30,108,129,525,0.23255813953488372,0.2057142857142857,false
BX0601,small_mf,individual,2,21,51,583,0.0392156862745098,0.036020583190394515,false
QN0501,sfr_1_4,corp,71,167,7575,13525,0.009372937293729374,0.012347504621072088,false
BX1002,small_mf,trust,3,18,54,363,0.05555555555555555,0.049586776859504134,false
BK0502,condo_unit,corp,1,3,4,35,0.25,0.08571428571428572,false
BK0602,coop_building,coop_corp,404,4544,429,4665,0.9417249417249417,0.9740621650589496,false
BX0303,small_mf,llc,56,560,94,989,0.5957446808510638,0.5662285136501517,false
MN0201,small_mf,partnership,2,21,66,634,0.030303030303030304,0.033123028391167195,false
MN0303,mixed_use_res,corp,124,1462,924,15272,0.1341991341991342,0.09573074908328968,false
BK0101,mixed_use_res,trust,33,121,765,10849,0.043137254901960784,0.01115310166835653,false
BK0302,sfr_1_4,individual,4990,11333,6616,15509,0.7542321644498187,0.7307369914243342,false
BK0502,small_mf,llc,75,615,172,1391,0.436046511627907,0.4421279654924515,false
QN1205,sfr_1_4,individual,10251,12885,11252,14249,0.9110380376821898,0.9042739841392379,false
QN0703,coop_building,coop_corp,32,4687,32,4687,1.0,1.0,false
SI0107,condo_unit,individual,13,483,23,1195,0.5652173913043478,0.40418410041841,false
BK0204,mixed_use_res,corp,31,484,235,2733,0.13191489361702127,0.17709476765459203,false
QN1402,large_mf,corp,3,1241,10,2873,0.3,0.4319526627218935,false
QN0203,small_mf,llc,139,1144,234,1858,0.594017094017094,0.6157158234660925,false
BX0403,mixed_use_res,llc,50,2403,104,4773,0.4807692307692308,0.5034569453174105,false
QN0105,small_mf,llc,53,377,86,609,0.6162790697674418,0.6190476190476191,false
QN0401,other_res,llc,6,9,29,40,0.20689655172413793,0.225,false
QN1206,sfr_1_4,lender_reo,7,10,3701,5046,0.0018913807079167792,0.0019817677368212444,false
MN0302,large_mf,partnership,1,263,47,2591,0.02127659574468085,0.10150521034349672,false
MN0802,large_mf,llc,36,1291,60,2345,0.6,0.5505330490405117,false
MN0602,small_mf,partnership,1,16,88,842,0.011363636363636364,0.019002375296912115,false
MN0402,condo_unit,individual,15,850,29,1594,0.5172413793103449,0.533249686323714,false
BX1002,large_mf,llc,5,196,10,529,0.5,0.3705103969754253,false
MN1203,sfr_1_4,corp,1,3,31,71,0.03225806451612903,0.04225352112676056,false
BK0703,large_mf,llc,20,576,30,891,0.6666666666666666,0.6464646464646465,false
MN1203,condo_unit,individual,1,12,3,101,0.3333333333333333,0.1188118811881188,false
QN0203,sfr_1_4,corp,50,116,3914,8071,0.012774655084312723,0.01437244455457812,false
MN0501,condo_unit,llc,6,457,14,1171,0.42857142857142855,0.39026473099914605,false
BX0803,small_mf,individual,1,6,20,171,0.05,0.03508771929824561,false
BK1502,small_mf,llc,20,183,40,346,0.5,0.5289017341040463,false
MN1001,sfr_1_4,hdfc,8,29,649,1708,0.012326656394453005,0.016978922716627636,false
BK1402,mixed_use_res,trust,24,41,380,1924,0.06315789473684211,0.02130977130977131,false
BK0401,sfr_1_4,trust,91,211,1734,4088,0.052479815455594,0.051614481409001954,false
BX1004,condo_unit,individual,1,180,2,180,0.5,1.0,false
MN0401,other_res,corp,4,9,12,21,0.3333333333333333,0.42857142857142855,false
BK0701,large_mf,corp,3,145,26,1738,0.11538461538461539,0.08342922899884925,false
MN0802,small_mf,partnership,4,39,199,2018,0.020100502512562814,0.019326065411298315,false
SI0101,sfr_1_4,corp,44,81,2208,3594,0.019927536231884056,0.022537562604340568,false
QN0701,other_res,individual,8,2,21,20,0.38095238095238093,0.1,false
BX0201,sfr_1_4,trust,9,21,398,989,0.022613065326633167,0.021233569261880688,false
MN0702,mixed_use_res,unknown,80,4658,396,19466,0.20202020202020202,0.23928901674714886,false
BX1001,large_mf,corp,5,231,22,1009,0.22727272727272727,0.22893954410307235,false
QN0904,other_res,individual,3,4,8,14,0.375,0.2857142857142857,false
BK1402,condo_unit,corp,1,6,24,367,0.041666666666666664,0.01634877384196185,false
MN0402,sfr_1_4,corp,7,19,51,131,0.13725490196078433,0.1450381679389313,false
SI0101,sfr_1_4,unknown,17,27,2208,3594,0.007699275362318841,0.007512520868113523,false
BK1503,small_mf,llc,29,192,48,336,0.6041666666666666,0.5714285714285714,false
BK0204,sfr_1_4,trust,97,231,1345,3267,0.07211895910780669,0.0707070707070707,false
BK0202,condo_unit,unknown,3,19,74,939,0.04054054054054054,0.02023429179978701,false
BX1201,small_mf,unknown,5,53,304,2584,0.01644736842105263,0.020510835913312694,false
SI0105,condo_unit,individual,7,169,8,233,0.875,0.7253218884120172,false
BX0402,mixed_use_res,unknown,13,529,84,3079,0.15476190476190477,0.1718090289054888,false
MN0303,large_mf,hdfc,21,1385,256,8965,0.08203125,0.15448968209704406,false
BK0204,large_mf,hdfc,2,138,54,2481,0.037037037037037035,0.05562273276904474,false
QN0504,other_res,llc,3,5,20,26,0.15,0.19230769230769232,false
BK0701,mixed_use_res,unknown,8,111,214,1684,0.037383177570093455,0.06591448931116389,false
QN0705,sfr_1_4,lender_reo,3,5,4380,7098,0.0006849315068493151,0.0007044237813468582,false
QN0602,condo_unit,llc,2,98,16,655,0.125,0.14961832061068703,false
MN0203,sfr_1_4,individual,216,398,603,1087,0.3582089552238806,0.36614535418583255,false
BX0102,other_res,corp,1,1,5,4,,,true
BX0302,large_mf,hdfc,10,496,45,2014,0.2222222222222222,0.24627606752730885,false
BX0501,coop_building,coop_corp,5,303,9,399,0.5555555555555556,0.7593984962406015,false
MN0202,mixed_use_res,trust,7,48,386,8046,0.018134715025906734,0.005965697240865026,false
BK1302,large_mf,hdfc,4,334,24,2944,0.16666666666666666,0.11345108695652174,false
MN1101,condo_unit,corp,2,163,19,466,0.10526315789473684,0.3497854077253219,false
SI0107,large_mf,individual,1,128,10,1124,0.1,0.11387900355871886,false
QN0301,sfr_1_4,coop_corp,1,3,5591,11008,0.00017885888034340904,0.00027252906976744186,false
BK1601,large_mf,partnership,6,154,46,2019,0.13043478260869565,0.07627538385339278,false
BX0502,large_mf,llc,144,6987,245,12528,0.5877551020408164,0.5577107279693486,false
MN0901,condo_unit,unknown,1,56,3,239,0.3333333333333333,0.23430962343096234,false
MN0603,mixed_use_res,unknown,46,5630,394,22291,0.116751269035533,0.25256830110807055,false
BK1001,small_mf,trust,18,116,392,2660,0.04591836734693878,0.04360902255639098,false
BK0501,sfr_1_4,individual,3649,7198,4212,8445,0.8663342830009497,0.8523386619301362,false
MN0202,small_mf,individual,11,82,86,715,0.12790697674418605,0.11468531468531469,false
BK1201,sfr_1_4,individual,1130,2853,1602,4068,0.7053682896379525,0.7013274336283186,false
QN0705,large_mf,llc,11,261,25,1414,0.44,0.18458274398868457,false
QN0203,mixed_use_res,corp,28,102,255,2385,0.10980392156862745,0.042767295597484274,false
SI0107,sfr_1_4,lender_reo,11,19,5469,7431,0.002011336624611446,0.0025568564123267393,false
SI0202,sfr_1_4,lender_reo,4,5,7616,9710,0.0005252100840336134,0.0005149330587023687,false
BX0801,large_mf,corp,24,1366,128,7084,0.1875,0.19282891022021456,false
SI0104,other_res,llc,1,2,7,8,,,true
BK1201,other_res,llc,2,3,7,9,,,true
MN0301,small_mf,unknown,1,13,47,520,0.02127659574468085,0.025,false
BK1101,small_mf,individual,97,642,358,2692,0.2709497206703911,0.2384843982169391,false
QN0706,sfr_1_4,corp,42,84,4099,6580,0.010246401561356429,0.01276595744680851,false
MN0803,large_mf,partnership,9,190,292,10156,0.030821917808219176,0.01870815281606932,false
BK1103,small_mf,trust,8,50,153,1084,0.05228758169934641,0.046125461254612546,false
QN0803,small_mf,individual,3,16,10,61,0.3,0.26229508196721313,false
BX1103,large_mf,corp,1,30,3,105,0.3333333333333333,0.2857142857142857,false
BK1602,sfr_1_4,llc,233,702,3051,5813,0.07636840380203212,0.1207638052640633,false
QN1203,other_res,llc,3,4,15,14,0.2,0.2857142857142857,false
BK1602,condo_unit,corp,1,78,6,252,0.16666666666666666,0.30952380952380953,false
MN0402,coop_building,coop_corp,95,2690,119,3155,0.7983193277310925,0.8526148969889065,false
BK0703,sfr_1_4,unknown,22,51,2774,6516,0.007930785868781542,0.007826887661141806,false
BK0201,small_mf,individual,39,313,212,1875,0.18396226415094338,0.16693333333333332,false
QN0301,large_mf,trust,3,60,136,7942,0.022058823529411766,0.007554772097708386,false
MN1002,small_mf,corp,48,500,477,5168,0.10062893081761007,0.09674922600619196,false
QN1205,mixed_use_res,individual,136,229,266,527,0.5112781954887218,0.43453510436432635,false
BK0503,mixed_use_res,llc,85,343,252,2760,0.3373015873015873,0.12427536231884058,false
BK1302,mixed_use_res,corp,15,1682,134,6731,0.11194029850746269,0.2498885752488486,false
BK1201,mixed_use_res,unknown,11,86,452,2269,0.024336283185840708,0.0379021595416483,false
BK1002,small_mf,unknown,6,36,160,1106,0.0375,0.0325497287522604,false
QN0203,large_mf,llc,41,2438,52,2906,0.7884615384615384,0.8389538885065382,false
BX0601,mixed_use_res,corp,12,783,56,2638,0.21428571428571427,0.29681576952236544,false
QN0903,sfr_1_4,lender_reo,6,10,3220,5556,0.0018633540372670807,0.0017998560115190785,false
BX0803,large_mf,unknown,11,1040,56,4971,0.19642857142857142,0.20921343794005232,false
QN0602,large_mf,corp,8,755,81,8320,0.09876543209876543,0.0907451923076923,false
MN0301,sfr_1_4,individual,8,22,13,36,0.6153846153846154,0.6111111111111112,false
BX0902,large_mf,llc,6,818,20,2223,0.3,0.3679712100764732,false
BK1703,sfr_1_4,estate,5,10,4821,9008,0.0010371292263015972,0.0011101243339253996,false
BX0702,mixed_use_res,individual,25,434,154,5497,0.16233766233766234,0.07895215572130253,false
BK0801,coop_building,coop_corp,88,2062,90,2075,0.9777777777777777,0.9937349397590362,false
QN0703,sfr_1_4,partnership,2,5,2478,3709,0.0008071025020177562,0.0013480722566729577,false
QN0707,small_mf,trust,2,14,84,702,0.023809523809523808,0.019943019943019943,false
QN0801,small_mf,llc,2,26,3,31,0.6666666666666666,0.8387096774193549,false
MN0301,small_mf,corp,20,217,47,520,0.425531914893617,0.4173076923076923,false
SI0305,other_res,corp,4,5,18,19,0.2222222222222222,0.2631578947368421,false
BK0703,mixed_use_res,trust,34,89,757,3357,0.04491413474240423,0.026511766458147155,false
QN0502,mixed_use_res,trust,46,133,924,3264,0.049783549783549784,0.040747549019607844,false
MN1101,mixed_use_res,corp,53,1628,315,9889,0.16825396825396827,0.1646273637374861,false
SI0302,other_res,individual,8,3,12,9,,,true
QN0702,sfr_1_4,trust,637,880,6178,8190,0.1031078018776303,0.10744810744810745,false
BX0202,small_mf,individual,8,65,112,1180,0.07142857142857142,0.05508474576271186,false
BK0203,small_mf,partnership,1,10,171,1367,0.005847953216374269,0.0073152889539136795,false
BX0703,sfr_1_4,llc,57,122,467,988,0.12205567451820129,0.12348178137651822,false
QN1206,mixed_use_res,trust,8,14,203,386,0.03940886699507389,0.03626943005181347,false
MN0302,other_res,individual,1,2,6,12,0.16666666666666666,0.16666666666666666,false
QN0601,mixed_use_res,corp,6,158,91,3043,0.06593406593406594,0.05192244495563589,false
MN0604,mixed_use_res,corp,50,1350,372,16437,0.13440860215053763,0.0821317758715094,false
QN1204,small_mf,llc,1,16,2,21,0.5,0.7619047619047619,false
BX0701,mixed_use_res,hdfc,1,59,93,2393,0.010752688172043012,0.024655244463017135,false
MN1201,sfr_1_4,unknown,5,14,173,410,0.028901734104046242,0.03414634146341464,false
BK1302,sfr_1_4,llc,121,289,1996,3048,0.06062124248496994,0.09481627296587926,false
BK1503,small_mf,unknown,2,32,48,336,0.041666666666666664,0.09523809523809523,false
BK1203,mixed_use_res,partnership,1,2,238,1224,0.004201680672268907,0.0016339869281045752,false
BK0505,mixed_use_res,partnership,1,319,223,1971,0.004484304932735426,0.16184677828513444,false
BX0402,sfr_1_4,individual,249,598,328,802,0.7591463414634146,0.7456359102244389,false
BX0503,other_res,corp,1,2,3,3,,,true
QN1403,sfr_1_4,lender_reo,3,3,3974,5595,0.000754906894816306,0.0005361930294906167,false
BK0204,condo_unit,individual,71,586,117,1147,0.6068376068376068,0.5108979947689625,false
MN1202,sfr_1_4,corp,1,2,48,109,0.020833333333333332,0.01834862385321101,false
MN0602,condo_unit,unknown,10,24,24,520,0.4166666666666667,0.046153846153846156,false
QN0901,mixed_use_res,llc,37,442,92,1778,0.40217391304347827,0.24859392575928008,false
BX0301,sfr_1_4,trust,19,44,670,1550,0.028358208955223882,0.02838709677419355,false
QN0502,mixed_use_res,corp,100,260,924,3264,0.10822510822510822,0.07965686274509803,false
BK0601,small_mf,individual,88,617,475,3778,0.18526315789473685,0.1633139227104288,false
QN1301,mixed_use_res,llc,24,43,50,76,0.48,0.5657894736842105,false
BK1102,mixed_use_res,individual,87,213,289,960,0.30103806228373703,0.221875,false
MN0102,sfr_1_4,llc,18,29,35,56,0.5142857142857142,0.5178571428571429,false
MN0902,mixed_use_res,unknown,9,209,62,1947,0.14516129032258066,0.10734463276836158,false
BK1601,large_mf,hdfc,11,653,46,2019,0.2391304347826087,0.3234274393263992,false
BK0602,sfr_1_4,hdfc,1,4,4272,9778,0.00023408239700374532,0.00040908161178155044,false
QN0303,sfr_1_4,individual,1860,4523,2261,5527,0.8226448474126493,0.818346299981907,false
QN0602,large_mf,llc,54,5421,81,8320,0.6666666666666666,0.6515625,false
SI0305,sfr_1_4,trust,391,531,4456,6227,0.08774685816876122,0.08527380761201221,false
BX0503,large_mf,individual,2,135,185,7546,0.010810810810810811,0.01789027299231381,false
QN0706,sfr_1_4,llc,174,357,4099,6580,0.04244937789704806,0.05425531914893617,false
MN0902,mixed_use_res,hdfc,12,195,62,1947,0.1935483870967742,0.10015408320493066,false
MN0702,small_mf,llc,496,4696,819,7622,0.6056166056166056,0.6161112568879559,false
BK0102,small_mf,unknown,18,165,460,3497,0.0391304347826087,0.04718329997140406,false
QN1003,mixed_use_res,llc,26,29,54,75,0.48148148148148145,0.38666666666666666,false
BX0902,sfr_1_4,estate,1,2,2398,4584,0.0004170141784820684,0.0004363001745200698,false
BX1104,sfr_1_4,corp,16,35,1171,2506,0.013663535439795047,0.013966480446927373,false
QN1003,other_res,trust,4,1,16,3,,,true
BK1701,sfr_1_4,individual,2006,3953,2436,4930,0.8234811165845649,0.8018255578093306,false
QN1306,sfr_1_4,individual,3456,5309,3879,5984,0.8909512761020881,0.8871991978609626,false
BK0801,mixed_use_res,estate,1,3,317,3637,0.0031545741324921135,0.0008248556502612042,false
BX1203,large_mf,llc,43,1956,73,3392,0.589041095890411,0.5766509433962265,false
MN0604,small_mf,unknown,3,38,72,722,0.041666666666666664,0.05263157894736842,false
QN0401,coop_building,coop_corp,45,4318,45,4318,1.0,1.0,false
BK0501,large_mf,individual,4,201,23,907,0.17391304347826086,0.22160970231532526,false
MN0703,sfr_1_4,individual,65,116,94,172,0.6914893617021277,0.6744186046511628,false
MN1201,mixed_use_res,individual,6,161,283,10139,0.02120141342756184,0.015879278035309204,false
BX1102,mixed_use_res,llc,54,479,115,786,0.46956521739130436,0.6094147582697201,false
BK0302,mixed_use_res,individual,165,653,692,4891,0.2384393063583815,0.1335105295440605,false
QN1403,other_res,trust,5,5,27,26,0.18518518518518517,0.19230769230769232,false
BK1403,sfr_1_4,partnership,3,4,4771,6689,0.0006287989939216097,0.0005979967110180894,false
BK0102,small_mf,corp,55,428,460,3497,0.11956521739130435,0.12239062053188447,false
BX0502,small_mf,llc,68,704,87,856,0.7816091954022989,0.822429906542056,false
QN1102,sfr_1_4,llc,334,618,7981,10543,0.04184939230672848,0.058617091909323724,false
BK1403,other_res,corp,4,7,20,31,0.2,0.22580645161290322,false
MN0602,sfr_1_4,unknown,1,3,105,193,0.009523809523809525,0.015544041450777202,false
QN1401,small_mf,unknown,2,16,49,387,0.04081632653061224,0.041343669250646,false
BK1203,large_mf,corp,10,734,77,4029,0.12987012987012986,0.18217920079424174,false
BK0204,sfr_1_4,unknown,20,47,1345,3267,0.01486988847583643,0.014386287113559841,false
MN0502,other_res,partnership,1,4,7,17,0.14285714285714285,0.23529411764705882,false
BK1802,sfr_1_4,estate,1,2,10567,15121,0.00009463423866754992,0.00013226638449837975,false
BX0902,large_mf,hdfc,11,847,20,2223,0.55,0.3810166441745389,false
QN0101,other_res,unknown,1,2,15,22,0.06666666666666667,0.09090909090909091,false
MN1202,small_mf,hdfc,3,51,58,710,0.05172413793103448,0.07183098591549296,false
QN1305,coop_building,coop_corp,4,392,4,392,1.0,1.0,false
BK0204,other_res,trust,1,3,7,11,0.14285714285714285,0.2727272727272727,false
QN0503,other_res,individual,7,13,17,23,0.4117647058823529,0.5652173913043478,false
BK0505,sfr_1_4,partnership,1,3,3092,6414,0.0003234152652005175,0.0004677268475210477,false
MN0502,other_res,llc,1,2,7,17,0.14285714285714285,0.11764705882352941,false
MN1001,sfr_1_4,trust,35,91,649,1708,0.053929121725731895,0.05327868852459016,false
MN0604,large_mf,partnership,1,125,47,3246,0.02127659574468085,0.038508934072704865,false
QN1206,sfr_1_4,hdfc,1,1,3701,5046,0.0002701972439881113,0.00019817677368212446,false
BK1201,condo_unit,corp,1,8,45,300,0.022222222222222223,0.02666666666666667,false
QN0401,small_mf,individual,83,567,242,1981,0.34297520661157027,0.2862190812720848,false
QN0704,large_mf,corp,3,107,52,3406,0.057692307692307696,0.03141514973576042,false
BX0901,sfr_1_4,coop_corp,1,4,2991,7957,0.00033433634236041456,0.0005027020233756441,false
BX1201,small_mf,hdfc,27,247,304,2584,0.08881578947368421,0.09558823529411764,false
BK1201,mixed_use_res,individual,136,707,452,2269,0.3008849557522124,0.3115910092551785,false
BK0301,coop_building,coop_corp,6,78,20,292,0.3,0.2671232876712329,false
SI0106,small_mf,individual,6,32,23,185,0.2608695652173913,0.17297297297297298,false
MN0602,small_mf,individual,16,136,88,842,0.18181818181818182,0.16152019002375298,false
SI0204,large_mf,individual,2,92,3,144,0.6666666666666666,0.6388888888888888,false
BX0301,mixed_use_res,partnership,10,633,173,5359,0.057803468208092484,0.11811905206195186,false
QN1402,sfr_1_4,corp,64,132,3258,6007,0.019643953345610803,0.021974363242883304,false
QN0401,large_mf,corp,12,706,113,7704,0.10619469026548672,0.09164070612668744,false
QN0905,mixed_use_res,partnership,1,2,372,732,0.002688172043010753,0.00273224043715847,false
BK0601,large_mf,llc,19,953,33,1789,0.5757575757575758,0.5326998323085522,false
MN0402,mixed_use_res,individual,55,7468,494,23228,0.11133603238866396,0.32150852419493714,false
QN1103,sfr_1_4,lender_reo,2,2,4985,5765,0.00040120361083249747,0.0003469210754553339,false
QN1401,sfr_1_4,corp,95,200,4906,8222,0.01936404402772116,0.024324981756263683,false
BX0303,mixed_use_res,unknown,11,311,123,4574,0.08943089430894309,0.0679930039352864,false
MN0604,sfr_1_4,individual,62,103,128,212,0.484375,0.4858490566037736,false
BX1101,small_mf,lender_reo,1,7,52,387,0.019230769230769232,0.01808785529715762,false
QN0802,small_mf,llc,6,47,17,123,0.35294117647058826,0.3821138211382114,false
BK1502,large_mf,individual,2,216,79,4614,0.02531645569620253,0.04681404421326398,false
SI0304,mixed_use_res,llc,32,55,76,108,0.42105263157894735,0.5092592592592593,false
QN0805,mixed_use_res,llc,51,662,131,1288,0.3893129770992366,0.5139751552795031,false
BK1702,small_mf,individual,2,13,87,782,0.022988505747126436,0.016624040920716114,false
QN0402,coop_building,coop_corp,10,1639,10,1639,1.0,1.0,false
BK1303,mixed_use_res,unknown,12,97,276,2217,0.043478260869565216,0.043752819124943616,false
BK1601,large_mf,corp,2,208,46,2019,0.043478260869565216,0.1030212976721149,false
BK0104,sfr_1_4,partnership,2,5,1418,3346,0.0014104372355430183,0.0014943215780035865,false
BK0702,condo_unit,corp,1,12,96,748,0.010416666666666666,0.016042780748663103,false
MN0402,mixed_use_res,llc,256,6249,494,23228,0.5182186234817814,0.2690287583950405,false
BK1202,condo_unit,individual,475,1845,613,2615,0.7748776508972267,0.7055449330783938,false
BK1202,mixed_use_res,estate,1,3,1139,3863,0.000877963125548727,0.000776598498576236,false
BX0101,sfr_1_4,llc,113,252,879,1805,0.1285551763367463,0.13961218836565098,false
BX1104,mixed_use_res,hdfc,1,36,95,1961,0.010526315789473684,0.018357980622131564,false
QN0702,mixed_use_res,trust,7,12,105,204,0.06666666666666667,0.058823529411764705,false
SI0302,mixed_use_res,individual,41,69,123,196,0.3333333333333333,0.3520408163265306,false
MN0401,small_mf,corp,23,268,223,2449,0.1031390134529148,0.10943242139648836,false
MN0801,mixed_use_res,corp,65,4748,480,24363,0.13541666666666666,0.19488568731272832,false
QN0101,large_mf,hdfc,7,497,80,3301,0.0875,0.15056043623144502,false
MN0202,sfr_1_4,coop_corp,3,8,145,256,0.020689655172413793,0.03125,false
QN0401,mixed_use_res,partnership,2,114,514,6458,0.0038910505836575876,0.017652524001238772,false
QN1204,other_res,corp,1,1,11,6,,,true
SI0305,sfr_1_4,corp,27,39,4456,6227,0.006059245960502693,0.006263048016701462,false
BX0201,other_res,llc,1,1,2,2,,,true
BX0302,mixed_use_res,unknown,2,9,43,1793,0.046511627906976744,0.0050195203569436695,false
MN0501,mixed_use_res,coop_corp,1,1,370,13543,0.002702702702702703,0.00007383888355608063,false
MN0401,large_mf,partnership,4,492,155,12357,0.025806451612903226,0.03981548919640689,false
MN0603,large_mf,corp,6,138,114,7234,0.05263157894736842,0.019076582803428256,false
MN0303,condo_unit,llc,6,57,46,556,0.13043478260869565,0.10251798561151079,false
BK0502,mixed_use_res,unknown,12,158,354,3198,0.03389830508474576,0.04940587867417136,false
SI0104,sfr_1_4,corp,64,125,7165,9522,0.008932309839497558,0.013127494223902542,false
QN0203,mixed_use_res,trust,13,41,255,2385,0.050980392156862744,0.017190775681341718,false
SI0104,mixed_use_res,unknown,2,4,163,393,0.012269938650306749,0.010178117048346057,false
SI0203,mixed_use_res,trust,2,2,65,227,0.03076923076923077,0.00881057268722467,false
MN0303,other_res,hdfc,1,1,15,32,0.06666666666666667,0.03125,false
BK0104,condo_unit,corp,4,56,179,1607,0.0223463687150838,0.03484754200373367,false
BK0102,other_res,unknown,1,1,22,39,0.045454545454545456,0.02564102564102564,false
QN1304,mixed_use_res,llc,9,20,28,54,0.32142857142857145,0.37037037037037035,false
BK1803,sfr_1_4,individual,10352,19414,11663,21999,0.8875932435908428,0.8824946588481295,false
BK1601,coop_building,coop_corp,3,77,8,155,0.375,0.4967741935483871,false
BK0502,mixed_use_res,trust,11,17,354,3198,0.031073446327683617,0.005315822388993121,false
MN0902,sfr_1_4,llc,4,11,17,42,0.23529411764705882,0.2619047619047619,false
QN0802,condo_unit,individual,5,327,7,563,0.7142857142857143,0.5808170515097691,false
BK1403,large_mf,partnership,2,136,148,7888,0.013513513513513514,0.017241379310344827,false
MN0203,large_mf,corp,14,421,134,4855,0.1044776119402985,0.0867147270854789,false
BK0503,large_mf,individual,1,23,34,4633,0.029411764705882353,0.004964385927045111,false
BK0701,small_mf,llc,96,715,164,1190,0.5853658536585366,0.6008403361344538,false
QN0203,condo_unit,individual,14,202,18,380,0.7777777777777778,0.531578947368421,false
BK1602,coop_building,coop_corp,4,790,4,790,1.0,1.0,false
SI0201,sfr_1_4,llc,264,473,7417,9674,0.03559390589187003,0.04889394252635931,false
QN0104,small_mf,individual,199,1244,590,3907,0.33728813559322035,0.31840286664960327,false
BX1001,sfr_1_4,lender_reo,2,3,1174,2542,0.0017035775127768314,0.0011801730920535012,false
QN0805,small_mf,corp,8,56,49,382,0.16326530612244897,0.14659685863874344,false
BX0503,mixed_use_res,partnership,1,4,80,2432,0.0125,0.001644736842105263,false
BK0601,other_res,unknown,3,3,43,47,0.06976744186046512,0.06382978723404255,false
BX1004,other_res,llc,1,0,3,4,,,true
MN0901,large_mf,hdfc,1,41,37,2810,0.02702702702702703,0.014590747330960854,false
BK0202,small_mf,lender_reo,1,6,86,739,0.011627906976744186,0.008119079837618403,false
BX0601,sfr_1_4,corp,3,7,247,583,0.012145748987854251,0.012006861063464836,false
MN0604,other_res,individual,15,25,15,25,1.0,1.0,false
BX0101,mixed_use_res,individual,36,1277,325,9740,0.11076923076923077,0.1311088295687885,false
BK1601,sfr_1_4,corp,56,149,2589,6286,0.021629972962533797,0.02370346802418072,false
MN0201,mixed_use_res,hdfc,2,171,780,10500,0.002564102564102564,0.016285714285714285,false
QN0401,small_mf,trust,8,56,242,1981,0.03305785123966942,0.028268551236749116,false
MN1202,condo_unit,individual,4,124,7,249,0.5714285714285714,0.4979919678714859,false
BK0302,sfr_1_4,hdfc,31,96,6616,15509,0.004685610640870617,0.006189954220130247,false
BK0402,mixed_use_res,unknown,7,83,456,2173,0.015350877192982455,0.03819604233778187,false
QN1003,condo_unit,individual,11,793,14,1123,0.7857142857142857,0.7061442564559216,false
MN0702,small_mf,partnership,9,92,819,7622,0.01098901098901099,0.0120703227499344,false
BX0903,sfr_1_4,corp,52,110,3200,6216,0.01625,0.017696267696267698,false
BK1602,condo_unit,hdfc,5,174,6,252,0.8333333333333334,0.6904761904761905,false
BK1001,large_mf,llc,111,4568,171,7768,0.6491228070175439,0.588053553038105,false
BK0102,large_mf,partnership,6,727,178,8855,0.033707865168539325,0.08210050818746471,false
QN0202,small_mf,llc,253,1855,465,3266,0.5440860215053763,0.5679730557256583,false
BX1203,large_mf,unknown,6,263,73,3392,0.0821917808219178,0.07753537735849056,false
BX0501,large_mf,partnership,10,495,197,10732,0.050761421319796954,0.046123742079761464,false
MN0903,sfr_1_4,individual,405,894,587,1355,0.6899488926746167,0.6597785977859778,false
BX0703,sfr_1_4,individual,377,788,467,988,0.8072805139186295,0.7975708502024291,false
BK0401,coop_building,coop_corp,2,10,6,69,0.3333333333333333,0.14492753623188406,false
BX1003,condo_unit,individual,6,194,7,212,0.8571428571428571,0.9150943396226415,false
QN0802,large_mf,hdfc,1,78,10,694,0.1,0.11239193083573487,false
BX0201,large_mf,llc,19,640,48,2131,0.3958333333333333,0.3003284842796809,false
BK1103,mixed_use_res,trust,31,89,498,2751,0.06224899598393574,0.032351872046528535,false
QN0905,mixed_use_res,trust,14,28,372,732,0.03763440860215054,0.03825136612021858,false
BK0202,mixed_use_res,corp,77,701,542,19129,0.14206642066420663,0.03664593026295154,false
BX0402,small_mf,individual,4,31,57,589,0.07017543859649122,0.05263157894736842,false
BK0302,other_res,llc,2,2,14,20,0.14285714285714285,0.1,false
BK1502,mixed_use_res,llc,157,895,325,1674,0.48307692307692307,0.534647550776583,false
QN0105,condo_unit,llc,6,472,7,486,0.8571428571428571,0.9711934156378601,false
MN0101,sfr_1_4,llc,3,3,6,10,0.5,0.3,false
BK1202,mixed_use_res,unknown,42,355,1139,3863,0.03687445127304653,0.09189748899818793,false
QN0303,small_mf,unknown,4,30,156,1153,0.02564102564102564,0.026019080659150044,false
BK1001,large_mf,corp,28,1591,171,7768,0.16374269005847952,0.20481462409886714,false
BK0201,mixed_use_res,unknown,17,948,194,3653,0.08762886597938144,0.25951272926361896,false
BK0802,sfr_1_4,unknown,34,78,3421,8038,0.009938614440222157,0.009703906444389152,false
BX1001,other_res,corp,1,2,5,8,,,true
QN0201,mixed_use_res,partnership,4,1873,256,22121,0.015625,0.0846706749242801,false
BK0505,small_mf,partnership,1,9,86,642,0.011627906976744186,0.014018691588785047,false
BX1203,mixed_use_res,corp,34,207,174,2321,0.19540229885057472,0.08918569582076691,false
SI0204,sfr_1_4,unknown,67,97,7889,11068,0.008492838129040435,0.008764004336826888,false
BK0102,mixed_use_res,corp,109,768,992,14214,0.10987903225806452,0.054031236808780074,false
BK0201,small_mf,coop_corp,1,10,212,1875,0.0047169811320754715,0.005333333333333333,false
QN0301,coop_building,coop_corp,172,11078,172,11078,1.0,1.0,false
QN0805,coop_building,coop_corp,29,2860,29,2860,1.0,1.0,false
MN0801,large_mf,corp,28,2647,197,11550,0.14213197969543148,0.22917748917748917,false
QN0602,other_res,corp,1,1,5,6,,,true
MN1102,condo_unit,hdfc,1,197,30,658,0.03333333333333333,0.2993920972644377,false
BK0504,mixed_use_res,individual,11,991,18,3277,0.6111111111111112,0.3024107415318889,false
SI0107,condo_unit,corp,6,439,23,1195,0.2608695652173913,0.3673640167364017,false
MN0301,large_mf,corp,12,293,29,1037,0.41379310344827586,0.28254580520732886,false
QN0502,small_mf,individual,445,2721,1219,7794,0.36505332239540605,0.3491147036181678,false
QN0102,small_mf,corp,22,170,145,1127,0.15172413793103448,0.15084294587400177,false
MN0302,mixed_use_res,individual,64,2062,483,8960,0.13250517598343686,0.23013392857142856,false
BK1703,mixed_use_res,individual,123,292,325,1514,0.37846153846153846,0.1928665785997358,false
BX0102,other_res,llc,2,1,5,4,,,true
MN0301,mixed_use_res,individual,77,969,633,10815,0.12164296998420221,0.08959778085991678,false
BX0802,large_mf,corp,9,455,62,4114,0.14516129032258066,0.11059795819154108,false
SI0202,sfr_1_4,hdfc,8,14,7616,9710,0.0010504201680672268,0.0014418125643666324,false
BX1202,small_mf,individual,3,15,31,231,0.0967741935483871,0.06493506493506493,false
SI0107,sfr_1_4,hdfc,2,4,5469,7431,0.00036569756811117204,0.0005382855604898399,false
BK1701,sfr_1_4,corp,33,77,2436,4930,0.013546798029556651,0.01561866125760649,false
BK1502,mixed_use_res,trust,20,45,325,1674,0.06153846153846154,0.026881720430107527,false
QN0202,other_res,llc,1,1,3,4,,,true
QN1203,sfr_1_4,corp,125,194,7998,10970,0.015628907226806703,0.017684594348222425,false
MN0301,large_mf,individual,3,64,29,1037,0.10344827586206896,0.06171648987463838,false
MN0402,sfr_1_4,individual,18,39,51,131,0.35294117647058826,0.29770992366412213,false
QN1101,coop_building,coop_corp,17,521,17,521,1.0,1.0,false
QN0901,other_res,individual,3,8,6,12,0.5,0.6666666666666666,false
MN0603,large_mf,llc,69,5445,114,7234,0.6052631578947368,0.7526956040917888,false
BK0502,small_mf,partnership,8,68,172,1391,0.046511627906976744,0.04888569374550683,false
BX0303,small_mf,partnership,1,9,94,989,0.010638297872340425,0.00910010111223458,false
BX0302,mixed_use_res,partnership,7,113,43,1793,0.16279069767441862,0.0630228667038483,false
QN0102,condo_unit,llc,9,312,45,1067,0.2,0.2924086223055295,false
BK1403,other_res,individual,10,15,20,31,0.5,0.4838709677419355,false
QN1201,small_mf,hdfc,1,12,86,802,0.011627906976744186,0.014962593516209476,false
BK0801,condo_unit,individual,65,511,110,1050,0.5909090909090909,0.4866666666666667,false
BX0201,small_mf,unknown,2,12,39,310,0.05128205128205128,0.03870967741935484,false
QN0602,sfr_1_4,corp,40,61,6473,8241,0.006179514908079716,0.007402014318650649,false
BX1102,mixed_use_res,corp,23,137,115,786,0.2,0.1743002544529262,false
MN0702,coop_building,hdfc,12,347,465,17950,0.025806451612903226,0.019331476323119778,false
MN0702,large_mf,hdfc,2,163,145,8457,0.013793103448275862,0.019273974222537543,false
BX0801,large_mf,llc,73,3742,128,7084,0.5703125,0.5282326369282891,false
BX1004,large_mf,hdfc,3,198,3,198,1.0,1.0,false
BK1402,small_mf,llc,58,599,84,870,0.6904761904761905,0.6885057471264368,false
QN0602,mixed_use_res,corp,31,252,301,7098,0.10299003322259136,0.03550295857988166,false
QN0202,other_res,unknown,1,1,3,4,,,true
QN0707,sfr_1_4,trust,78,193,818,1889,0.09535452322738386,0.10217046056114346,false
SI0304,other_res,corp,1,0,27,6,,,true
BK1503,other_res,llc,2,3,30,7,,,true
BX0201,large_mf,corp,1,215,48,2131,0.020833333333333332,0.10089160018770531,false
MN0302,large_mf,llc,26,1088,47,2591,0.5531914893617021,0.41991509069857197,false
QN0706,mixed_use_res,corp,5,10,53,144,0.09433962264150944,0.06944444444444445,false
SI0104,large_mf,individual,2,416,23,2203,0.08695652173913043,0.18883340898774398,false
BX1102,sfr_1_4,llc,216,520,3378,6060,0.06394316163410302,0.0858085808580858,false
MN0101,large_mf,partnership,1,82,33,10742,0.030303030303030304,0.007633587786259542,false
BK1403,sfr_1_4,corp,27,54,4771,6689,0.005659190945294487,0.008072955598744207,false
QN0903,small_mf,individual,6,38,23,172,0.2608695652173913,0.22093023255813954,false
QN0202,large_mf,individual,8,454,126,7314,0.06349206349206349,0.06207273721629751,false
BK1204,large_mf,corp,3,162,36,1781,0.08333333333333333,0.09096013475575519,false
MN1201,sfr_1_4,corp,16,39,173,410,0.09248554913294797,0.0951219512195122,false
BK1501,large_mf,llc,34,2241,59,3620,0.576271186440678,0.619060773480663,false
QN0701,mixed_use_res,unknown,6,17,166,556,0.03614457831325301,0.030575539568345324,false
BK0702,other_res,unknown,1,2,21,29,0.047619047619047616,0.06896551724137931,false
MN0802,other_res,llc,2,2,22,33,0.09090909090909091,0.06060606060606061,false
QN0202,small_mf,unknown,10,83,465,3266,0.021505376344086023,0.025413349663196572,false
BK0801,sfr_1_4,trust,102,242,897,2190,0.11371237458193979,0.11050228310502283,false
BK0202,small_mf,unknown,1,8,86,739,0.011627906976744186,0.010825439783491205,false
SI0101,small_mf,individual,13,77,54,467,0.24074074074074073,0.16488222698072805,false
BK0502,condo_unit,individual,3,32,4,35,0.75,0.9142857142857143,false
SI0304,sfr_1_4,corp,62,94,11143,15492,0.005564031230368842,0.006067647818228763,false
QN1303,other_res,llc,3,4,16,15,0.1875,0.26666666666666666,false
MN0401,mixed_use_res,llc,253,9073,513,19808,0.49317738791423,0.458047253634895,false
SI0104,other_res,individual,4,4,7,8,,,true
BK0703,condo_unit,llc,3,13,21,244,0.14285714285714285,0.05327868852459016,false
BK1703,mixed_use_res,unknown,9,126,325,1514,0.027692307692307693,0.083223249669749,false
QN0502,small_mf,llc,644,4258,1219,7794,0.5283018867924528,0.546317680266872,false
MN0202,sfr_1_4,llc,76,134,145,256,0.5241379310344828,0.5234375,false
BX1201,mixed_use_res,trust,3,14,234,2257,0.01282051282051282,0.006202924235711121,false
MN0101,large_mf,corp,2,623,33,10742,0.06060606060606061,0.05799664866877676,false
MN0303,mixed_use_res,unknown,99,1843,924,15272,0.10714285714285714,0.12067836563645888,false
QN0601,condo_unit,llc,1,112,13,830,0.07692307692307693,0.13493975903614458,false
BX1103,small_mf,unknown,2,14,26,163,0.07692307692307693,0.08588957055214724,false
BK0503,mixed_use_res,trust,10,22,252,2760,0.03968253968253968,0.007971014492753623,false
SI0104,large_mf,unknown,6,692,23,2203,0.2608695652173913,0.3141171130276895,false
MN1202,mixed_use_res,llc,129,5288,227,9502,0.5682819383259912,0.5565144180172595,false
BK0203,large_mf,hdfc,5,300,28,2366,0.17857142857142858,0.12679628064243448,false
QN0901,condo_unit,individual,5,84,9,264,0.5555555555555556,0.3181818181818182,false
BX0102,condo_unit,unknown,1,265,7,571,0.14285714285714285,0.46409807355516636,false
BK1803,mixed_use_res,individual,112,208,227,424,0.4933920704845815,0.49056603773584906,false
BK0502,sfr_1_4,estate,1,2,3977,7756,0.00025144581342720644,0.00025786487880350697,false
BX0802,sfr_1_4,individual,446,752,538,926,0.828996282527881,0.8120950323974082,false
BX1002,sfr_1_4,corp,82,169,7355,12021,0.01114887831407206,0.014058730554862325,false
BK0702,condo_unit,individual,53,470,96,748,0.5520833333333334,0.6283422459893048,false
QN0905,other_res,corp,2,4,5,7,,,true
QN0905,small_mf,llc,14,143,31,299,0.45161290322580644,0.4782608695652174,false
QN0502,condo_unit,llc,10,49,27,291,0.37037037037037035,0.16838487972508592,false
QN0601,large_mf,partnership,4,371,31,2295,0.12903225806451613,0.1616557734204793,false
QN1002,mixed_use_res,llc,58,104,146,263,0.3972602739726027,0.39543726235741444,false
QN0702,sfr_1_4,unknown,46,67,6178,8190,0.007445775331822596,0.008180708180708181,false
QN0101,large_mf,unknown,5,124,80,3301,0.0625,0.03756437443199031,false
QN1101,sfr_1_4,individual,6880,8868,8026,10569,0.8572140543234488,0.8390576213454443,false
BK0401,coop_building,hdfc,4,59,6,69,0.6666666666666666,0.855072463768116,false
QN1201,condo_unit,llc,3,406,5,418,0.6,0.9712918660287081,false
BK0103,small_mf,individual,23,159,100,764,0.23,0.2081151832460733,false
QN0805,small_mf,individual,9,59,49,382,0.1836734693877551,0.1544502617801047,false
MN0401,large_mf,hdfc,4,485,155,12357,0.025806451612903226,0.03924900865905964,false
BK0401,other_res,corp,2,1,8,9,,,true
BX0302,other_res,corp,1,1,1,1,,,true
MN0802,large_mf,unknown,10,543,60,2345,0.16666666666666666,0.23155650319829424,false
QN0903,large_mf,corp,1,36,4,172,0.25,0.20930232558139536,false
BK0901,other_res,llc,1,1,7,8,,,true
BK1302,small_mf,unknown,1,6,82,571,0.012195121951219513,0.010507880910683012,false
QN1303,sfr_1_4,individual,10031,12179,10963,13419,0.9149867736933321,0.9075937104106118,false
BK0902,sfr_1_4,unknown,25,41,2728,4928,0.009164222873900294,0.008319805194805194,false
MN0902,coop_building,hdfc,10,277,24,591,0.4166666666666667,0.4686971235194585,false
BK0701,condo_unit,individual,49,598,70,902,0.7,0.6629711751662971,false
QN0903,other_res,corp,1,1,4,5,,,true
BK1401,sfr_1_4,lender_reo,4,7,1401,2295,0.0028551034975017845,0.0030501089324618735,false
BK1204,coop_building,coop_corp,16,1522,16,1522,1.0,1.0,false
BX1202,other_res,individual,4,1,11,9,,,true
BX0901,small_mf,corp,16,170,153,1393,0.10457516339869281,0.12203876525484565,false
SI0202,other_res,llc,1,1,22,23,0.045454545454545456,0.043478260869565216,false
BX0702,large_mf,hdfc,18,1199,310,14209,0.05806451612903226,0.08438313744809628,false
SI0104,small_mf,trust,2,11,47,346,0.0425531914893617,0.031791907514450865,false
QN0803,sfr_1_4,trust,395,469,3552,4319,0.11120495495495496,0.1085899513776337,false
QN0805,sfr_1_4,llc,158,332,3172,5173,0.04981084489281211,0.06417939300212643,false
QN0301,sfr_1_4,lender_reo,3,5,5591,11008,0.0005365766410302271,0.00045421511627906976,false
BX0903,large_mf,corp,6,370,30,2471,0.2,0.14973694860380413,false
QN0401,small_mf,llc,106,874,242,1981,0.4380165289256198,0.44119131751640583,false
BK1202,mixed_use_res,coop_corp,2,0,1139,3863,0.001755926251097454,0.0,false
BX0101,large_mf,unknown,6,288,107,5956,0.056074766355140186,0.048354600402955,false
QN1402,small_mf,corp,4,37,25,209,0.16,0.17703349282296652,false
BK0703,small_mf,coop_corp,1,6,325,2490,0.003076923076923077,0.0024096385542168677,false
MN0901,mixed_use_res,llc,32,1066,54,2008,0.5925925925925926,0.5308764940239044,false
BX0902,other_res,llc,4,2,9,4,,,true
BX0701,large_mf,hdfc,17,667,214,9375,0.0794392523364486,0.07114666666666666,false
QN1205,other_res,unknown,1,1,11,14,0.09090909090909091,0.07142857142857142,false
QN1104,sfr_1_4,individual,2516,3020,2981,3609,0.8440120764844012,0.8367968966472707,false
BX0502,large_mf,partnership,7,352,245,12528,0.02857142857142857,0.0280970625798212,false
BK1201,large_mf,llc,21,633,59,2210,0.3559322033898305,0.2864253393665158,false
BK1402,large_mf,llc,84,4003,130,6612,0.6461538461538462,0.6054143980641258,false
QN1104,large_mf,corp,4,676,4,676,1.0,1.0,false
MN0402,condo_unit,corp,1,6,29,1594,0.034482758620689655,0.0037641154328732747,false
BX0101,large_mf,hdfc,22,1325,107,5956,0.205607476635514,0.22246474143720618,false
BK1501,mixed_use_res,individual,123,335,592,1820,0.20777027027027026,0.18406593406593408,false
QN0501,sfr_1_4,trust,446,815,7575,13525,0.05887788778877888,0.06025878003696858,false
BK1702,sfr_1_4,unknown,37,54,4620,7137,0.008008658008658008,0.007566204287515763,false
BX0603,large_mf,hdfc,18,713,144,5400,0.125,0.13203703703703704,false
BK0103,mixed_use_res,trust,51,199,387,4533,0.13178294573643412,0.04390028678579307,false
MN0303,condo_unit,individual,30,303,46,556,0.6521739130434783,0.5449640287769785,false
BK1501,small_mf,llc,35,264,81,640,0.43209876543209874,0.4125,false
SI0101,mixed_use_res,unknown,2,3,129,726,0.015503875968992248,0.004132231404958678,false
BX1203,other_res,individual,7,6,11,10,0.6363636363636364,0.6,false
BX0603,mixed_use_res,unknown,13,111,268,4093,0.048507462686567165,0.027119472269728804,false
BK1204,other_res,unknown,1,2,16,26,0.0625,0.07692307692307693,false
QN0901,sfr_1_4,trust,115,174,1303,2065,0.08825786646201074,0.08426150121065375,false
BK0501,mixed_use_res,hdfc,6,820,432,2854,0.013888888888888888,0.28731604765241764,false
QN0402,condo_unit,unknown,2,36,29,396,0.06896551724137931,0.09090909090909091,false
QN0803,other_res,llc,2,3,4,6,,,true
QN0104,condo_unit,individual,4,39,4,39,1.0,1.0,false
BK0601,small_mf,corp,46,367,475,3778,0.0968421052631579,0.09714134462678665,false
BK1402,sfr_1_4,corp,21,42,2377,3642,0.008834665544804375,0.011532125205930808,false
BK1501,sfr_1_4,trust,608,1104,5463,9796,0.11129416071755446,0.11269906084115966,false
BX1002,mixed_use_res,corp,29,165,129,525,0.2248062015503876,0.3142857142857143,false
MN0203,coop_building,hdfc,3,60,178,5960,0.016853932584269662,0.010067114093959731,false
BX0601,large_mf,llc,34,1654,73,4020,0.4657534246575342,0.41144278606965173,false
MN0202,large_mf,partnership,1,30,42,1795,0.023809523809523808,0.016713091922005572,false
BK1803,mixed_use_res,trust,15,23,227,424,0.06607929515418502,0.054245283018867926,false
QN0705,sfr_1_4,trust,417,648,4380,7098,0.09520547945205479,0.09129332206255283,false
MN0201,coop_building,coop_corp,164,2108,168,2155,0.9761904761904762,0.9781902552204176,false
QN0302,small_mf,llc,12,78,27,167,0.4444444444444444,0.46706586826347307,false
BX0501,coop_building,hdfc,4,96,9,399,0.4444444444444444,0.24060150375939848,false
QN0707,large_mf,llc,50,3894,74,5915,0.6756756756756757,0.6583262890955198,false
MN0701,other_res,llc,1,0,3,2,,,true
BK1102,sfr_1_4,unknown,15,35,3205,6908,0.0046801872074883,0.00506658946149392,false
MN0701,small_mf,unknown,36,377,254,2436,0.14173228346456693,0.15476190476190477,false
BK1202,other_res,llc,15,20,88,132,0.17045454545454544,0.15151515151515152,false
BX0904,other_res,llc,1,1,1,1,,,true
QN0301,other_res,trust,1,3,5,6,,,true
QN1304,sfr_1_4,lender_reo,7,7,5145,5729,0.0013605442176870747,0.0012218537266538664,false
BX0202,sfr_1_4,unknown,1,2,855,1956,0.0011695906432748538,0.0010224948875255625,false
MN0303,small_mf,estate,1,6,362,3808,0.0027624309392265192,0.0015756302521008404,false
BX0303,mixed_use_res,individual,20,933,123,4574,0.16260162601626016,0.2039790118058592,false
BX1203,small_mf,partnership,1,5,167,1268,0.005988023952095809,0.003943217665615142,false
BK1403,mixed_use_res,individual,86,317,328,2214,0.2621951219512195,0.14317976513098465,false
BK0703,sfr_1_4,llc,250,629,2774,6516,0.09012256669069935,0.0965316144874156,false
BK1801,large_mf,llc,23,1567,32,1952,0.71875,0.8027663934426229,false
MN0901,large_mf,unknown,5,292,37,2810,0.13513513513513514,0.10391459074733096,false
SI0301,condo_unit,unknown,1,19,2,49,0.5,0.3877551020408163,false
MN0301,mixed_use_res,trust,7,52,633,10815,0.011058451816745656,0.004808136846971798,false
BK0302,small_mf,unknown,49,423,879,6752,0.055745164960182024,0.06264810426540285,false
QN0804,sfr_1_4,unknown,19,23,3107,3509,0.006115223688445446,0.006554573952693075,false
QN0105,small_mf,trust,3,18,86,609,0.03488372093023256,0.029556650246305417,false
BK0301,sfr_1_4,individual,3167,7707,4576,11536,0.6920891608391608,0.6680825242718447,false
QN0402,sfr_1_4,corp,98,271,3555,8998,0.027566807313642756,0.030117803956434763,false
QN1305,sfr_1_4,llc,138,208,6162,7438,0.022395326192794548,0.02796450658779242,false
BX0402,small_mf,corp,17,156,57,589,0.2982456140350877,0.26485568760611206,false
QN0704,other_res,llc,2,2,15,7,,,true
BK1403,condo_unit,corp,1,18,22,338,0.045454545454545456,0.05325443786982249,false
QN1101,other_res,trust,1,2,1,2,,,true
MN0401,sfr_1_4,partnership,2,6,218,465,0.009174311926605505,0.012903225806451613,false
QN0601,condo_unit,unknown,3,260,13,830,0.23076923076923078,0.3132530120481928,false
QN1304,sfr_1_4,individual,4587,5119,5145,5729,0.8915451895043732,0.8935241752487345,false
BK0203,condo_unit,individual,35,313,50,959,0.7,0.32638164754953075,false
QN0903,sfr_1_4,individual,2842,4808,3220,5556,0.8826086956521739,0.865370770338373,false
BX1001,small_mf,unknown,4,32,72,564,0.05555555555555555,0.05673758865248227,false
MN0301,large_mf,llc,6,145,29,1037,0.20689655172413793,0.1398264223722276,false
SI0101,sfr_1_4,lender_reo,3,6,2208,3594,0.001358695652173913,0.001669449081803005,false
MN1102,mixed_use_res,unknown,48,678,491,7424,0.09775967413441955,0.09132543103448276,false
MN0603,small_mf,trust,2,12,108,1011,0.018518518518518517,0.011869436201780416,false
QN0706,sfr_1_4,lender_reo,1,1,4099,6580,0.00024396194193705782,0.00015197568389057752,false
BK0703,large_mf,unknown,1,41,30,891,0.03333333333333333,0.04601571268237935,false
MN0901,coop_building,coop_corp,44,3236,47,3327,0.9361702127659575,0.9726480312593928,false
BK0202,small_mf,coop_corp,1,8,86,739,0.011627906976744186,0.010825439783491205,false
MN0202,small_mf,partnership,2,24,86,715,0.023255813953488372,0.033566433566433566,false
BK0602,small_mf,partnership,1,8,551,4630,0.0018148820326678765,0.0017278617710583153,false
BX0403,small_mf,unknown,2,34,67,731,0.029850746268656716,0.046511627906976744,false
MN0303,condo_unit,corp,1,41,46,556,0.021739130434782608,0.0737410071942446,false
MN1001,mixed_use_res,individual,57,1695,285,6308,0.2,0.26870640456563094,false
MN0602,sfr_1_4,corp,6,14,105,193,0.05714285714285714,0.07253886010362694,false
MN0501,mixed_use_res,trust,1,0,370,13543,0.002702702702702703,0.0,false
BK1303,sfr_1_4,trust,127,273,1121,2472,0.11329170383586083,0.1104368932038835,false
BK1402,coop_building,hdfc,4,102,37,2665,0.10810810810810811,0.03827392120075047,false
BK0501,other_res,individual,29,29,39,45,0.7435897435897436,0.6444444444444445,false
BK0503,sfr_1_4,lender_reo,19,47,4379,9160,0.004338890157570221,0.005131004366812227,false
MN0802,sfr_1_4,corp,33,54,825,1103,0.04,0.04895738893925657,false
BK1502,coop_building,coop_corp,20,1587,20,1587,1.0,1.0,false
BX0201,other_res,unknown,1,1,2,2,,,true
BK0902,condo_unit,corp,2,45,57,600,0.03508771929824561,0.075,false
BX0803,other_res,corp,1,1,12,5,,,true
QN0704,condo_unit,unknown,6,112,22,591,0.2727272727272727,0.1895093062605753,false
BK0702,mixed_use_res,trust,19,62,668,3476,0.02844311377245509,0.017836593785960874,false
MN1101,sfr_1_4,trust,6,12,55,144,0.10909090909090909,0.08333333333333333,false
BK0801,sfr_1_4,unknown,16,40,897,2190,0.017837235228539576,0.0182648401826484,false
BK1201,sfr_1_4,unknown,12,28,1602,4068,0.00749063670411985,0.00688298918387414,false
QN0401,large_mf,hdfc,1,83,113,7704,0.008849557522123894,0.010773624091381101,false
BK1501,large_mf,corp,9,481,59,3620,0.15254237288135594,0.13287292817679558,false
QN0804,small_mf,individual,2,24,6,52,0.3333333333333333,0.46153846153846156,false
QN0802,other_res,individual,1,0,3,2,,,true
BX0301,large_mf,llc,31,889,110,4679,0.2818181818181818,0.1899978627911947,false
QN0602,coop_building,coop_corp,168,18741,169,18985,0.9940828402366864,0.9871477482222808,false
SI0107,small_mf,llc,8,69,11,87,0.7272727272727273,0.7931034482758621,false
MN1102,large_mf,individual,6,761,128,7687,0.046875,0.09899830883309484,false
BX0601,coop_building,hdfc,5,184,10,286,0.5,0.6433566433566433,false
QN0705,mixed_use_res,trust,5,8,196,1122,0.025510204081632654,0.0071301247771836,false
BK1803,condo_unit,llc,1,27,27,933,0.037037037037037035,0.028938906752411574,false
QN1103,large_mf,corp,1,67,4,302,0.25,0.22185430463576158,false
BK0901,other_res,partnership,1,2,7,8,,,true
BK0104,small_mf,trust,18,104,804,5674,0.022388059701492536,0.018329221008107157,false
BK0902,small_mf,individual,34,228,217,1867,0.15668202764976957,0.12212104981253348,false
BX0402,large_mf,corp,15,843,131,7482,0.11450381679389313,0.11267040898155574,false
BX0102,sfr_1_4,hdfc,2,7,803,1674,0.0024906600249066002,0.004181600955794504,false
BK0601,sfr_1_4,unknown,43,120,3993,9824,0.01076884547958928,0.012214983713355049,false
MN0402,large_mf,hdfc,5,409,193,9703,0.025906735751295335,0.0421519117798619,false
BK0701,sfr_1_4,unknown,22,43,2634,5057,0.008352315869400152,0.008503065058334982,false
QN0706,sfr_1_4,trust,345,527,4099,6580,0.08416686996828494,0.08009118541033435,false
QN0704,other_res,trust,1,0,15,7,,,true
MN0102,mixed_use_res,trust,8,21,424,8933,0.018867924528301886,0.002350833986342774,false
BK1203,large_mf,trust,2,113,77,4029,0.025974025974025976,0.028046661702655747,false
BK0301,large_mf,individual,3,105,117,5286,0.02564102564102564,0.019863791146424517,false
BX0703,small_mf,individual,10,81,56,459,0.17857142857142858,0.17647058823529413,false
MN0501,sfr_1_4,individual,3,10,6,18,0.5,0.5555555555555556,false
BX1104,large_mf,hdfc,3,230,87,5806,0.034482758620689655,0.03961419221495005,false
QN0904,sfr_1_4,corp,40,79,3262,6291,0.012262415695892091,0.012557621999682085,false
BK0202,sfr_1_4,partnership,2,3,788,1675,0.0025380710659898475,0.001791044776119403,false
QN0302,sfr_1_4,individual,3720,6274,4274,7367,0.8703790360318203,0.8516356725940003,false
BK1803,mixed_use_res,llc,74,156,227,424,0.32599118942731276,0.36792452830188677,false
BK1202,small_mf,partnership,1,6,211,1567,0.004739336492890996,0.0038289725590299937,false
QN0905,coop_building,coop_corp,4,934,4,934,1.0,1.0,false
MN0901,mixed_use_res,hdfc,1,23,54,2008,0.018518518518518517,0.011454183266932271,false
BK0702,coop_building,coop_corp,14,520,15,536,0.9333333333333333,0.9701492537313433,false
SI0301,other_res,unknown,1,1,13,14,0.07692307692307693,0.07142857142857142,false
BK0602,condo_unit,hdfc,1,0,356,2417,0.0028089887640449437,0.0,false
BK1403,condo_unit,individual,16,186,22,338,0.7272727272727273,0.5502958579881657,false
QN0202,mixed_use_res,corp,37,448,247,2945,0.14979757085020243,0.15212224108658742,false
BK1702,large_mf,corp,4,112,42,4021,0.09523809523809523,0.027853767719472768,false
MN1203,large_mf,individual,2,113,184,7871,0.010869565217391304,0.014356498538940414,false
BK1703,small_mf,individual,61,399,217,1732,0.28110599078341014,0.23036951501154734,false
BK1803,condo_unit,individual,24,851,27,933,0.8888888888888888,0.9121114683815649,false
MN0602,coop_building,coop_corp,82,6062,84,6080,0.9761904761904762,0.9970394736842105,false
BK1704,mixed_use_res,trust,10,17,225,1516,0.044444444444444446,0.011213720316622692,false
QN0802,small_mf,unknown,1,8,17,123,0.058823529411764705,0.06504065040650407,false
QN0501,large_mf,llc,1,44,4,171,0.25,0.2573099415204678,false
BK1202,large_mf,trust,1,27,93,3968,0.010752688172043012,0.006804435483870968,false
SI0102,sfr_1_4,trust,81,129,2375,3437,0.034105263157894736,0.03753273203375036,false
BX1104,sfr_1_4,individual,993,2065,1171,2506,0.8479931682322801,0.8240223463687151,false
BK1704,small_mf,partnership,1,16,129,995,0.007751937984496124,0.016080402010050253,false
BK1303,condo_unit,individual,34,891,45,1208,0.7555555555555555,0.7375827814569537,false
BK1801,other_res,individual,8,7,15,17,0.5333333333333333,0.4117647058823529,false
BK0103,small_mf,trust,10,77,100,764,0.1,0.10078534031413612,false
QN1305,sfr_1_4,trust,458,541,6162,7438,0.07432651736449204,0.0727346060769024,false
BX0101,other_res,hdfc,1,4,11,14,0.09090909090909091,0.2857142857142857,false
BK1103,large_mf,unknown,11,511,68,3438,0.16176470588235295,0.1486329261198371,false
BX0702,sfr_1_4,llc,103,227,535,1073,0.1925233644859813,0.21155638397017706,false
MN0401,mixed_use_res,unknown,70,2422,513,19808,0.1364522417153996,0.12227382875605816,false
MN0303,small_mf,coop_corp,1,6,362,3808,0.0027624309392265192,0.0015756302521008404,false
BK0203,mixed_use_res,trust,4,10,244,7868,0.01639344262295082,0.0012709710218607015,false
QN1302,mixed_use_res,unknown,4,8,65,108,0.06153846153846154,0.07407407407407407,false
QN0402,condo_unit,corp,3,35,29,396,0.10344827586206896,0.08838383838383838,false
MN1201,large_mf,individual,3,141,339,12836,0.008849557522123894,0.010984730445621689,false
SI0304,small_mf,corp,1,11,2,18,0.5,0.6111111111111112,false
QN0503,small_mf,trust,11,68,194,1232,0.05670103092783505,0.05519480519480519,false
SI0103,condo_unit,individual,5,344,9,508,0.5555555555555556,0.6771653543307087,false
BK1704,large_mf,hdfc,3,124,86,4138,0.03488372093023256,0.029966167230546157,false
BK1703,sfr_1_4,unknown,51,93,4821,9008,0.010578718108276292,0.010324156305506217,false
BK0902,sfr_1_4,estate,1,4,2728,4928,0.00036656891495601173,0.0008116883116883117,false
BX0201,small_mf,coop_corp,1,6,39,310,0.02564102564102564,0.01935483870967742,false
MN0803,mixed_use_res,unknown,56,3512,441,20090,0.12698412698412698,0.1748133399701344,false
QN0701,small_mf,llc,32,231,47,330,0.6808510638297872,0.7,false
QN0202,large_mf,corp,14,635,126,7314,0.1111111111111111,0.08681979764834565,false
BK0203,other_res,unknown,1,1,8,5,,,true
SI0302,sfr_1_4,lender_reo,9,10,15372,19253,0.000585480093676815,0.0005193995740923492,false
SI0105,condo_unit,unknown,1,64,8,233,0.125,0.27467811158798283,false
BK0902,condo_unit,unknown,3,30,57,600,0.05263157894736842,0.05,false
QN0302,mixed_use_res,individual,52,95,149,711,0.348993288590604,0.13361462728551335,false
BK0902,small_mf,corp,15,154,217,1867,0.06912442396313365,0.08248527048741296,false
QN0503,other_res,llc,4,3,17,23,0.23529411764705882,0.13043478260869565,false
QN1104,small_mf,llc,1,6,1,6,,,true
SI0191,sfr_1_4,individual,1,1,1,1,,,true
BK1061,sfr_1_4,individual,9,20,10,21,0.9,0.9523809523809523,false
BK1102,small_mf,unknown,1,6,82,706,0.012195121951219513,0.0084985835694051,false
QN1002,sfr_1_4,trust,189,303,3911,6278,0.04832523651240092,0.04826377827333546,false
QN1307,other_res,individual,4,4,5,4,,,true
SI0303,sfr_1_4,trust,548,711,8145,9998,0.067280540208717,0.07111422284456892,false
QN1202,large_mf,unknown,1,66,7,730,0.14285714285714285,0.09041095890410959,false
BK0402,other_res,corp,3,9,7,16,0.42857142857142855,0.5625,false
BX1103,sfr_1_4,trust,279,442,4865,7773,0.057348406988694756,0.05686350186543162,false
SI0201,coop_building,coop_corp,3,209,3,209,1.0,1.0,false
MN0203,mixed_use_res,individual,76,1428,602,9155,0.12624584717607973,0.1559803386127799,false
MN0201,condo_unit,unknown,10,169,16,208,0.625,0.8125,false
BK1301,small_mf,corp,3,21,33,286,0.09090909090909091,0.07342657342657342,false
SI0107,small_mf,trust,1,5,11,87,0.09090909090909091,0.05747126436781609,false
MN1101,coop_building,coop_corp,28,4977,41,5175,0.6829268292682927,0.9617391304347827,false
BK1701,large_mf,llc,137,6601,159,7728,0.8616352201257862,0.8541666666666666,false
BK0201,sfr_1_4,partnership,7,11,576,1008,0.012152777777777778,0.010912698412698412,false
MN1102,mixed_use_res,individual,75,1530,491,7424,0.15274949083503056,0.20608836206896552,false
QN0503,mixed_use_res,partnership,2,28,356,798,0.0056179775280898875,0.03508771929824561,false
SI0203,large_mf,partnership,2,124,5,313,0.4,0.3961661341853035,false
BK0701,condo_unit,llc,15,238,70,902,0.21428571428571427,0.2638580931263858,false
BK1601,small_mf,hdfc,49,495,375,3002,0.13066666666666665,0.16489007328447702,false
QN1301,sfr_1_4,partnership,2,2,3946,4273,0.0005068423720223011,0.000468055230517201,false
BX0303,mixed_use_res,trust,1,2,123,4574,0.008130081300813009,0.00043725404459991256,false
BK1101,mixed_use_res,lender_reo,1,2,1031,4072,0.0009699321047526673,0.0004911591355599214,false
BX0401,sfr_1_4,unknown,1,1,471,1186,0.0021231422505307855,0.0008431703204047217,false
QN0706,small_mf,trust,1,6,17,120,0.058823529411764705,0.05,false
BX0501,other_res,individual,1,2,1,2,,,true
BK1002,other_res,corp,2,2,12,15,0.16666666666666666,0.13333333333333333,false
MN0301,coop_building,hdfc,1,4,5,693,0.2,0.005772005772005772,false
SI0302,sfr_1_4,llc,324,542,15372,19253,0.02107728337236534,0.02815145691580533,false
MN1102,other_res,llc,3,6,7,12,0.42857142857142855,0.5,false
BK0505,sfr_1_4,unknown,14,30,3092,6414,0.004527813712807244,0.004677268475210477,false
MN0802,large_mf,trust,1,20,60,2345,0.016666666666666666,0.008528784648187633,false
BK1102,large_mf,individual,3,137,21,2367,0.14285714285714285,0.05787917194761301,false
BX0703,large_mf,individual,5,364,215,9963,0.023255813953488372,0.03653518016661648,false
MN0802,small_mf,individual,28,243,199,2018,0.1407035175879397,0.12041625371655104,false
QN0302,small_mf,individual,6,35,27,167,0.2222222222222222,0.20958083832335328,false
MN0604,condo_unit,individual,6,419,24,1674,0.25,0.25029868578255676,false
SI0107,mixed_use_res,unknown,1,4,78,143,0.01282051282051282,0.027972027972027972,false
BK0802,small_mf,unknown,38,381,1035,9165,0.03671497584541063,0.04157119476268412,false
SI0101,mixed_use_res,llc,62,311,129,726,0.4806201550387597,0.4283746556473829,false
QN1101,sfr_1_4,corp,51,97,8026,10569,0.006354348367804635,0.009177784085533163,false
BK1202,mixed_use_res,individual,333,870,1139,3863,0.2923617208077261,0.22521356458710848,false
BX1102,small_mf,llc,34,227,63,421,0.5396825396825397,0.5391923990498813,false
QN1204,small_mf,lender_reo,1,5,2,21,0.5,0.23809523809523808,false
BK0202,mixed_use_res,individual,106,3203,542,19129,0.19557195571955718,0.16744210361231637,false
BX1101,small_mf,individual,9,55,52,387,0.17307692307692307,0.1421188630490956,false
BK0302,small_mf,corp,67,536,879,6752,0.07622298065984073,0.07938388625592417,false
BK0101,condo_unit,unknown,22,199,154,1818,0.14285714285714285,0.10946094609460946,false
BX0801,large_mf,hdfc,3,142,128,7084,0.0234375,0.020045172219085264,false
BK0104,mixed_use_res,individual,188,1168,805,6332,0.23354037267080746,0.18445988629185092,false
SI0104,mixed_use_res,llc,65,128,163,393,0.3987730061349693,0.3256997455470738,false
BX0503,small_mf,corp,1,5,36,427,0.027777777777777776,0.0117096018735363,false
QN0101,mixed_use_res,trust,16,40,403,2926,0.03970223325062035,0.01367053998632946,false
QN1203,mixed_use_res,corp,27,50,182,337,0.14835164835164835,0.14836795252225518,false
SI0201,large_mf,corp,3,163,14,1056,0.21428571428571427,0.1543560606060606,false
BX0202,large_mf,corp,29,1216,140,6046,0.20714285714285716,0.20112471055243136,false
SI0103,sfr_1_4,unknown,17,21,4412,5499,0.0038531278331822303,0.0038188761593016913,false
BK1701,small_mf,unknown,8,113,311,2757,0.02572347266881029,0.04098657961552412,false
BX0501,sfr_1_4,trust,27,56,894,1910,0.030201342281879196,0.02931937172774869,false
QN0801,condo_unit,individual,3,800,5,938,0.6,0.8528784648187633,false
BX0901,sfr_1_4,trust,105,277,2991,7957,0.03510531594784353,0.03481211511876335,false
BX1103,sfr_1_4,individual,4308,6772,4865,7773,0.8855087358684481,0.8712208928341696,false
QN0104,sfr_1_4,trust,270,622,2750,6123,0.09818181818181818,0.10158419075616527,false
QN0501,condo_unit,individual,5,46,5,46,1.0,1.0,false
BK1303,small_mf,llc,45,381,75,579,0.6,0.6580310880829016,false
BX0701,mixed_use_res,corp,20,350,93,2393,0.21505376344086022,0.14625992478061012,false
BX0702,sfr_1_4,unknown,4,10,535,1073,0.007476635514018692,0.009319664492078284,false
BK0901,large_mf,hdfc,6,187,175,9552,0.03428571428571429,0.019577051926298158,false
BX1161,sfr_1_4,llc,1,2,5,10,0.2,0.2,false
QN0701,condo_unit,unknown,1,82,16,744,0.0625,0.11021505376344086,false
BX1003,sfr_1_4,individual,3542,5648,4287,7062,0.8262188010263588,0.7997734352874539,false
SI0106,sfr_1_4,corp,37,68,3777,5507,0.009796134498279057,0.012347920828037044,false
MN1002,small_mf,llc,213,2156,477,5168,0.44654088050314467,0.4171826625386997,false
QN0704,small_mf,corp,6,59,56,567,0.10714285714285714,0.10405643738977072,false
QN0504,mixed_use_res,trust,8,16,148,662,0.05405405405405406,0.02416918429003021,false
QN0904,mixed_use_res,unknown,5,52,224,603,0.022321428571428572,0.08623548922056384,false
BX0302,mixed_use_res,individual,9,589,43,1793,0.20930232558139536,0.32849972113775794,false
BK0602,large_mf,unknown,2,71,42,1677,0.047619047619047616,0.042337507453786526,false
BX1003,coop_building,coop_corp,12,815,12,815,1.0,1.0,false
BK0602,small_mf,unknown,38,337,551,4630,0.06896551724137931,0.07278617710583153,false
MN0703,large_mf,hdfc,15,589,141,7096,0.10638297872340426,0.08300450958286358,false
QN1401,large_mf,llc,31,2028,70,8678,0.44285714285714284,0.23369439963125144,false
BX1203,other_res,llc,3,3,11,10,0.2727272727272727,0.3,false
MN0101,large_mf,unknown,4,1073,33,10742,0.12121212121212122,0.09988828895922547,false
BK0703,large_mf,individual,3,71,30,891,0.1,0.07968574635241302,false
MN1201,sfr_1_4,hdfc,2,6,173,410,0.011560693641618497,0.014634146341463415,false
BX1003,mixed_use_res,llc,86,786,152,1221,0.5657894736842105,0.6437346437346437,false
QN0102,mixed_use_res,corp,11,101,148,2896,0.07432432432432433,0.03487569060773481,false
BK0701,coop_building,coop_corp,43,1495,44,1503,0.9772727272727273,0.9946773120425815,false
QN0102,small_mf,llc,79,617,145,1127,0.5448275862068965,0.5474711623779946,false
BX1001,large_mf,individual,1,30,22,1009,0.045454545454545456,0.02973240832507433,false
BK0601,large_mf,corp,3,116,33,1789,0.09090909090909091,0.06484069312465064,false
MN1102,small_mf,unknown,18,202,257,2543,0.07003891050583658,0.0794337396775462,false
BK1501,small_mf,partnership,1,19,81,640,0.012345679012345678,0.0296875,false
QN0301,condo_unit,individual,6,559,10,808,0.6,0.6918316831683168,false
BK0901,condo_unit,llc,11,303,23,546,0.4782608695652174,0.554945054945055,false
QN1301,sfr_1_4,unknown,25,27,3946,4273,0.0063355296502787635,0.006318745611982214,false
BK1102,mixed_use_res,llc,125,485,289,960,0.43252595155709345,0.5052083333333334,false
BX0703,coop_building,hdfc,1,43,8,449,0.125,0.0957683741648107,false
BK0901,small_mf,partnership,4,56,141,1603,0.028368794326241134,0.034934497816593885,false
QN1307,large_mf,llc,1,20,1,20,1.0,1.0,false
SI0305,sfr_1_4,individual,3829,5326,4456,6227,0.8592908438061041,0.8553075317167175,false
MN1102,other_res,individual,3,5,7,12,0.42857142857142855,0.4166666666666667,false
BK1803,other_res,individual,22,22,35,35,0.6285714285714286,0.6285714285714286,false
BX0701,large_mf,partnership,3,143,214,9375,0.014018691588785047,0.015253333333333334,false
BK0104,small_mf,hdfc,15,131,804,5674,0.018656716417910446,0.023087768769827283,false
BK1503,sfr_1_4,llc,375,714,8148,12884,0.04602356406480118,0.055417572182552,false
BX0602,large_mf,individual,4,128,135,6149,0.02962962962962963,0.020816392909416167,false
BK1802,sfr_1_4,individual,9038,12667,10567,15121,0.8553042490773162,0.8377091462204881,false
BK1602,mixed_use_res,llc,139,807,312,4348,0.44551282051282054,0.18560257589696413,false
QN1002,sfr_1_4,llc,122,240,3911,6278,0.03119406801329583,0.038228735266008285,false
BX1002,other_res,llc,3,2,15,4,,,true
BK1703,other_res,individual,10,10,13,13,0.7692307692307693,0.7692307692307693,false
MN0601,mixed_use_res,llc,2,11255,2,11255,1.0,1.0,false
BX0302,large_mf,llc,11,364,45,2014,0.24444444444444444,0.1807348560079444,false
MN0101,large_mf,hdfc,1,251,33,10742,0.030303030303030304,0.0233662260286725,false
BK0502,mixed_use_res,partnership,2,54,354,3198,0.005649717514124294,0.016885553470919325,false
QN0401,mixed_use_res,individual,178,1535,514,6458,0.3463035019455253,0.23768968720966244,false
BX0403,sfr_1_4,trust,10,26,416,961,0.02403846153846154,0.027055150884495317,false
QN0401,condo_unit,corp,3,48,55,1265,0.05454545454545454,0.037944664031620556,false
QN1202,small_mf,individual,5,29,16,99,0.3125,0.29292929292929293,false
QN1203,small_mf,corp,1,5,6,44,0.16666666666666666,0.11363636363636363,false
MN0903,large_mf,partnership,14,635,249,9583,0.05622489959839357,0.06626317437128248,false
MN1102,mixed_use_res,trust,6,42,491,7424,0.012219959266802444,0.005657327586206897,false
QN0201,large_mf,unknown,1,80,33,4573,0.030303030303030304,0.017493986442160506,false
BX0701,sfr_1_4,trust,15,26,463,864,0.032397408207343416,0.03009259259259259,false
BK1801,sfr_1_4,individual,9068,13079,10386,15181,0.8730984016945889,0.8615374481259469,false
BX0601,large_mf,corp,2,48,73,4020,0.0273972602739726,0.011940298507462687,false
SI0204,other_res,partnership,1,1,15,14,0.06666666666666667,0.07142857142857142,false
BX0303,mixed_use_res,corp,18,921,123,4574,0.14634146341463414,0.20135548753825974,false
MN0102,large_mf,unknown,1,396,5,986,0.2,0.40162271805273836,false
MN0502,mixed_use_res,trust,2,8,318,15266,0.006289308176100629,0.0005240403511070353,false
MN0201,mixed_use_res,lender_reo,1,15,780,10500,0.001282051282051282,0.0014285714285714286,false
BK1103,condo_unit,llc,7,103,56,586,0.125,0.1757679180887372,false
BK1502,sfr_1_4,individual,4219,5929,5130,7306,0.8224171539961014,0.8115247741582261,false
BK1101,large_mf,corp,25,1034,143,5771,0.17482517482517482,0.17917172067232714,false
BK1202,small_mf,trust,14,92,211,1567,0.06635071090047394,0.058710912571793235,false
BX1104,mixed_use_res,llc,52,859,95,1961,0.5473684210526316,0.43804181540030596,false
MN1001,mixed_use_res,trust,3,14,285,6308,0.010526315789473684,0.0022194039315155357,false
BK0103,other_res,llc,2,4,28,50,0.07142857142857142,0.08,false
BK1202,sfr_1_4,trust,1082,2487,5735,12755,0.188666085440279,0.19498235985887888,false
SI0201,other_res,llc,2,3,22,28,0.09090909090909091,0.10714285714285714,false
BK1002,large_mf,llc,11,363,20,700,0.55,0.5185714285714286,false
BK1502,mixed_use_res,individual,105,527,325,1674,0.3230769230769231,0.3148148148148148,false
QN1104,mixed_use_res,trust,2,2,32,34,0.0625,0.058823529411764705,false
QN1001,small_mf,llc,19,138,32,240,0.59375,0.575,false
BX0902,coop_building,coop_corp,3,687,3,687,1.0,1.0,false
QN0104,large_mf,trust,2,52,85,2349,0.023529411764705882,0.022137079608343976,false
QN1201,small_mf,trust,1,16,86,802,0.011627906976744186,0.0199501246882793,false
MN0603,condo_unit,individual,10,148,21,1065,0.47619047619047616,0.13896713615023473,false
MN1002,mixed_use_res,llc,175,3477,415,10214,0.42168674698795183,0.34041511650675543,false
QN1302,small_mf,individual,1,5,1,5,,,true
BK0102,mixed_use_res,hdfc,4,117,992,14214,0.004032258064516129,0.00823132123258759,false
MN0101,condo_unit,unknown,7,584,16,1054,0.4375,0.5540796963946869,false
MN0702,mixed_use_res,coop_corp,3,265,396,19466,0.007575757575757576,0.013613479913695674,false
BK1202,large_mf,unknown,11,507,93,3968,0.11827956989247312,0.12777217741935484,false
QN1202,sfr_1_4,llc,272,522,6056,9549,0.04491413474240423,0.05466540999057493,false
QN0102,small_mf,individual,30,207,145,1127,0.20689655172413793,0.1836734693877551,false
BK0703,sfr_1_4,estate,1,2,2774,6516,0.0003604902667627974,0.0003069367710251688,false
QN1104,sfr_1_4,trust,312,360,2981,3609,0.10466286481046629,0.09975062344139651,false
BX1102,large_mf,individual,1,62,24,1580,0.041666666666666664,0.039240506329113925,false
QN0802,mixed_use_res,unknown,2,1,77,699,0.025974025974025976,0.001430615164520744,false
QN0707,other_res,unknown,2,3,15,27,0.13333333333333333,0.1111111111111111,false
QN0303,condo_unit,individual,25,417,30,492,0.8333333333333334,0.8475609756097561,false
BX0602,coop_building,hdfc,13,426,33,1248,0.3939393939393939,0.34134615384615385,false
BK0802,condo_unit,corp,2,8,115,1199,0.017391304347826087,0.006672226855713094,false
BK1204,mixed_use_res,trust,13,30,271,1189,0.04797047970479705,0.025231286795626577,false
QN1101,sfr_1_4,llc,260,488,8026,10569,0.0323947171692001,0.04617276942000189,false
BK1402,other_res,llc,1,3,5,7,,,true
QN1303,sfr_1_4,partnership,1,1,10963,13419,0.00009121590805436468,0.00007452120128176467,false
BX1202,mixed_use_res,llc,25,56,75,166,0.3333333333333333,0.3373493975903614,false
BX0702,small_mf,unknown,3,32,92,925,0.03260869565217391,0.034594594594594595,false
BX0303,coop_building,coop_corp,2,110,6,288,0.3333333333333333,0.3819444444444444,false
BK1803,large_mf,hdfc,1,40,7,386,0.14285714285714285,0.10362694300518134,false
MN0301,large_mf,partnership,1,109,29,1037,0.034482758620689655,0.1051108968177435,false
BK1201,mixed_use_res,trust,26,62,452,2269,0.05752212389380531,0.027324812692816218,false
MN0803,condo_unit,corp,1,163,34,2202,0.029411764705882353,0.0740236148955495,false
MN0203,condo_unit,llc,6,80,53,1009,0.11320754716981132,0.07928642220019821,false
BK1303,condo_unit,llc,10,201,45,1208,0.2222222222222222,0.16639072847682118,false
MN1001,condo_unit,unknown,10,295,99,2060,0.10101010101010101,0.14320388349514562,false
SI0203,mixed_use_res,individual,35,65,65,227,0.5384615384615384,0.28634361233480177,false
BK1802,mixed_use_res,llc,113,206,218,400,0.518348623853211,0.515,false
MN1001,mixed_use_res,partnership,20,304,285,6308,0.07017543859649122,0.04819277108433735,false
BK1001,sfr_1_4,individual,6371,10234,7613,12530,0.8368580060422961,0.8167597765363128,false
QN0103,small_mf,trust,46,312,823,6403,0.05589307411907655,0.048727159144151176,false
QN1301,large_mf,llc,1,240,4,400,0.25,0.6,false
QN0602,mixed_use_res,hdfc,1,441,301,7098,0.0033222591362126247,0.0621301775147929,false
MN0802,coop_building,coop_corp,472,20395,472,20395,1.0,1.0,false
MN0803,condo_unit,individual,16,1439,34,2202,0.47058823529411764,0.653496821071753,false
QN0905,mixed_use_res,lender_reo,1,0,372,732,0.002688172043010753,0.0,false
BK1401,large_mf,hdfc,5,207,357,17441,0.014005602240896359,0.011868585516885499,false
MN1202,sfr_1_4,trust,5,14,48,109,0.10416666666666667,0.12844036697247707,false
QN1001,sfr_1_4,trust,533,803,13198,19671,0.04038490680406122,0.04082151390371613,false
SI0104,coop_building,coop_corp,8,290,8,290,1.0,1.0,false
QN0701,small_mf,corp,4,24,47,330,0.0851063829787234,0.07272727272727272,false
BK0104,small_mf,corp,75,515,804,5674,0.09328358208955224,0.0907648924920691,false
QN1103,mixed_use_res,individual,24,92,82,244,0.2926829268292683,0.3770491803278688,false
BK1701,small_mf,corp,15,147,311,2757,0.04823151125401929,0.05331882480957562,false
SI0102,sfr_1_4,individual,2004,2744,2375,3437,0.8437894736842105,0.7983706720977597,false
BX0102,mixed_use_res,unknown,12,560,221,6180,0.05429864253393665,0.09061488673139159,false
BK1204,small_mf,individual,11,62,40,309,0.275,0.20064724919093851,false
BX0802,sfr_1_4,lender_reo,1,2,538,926,0.0018587360594795538,0.0021598272138228943,false
BK0103,condo_unit,coop_corp,1,13,300,2535,0.0033333333333333335,0.005128205128205128,false
BK1204,mixed_use_res,llc,147,780,271,1189,0.5424354243542435,0.656013456686291,false
BX0401,coop_building,coop_corp,26,3103,29,3251,0.896551724137931,0.9544755459858505,false
QN0501,mixed_use_res,unknown,15,43,385,950,0.03896103896103896,0.045263157894736845,false
MN1101,small_mf,unknown,23,240,169,1674,0.13609467455621302,0.14336917562724014,false
QN1102,mixed_use_res,unknown,6,65,153,485,0.0392156862745098,0.13402061855670103,false
QN0801,sfr_1_4,llc,257,419,3359,4159,0.07651086632926467,0.10074537148352969,false
BX0502,large_mf,hdfc,26,1464,245,12528,0.10612244897959183,0.11685823754789272,false
BK0202,other_res,corp,1,2,8,12,0.125,0.16666666666666666,false
SI0201,large_mf,llc,4,222,14,1056,0.2857142857142857,0.21022727272727273,false
SI0102,mixed_use_res,unknown,4,14,206,1428,0.019417475728155338,0.00980392156862745,false
BK1602,large_mf,corp,12,776,89,4779,0.1348314606741573,0.1623770663318686,false
BK0503,other_res,corp,3,4,17,18,0.17647058823529413,0.2222222222222222,false
SI0105,large_mf,llc,5,142,5,142,1.0,1.0,false
QN0701,sfr_1_4,corp,48,91,5016,8299,0.009569377990430622,0.010965176527292444,false
BX1201,large_mf,corp,18,844,105,5270,0.17142857142857143,0.1601518026565465,false
SI0301,other_res,individual,6,5,13,14,0.46153846153846156,0.35714285714285715,false
SI0203,condo_unit,individual,6,87,7,105,0.8571428571428571,0.8285714285714286,false
BX1103,sfr_1_4,partnership,1,2,4865,7773,0.00020554984583761563,0.00025730091341824265,false
BX0201,large_mf,partnership,1,21,48,2131,0.020833333333333332,0.009854528390427029,false
BK1401,condo_unit,llc,5,162,13,390,0.38461538461538464,0.4153846153846154,false
BK0702,large_mf,individual,2,65,41,1406,0.04878048780487805,0.04623044096728307,false
BK0902,sfr_1_4,llc,282,606,2728,4928,0.10337243401759531,0.12297077922077922,false
BK0402,small_mf,unknown,29,210,907,6125,0.03197353914002205,0.03428571428571429,false
BK0802,mixed_use_res,hdfc,21,233,731,4435,0.028727770177838577,0.05253664036076663,false
MN0303,mixed_use_res,trust,4,15,924,15272,0.004329004329004329,0.0009821896280775276,false
BX0101,small_mf,partnership,4,58,123,1365,0.032520325203252036,0.04249084249084249,false
QN0105,sfr_1_4,partnership,1,3,815,1846,0.001226993865030675,0.0016251354279523294,false
QN0202,sfr_1_4,individual,1789,3381,2187,4222,0.8180155464106081,0.8008053055423969,false
BK0802,small_mf,partnership,28,235,1035,9165,0.02705314009661836,0.02564102564102564,false
QN0901,large_mf,individual,3,177,56,3355,0.05357142857142857,0.052757078986587186,false
QN0703,large_mf,individual,1,152,4,575,0.25,0.2643478260869565,false
SI0101,mixed_use_res,individual,45,251,129,726,0.3488372093023256,0.34573002754820936,false
SI0204,condo_unit,corp,3,293,53,3922,0.05660377358490566,0.07470678225395207,false
BK0901,small_mf,hdfc,4,63,141,1603,0.028368794326241134,0.039301310043668124,false
QN0601,large_mf,llc,20,1441,31,2295,0.6451612903225806,0.6278867102396514,false
QN1403,sfr_1_4,trust,361,493,3974,5595,0.09084046300956215,0.08811438784629133,false
BK1601,mixed_use_res,lender_reo,1,5,301,3474,0.0033222591362126247,0.0014392630972941854,false
QN1002,condo_unit,individual,7,245,7,245,1.0,1.0,false
BK0104,other_res,corp,1,1,16,18,0.0625,0.05555555555555555,false
BK1101,condo_unit,llc,4,42,87,785,0.04597701149425287,0.0535031847133758,false
MN0401,mixed_use_res,corp,70,1073,513,19808,0.1364522417153996,0.0541700323101777,false
BX0502,sfr_1_4,llc,79,178,378,811,0.20899470899470898,0.21948212083847102,false
BK0702,sfr_1_4,partnership,1,2,3240,7420,0.00030864197530864197,0.00026954177897574127,false
QN0105,large_mf,individual,1,120,32,1588,0.03125,0.07556675062972293,false
BK0701,condo_unit,corp,2,31,70,902,0.02857142857142857,0.03436807095343681,false
MN0203,mixed_use_res,corp,79,926,602,9155,0.13122923588039867,0.10114691425450574,false
QN0805,small_mf,trust,1,6,49,382,0.02040816326530612,0.015706806282722512,false
SI0204,sfr_1_4,individual,6927,9592,7889,11068,0.8780580555203448,0.8666425731839538,false
MN0102,condo_unit,unknown,8,60,54,870,0.14814814814814814,0.06896551724137931,false
SI0304,sfr_1_4,unknown,98,127,11143,15492,0.00879475904155075,0.008197779499096308,false
BK0701,small_mf,unknown,14,104,164,1190,0.08536585365853659,0.08739495798319327,false
MN1203,small_mf,corp,1,16,24,227,0.041666666666666664,0.07048458149779736,false
QN1205,other_res,llc,1,1,11,14,0.09090909090909091,0.07142857142857142,false
QN0203,other_res,llc,6,6,21,25,0.2857142857142857,0.24,false
MN0102,large_mf,llc,4,590,5,986,0.8,0.5983772819472617,false
BX0301,sfr_1_4,llc,114,303,670,1550,0.1701492537313433,0.19548387096774195,false
BK0203,small_mf,unknown,15,141,171,1367,0.08771929824561403,0.10314557425018288,false
BK0503,mixed_use_res,lender_reo,1,3,252,2760,0.003968253968253968,0.0010869565217391304,false
MN0202,condo_unit,corp,1,70,25,357,0.04,0.19607843137254902,false
QN1205,sfr_1_4,llc,258,400,11252,14249,0.02292925702097405,0.028072145413713244,false
MN1202,large_mf,unknown,50,2403,316,13645,0.15822784810126583,0.17610846463906193,false
BX0303,mixed_use_res,hdfc,17,970,123,4574,0.13821138211382114,0.2120682116309576,false
BX0401,coop_building,hdfc,3,148,29,3251,0.10344827586206896,0.04552445401414949,false
BK1401,sfr_1_4,unknown,11,16,1401,2295,0.007851534618129907,0.006971677559912854,false
SI0391,sfr_1_4,trust,1,2,17,26,0.058823529411764705,0.07692307692307693,false
MN0901,other_res,llc,1,0,3,3,,,true
SI0202,large_mf,unknown,1,130,3,245,0.3333333333333333,0.5306122448979592,false
BX0904,coop_building,coop_corp,3,155,3,155,1.0,1.0,false
MN0903,small_mf,corp,24,201,260,2283,0.09230769230769231,0.08804204993429698,false
BX1203,other_res,corp,1,1,11,10,0.09090909090909091,0.1,false
QN0805,condo_unit,llc,1,12,6,142,0.16666666666666666,0.08450704225352113,false
QN1403,sfr_1_4,unknown,25,32,3974,5595,0.006290890790135883,0.005719392314566577,false
SI0302,sfr_1_4,unknown,131,165,15372,19253,0.008521988030184752,0.008570092972523763,false
BK1001,mixed_use_res,coop_corp,2,15,1319,6499,0.001516300227445034,0.002308047391906447,false
MN1102,sfr_1_4,hdfc,11,42,503,1558,0.02186878727634195,0.026957637997432605,false
SI0302,small_mf,unknown,1,5,8,56,0.125,0.08928571428571429,false
SI0103,condo_unit,corp,1,16,9,508,0.1111111111111111,0.031496062992125984,false
QN0601,mixed_use_res,hdfc,1,33,91,3043,0.01098901098901099,0.010844561288202431,false
BK1701,small_mf,llc,234,2095,311,2757,0.752411575562701,0.7598839318099383,false
BK0104,mixed_use_res,llc,438,4237,805,6332,0.5440993788819876,0.6691408717624763,false
BX0601,sfr_1_4,llc,26,65,247,583,0.10526315789473684,0.11149228130360206,false
BK1703,small_mf,corp,30,259,217,1732,0.1382488479262673,0.14953810623556582,false
BX0101,large_mf,corp,32,1620,107,5956,0.29906542056074764,0.2719946272666219,false
QN0402,other_res,unknown,1,2,43,78,0.023255813953488372,0.02564102564102564,false
QN1401,sfr_1_4,individual,3853,6179,4906,8222,0.7853648593558907,0.7515203113597665,false
QN1001,other_res,llc,9,12,24,33,0.375,0.36363636363636365,false
BX0801,small_mf,corp,4,43,58,591,0.06896551724137931,0.0727580372250423,false
MN0303,sfr_1_4,trust,13,35,109,275,0.11926605504587157,0.12727272727272726,false
BK0102,mixed_use_res,unknown,54,939,992,14214,0.05443548387096774,0.06606162937948501,false
MN0701,condo_unit,unknown,4,296,14,794,0.2857142857142857,0.37279596977329976,false
MN0604,mixed_use_res,trust,3,14,372,16437,0.008064516129032258,0.0008517369349638012,false
SI0202,mixed_use_res,llc,43,85,109,194,0.3944954128440367,0.4381443298969072,false
BK0702,sfr_1_4,trust,237,534,3240,7420,0.07314814814814814,0.07196765498652291,false
QN0805,sfr_1_4,lender_reo,4,5,3172,5173,0.0012610340479192938,0.0009665571235260004,false
BX0601,large_mf,individual,3,170,73,4020,0.0410958904109589,0.04228855721393035,false
BK0703,sfr_1_4,lender_reo,1,1,2774,6516,0.0003604902667627974,0.0001534683855125844,false
BX1002,sfr_1_4,trust,486,845,7355,12021,0.06607749830047586,0.07029365277431163,false
BX0903,mixed_use_res,llc,37,706,95,1835,0.3894736842105263,0.38474114441416896,false
BX0602,small_mf,corp,3,31,92,978,0.03260869565217391,0.03169734151329243,false
BK1704,small_mf,unknown,5,74,129,995,0.03875968992248062,0.0743718592964824,false
QN0105,other_res,trust,1,1,15,29,0.06666666666666667,0.034482758620689655,false
BK1403,mixed_use_res,corp,38,143,328,2214,0.11585365853658537,0.06458897922312556,false
MN0803,mixed_use_res,partnership,18,890,441,20090,0.04081632653061224,0.04430064708810354,false
QN0602,condo_unit,unknown,8,265,16,655,0.5,0.40458015267175573,false
QN1202,large_mf,llc,1,133,7,730,0.14285714285714285,0.1821917808219178,false
MN0203,sfr_1_4,corp,18,37,603,1087,0.029850746268656716,0.03403863845446182,false
QN0706,sfr_1_4,individual,3522,5590,4099,6580,0.8592339595023176,0.8495440729483282,false
BK1202,other_res,unknown,4,8,88,132,0.045454545454545456,0.06060606060606061,false
BK0602,small_mf,hdfc,7,58,551,4630,0.012704174228675136,0.012526997840172787,false
SI0201,sfr_1_4,corp,72,102,7417,9674,0.009707428879600917,0.01054372544965888,false
QN0902,other_res,individual,4,5,9,15,0.4444444444444444,0.3333333333333333,false
MN0902,condo_unit,llc,2,38,8,148,0.25,0.25675675675675674,false
QN0801,sfr_1_4,corp,19,27,3359,4159,0.0056564453706460256,0.006491945179129598,false
BK1401,large_mf,llc,255,12355,357,17441,0.7142857142857143,0.7083882804885041,false
BK0801,mixed_use_res,trust,12,40,317,3637,0.03785488958990536,0.010998075336816057,false
BK1202,small_mf,corp,13,101,211,1567,0.061611374407582936,0.06445437141033823,false
QN0301,large_mf,individual,4,188,136,7942,0.029411764705882353,0.023671619239486276,false
QN1302,large_mf,hdfc,1,51,2,99,0.5,0.5151515151515151,false
MN1002,coop_building,coop_corp,27,2505,43,2919,0.627906976744186,0.8581706063720452,false
BX1203,sfr_1_4,lender_reo,8,18,5840,10397,0.0013698630136986301,0.001731268635183226,false
BK0901,sfr_1_4,hdfc,2,6,2061,3827,0.0009704027171276079,0.001567807682257643,false
QN0901,small_mf,llc,13,172,20,251,0.65,0.6852589641434262,false
SI0203,mixed_use_res,unknown,6,12,65,227,0.09230769230769231,0.05286343612334802,false
BK1301,large_mf,unknown,11,1431,25,2427,0.44,0.5896168108776267,false
MN1101,small_mf,trust,3,26,169,1674,0.01775147928994083,0.015531660692951015,false
MN0901,mixed_use_res,trust,1,142,54,2008,0.018518518518518517,0.07071713147410359,false
BX0302,coop_building,coop_corp,1,12,3,61,0.3333333333333333,0.19672131147540983,false
SI0107,mixed_use_res,individual,35,58,78,143,0.44871794871794873,0.40559440559440557,false
MN0303,other_res,individual,3,7,15,32,0.2,0.21875,false
BX1003,sfr_1_4,partnership,12,34,4287,7062,0.0027991602519244225,0.004814500141602946,false
BK1701,sfr_1_4,unknown,18,34,2436,4930,0.007389162561576354,0.006896551724137931,false
QN1301,large_mf,corp,2,88,4,400,0.5,0.22,false
MN0803,sfr_1_4,corp,5,9,147,231,0.034013605442176874,0.03896103896103896,false
QN1104,mixed_use_res,individual,19,20,32,34,0.59375,0.5882352941176471,false
BX0202,sfr_1_4,individual,675,1466,855,1956,0.7894736842105263,0.7494887525562373,false
MN1202,mixed_use_res,corp,40,1451,227,9502,0.1762114537444934,0.15270469374868448,false
MN0202,large_mf,llc,25,1092,42,1795,0.5952380952380952,0.6083565459610027,false
MN0303,mixed_use_res,coop_corp,2,21,924,15272,0.0021645021645021645,0.0013750654793085386,false
BK1102,small_mf,partnership,1,16,82,706,0.012195121951219513,0.0226628895184136,false
BK0103,sfr_1_4,unknown,9,29,926,2641,0.009719222462203024,0.010980689132904203,false
BK1803,small_mf,corp,2,17,8,65,0.25,0.26153846153846155,false
QN0202,condo_unit,llc,2,18,13,458,0.15384615384615385,0.039301310043668124,false
BK1501,coop_building,coop_corp,35,3084,35,3084,1.0,1.0,false
MN0701,small_mf,llc,154,1447,254,2436,0.6062992125984252,0.5940065681444991,false
BX1202,small_mf,corp,5,49,31,231,0.16129032258064516,0.21212121212121213,false
QN0502,other_res,unknown,2,5,42,64,0.047619047619047616,0.078125,false
MN0901,mixed_use_res,individual,3,147,54,2008,0.05555555555555555,0.07320717131474104,false
BK0702,sfr_1_4,llc,342,893,3240,7420,0.10555555555555556,0.12035040431266847,false
QN1302,other_res,individual,2,3,2,3,,,true
MN0602,other_res,corp,1,4,5,11,0.2,0.36363636363636365,false
BK0301,large_mf,llc,54,2152,117,5286,0.46153846153846156,0.407113129020053,false
QN0802,sfr_1_4,individual,3563,4725,4227,5652,0.8429145966406435,0.8359872611464968,false
BK1402,large_mf,partnership,4,253,130,6612,0.03076923076923077,0.0382637628554144,false
QN0901,mixed_use_res,unknown,15,389,92,1778,0.16304347826086957,0.218785151856018,false
QN0602,sfr_1_4,lender_reo,5,5,6473,8241,0.0007724393635099645,0.0006067224851352991,false
MN0701,other_res,individual,1,1,3,2,,,true
BK0602,condo_unit,corp,5,67,356,2417,0.014044943820224719,0.02772031443938767,false
QN0105,mixed_use_res,trust,7,13,233,7658,0.030042918454935622,0.0016975711674066336,false
BX1201,condo_unit,unknown,1,8,3,56,0.3333333333333333,0.14285714285714285,false
BK0602,condo_unit,partnership,1,2,356,2417,0.0028089887640449437,0.0008274720728175424,false
BX0301,mixed_use_res,hdfc,25,1243,173,5359,0.14450867052023122,0.2319462586303415,false
MN0603,condo_unit,unknown,7,805,21,1065,0.3333333333333333,0.755868544600939,false
BX0803,condo_unit,unknown,1,78,15,664,0.06666666666666667,0.11746987951807229,false
MN0602,small_mf,trust,2,14,88,842,0.022727272727272728,0.0166270783847981,false
QN0101,mixed_use_res,unknown,18,87,403,2926,0.04466501240694789,0.029733424470266577,false
QN1202,mixed_use_res,unknown,9,67,223,518,0.04035874439461883,0.12934362934362933,false
QN0602,mixed_use_res,llc,156,3542,301,7098,0.5182724252491694,0.4990138067061144,false
QN0401,sfr_1_4,unknown,32,69,5747,12724,0.005568122498694972,0.005422823011631562,false
MN0102,small_mf,corp,10,79,30,238,0.3333333333333333,0.3319327731092437,false
BK1703,mixed_use_res,trust,11,27,325,1514,0.033846153846153845,0.0178335535006605,false
BK0902,sfr_1_4,lender_reo,3,6,2728,4928,0.0010997067448680353,0.0012175324675324675,false
QN0707,large_mf,individual,6,717,74,5915,0.08108108108108109,0.12121724429416737,false
BX0602,condo_unit,hdfc,1,22,2,38,0.5,0.5789473684210527,false
BX0802,coop_building,hdfc,1,318,8,1117,0.125,0.2846911369740376,false
BX0701,condo_unit,hdfc,1,188,3,291,0.3333333333333333,0.6460481099656358,false
MN1001,large_mf,llc,59,1881,138,5558,0.427536231884058,0.3384310903202591,false
BK1801,small_mf,llc,14,161,21,214,0.6666666666666666,0.7523364485981309,false
BK0103,other_res,trust,1,0,28,50,0.03571428571428571,0.0,false
MN0101,mixed_use_res,coop_corp,2,36,206,21016,0.009708737864077669,0.0017129805862200228,false
QN1102,coop_building,coop_corp,13,1111,13,1111,1.0,1.0,false
QN1201,large_mf,partnership,2,106,103,8070,0.019417475728155338,0.013135068153655513,false
QN0103,condo_unit,unknown,7,268,49,925,0.14285714285714285,0.2897297297297297,false
BK1201,large_mf,hdfc,6,228,59,2210,0.1016949152542373,0.10316742081447963,false
QN1302,mixed_use_res,llc,22,42,65,108,0.3384615384615385,0.3888888888888889,false
BK0701,mixed_use_res,individual,53,536,214,1684,0.24766355140186916,0.3182897862232779,false
BK1401,other_res,individual,1,3,8,13,0.125,0.23076923076923078,false
MN0101,small_mf,llc,5,52,10,95,0.5,0.5473684210526316,false
MN0603,small_mf,coop_corp,1,10,108,1011,0.009259259259259259,0.009891196834817012,false
QN0702,small_mf,llc,7,41,15,83,0.4666666666666667,0.4939759036144578,false
MN0101,mixed_use_res,llc,90,5114,206,21016,0.4368932038834951,0.24333840883136656,false
QN0504,sfr_1_4,lender_reo,4,6,7306,11336,0.0005474952094169176,0.000529287226534933,false
BX1202,sfr_1_4,unknown,34,57,6181,10976,0.005500728037534379,0.005193148688046647,false
SI0204,sfr_1_4,corp,36,59,7889,11068,0.0045633160096336675,0.005330683050234912,false
BX0502,mixed_use_res,individual,16,358,132,5832,0.12121212121212122,0.06138545953360768,false
BK1704,sfr_1_4,llc,214,679,2873,7336,0.07448659937347721,0.09255725190839695,false
QN0503,small_mf,individual,88,538,194,1232,0.4536082474226804,0.4366883116883117,false
BK0701,small_mf,trust,5,30,164,1190,0.03048780487804878,0.025210084033613446,false
BK1102,mixed_use_res,trust,17,30,289,960,0.058823529411764705,0.03125,false
QN1402,small_mf,llc,11,96,25,209,0.44,0.45933014354066987,false
MN1102,small_mf,hdfc,25,282,257,2543,0.09727626459143969,0.1108926464805348,false
BX0403,mixed_use_res,hdfc,14,856,104,4773,0.1346153846153846,0.17934213283050493,false
BX0102,small_mf,individual,8,61,105,1035,0.0761904761904762,0.05893719806763285,false
BK0702,coop_building,hdfc,1,16,15,536,0.06666666666666667,0.029850746268656716,false
QN0805,condo_unit,unknown,1,25,6,142,0.16666666666666666,0.176056338028169,false
QN0701,other_res,llc,10,13,21,20,0.47619047619047616,0.65,false
BK0602,small_mf,trust,20,144,551,4630,0.036297640653357534,0.031101511879049675,false
MN0703,mixed_use_res,llc,69,1692,168,5863,0.4107142857142857,0.28858945932116664,false
BK1701,coop_building,coop_corp,11,976,11,976,1.0,1.0,false
BK1002,large_mf,partnership,1,20,20,700,0.05,0.02857142857142857,false
QN0803,mixed_use_res,llc,9,15,32,106,0.28125,0.14150943396226415,false
BX0703,mixed_use_res,trust,1,2,107,3703,0.009345794392523364,0.0005401026194977045,false
MN0203,coop_building,lender_reo,3,170,178,5960,0.016853932584269662,0.028523489932885907,false
MN0402,coop_building,hdfc,24,465,119,3155,0.20168067226890757,0.1473851030110935,false
BK1801,mixed_use_res,trust,22,36,398,1017,0.05527638190954774,0.035398230088495575,false
MN1001,sfr_1_4,corp,16,52,649,1708,0.02465331278890601,0.03044496487119438,false
QN0203,small_mf,trust,7,42,234,1858,0.029914529914529916,0.022604951560818085,false
SI0106,mixed_use_res,trust,8,10,214,515,0.037383177570093455,0.019417475728155338,false
SI0102,large_mf,partnership,1,108,10,660,0.1,0.16363636363636364,false
SI0106,other_res,llc,13,21,27,39,0.48148148148148145,0.5384615384615384,false
MN1002,other_res,llc,1,3,3,8,,,true
MN0701,large_mf,hdfc,1,113,56,5881,0.017857142857142856,0.01921441931644278,false
BK0102,other_res,individual,6,9,22,39,0.2727272727272727,0.23076923076923078,false
MN0302,sfr_1_4,unknown,1,4,13,37,0.07692307692307693,0.10810810810810811,false
BK0101,sfr_1_4,corp,15,46,2048,5108,0.00732421875,0.009005481597494126,false
SI0204,condo_unit,unknown,16,755,53,3922,0.3018867924528302,0.19250382457929627,false
BK1503,sfr_1_4,corp,59,103,8148,12884,0.007241040746195386,0.007994411673393357,false
QN0103,large_mf,corp,33,1514,238,9510,0.13865546218487396,0.15920084121976866,false
BK1701,small_mf,trust,12,97,311,2757,0.03858520900321544,0.035183170112441056,false
BK0103,coop_building,coop_corp,7,89,12,145,0.5833333333333334,0.6137931034482759,false
QN0902,other_res,unknown,1,1,9,15,0.1111111111111111,0.06666666666666667,false
BK0801,other_res,corp,2,3,9,15,0.2222222222222222,0.2,false
QN1307,mixed_use_res,individual,36,43,67,81,0.5373134328358209,0.5308641975308642,false
BK1101,coop_building,coop_corp,24,1279,25,1295,0.96,0.9876447876447877,false
MN1203,large_mf,unknown,24,1277,184,7871,0.13043478260869565,0.16224113835599036,false
MN0202,mixed_use_res,coop_corp,2,417,386,8046,0.0051813471502590676,0.051826994780014915,false
BK0301,large_mf,hdfc,22,1067,117,5286,0.18803418803418803,0.20185395384033294,false
BK0401,condo_unit,llc,25,198,52,500,0.4807692307692308,0.396,false
QN0201,sfr_1_4,individual,120,260,245,547,0.4897959183673469,0.4753199268738574,false
BK0302,small_mf,trust,14,101,879,6752,0.015927189988623434,0.014958530805687204,false
BK0901,sfr_1_4,unknown,20,35,2061,3827,0.009704027171276079,0.009145544813169584,false
SI0105,mixed_use_res,trust,7,12,137,236,0.051094890510948905,0.05084745762711865,false
MN0102,sfr_1_4,corp,1,4,35,56,0.02857142857142857,0.07142857142857142,false
BX0503,sfr_1_4,corp,9,17,195,405,0.046153846153846156,0.04197530864197531,false
QN0301,large_mf,corp,22,1154,136,7942,0.16176470588235295,0.1453034500125913,false
QN1102,small_mf,llc,14,135,24,207,0.5833333333333334,0.6521739130434783,false
QN1001,small_mf,unknown,2,12,32,240,0.0625,0.05,false
MN0802,large_mf,corp,2,69,60,2345,0.03333333333333333,0.029424307036247335,false
BK0201,large_mf,individual,1,239,31,1607,0.03225806451612903,0.14872433105164903,false
BK0204,condo_unit,unknown,17,252,117,1147,0.1452991452991453,0.21970357454228423,false
BK1703,mixed_use_res,lender_reo,1,1,325,1514,0.003076923076923077,0.0006605019815059445,false
BK0101,other_res,corp,2,2,12,15,0.16666666666666666,0.13333333333333333,false
BK1001,mixed_use_res,trust,52,128,1319,6499,0.039423805913570885,0.01969533774426835,false
BK1101,large_mf,partnership,1,95,143,5771,0.006993006993006993,0.01646161843701265,false
BX1003,mixed_use_res,unknown,7,123,152,1221,0.046052631578947366,0.10073710073710074,false
BK1601,sfr_1_4,hdfc,18,58,2589,6286,0.006952491309385863,0.00922685332484887,false
BK0802,small_mf,corp,103,951,1035,9165,0.09951690821256039,0.10376432078559739,false
QN0904,small_mf,llc,20,145,36,249,0.5555555555555556,0.5823293172690763,false
SI0305,other_res,individual,7,4,18,19,0.3888888888888889,0.21052631578947367,false
QN0103,large_mf,unknown,42,1746,238,9510,0.17647058823529413,0.18359621451104102,false
BX0503,other_res,individual,1,0,3,3,,,true
QN0901,small_mf,individual,3,28,20,251,0.15,0.11155378486055777,false
QN0504,other_res,unknown,2,1,20,26,0.1,0.038461538461538464,false
MN0703,small_mf,unknown,45,558,212,2422,0.21226415094339623,0.23038810900082576,false
MN0302,mixed_use_res,hdfc,11,211,483,8960,0.022774327122153208,0.023549107142857142,false
BK1403,large_mf,individual,4,210,148,7888,0.02702702702702703,0.026622718052738338,false
MN1202,condo_unit,unknown,2,125,7,249,0.2857142857142857,0.5020080321285141,false
BK1203,condo_unit,unknown,1,14,29,267,0.034482758620689655,0.052434456928838954,false
BK0501,other_res,llc,6,8,39,45,0.15384615384615385,0.17777777777777778,false
BK1703,other_res,llc,1,1,13,13,0.07692307692307693,0.07692307692307693,false
BK0204,large_mf,corp,2,123,54,2481,0.037037037037037035,0.049576783555018135,false
BK1702,mixed_use_res,hdfc,1,58,126,720,0.007936507936507936,0.08055555555555556,false
BK1704,mixed_use_res,corp,25,489,225,1516,0.1111111111111111,0.32255936675461744,false
MN0101,mixed_use_res,unknown,50,6022,206,21016,0.24271844660194175,0.28654358583936046,false
QN0601,sfr_1_4,trust,251,364,2236,3184,0.11225402504472272,0.114321608040201,false
QN0801,mixed_use_res,unknown,2,2,63,423,0.031746031746031744,0.004728132387706856,false
QN1104,condo_unit,individual,4,530,4,530,1.0,1.0,false
BK1302,large_mf,partnership,2,266,24,2944,0.08333333333333333,0.09035326086956522,false
MN0401,mixed_use_res,individual,98,6780,513,19808,0.19103313840155944,0.3422859450726979,false
BK1403,condo_unit,llc,4,131,22,338,0.18181818181818182,0.3875739644970414,false
BK0203,sfr_1_4,corp,22,67,1236,3154,0.01779935275080906,0.0212428662016487,false
MN0803,mixed_use_res,individual,54,3266,441,20090,0.12244897959183673,0.16256844201095072,false
BK0702,large_mf,hdfc,1,80,41,1406,0.024390243902439025,0.05689900426742532,false
QN1304,sfr_1_4,trust,392,428,5145,5729,0.0761904761904762,0.07470762785826497,false
QN0103,other_res,trust,1,2,17,31,0.058823529411764705,0.06451612903225806,false
BK0602,mixed_use_res,individual,157,1091,813,6895,0.1931119311193112,0.15823060188542423,false
BK1002,condo_unit,llc,2,120,41,522,0.04878048780487805,0.22988505747126436,false
BX1003,mixed_use_res,corp,19,122,152,1221,0.125,0.09991809991809991,false
BK0104,sfr_1_4,corp,34,104,1418,3346,0.023977433004231313,0.031081888822474597,false
MN0303,large_mf,trust,2,45,256,8965,0.0078125,0.0050195203569436695,false
MN0502,sfr_1_4,llc,1,4,1,4,,,true
QN0602,mixed_use_res,coop_corp,2,15,301,7098,0.006644518272425249,0.002113271344040575,false
QN1307,sfr_1_4,lender_reo,14,23,5091,7642,0.0027499508937340405,0.0030096833289714733,false
BK1502,other_res,llc,4,6,15,23,0.26666666666666666,0.2608695652173913,false
MN1002,large_mf,partnership,16,503,204,11714,0.0784313725490196,0.04294007170906607,false
QN0303,sfr_1_4,corp,53,132,2261,5527,0.02344095532950022,0.02388275737289669,false
QN0705,large_mf,partnership,1,20,25,1414,0.04,0.014144271570014143,false
BK0201,sfr_1_4,llc,128,227,576,1008,0.2222222222222222,0.2251984126984127,false
QN1402,coop_building,coop_corp,6,2971,6,2971,1.0,1.0,false
MN0301,mixed_use_res,corp,268,4611,633,10815,0.42338072669826227,0.42635228848821083,false
QN0503,mixed_use_res,individual,125,271,356,798,0.351123595505618,0.33959899749373434,false
MN1002,sfr_1_4,llc,138,402,747,1950,0.18473895582329317,0.20615384615384616,false
BX1203,small_mf,individual,51,311,167,1268,0.30538922155688625,0.24526813880126183,false
QN1402,mixed_use_res,hdfc,4,802,46,1205,0.08695652173913043,0.6655601659751037,false
BX1104,small_mf,corp,7,79,97,795,0.07216494845360824,0.09937106918238994,false
BX0201,large_mf,individual,8,378,48,2131,0.16666666666666666,0.17738151102768654,false
BK0102,large_mf,llc,94,5562,178,8855,0.5280898876404494,0.6281197063805759,false
SI0103,sfr_1_4,trust,240,308,4412,5499,0.05439709882139619,0.056010183669758136,false
BK1101,other_res,corp,4,5,15,19,0.26666666666666666,0.2631578947368421,false
BK0902,small_mf,hdfc,6,81,217,1867,0.027649769585253458,0.0433851098018211,false
SI0107,large_mf,partnership,1,28,10,1124,0.1,0.02491103202846975,false
MN0702,small_mf,hdfc,3,15,819,7622,0.003663003663003663,0.0019679874048806087,false
BX0302,small_mf,llc,10,98,26,311,0.38461538461538464,0.31511254019292606,false
MN1102,small_mf,individual,28,239,257,2543,0.10894941634241245,0.09398348407392842,false
BX0502,sfr_1_4,individual,278,582,378,811,0.7354497354497355,0.717632552404439,false
QN0203,mixed_use_res,individual,97,773,255,2385,0.3803921568627451,0.32410901467505243,false
MN1002,large_mf,individual,18,1099,204,11714,0.08823529411764706,0.09381936144784019,false
BK1301,condo_unit,corp,1,9,40,478,0.025,0.01882845188284519,false
SI0102,sfr_1_4,lender_reo,5,6,2375,3437,0.002105263157894737,0.0017457084666860634,false
MN1203,large_mf,corp,30,1188,184,7871,0.16304347826086957,0.1509338076483293,false
QN0203,small_mf,unknown,5,69,234,1858,0.021367521367521368,0.03713670613562971,false
BK1203,mixed_use_res,corp,34,183,238,1224,0.14285714285714285,0.14950980392156862,false
MN1002,condo_unit,partnership,1,28,78,1134,0.01282051282051282,0.024691358024691357,false
QN0902,sfr_1_4,llc,193,427,4021,7106,0.04799801044516289,0.06009006473402758,false
SI0105,sfr_1_4,unknown,65,80,8454,10801,0.007688668086113083,0.007406721599851866,false
BK0602,mixed_use_res,unknown,41,216,813,6895,0.05043050430504305,0.031327048585931834,false
BK0301,small_mf,llc,473,3874,775,6301,0.6103225806451613,0.614823043961276,false
QN0802,large_mf,unknown,6,120,10,694,0.6,0.1729106628242075,false
BK0103,sfr_1_4,trust,234,679,926,2641,0.2526997840172786,0.25709958349110185,false
QN1201,mixed_use_res,partnership,2,3,531,6846,0.003766478342749529,0.00043821209465381246,false
BK0501,other_res,unknown,2,6,39,45,0.05128205128205128,0.13333333333333333,false
QN0705,mixed_use_res,hdfc,1,159,196,1122,0.00510204081632653,0.14171122994652408,false
BK0503,condo_unit,corp,1,27,3,95,0.3333333333333333,0.28421052631578947,false
BX0401,mixed_use_res,trust,2,73,146,8646,0.0136986301369863,0.00844321073328707,false
MN0703,condo_unit,unknown,11,1196,35,3270,0.3142857142857143,0.3657492354740061,false
MN1202,large_mf,corp,30,1160,316,13645,0.0949367088607595,0.08501282521069989,false
BK1201,coop_building,coop_corp,5,118,5,118,1.0,1.0,false
MN0301,other_res,llc,3,5,9,17,0.3333333333333333,0.29411764705882354,false
BK0101,large_mf,unknown,3,90,37,1440,0.08108108108108109,0.0625,false
BK1204,condo_unit,corp,2,26,53,532,0.03773584905660377,0.04887218045112782,false
QN0105,small_mf,partnership,2,11,86,609,0.023255813953488372,0.0180623973727422,false
QN0705,mixed_use_res,llc,92,559,196,1122,0.46938775510204084,0.4982174688057041,false
SI0301,mixed_use_res,corp,1,8,23,42,0.043478260869565216,0.19047619047619047,false
MN0602,small_mf,llc,53,499,88,842,0.6022727272727273,0.5926365795724465,false
MN0801,small_mf,trust,1,16,139,1777,0.007194244604316547,0.009003939223410242,false
BX0401,large_mf,hdfc,20,1093,201,11485,0.09950248756218906,0.09516760992599042,false
QN0703,mixed_use_res,corp,1,2,25,55,0.04,0.03636363636363636,false
QN1307,condo_unit,unknown,1,14,3,62,0.3333333333333333,0.22580645161290322,false
BK0504,condo_unit,hdfc,4,15,5,129,0.8,0.11627906976744186,false
BK1704,coop_building,coop_corp,1,34,1,34,1.0,1.0,false
MN0602,condo_unit,llc,2,11,24,520,0.08333333333333333,0.021153846153846155,false
QN1203,mixed_use_res,llc,68,139,182,337,0.37362637362637363,0.4124629080118694,false
BX0101,sfr_1_4,lender_reo,1,2,879,1805,0.0011376564277588168,0.00110803324099723,false
QN1305,other_res,individual,2,1,2,1,,,true
BK0702,small_mf,corp,84,630,549,3970,0.15300546448087432,0.15869017632241814,false
BX0301,other_res,unknown,1,0,6,8,,,true
MN0202,condo_unit,trust,1,2,25,357,0.04,0.0056022408963585435,false
QN0202,small_mf,individual,137,855,465,3266,0.2946236559139785,0.2617881200244948,false
BX0803,mixed_use_res,individual,29,324,73,1984,0.3972602739726027,0.16330645161290322,false
QN0903,mixed_use_res,trust,3,8,216,567,0.013888888888888888,0.014109347442680775,false
QN1301,mixed_use_res,trust,6,6,50,76,0.12,0.07894736842105263,false
QN0301,mixed_use_res,unknown,8,298,333,3273,0.024024024024024024,0.09104796822487014,false
SI0102,large_mf,corp,1,75,10,660,0.1,0.11363636363636363,false
MN0801,condo_unit,llc,3,58,15,1540,0.2,0.03766233766233766,false
SI0106,condo_unit,llc,1,6,4,140,0.25,0.04285714285714286,false
BK1102,condo_unit,unknown,1,9,45,463,0.022222222222222223,0.019438444924406047,false
BK0201,sfr_1_4,corp,8,22,576,1008,0.013888888888888888,0.021825396825396824,false
SI0107,sfr_1_4,trust,244,349,5469,7431,0.04461510330956299,0.04696541515273853,false
QN0301,small_mf,unknown,3,27,122,1029,0.02459016393442623,0.026239067055393587,false
QN0103,coop_building,coop_corp,9,527,9,527,1.0,1.0,false
MN0502,mixed_use_res,lender_reo,1,230,318,15266,0.0031446540880503146,0.015066160094327263,false
BK1101,large_mf,trust,2,77,143,5771,0.013986013986013986,0.013342574943683938,false
BK0104,coop_building,hdfc,8,106,22,2902,0.36363636363636365,0.03652653342522398,false
BK1802,condo_unit,llc,2,227,12,645,0.16666666666666666,0.351937984496124,false
QN0504,condo_unit,individual,6,90,10,165,0.6,0.5454545454545454,false
BK0602,large_mf,individual,2,87,42,1677,0.047619047619047616,0.0518783542039356,false
MN0501,mixed_use_res,individual,91,5099,370,13543,0.24594594594594596,0.3765044672524551,false
QN0601,mixed_use_res,trust,3,4,91,3043,0.03296703296703297,0.0013144922773578706,false
BK0505,mixed_use_res,hdfc,2,369,223,1971,0.008968609865470852,0.1872146118721461,false
BK1503,other_res,individual,23,2,30,7,,,true
MN0603,other_res,unknown,2,2,14,22,0.14285714285714285,0.09090909090909091,false
QN1204,sfr_1_4,lender_reo,13,23,3597,5424,0.003614122880177926,0.004240412979351032,false
MN1001,mixed_use_res,llc,121,2285,285,6308,0.4245614035087719,0.36223842739378564,false
MN0903,sfr_1_4,llc,113,288,587,1355,0.19250425894378195,0.21254612546125462,false
QN0105,mixed_use_res,individual,68,1385,233,7658,0.2918454935622318,0.18085662052755289,false
MN0903,other_res,unknown,1,1,1,1,,,true
SI0301,mixed_use_res,trust,2,3,23,42,0.08695652173913043,0.07142857142857142,false
QN1101,large_mf,llc,13,506,16,626,0.8125,0.8083067092651757,false
MN1203,small_mf,hdfc,1,12,24,227,0.041666666666666664,0.05286343612334802,false
BK0204,small_mf,unknown,7,66,221,1796,0.03167420814479638,0.036748329621380846,false
BK1202,coop_building,hdfc,1,30,21,701,0.047619047619047616,0.042796005706134094,false
MN0603,small_mf,individual,6,52,108,1011,0.05555555555555555,0.051434223541048464,false
BK0601,mixed_use_res,coop_corp,2,53,920,12490,0.002173913043478261,0.004243394715772618,false
MN0801,other_res,individual,4,8,4,8,,,true
BX0903,other_res,corp,1,1,9,5,,,true
BK0901,small_mf,individual,14,109,141,1603,0.09929078014184398,0.06799750467872738,false
BK0601,mixed_use_res,llc,496,10039,920,12490,0.5391304347826087,0.8037630104083267,false
SI0106,mixed_use_res,unknown,1,48,214,515,0.004672897196261682,0.09320388349514563,false
BK1204,sfr_1_4,partnership,3,5,4426,7768,0.0006778129236330773,0.0006436663233779609,false
QN0401,mixed_use_res,corp,98,1010,514,6458,0.19066147859922178,0.15639516878290494,false
BK1302,other_res,llc,3,3,12,15,0.25,0.2,false
BK0501,small_mf,hdfc,7,59,101,703,0.06930693069306931,0.08392603129445235,false
MN1102,mixed_use_res,lender_reo,1,28,491,7424,0.002036659877800407,0.003771551724137931,false
MN1101,sfr_1_4,corp,3,12,55,144,0.05454545454545454,0.08333333333333333,false
MN0903,coop_building,hdfc,57,1269,109,2971,0.5229357798165137,0.427128912823965,false
BK0202,sfr_1_4,individual,559,1128,788,1675,0.7093908629441624,0.6734328358208955,false
BK0601,condo_unit,individual,171,1765,285,2572,0.6,0.6862363919129082,false
BK1401,large_mf,individual,12,536,357,17441,0.03361344537815126,0.030732182787684192,false
BX0202,small_mf,corp,11,106,112,1180,0.09821428571428571,0.08983050847457627,false
BK0502,large_mf,individual,4,155,44,2467,0.09090909090909091,0.06282934738548845,false
BX1201,mixed_use_res,individual,77,446,234,2257,0.32905982905982906,0.19760744350908285,false
BK0501,large_mf,hdfc,1,54,23,907,0.043478260869565216,0.05953693495038589,false
BK1403,small_mf,individual,9,72,47,396,0.19148936170212766,0.18181818181818182,false
QN1402,mixed_use_res,unknown,3,5,46,1205,0.06521739130434782,0.004149377593360996,false
BX0603,mixed_use_res,trust,5,84,268,4093,0.018656716417910446,0.02052284387979477,false
BK1701,large_mf,partnership,1,62,159,7728,0.006289308176100629,0.008022774327122154,false
BK0201,other_res,llc,1,0,11,8,,,true
BK1601,small_mf,trust,2,12,375,3002,0.005333333333333333,0.003997335109926716,false
BX0903,mixed_use_res,trust,4,9,95,1835,0.042105263157894736,0.004904632152588556,false
BX0401,small_mf,hdfc,26,332,172,1746,0.1511627906976744,0.19014891179839633,false
BX0603,small_mf,hdfc,12,146,198,1974,0.06060606060606061,0.07396149949341439,false
MN0402,small_mf,llc,117,1276,195,2085,0.6,0.6119904076738609,false
QN0705,sfr_1_4,llc,265,529,4380,7098,0.06050228310502283,0.0745280360664976,false
QN1103,condo_unit,partnership,1,92,13,726,0.07692307692307693,0.12672176308539945,false
BK1501,condo_unit,individual,33,302,41,389,0.8048780487804879,0.7763496143958869,false
QN0504,sfr_1_4,llc,260,603,7306,11336,0.03558718861209965,0.053193366266760765,false
QN1403,mixed_use_res,trust,3,4,69,494,0.043478260869565216,0.008097165991902834,false
QN0402,mixed_use_res,individual,134,390,382,2350,0.3507853403141361,0.16595744680851063,false
BK0701,mixed_use_res,corp,27,139,214,1684,0.1261682242990654,0.08254156769596199,false
QN0802,large_mf,individual,1,204,10,694,0.1,0.29394812680115273,false
BX1103,sfr_1_4,corp,61,124,4865,7773,0.012538540596094553,0.015952656631931045,false
QN1203,sfr_1_4,lender_reo,31,45,7998,10970,0.003875968992248062,0.004102096627164996,false
SI0106,mixed_use_res,corp,17,31,214,515,0.0794392523364486,0.06019417475728155,false
SI0204,large_mf,llc,1,52,3,144,0.3333333333333333,0.3611111111111111,false
QN1305,large_mf,llc,1,20,5,146,0.2,0.136986301369863,false
QN1205,mixed_use_res,unknown,3,5,266,527,0.011278195488721804,0.009487666034155597,false
BK1201,large_mf,partnership,4,237,59,2210,0.06779661016949153,0.10723981900452488,false
QN0105,small_mf,hdfc,1,8,86,609,0.011627906976744186,0.013136288998357963,false
BK1101,condo_unit,unknown,9,160,87,785,0.10344827586206896,0.20382165605095542,false
BX1203,large_mf,individual,2,95,73,3392,0.0273972602739726,0.028007075471698114,false
BK1201,mixed_use_res,llc,195,1016,452,2269,0.4314159292035398,0.4477743499338916,false
QN0504,small_mf,trust,1,9,36,288,0.027777777777777776,0.03125,false
BX1201,mixed_use_res,unknown,6,31,234,2257,0.02564102564102564,0.013735046521931768,false
SI0204,sfr_1_4,lender_reo,2,2,7889,11068,0.0002535175560907593,0.00018070112034694616,false
MN0902,large_mf,llc,52,1669,102,3435,0.5098039215686274,0.4858806404657933,false
BX0602,large_mf,llc,63,2607,135,6149,0.4666666666666667,0.42397137745974955,false
BK1401,other_res,corp,1,2,8,13,0.125,0.15384615384615385,false
QN1201,mixed_use_res,trust,19,35,531,6846,0.035781544256120526,0.005112474437627812,false
BX0301,coop_building,coop_corp,7,482,24,807,0.2916666666666667,0.59727385377943,false
QN0104,sfr_1_4,lender_reo,1,1,2750,6123,0.0003636363636363636,0.00016331863465621427,false
SI0302,sfr_1_4,individual,13385,16591,15372,19253,0.8707390059849076,0.8617358333766166,false
BK1204,other_res,corp,5,8,16,26,0.3125,0.3076923076923077,false
QN0902,mixed_use_res,unknown,6,57,414,975,0.014492753623188406,0.05846153846153846,false
BX0301,small_mf,unknown,2,28,106,1126,0.018867924528301886,0.02486678507992895,false
BK1302,small_mf,individual,31,195,82,571,0.3780487804878049,0.3415061295971979,false
MN0102,other_res,individual,3,7,11,22,0.2727272727272727,0.3181818181818182,false
QN0901,large_mf,partnership,2,101,56,3355,0.03571428571428571,0.030104321907600595,false
BK1501,other_res,individual,8,4,20,15,0.4,0.26666666666666666,false
BX0101,coop_building,coop_corp,2,171,6,206,0.3333333333333333,0.8300970873786407,false
SI0202,sfr_1_4,trust,566,718,7616,9710,0.0743172268907563,0.07394438722966014,false
MN0902,mixed_use_res,corp,10,182,62,1947,0.16129032258064516,0.09347714432460195,false
BK0703,sfr_1_4,hdfc,1,2,2774,6516,0.0003604902667627974,0.0003069367710251688,false
MN0603,sfr_1_4,corp,11,26,140,293,0.07857142857142857,0.08873720136518772,false
MN0602,condo_unit,individual,12,485,24,520,0.5,0.9326923076923077,false
MN0803,condo_unit,llc,7,108,34,2202,0.20588235294117646,0.04904632152588556,false
BX1203,mixed_use_res,unknown,5,180,174,2321,0.028735632183908046,0.07755277897457992,false
MN0604,small_mf,llc,54,531,72,722,0.75,0.7354570637119113,false
BK1703,sfr_1_4,trust,389,734,4821,9008,0.08068865380626426,0.08148312611012433,false
QN1103,sfr_1_4,unknown,33,37,4985,5765,0.006619859578736209,0.006418039895923678,false
MN0201,sfr_1_4,corp,7,25,89,181,0.07865168539325842,0.13812154696132597,false
BK0505,small_mf,lender_reo,1,6,86,642,0.011627906976744186,0.009345794392523364,false
QN0904,sfr_1_4,lender_reo,4,8,3262,6291,0.001226241569589209,0.001271657924018439,false
QN0804,mixed_use_res,individual,22,129,57,981,0.38596491228070173,0.13149847094801223,false
BK1202,other_res,corp,10,15,88,132,0.11363636363636363,0.11363636363636363,false
BK0102,mixed_use_res,partnership,1,14,992,14214,0.0010080645161290322,0.0009849444209933868,false
MN0203,small_mf,unknown,17,218,198,1937,0.08585858585858586,0.11254517294785751,false
MN1001,sfr_1_4,unknown,11,27,649,1708,0.01694915254237288,0.015807962529274005,false
BK1101,mixed_use_res,llc,433,1977,1031,4072,0.41998060135790494,0.4855108055009823,false
BX0301,small_mf,corp,8,80,106,1126,0.07547169811320754,0.07104795737122557,false
BX0601,coop_building,coop_corp,5,102,10,286,0.5,0.35664335664335667,false
SI0301,sfr_1_4,individual,5008,5988,5757,6951,0.8698975160673962,0.861458782908934,false
QN0101,small_mf,partnership,1,6,341,2624,0.002932551319648094,0.0022865853658536584,false
QN1401,large_mf,individual,3,794,70,8678,0.04285714285714286,0.09149573634477991,false
MN1001,small_mf,hdfc,34,343,404,3791,0.08415841584158416,0.09047744658401477,false
SI0103,large_mf,partnership,1,64,11,2071,0.09090909090909091,0.03090294543698696,false
BK1601,small_mf,partnership,22,161,375,3002,0.058666666666666666,0.0536309127248501,false
QN0104,large_mf,corp,12,340,85,2349,0.1411764705882353,0.1447424435930183,false
MN0604,mixed_use_res,llc,176,6085,372,16437,0.4731182795698925,0.3702013749467664,false
BX0303,small_mf,individual,2,10,94,989,0.02127659574468085,0.010111223458038422,false
BK1102,sfr_1_4,trust,315,690,3205,6908,0.09828393135725429,0.09988419224088015,false
BK0401,sfr_1_4,unknown,17,46,1734,4088,0.00980392156862745,0.011252446183953033,false
MN0603,large_mf,individual,1,20,114,7234,0.008771929824561403,0.002764722145424385,false
BK0702,condo_unit,unknown,19,116,96,748,0.19791666666666666,0.15508021390374332,false
QN0707,sfr_1_4,partnership,2,6,818,1889,0.0024449877750611247,0.0031762837480148226,false
QN1306,small_mf,llc,2,32,5,62,0.4,0.5161290322580645,false
QN1101,sfr_1_4,unknown,39,53,8026,10569,0.004859207575380015,0.005014665531270697,false
QN0705,condo_unit,unknown,1,12,10,223,0.1,0.053811659192825115,false
MN0903,sfr_1_4,hdfc,1,4,587,1355,0.0017035775127768314,0.002952029520295203,false
MN0801,mixed_use_res,coop_corp,7,1493,480,24363,0.014583333333333334,0.06128145138119279,false
BX0701,condo_unit,individual,1,93,3,291,0.3333333333333333,0.31958762886597936,false
QN0301,mixed_use_res,corp,52,319,333,3273,0.15615615615615616,0.09746410021387107,false
QN0901,mixed_use_res,trust,2,2,92,1778,0.021739130434782608,0.0011248593925759281,false
SI0105,mixed_use_res,unknown,5,7,137,236,0.0364963503649635,0.029661016949152543,false
QN0201,condo_unit,individual,24,967,51,1606,0.47058823529411764,0.6021170610211706,false
MN0101,large_mf,llc,24,8420,33,10742,0.7272727272727273,0.7838391361012846,false
MN0203,small_mf,corp,23,238,198,1937,0.11616161616161616,0.12287041817243159,false
QN0202,large_mf,hdfc,2,75,126,7314,0.015873015873015872,0.010254306808859722,false
BK1502,mixed_use_res,partnership,2,0,325,1674,0.006153846153846154,0.0,false
MN0203,condo_unit,individual,30,591,53,1009,0.5660377358490566,0.5857284440039643,false
BK0502,sfr_1_4,individual,3290,6204,3977,7756,0.8272567261755092,0.7998968540484785,false
SI0201,condo_unit,unknown,2,170,13,544,0.15384615384615385,0.3125,false
BX0501,small_mf,unknown,4,50,110,1201,0.03636363636363636,0.041631973355537054,false
MN0902,small_mf,unknown,8,95,54,629,0.14814814814814814,0.151033386327504,false
BK0102,other_res,llc,9,18,22,39,0.4090909090909091,0.46153846153846156,false
QN0402,sfr_1_4,unknown,20,54,3555,8998,0.005625879043600563,0.006001333629695488,false
BX1103,sfr_1_4,llc,179,375,4865,7773,0.0367934224049332,0.048243921265920496,false
QN0802,sfr_1_4,lender_reo,1,2,4227,5652,0.0002365744026496333,0.00035385704175513094,false
MN1002,mixed_use_res,unknown,39,1225,415,10214,0.09397590361445783,0.11993342471118074,false
SI0105,mixed_use_res,corp,11,15,137,236,0.08029197080291971,0.0635593220338983,false
QN1201,sfr_1_4,lender_reo,4,10,3451,6074,0.0011590843233845263,0.0016463615409944023,false
QN0105,other_res,llc,7,12,15,29,0.4666666666666667,0.41379310344827586,false
BX1202,mixed_use_res,unknown,4,29,75,166,0.05333333333333334,0.1746987951807229,false
MN0603,sfr_1_4,trust,16,27,140,293,0.11428571428571428,0.09215017064846416,false
QN1103,condo_unit,unknown,3,80,13,726,0.23076923076923078,0.11019283746556474,false
MN1101,large_mf,corp,8,384,94,4059,0.0851063829787234,0.09460458240946046,false
MN0803,sfr_1_4,individual,86,127,147,231,0.5850340136054422,0.5497835497835498,false
QN0104,sfr_1_4,partnership,4,12,2750,6123,0.0014545454545454545,0.0019598236158745713,false
QN0302,sfr_1_4,estate,1,2,4274,7367,0.0002339728591483388,0.00027148092846477533,false
MN1102,small_mf,trust,3,26,257,2543,0.011673151750972763,0.010224144710971293,false
QN1204,large_mf,partnership,1,59,10,892,0.1,0.06614349775784753,false
BK0201,condo_unit,individual,28,239,43,409,0.6511627906976745,0.5843520782396088,false
BX1104,large_mf,llc,53,2869,87,5806,0.6091954022988506,0.4941439889769204,false
QN1102,mixed_use_res,trust,6,8,153,485,0.0392156862745098,0.016494845360824743,false
QN0705,mixed_use_res,individual,68,163,196,1122,0.3469387755102041,0.14527629233511585,false
MN0701,mixed_use_res,lender_reo,2,38,220,24731,0.00909090909090909,0.0015365330961141887,false
MN1203,large_mf,hdfc,3,211,184,7871,0.016304347826086956,0.026807267183331217,false
BX0904,mixed_use_res,llc,19,466,44,5482,0.4318181818181818,0.08500547245530828,false
BK0104,sfr_1_4,trust,107,251,1418,3346,0.07545839210155147,0.07501494321578003,false
SI0303,sfr_1_4,llc,116,194,8145,9998,0.014241866175567833,0.019403880776155232,false
QN0301,sfr_1_4,trust,420,810,5591,11008,0.0751207297442318,0.07358284883720931,false
BK1204,condo_unit,llc,13,224,53,532,0.24528301886792453,0.42105263157894735,false
BX1102,mixed_use_res,hdfc,1,49,115,786,0.008695652173913044,0.062340966921119595,false
BX0803,sfr_1_4,individual,1803,2403,2203,3066,0.8184294144348615,0.7837573385518591,false
BK0901,sfr_1_4,partnership,1,3,2061,3827,0.00048520135856380397,0.0007839038411288215,false
QN1403,mixed_use_res,corp,12,23,69,494,0.17391304347826086,0.0465587044534413,false
BK0703,condo_unit,individual,12,131,21,244,0.5714285714285714,0.5368852459016393,false
BX0602,coop_building,coop_corp,20,822,33,1248,0.6060606060606061,0.6586538461538461,false
BX0904,condo_unit,llc,1,3857,3,7363,0.3333333333333333,0.5238353931821268,false
MN0702,condo_unit,unknown,24,964,70,1778,0.34285714285714286,0.5421822272215973,false
BX0803,large_mf,trust,1,67,56,4971,0.017857142857142856,0.01347817340575337,false
MN0604,sfr_1_4,llc,44,75,128,212,0.34375,0.35377358490566035,false
QN0301,condo_unit,coop_corp,1,60,10,808,0.1,0.07425742574257425,false
QN1001,condo_unit,corp,1,24,1,24,1.0,1.0,false
BK0402,condo_unit,individual,18,111,87,866,0.20689655172413793,0.12817551963048499,false
QN1403,large_mf,llc,10,686,18,1355,0.5555555555555556,0.5062730627306273,false
QN1201,mixed_use_res,individual,147,976,531,6846,0.2768361581920904,0.14256500146070697,false
BX1202,sfr_1_4,hdfc,37,104,6181,10976,0.005986086393787413,0.009475218658892129,false
QN0902,sfr_1_4,lender_reo,6,10,4021,7106,0.0014921661278288984,0.0014072614691809737,false
BX0503,small_mf,llc,21,262,36,427,0.5833333333333334,0.6135831381733021,false
BK1202,mixed_use_res,trust,121,232,1139,3863,0.10623353819139596,0.06005695055656226,false
BK1403,large_mf,corp,10,553,148,7888,0.06756756756756757,0.07010649087221095,false
MN0303,small_mf,corp,43,485,362,3808,0.11878453038674033,0.12736344537815125,false
BX0703,mixed_use_res,corp,24,905,107,3703,0.22429906542056074,0.24439643532271133,false
BX0701,small_mf,unknown,2,22,94,1043,0.02127659574468085,0.02109300095877277,false
BK1401,coop_building,coop_corp,39,2532,41,2575,0.9512195121951219,0.9833009708737864,false
BK0204,large_mf,individual,5,362,54,2481,0.09259259259259259,0.14590890769850867,false
MN0702,sfr_1_4,llc,157,304,489,941,0.3210633946830266,0.3230605738575983,false
MN0302,mixed_use_res,unknown,53,825,483,8960,0.10973084886128365,0.09207589285714286,false
BK0302,large_mf,hdfc,18,969,89,5037,0.20224719101123595,0.1923764145324598,false
BX0701,sfr_1_4,llc,72,149,463,864,0.15550755939524838,0.1724537037037037,false
BK0501,mixed_use_res,corp,69,169,432,2854,0.1597222222222222,0.059215136650315345,false
BX1002,other_res,individual,12,2,15,4,,,true
BX0401,small_mf,trust,2,10,172,1746,0.011627906976744186,0.0057273768613974796,false
SI0391,sfr_1_4,individual,11,15,17,26,0.6470588235294118,0.5769230769230769,false
BK0601,other_res,partnership,1,2,43,47,0.023255813953488372,0.0425531914893617,false
BX0702,large_mf,individual,11,457,310,14209,0.035483870967741936,0.0321627137729608,false
BK0504,sfr_1_4,llc,2,4,484,679,0.004132231404958678,0.005891016200294551,false
BK1202,sfr_1_4,unknown,56,120,5735,12755,0.00976460331299041,0.009408075264602116,false
BK0402,mixed_use_res,hdfc,5,82,456,2173,0.010964912280701754,0.03773584905660377,false
BX0102,sfr_1_4,unknown,6,16,803,1674,0.007471980074719801,0.009557945041816009,false
SI0107,other_res,unknown,1,0,22,23,0.045454545454545456,0.0,false
BK0503,sfr_1_4,llc,330,917,4379,9160,0.07535967115779858,0.10010917030567686,false
BK1503,small_mf,corp,4,28,48,336,0.08333333333333333,0.08333333333333333,false
BK0402,sfr_1_4,individual,3151,7125,4406,10316,0.7151611438946891,0.6906746801085692,false
BK0402,other_res,llc,2,5,7,16,0.2857142857142857,0.3125,false
BX0802,other_res,individual,2,2,3,3,,,true
QN0602,large_mf,unknown,8,589,81,8320,0.09876543209876543,0.07079326923076923,false
MN0401,mixed_use_res,trust,10,72,513,19808,0.01949317738791423,0.0036348949919224557,false
QN8492,sfr_1_4,llc,1,1,9,9,,,true
MN0604,small_mf,partnership,1,16,72,722,0.013888888888888888,0.0221606648199446,false
QN0201,small_mf,trust,4,22,91,673,0.04395604395604396,0.03268945022288262,false
QN0402,sfr_1_4,trust,194,490,3555,8998,0.05457102672292546,0.05445654589908869,false
QN1401,mixed_use_res,unknown,3,155,88,2938,0.03409090909090909,0.052756977535738596,false
QN0501,mixed_use_res,individual,120,292,385,950,0.3116883116883117,0.30736842105263157,false
BK0902,sfr_1_4,individual,2106,3711,2728,4928,0.7719941348973607,0.7530438311688312,false
BX1101,large_mf,unknown,5,304,65,4534,0.07692307692307693,0.0670489633877371,false
MN0203,other_res,llc,4,7,11,20,0.36363636363636365,0.35,false
QN0303,small_mf,individual,40,261,156,1153,0.2564102564102564,0.2263660017346054,false
BK0505,other_res,partnership,1,0,29,24,0.034482758620689655,0.0,false
SI0204,other_res,individual,6,8,15,14,0.4,0.5714285714285714,false
BK1703,sfr_1_4,llc,225,544,4821,9008,0.04667081518357187,0.06039076376554174,false
BX0302,sfr_1_4,llc,10,25,127,274,0.07874015748031496,0.09124087591240876,false
QN1204,mixed_use_res,corp,1,1,28,49,0.03571428571428571,0.02040816326530612,false
BX0301,coop_building,hdfc,17,325,24,807,0.7083333333333334,0.40272614622057,false
MN0501,large_mf,llc,10,1237,15,2107,0.6666666666666666,0.5870906502135738,false
QN0402,sfr_1_4,lender_reo,3,6,3555,8998,0.0008438818565400844,0.0006668148477439431,false
QN1202,sfr_1_4,lender_reo,13,19,6056,9549,0.0021466314398943197,0.0019897371452508115,false
BK1203,mixed_use_res,unknown,15,422,238,1224,0.06302521008403361,0.34477124183006536,false
QN1103,large_mf,llc,3,235,4,302,0.75,0.7781456953642384,false
BK1203,large_mf,unknown,12,822,77,4029,0.15584415584415584,0.20402084884586746,false
BX0602,sfr_1_4,trust,17,35,996,2199,0.01706827309236948,0.015916325602546612,false
BX0601,condo_unit,corp,1,163,4,439,0.25,0.3712984054669704,false
QN0705,condo_unit,individual,6,84,10,223,0.6,0.37668161434977576,false
QN0401,sfr_1_4,individual,4690,10177,5747,12724,0.8160779537149817,0.7998270983967306,false
BX0102,sfr_1_4,partnership,3,11,803,1674,0.0037359900373599006,0.006571087216248507,false
BK0102,mixed_use_res,llc,522,7721,992,14214,0.5262096774193549,0.5431968481778529,false
BK1303,coop_building,coop_corp,31,3494,31,3494,1.0,1.0,false
BK0902,large_mf,llc,94,5554,123,7699,0.7642276422764228,0.7213923886218989,false
MN1101,large_mf,unknown,7,291,94,4059,0.07446808510638298,0.07169253510716925,false
QN0804,sfr_1_4,partnership,2,2,3107,3509,0.000643707756678468,0.0005699629524080935,false
BK1201,large_mf,corp,12,401,59,2210,0.2033898305084746,0.18144796380090497,false
QN0602,small_mf,individual,12,79,51,379,0.23529411764705882,0.20844327176781002,false
BX0902,sfr_1_4,lender_reo,4,7,2398,4584,0.0016680567139282735,0.0015270506108202443,false
QN0402,large_mf,individual,4,522,36,5034,0.1111111111111111,0.10369487485101311,false
QN1204,other_res,unknown,3,3,11,6,,,true
MN0402,condo_unit,hdfc,1,0,29,1594,0.034482758620689655,0.0,false
BX0803,sfr_1_4,corp,28,48,2203,3066,0.01270994098955969,0.015655577299412915,false
QN0602,condo_unit,individual,6,292,16,655,0.375,0.44580152671755724,false
QN0903,mixed_use_res,llc,82,245,216,567,0.37962962962962965,0.43209876543209874,false
BK1501,other_res,trust,1,0,20,15,0.05,0.0,false
BX0901,sfr_1_4,individual,2479,6421,2991,7957,0.8288197927114678,0.8069624230237527,false
BK1701,condo_unit,unknown,1,21,13,274,0.07692307692307693,0.07664233576642336,false
BK0501,mixed_use_res,coop_corp,1,2,432,2854,0.0023148148148148147,0.000700770847932726,false
BX1004,coop_building,coop_corp,2,15372,2,15372,1.0,1.0,false
BK1602,other_res,individual,4,6,6,8,,,true
BX0903,sfr_1_4,trust,146,280,3200,6216,0.045625,0.04504504504504504,false
BX0202,sfr_1_4,lender_reo,1,2,855,1956,0.0011695906432748538,0.0010224948875255625,false
BK0401,sfr_1_4,llc,330,875,1734,4088,0.1903114186851211,0.21404109589041095,false
BK0402,sfr_1_4,llc,913,2356,4406,10316,0.20721743077621424,0.2283830942225669,false
SI0202,sfr_1_4,coop_corp,1,3,7616,9710,0.00013130252100840336,0.0003089598352214212,false
BX0701,large_mf,individual,7,276,214,9375,0.03271028037383177,0.02944,false
BK0104,small_mf,llc,478,3466,804,5674,0.5945273631840796,0.6108565385971096,false
BK1703,large_mf,corp,2,75,47,1705,0.0425531914893617,0.04398826979472141,false
MN0301,condo_unit,corp,1,30,8,324,0.125,0.09259259259259259,false
QN1402,sfr_1_4,llc,386,852,3258,6007,0.11847759361571517,0.14183452638588315,false
BK1802,sfr_1_4,llc,404,761,10567,15121,0.03823223242169017,0.05032735930163349,false
BK1101,sfr_1_4,corp,136,390,9019,20034,0.015079277081716377,0.01946690625935909,false
BX1201,small_mf,lender_reo,2,15,304,2584,0.006578947368421052,0.005804953560371517,false
BK0204,mixed_use_res,unknown,13,79,235,2733,0.05531914893617021,0.028905964141968533,false
BX0904,small_mf,llc,9,72,16,130,0.5625,0.5538461538461539,false
QN1002,other_res,trust,1,4,13,7,,,true
QN1401,mixed_use_res,trust,4,6,88,2938,0.045454545454545456,0.0020422055820285907,false
MN0801,large_mf,unknown,41,2260,197,11550,0.20812182741116753,0.19567099567099566,false
BK0203,condo_unit,llc,11,578,50,959,0.22,0.602711157455683,false
BK1801,large_mf,hdfc,2,48,32,1952,0.0625,0.02459016393442623,false
MN1201,condo_unit,corp,1,4,9,375,0.1111111111111111,0.010666666666666666,false
BK1402,sfr_1_4,individual,1929,2898,2377,3642,0.8115271350441733,0.7957166392092258,false
QN0702,mixed_use_res,llc,55,128,105,204,0.5238095238095238,0.6274509803921569,false
BK1803,other_res,corp,3,3,35,35,0.08571428571428572,0.08571428571428572,false
QN1306,mixed_use_res,llc,12,19,28,51,0.42857142857142855,0.37254901960784315,false
QN1401,small_mf,corp,6,53,49,387,0.12244897959183673,0.13695090439276486,false
MN1203,sfr_1_4,unknown,1,2,31,71,0.03225806451612903,0.028169014084507043,false
BK0402,condo_unit,unknown,7,74,87,866,0.08045977011494253,0.08545034642032333,false
QN1001,other_res,corp,3,3,24,33,0.125,0.09090909090909091,false
SI0104,sfr_1_4,individual,6214,8058,7165,9522,0.867271458478716,0.8462507876496534,false
BX0402,condo_unit,hdfc,1,0,2,28,0.5,0.0,false
BX0603,other_res,corp,2,5,5,10,0.4,0.5,false
QN0703,mixed_use_res,unknown,1,2,25,55,0.04,0.03636363636363636,false
SI0102,mixed_use_res,partnership,1,2,206,1428,0.0048543689320388345,0.0014005602240896359,false
SI0302,mixed_use_res,partnership,1,2,123,196,0.008130081300813009,0.01020408163265306,false
QN0804,other_res,individual,2,0,4,0,,,true
BK0502,sfr_1_4,llc,357,905,3977,7756,0.0897661553935127,0.1166838576585869,false
BX0702,coop_building,hdfc,2,70,24,1681,0.08333333333333333,0.04164187983343248,false
QN1205,small_mf,corp,1,6,9,73,0.1111111111111111,0.0821917808219178,false
QN0705,large_mf,hdfc,4,506,25,1414,0.16,0.3578500707213578,false
MN1101,small_mf,llc,74,762,169,1674,0.4378698224852071,0.4551971326164875,false
BK0301,large_mf,unknown,12,678,117,5286,0.10256410256410256,0.1282633371169126,false
QN0502,other_res,llc,14,22,42,64,0.3333333333333333,0.34375,false
QN0903,sfr_1_4,corp,61,121,3220,5556,0.018944099378881987,0.02177825773938085,false
BK0104,mixed_use_res,unknown,32,137,805,6332,0.03975155279503106,0.021636133922931143,false
BX0301,mixed_use_res,unknown,11,453,173,5359,0.06358381502890173,0.08453069602537787,false
QN0805,mixed_use_res,unknown,4,7,131,1288,0.030534351145038167,0.005434782608695652,false
BK1602,sfr_1_4,individual,2563,4578,3051,5813,0.8400524418223533,0.7875451574058145,false
SI0101,other_res,corp,2,2,9,9,,,true
SI0104,condo_unit,corp,1,147,7,428,0.14285714285714285,0.34345794392523366,false
QN0102,small_mf,unknown,10,90,145,1127,0.06896551724137931,0.07985803016858918,false
MN0501,sfr_1_4,llc,2,6,6,18,0.3333333333333333,0.3333333333333333,false
BK1602,large_mf,unknown,17,1414,89,4779,0.19101123595505617,0.29587779870265746,false
MN0401,other_res,individual,1,2,12,21,0.08333333333333333,0.09523809523809523,false
QN0705,sfr_1_4,estate,1,2,4380,7098,0.00022831050228310502,0.0002817695125387433,false
BX0803,large_mf,hdfc,3,287,56,4971,0.05357142857142857,0.05773486220076443,false
BX0902,large_mf,unknown,1,359,20,2223,0.05,0.16149347728295096,false
QN0101,sfr_1_4,corp,48,112,5703,11779,0.008416622830089426,0.009508447236607522,false
QN0502,mixed_use_res,unknown,31,159,924,3264,0.03354978354978355,0.04871323529411765,false
QN1403,large_mf,unknown,2,505,18,1355,0.1111111111111111,0.3726937269372694,false
QN0702,mixed_use_res,unknown,4,5,105,204,0.0380952380952381,0.024509803921568627,false
MN0102,sfr_1_4,partnership,2,8,35,56,0.05714285714285714,0.14285714285714285,false
BX1101,sfr_1_4,unknown,7,15,1470,3225,0.004761904761904762,0.004651162790697674,false
QN0504,mixed_use_res,corp,15,29,148,662,0.10135135135135136,0.04380664652567976,false
SI0303,sfr_1_4,lender_reo,7,7,8145,9998,0.0008594229588704727,0.0007001400280056011,false
QN0103,condo_unit,corp,1,13,49,925,0.02040816326530612,0.014054054054054054,false
BK0302,sfr_1_4,trust,399,925,6616,15509,0.06030834340991536,0.05964278805854665,false
BX0803,sfr_1_4,unknown,20,32,2203,3066,0.009078529278256923,0.010437051532941943,false
MN0202,large_mf,individual,3,259,42,1795,0.07142857142857142,0.14428969359331476,false
BX0903,mixed_use_res,individual,24,271,95,1835,0.25263157894736843,0.14768392370572206,false
BX1003,mixed_use_res,trust,5,28,152,1221,0.03289473684210526,0.02293202293202293,false
BX0901,mixed_use_res,llc,62,1130,140,2879,0.44285714285714284,0.3924973949287947,false
MN0604,small_mf,trust,1,15,72,722,0.013888888888888888,0.02077562326869806,false
QN1103,condo_unit,corp,2,279,13,726,0.15384615384615385,0.384297520661157,false
BK1703,large_mf,individual,3,112,47,1705,0.06382978723404255,0.0656891495601173,false
BK0702,mixed_use_res,partnership,1,0,668,3476,0.0014970059880239522,0.0,false
BK1002,other_res,unknown,2,2,12,15,0.16666666666666666,0.13333333333333333,false
BK1302,other_res,individual,5,7,12,15,0.4166666666666667,0.4666666666666667,false
QN0103,small_mf,individual,218,1498,823,6403,0.2648845686512758,0.23395283460877714,false
SI0103,large_mf,unknown,1,305,11,2071,0.09090909090909091,0.147271849348141,false
BK1303,sfr_1_4,unknown,7,14,1121,2472,0.006244424620874219,0.0056634304207119745,false
BK0504,large_mf,hdfc,4,574,11,10400,0.36363636363636365,0.05519230769230769,false
BK0203,coop_building,hdfc,1,158,37,1411,0.02702702702702703,0.11197732104890148,false
SI0302,other_res,corp,2,3,12,9,,,true
BK0501,mixed_use_res,trust,7,18,432,2854,0.016203703703703703,0.006306937631394534,false
BK0602,mixed_use_res,llc,461,4743,813,6895,0.5670356703567035,0.6878897751994199,false
BK0501,condo_unit,llc,1,12,1,12,1.0,1.0,false
BK1501,small_mf,individual,28,188,81,640,0.345679012345679,0.29375,false
BK0505,large_mf,unknown,1,32,25,1255,0.04,0.02549800796812749,false
BX0101,mixed_use_res,llc,174,5646,325,9740,0.5353846153846153,0.5796714579055442,false
QN0601,sfr_1_4,lender_reo,1,1,2236,3184,0.0004472271914132379,0.000314070351758794,false
BK1203,large_mf,individual,3,117,77,4029,0.03896103896103896,0.029039463886820552,false
BK0202,small_mf,trust,1,8,86,739,0.011627906976744186,0.010825439783491205,false
BX1103,other_res,unknown,1,1,3,4,,,true
QN1305,sfr_1_4,unknown,28,31,6162,7438,0.004543979227523531,0.004167787039526754,false
BX1104,condo_unit,llc,1,122,3,250,0.3333333333333333,0.488,false
MN0501,large_mf,hdfc,1,529,15,2107,0.06666666666666667,0.2510678690080683,false
BK1001,large_mf,hdfc,1,25,171,7768,0.005847953216374269,0.0032183316168898045,false
BK1701,large_mf,hdfc,3,263,159,7728,0.018867924528301886,0.03403209109730849,false
BX1201,coop_building,lender_reo,1,269,14,1632,0.07142857142857142,0.16482843137254902,false
BX0102,large_mf,partnership,7,391,83,4088,0.08433734939759036,0.09564579256360078,false
BX0902,sfr_1_4,llc,145,321,2398,4584,0.060467055879899916,0.0700261780104712,false
BK0802,coop_building,hdfc,23,332,63,1192,0.36507936507936506,0.2785234899328859,false
QN0805,mixed_use_res,corp,14,264,131,1288,0.10687022900763359,0.20496894409937888,false
QN0203,large_mf,corp,5,217,52,2906,0.09615384615384616,0.07467309015829318,false
QN1101,small_mf,unknown,3,38,25,245,0.12,0.15510204081632653,false
QN1206,mixed_use_res,unknown,9,17,203,386,0.04433497536945813,0.04404145077720207,false
QN1003,other_res,llc,2,1,16,3,,,true
BK1502,condo_unit,unknown,1,22,29,426,0.034482758620689655,0.051643192488262914,false
BX1003,other_res,corp,3,4,15,11,0.2,0.36363636363636365,false
BK0901,sfr_1_4,corp,23,57,2061,3827,0.011159631246967491,0.01489417298144761,false
QN0602,mixed_use_res,trust,13,18,301,7098,0.04318936877076412,0.00253592561284869,false
QN1204,sfr_1_4,trust,202,296,3597,5424,0.05615790936891854,0.05457227138643068,false
QN0904,small_mf,trust,1,5,36,249,0.027777777777777776,0.020080321285140562,false
BK1101,mixed_use_res,trust,68,122,1031,4072,0.06595538312318137,0.029960707269155205,false
QN1205,other_res,corp,3,6,11,14,0.2727272727272727,0.42857142857142855,false
SI0107,mixed_use_res,trust,2,2,78,143,0.02564102564102564,0.013986013986013986,false
MN0801,sfr_1_4,trust,19,26,177,259,0.10734463276836158,0.10038610038610038,false
BK0301,mixed_use_res,unknown,31,277,796,6890,0.038944723618090454,0.04020319303338171,false
BX0904,sfr_1_4,lender_reo,1,3,200,456,0.005,0.006578947368421052,false
QN0801,condo_unit,corp,1,48,5,938,0.2,0.0511727078891258,false
BK1301,condo_unit,unknown,1,110,40,478,0.025,0.2301255230125523,false
BX0703,sfr_1_4,trust,16,36,467,988,0.034261241970021415,0.03643724696356275,false
QN1103,mixed_use_res,unknown,3,5,82,244,0.036585365853658534,0.020491803278688523,false
BX1001,mixed_use_res,individual,27,55,109,1212,0.24770642201834864,0.04537953795379538,false
BK0502,coop_building,coop_corp,3,40,3,40,1.0,1.0,false
BK0902,coop_building,hdfc,2,24,19,1346,0.10526315789473684,0.017830609212481426,false
BX0903,sfr_1_4,individual,2829,5388,3200,6216,0.8840625,0.8667953667953668,false
QN1201,coop_building,coop_corp,12,1456,12,1456,1.0,1.0,false
BX0403,coop_building,coop_corp,3,103,6,223,0.5,0.4618834080717489,false
BK1403,small_mf,llc,28,243,47,396,0.5957446808510638,0.6136363636363636,false
BK1503,mixed_use_res,llc,109,747,289,1686,0.3771626297577855,0.4430604982206406,false
BX0602,small_mf,partnership,3,35,92,978,0.03260869565217391,0.03578732106339468,false
BK0901,small_mf,unknown,16,209,141,1603,0.11347517730496454,0.1303805364940736,false
SI0202,sfr_1_4,estate,2,5,7616,9710,0.0002626050420168067,0.0005149330587023687,false
BK1002,condo_unit,corp,1,18,41,522,0.024390243902439025,0.034482758620689655,false
BX0902,sfr_1_4,corp,49,85,2398,4584,0.02043369474562135,0.018542757417102967,false
BK0103,other_res,corp,5,5,28,50,0.17857142857142858,0.1,false
BK1802,small_mf,individual,3,18,8,49,0.375,0.3673469387755102,false
QN1403,sfr_1_4,partnership,2,2,3974,5595,0.0005032712632108706,0.00035746201966041106,false
BX1003,sfr_1_4,estate,1,1,4287,7062,0.00023326335432703523,0.0001416029453412631,false
BK1402,sfr_1_4,unknown,18,29,2377,3642,0.007572570466975179,0.007962657880285558,false
QN1401,small_mf,llc,33,238,49,387,0.673469387755102,0.6149870801033591,false
QN1205,sfr_1_4,lender_reo,33,37,11252,14249,0.0029328119445431924,0.002596673450768475,false
QN0504,mixed_use_res,individual,55,253,148,662,0.3716216216216216,0.3821752265861027,false
MN0401,mixed_use_res,coop_corp,1,3,513,19808,0.001949317738791423,0.00015145395799676898,false
BK1402,mixed_use_res,partnership,1,54,380,1924,0.002631578947368421,0.028066528066528068,false
BK1702,mixed_use_res,unknown,5,97,126,720,0.03968253968253968,0.13472222222222222,false
QN0101,small_mf,llc,179,1483,341,2624,0.5249266862170088,0.5651676829268293,false
BX1103,sfr_1_4,unknown,23,34,4865,7773,0.00472764645426516,0.004374115528110125,false
MN0301,mixed_use_res,partnership,2,26,633,10815,0.00315955766192733,0.002404068423485899,false
BX0703,small_mf,llc,37,311,56,459,0.6607142857142857,0.6775599128540305,false
QN1103,mixed_use_res,llc,34,113,82,244,0.4146341463414634,0.46311475409836067,false
BX1202,mixed_use_res,individual,35,53,75,166,0.4666666666666667,0.3192771084337349,false
BK0402,small_mf,llc,602,4155,907,6125,0.6637265711135611,0.6783673469387755,false
QN0301,mixed_use_res,coop_corp,1,1,333,3273,0.003003003003003003,0.00030553009471432935,false
SI0204,other_res,llc,2,2,15,14,0.13333333333333333,0.14285714285714285,false
BX1102,small_mf,corp,5,51,63,421,0.07936507936507936,0.12114014251781473,false
BX0904,condo_unit,unknown,1,3378,3,7363,0.3333333333333333,0.4587803884286296,false
MN0302,coop_building,coop_corp,45,6767,56,7208,0.8035714285714286,0.9388179800221975,false
BK1704,mixed_use_res,unknown,3,45,225,1516,0.013333333333333334,0.029683377308707123,false
QN0902,small_mf,individual,16,90,57,422,0.2807017543859649,0.2132701421800948,false
QN1001,mixed_use_res,corp,120,239,667,1325,0.17991004497751126,0.18037735849056605,false
BK0102,sfr_1_4,unknown,19,52,907,2446,0.020948180815876516,0.02125919869174162,false
SI0202,condo_unit,unknown,1,148,16,591,0.0625,0.25042301184433163,false
BK0502,small_mf,hdfc,21,211,172,1391,0.12209302325581395,0.15168943206326385,false
SI0102,small_mf,llc,17,144,41,363,0.4146341463414634,0.39669421487603307,false
QN0402,large_mf,llc,10,323,36,5034,0.2777777777777778,0.06416368692888359,false
BK0601,mixed_use_res,corp,86,477,920,12490,0.09347826086956522,0.03819055244195356,false
QN0602,sfr_1_4,individual,5283,6556,6473,8241,0.8161594314846284,0.7955345225094042,false
QN0707,mixed_use_res,estate,1,69,528,12834,0.001893939393939394,0.005376344086021506,false
BK1103,sfr_1_4,corp,79,203,5677,12177,0.013915800598907874,0.016670772768333744,false
QN1403,sfr_1_4,estate,1,2,3974,5595,0.0002516356316054353,0.00035746201966041106,false
MN0603,large_mf,hdfc,2,97,114,7234,0.017543859649122806,0.013408902405308266,false
BX0702,mixed_use_res,hdfc,3,69,154,5497,0.01948051948051948,0.012552301255230125,false
MN0301,coop_building,coop_corp,4,689,5,693,0.8,0.9942279942279942,false
BK1303,other_res,individual,2,4,3,5,,,true
MN0602,mixed_use_res,trust,2,12,249,8098,0.008032128514056224,0.0014818473697209187,false
QN1102,small_mf,corp,2,20,24,207,0.08333333333333333,0.0966183574879227,false
BK1503,sfr_1_4,trust,962,1577,8148,12884,0.11806578301423662,0.1223998758149643,false
BK0502,sfr_1_4,trust,163,273,3977,7756,0.04098566758863465,0.0351985559566787,false
BK0801,sfr_1_4,individual,620,1446,897,2190,0.6911928651059086,0.6602739726027397,false
BK1301,large_mf,partnership,4,90,25,2427,0.16,0.037082818294190356,false
MN0501,other_res,corp,10,15,32,56,0.3125,0.26785714285714285,false
QN0707,large_mf,hdfc,1,54,74,5915,0.013513513513513514,0.009129332206255282,false
QN0201,coop_building,coop_corp,1,522,1,522,1.0,1.0,false
MN1001,condo_unit,hdfc,1,169,99,2060,0.010101010101010102,0.08203883495145631,false
BK0302,small_mf,hdfc,43,351,879,6752,0.048919226393629126,0.0519845971563981,false
QN0804,sfr_1_4,estate,1,1,3107,3509,0.000321853878339234,0.00028498147620404675,false
MN1201,mixed_use_res,unknown,37,1448,283,10139,0.13074204946996468,0.1428148732616629,false
BK0402,mixed_use_res,individual,143,419,456,2173,0.31359649122807015,0.19282098481362173,false
BX0901,other_res,corp,1,1,4,7,,,true
SI0103,coop_building,coop_corp,9,374,9,374,1.0,1.0,false
QN0502,small_mf,unknown,26,163,1219,7794,0.02132895816242822,0.020913523222992045,false
QN1206,mixed_use_res,partnership,1,5,203,386,0.0049261083743842365,0.012953367875647668,false
MN0402,condo_unit,llc,4,230,29,1594,0.13793103448275862,0.14429109159347553,false
BK1202,coop_building,coop_corp,20,671,21,701,0.9523809523809523,0.9572039942938659,false
BK1602,small_mf,hdfc,28,244,144,1213,0.19444444444444445,0.20115416323165705,false
QN0303,sfr_1_4,llc,216,559,2261,5527,0.09553295002211411,0.10113985887461552,false
BX0701,small_mf,llc,63,724,94,1043,0.6702127659574468,0.6941514860977949,false
BK0203,mixed_use_res,unknown,13,129,244,7868,0.05327868852459016,0.016395526182003052,false
QN0202,mixed_use_res,individual,64,270,247,2945,0.2591093117408907,0.09168081494057725,false
BX0602,mixed_use_res,trust,1,2,122,3083,0.00819672131147541,0.0006487187804086928,false
BX0102,large_mf,individual,8,413,83,4088,0.0963855421686747,0.10102739726027397,false
QN0401,large_mf,individual,12,965,113,7704,0.10619469026548672,0.1252596053997923,false
QN1307,sfr_1_4,trust,302,457,5091,7642,0.05932036927912002,0.05980109918869406,false
QN0301,large_mf,partnership,1,120,136,7942,0.007352941176470588,0.015109544195416772,false
QN1002,mixed_use_res,corp,23,42,146,263,0.15753424657534246,0.1596958174904943,false
BK0202,small_mf,individual,9,63,86,739,0.10465116279069768,0.08525033829499323,false
MN0604,large_mf,individual,5,488,47,3246,0.10638297872340426,0.1503388786198398,false
SI0304,other_res,llc,4,1,27,6,,,true
MN1001,small_mf,partnership,15,161,404,3791,0.03712871287128713,0.04246900553943551,false
QN0804,coop_building,coop_corp,13,1980,13,1980,1.0,1.0,false
BK1002,sfr_1_4,individual,4827,8664,5750,10581,0.8394782608695652,0.8188261979018996,false
BX1102,large_mf,corp,6,338,24,1580,0.25,0.2139240506329114,false
BK1001,mixed_use_res,unknown,64,463,1319,6499,0.04852160727824109,0.07124172949684567,false
BK1801,condo_unit,individual,5,40,5,40,1.0,1.0,false
QN0105,mixed_use_res,llc,124,5840,233,7658,0.5321888412017167,0.762601201358057,false
BX1201,large_mf,unknown,6,296,105,5270,0.05714285714285714,0.05616698292220114,false
BK0902,mixed_use_res,individual,119,425,422,4554,0.28199052132701424,0.09332454984628898,false
MN0501,sfr_1_4,trust,1,2,6,18,0.16666666666666666,0.1111111111111111,false
BK1502,sfr_1_4,trust,658,954,5130,7306,0.12826510721247564,0.13057760744593486,false
BK0504,mixed_use_res,hdfc,5,1651,18,3277,0.2777777777777778,0.5038144644491913,false
BK0302,coop_building,coop_corp,14,189,20,249,0.7,0.7590361445783133,false
BK1702,mixed_use_res,trust,9,11,126,720,0.07142857142857142,0.015277777777777777,false
SI0107,sfr_1_4,individual,4838,6415,5469,7431,0.8846224172609252,0.8632754676355807,false
SI0304,other_res,trust,5,0,27,6,,,true
QN1101,condo_unit,corp,1,16,13,296,0.07692307692307693,0.05405405405405406,false
QN1401,condo_unit,corp,1,4,10,140,0.1,0.02857142857142857,false
BX1201,sfr_1_4,hdfc,24,72,5063,10321,0.004740272565672526,0.006976068210444724,false
MN0903,coop_building,coop_corp,52,1702,109,2971,0.47706422018348627,0.572871087176035,false
BX0301,large_mf,hdfc,33,1668,110,4679,0.3,0.35648642872408637,false
MN0902,large_mf,individual,3,66,102,3435,0.029411764705882353,0.01921397379912664,false
QN0707,large_mf,partnership,2,60,74,5915,0.02702702702702703,0.01014370245139476,false
QN1102,sfr_1_4,unknown,40,62,7981,10543,0.005011903270266884,0.005880679123589111,false
BK0601,large_mf,individual,2,90,33,1789,0.06060606060606061,0.05030743432084964,false
MN0802,condo_unit,unknown,6,134,44,786,0.13636363636363635,0.17048346055979643,false
BK1801,mixed_use_res,unknown,7,38,398,1017,0.017587939698492462,0.03736479842674533,false
QN0702,sfr_1_4,estate,1,1,6178,8190,0.0001618646811265782,0.0001221001221001221,false
QN1102,large_mf,unknown,1,36,12,676,0.08333333333333333,0.05325443786982249,false
BX0601,small_mf,hdfc,11,145,51,583,0.21568627450980393,0.24871355060034306,false
QN0501,sfr_1_4,estate,2,5,7575,13525,0.000264026402640264,0.0003696857670979667,false
QN0901,mixed_use_res,individual,28,251,92,1778,0.30434782608695654,0.14116985376827895,false
QN0601,large_mf,hdfc,1,120,31,2295,0.03225806451612903,0.05228758169934641,false
QN0101,coop_building,coop_corp,1,186,1,186,1.0,1.0,false
BX0503,sfr_1_4,trust,4,7,195,405,0.020512820512820513,0.01728395061728395,false
BX0502,sfr_1_4,unknown,1,2,378,811,0.0026455026455026454,0.002466091245376079,false
MN1203,small_mf,llc,18,157,24,227,0.75,0.6916299559471366,false
BX1101,mixed_use_res,corp,34,277,152,1717,0.2236842105263158,0.16132789749563192,false
BK0902,mixed_use_res,trust,19,42,422,4554,0.045023696682464455,0.00922266139657444,false
SI0203,sfr_1_4,individual,6727,8184,7874,9653,0.8543307086614174,0.8478193307779964,false
BK1802,sfr_1_4,unknown,55,85,10567,15121,0.0052048831267152455,0.005621321341181139,false
BK0602,small_mf,corp,56,493,551,4630,0.10163339382940109,0.10647948164146868,false
BK0301,coop_building,hdfc,14,214,20,292,0.7,0.7328767123287672,false
QN0101,small_mf,corp,15,113,341,2624,0.04398826979472141,0.0430640243902439,false
BK0703,small_mf,trust,5,42,325,2490,0.015384615384615385,0.016867469879518072,false
BX1002,condo_unit,corp,1,44,21,463,0.047619047619047616,0.09503239740820735,false
QN0905,large_mf,llc,13,618,18,885,0.7222222222222222,0.6983050847457627,false
BK0801,sfr_1_4,partnership,2,8,897,2190,0.002229654403567447,0.0036529680365296802,false
BK0402,sfr_1_4,partnership,5,12,4406,10316,0.0011348161597821154,0.0011632415664986429,false
BX0803,other_res,individual,10,2,12,5,,,true
BK1201,other_res,corp,1,1,7,9,,,true
BX0703,other_res,llc,1,4,6,15,0.16666666666666666,0.26666666666666666,false
MN0303,large_mf,corp,18,582,256,8965,0.0703125,0.0649191299498048,false
BK0802,small_mf,llc,636,5832,1035,9165,0.6144927536231884,0.6363338788870704,false
BK1002,other_res,llc,2,4,12,15,0.16666666666666666,0.26666666666666666,false
BK0703,sfr_1_4,corp,89,223,2774,6516,0.03208363374188897,0.034223449969306326,false
BX1102,coop_building,coop_corp,2,213,2,213,1.0,1.0,false
MN0702,mixed_use_res,hdfc,2,20,396,19466,0.005050505050505051,0.0010274324463166546,false
BK0802,sfr_1_4,hdfc,13,44,3421,8038,0.003800058462437884,0.005473998507091316,false
BK0201,condo_unit,partnership,1,4,43,409,0.023255813953488372,0.009779951100244499,false
BK1703,small_mf,llc,113,967,217,1732,0.5207373271889401,0.5583140877598153,false
BX1104,mixed_use_res,unknown,6,52,95,1961,0.06315789473684211,0.026517083120856707,false
MN0903,sfr_1_4,trust,41,91,587,1355,0.06984667802385008,0.06715867158671587,false
BK1302,mixed_use_res,unknown,6,146,134,6731,0.04477611940298507,0.021690684890803745,false
BK0901,condo_unit,individual,6,112,23,546,0.2608695652173913,0.20512820512820512,false
MN0602,sfr_1_4,trust,13,21,105,193,0.12380952380952381,0.10880829015544041,false
QN0602,mixed_use_res,partnership,2,12,301,7098,0.006644518272425249,0.0016906170752324597,false
QN1202,mixed_use_res,hdfc,2,7,223,518,0.008968609865470852,0.013513513513513514,false
BX0402,mixed_use_res,corp,9,284,84,3079,0.10714285714285714,0.09223773952582007,false
MN0401,large_mf,trust,1,24,155,12357,0.0064516129032258064,0.0019422189851905803,false
SI0201,other_res,corp,2,6,22,28,0.09090909090909091,0.21428571428571427,false
BK0601,small_mf,hdfc,15,151,475,3778,0.031578947368421054,0.03996823716251985,false
BX0901,large_mf,corp,21,949,138,8290,0.15217391304347827,0.11447527141133897,false
BK1501,sfr_1_4,lender_reo,1,2,5463,9796,0.00018304960644334616,0.0002041649652919559,false
BX0801,mixed_use_res,llc,30,1507,44,1805,0.6818181818181818,0.8349030470914127,false
QN0704,small_mf,trust,1,5,56,567,0.017857142857142856,0.008818342151675485,false
BK0502,other_res,individual,13,13,30,34,0.43333333333333335,0.38235294117647056,false
QN0802,sfr_1_4,estate,1,1,4227,5652,0.0002365744026496333,0.00017692852087756547,false
QN0503,large_mf,llc,2,104,9,379,0.2222222222222222,0.27440633245382584,false
MN1001,sfr_1_4,individual,459,1169,649,1708,0.7072419106317411,0.6844262295081968,false
BX0603,other_res,llc,1,1,5,10,0.2,0.1,false
BK0505,other_res,corp,4,6,29,24,0.13793103448275862,0.25,false
BK1602,sfr_1_4,unknown,22,52,3051,5813,0.007210750573582432,0.008945467056597283,false
BK0702,large_mf,llc,22,703,41,1406,0.5365853658536586,0.5,false
BK0301,other_res,individual,7,12,15,23,0.4666666666666667,0.5217391304347826,false
SI0102,mixed_use_res,hdfc,2,309,206,1428,0.009708737864077669,0.21638655462184875,false
MN0402,mixed_use_res,unknown,76,4719,494,23228,0.15384615384615385,0.203159979335285,false
QN1302,sfr_1_4,unknown,21,24,5418,6860,0.003875968992248062,0.003498542274052478,false
BK1301,sfr_1_4,corp,18,39,2075,4379,0.008674698795180723,0.00890614295501256,false
BK0505,mixed_use_res,trust,10,15,223,1971,0.04484304932735426,0.0076103500761035,false
BX0503,large_mf,unknown,17,736,185,7546,0.0918918918918919,0.09753511794328121,false
BK1202,condo_unit,unknown,16,73,613,2615,0.026101141924959218,0.02791586998087954,false
QN0901,mixed_use_res,corp,5,19,92,1778,0.05434782608695652,0.010686164229471317,false
BX0303,sfr_1_4,individual,863,1742,1045,2162,0.8258373205741627,0.8057354301572618,false
BK1702,condo_unit,llc,2,23,2,23,1.0,1.0,false
MN0603,sfr_1_4,individual,54,101,140,293,0.38571428571428573,0.3447098976109215,false
BX1203,sfr_1_4,trust,270,489,5840,10397,0.046232876712328765,0.04703279792247764,false
BK0701,small_mf,partnership,2,19,164,1190,0.012195121951219513,0.015966386554621848,false
BX1003,large_mf,partnership,1,285,47,2420,0.02127659574468085,0.11776859504132231,false
BX0402,mixed_use_res,individual,12,22,84,3079,0.14285714285714285,0.0071451770055212735,false
BK1403,large_mf,coop_corp,1,69,148,7888,0.006756756756756757,0.008747464503042597,false
BK1703,coop_building,coop_corp,1,120,1,120,1.0,1.0,false
MN0803,mixed_use_res,coop_corp,1,197,441,20090,0.0022675736961451248,0.009805873568939772,false
QN1002,large_mf,llc,4,134,4,134,1.0,1.0,false
MN0802,mixed_use_res,coop_corp,3,138,631,13257,0.004754358161648178,0.01040959493097986,false
QN1102,other_res,individual,5,6,8,8,,,true
BK0202,sfr_1_4,corp,12,33,788,1675,0.015228426395939087,0.019701492537313434,false
SI0302,small_mf,llc,5,35,8,56,0.625,0.625,false
QN0904,large_mf,corp,2,67,3,91,0.6666666666666666,0.7362637362637363,false
BK1801,sfr_1_4,trust,853,1292,10386,15181,0.08212979010206047,0.0851063829787234,false
BK1002,mixed_use_res,trust,32,87,536,1965,0.05970149253731343,0.044274809160305344,false
SI0202,small_mf,llc,12,112,18,164,0.6666666666666666,0.6829268292682927,false
QN1203,other_res,corp,2,1,15,14,0.13333333333333333,0.07142857142857142,false
QN1301,sfr_1_4,individual,3402,3644,3946,4273,0.8621388748099341,0.8527966300023403,false
BX1002,large_mf,corp,3,229,10,529,0.3,0.43289224952741023,false
QN1307,sfr_1_4,llc,171,308,5091,7642,0.03358868591632292,0.04030358544883538,false
BK1503,mixed_use_res,trust,23,38,289,1686,0.07958477508650519,0.022538552787663108,false
QN1403,condo_unit,individual,11,234,16,286,0.6875,0.8181818181818182,false
MN0401,small_mf,llc,150,1656,223,2449,0.672645739910314,0.676194365046958,false
BX0701,sfr_1_4,individual,362,666,463,864,0.7818574514038877,0.7708333333333334,false
QN1001,mixed_use_res,llc,232,497,667,1325,0.34782608695652173,0.3750943396226415,false
QN0301,mixed_use_res,trust,20,91,333,3273,0.06006006006006006,0.02780323861900397,false
QN0301,condo_unit,unknown,3,189,10,808,0.3,0.23391089108910892,false
QN1001,other_res,trust,1,1,24,33,0.041666666666666664,0.030303030303030304,false
QN0201,sfr_1_4,unknown,3,9,245,547,0.012244897959183673,0.016453382084095063,false
BK0703,large_mf,corp,6,203,30,891,0.2,0.22783389450056116,false
BK1503,other_res,corp,1,1,30,7,,,true
BK1803,sfr_1_4,trust,776,1484,11663,21999,0.06653519677612964,0.06745761170962317,false
BK0203,other_res,individual,4,2,8,5,,,true
BK1103,large_mf,corp,14,737,68,3438,0.20588235294117646,0.21436881908086097,false
BX0601,small_mf,corp,2,17,51,583,0.0392156862745098,0.029159519725557463,false
MN0803,large_mf,lender_reo,1,24,292,10156,0.003424657534246575,0.0023631350925561244,false
BK1001,large_mf,individual,10,536,171,7768,0.05847953216374269,0.0690010298661174,false
BK0301,sfr_1_4,partnership,44,92,4576,11536,0.009615384615384616,0.0079750346740638,false
QN0202,sfr_1_4,llc,170,400,2187,4222,0.07773205304069501,0.09474182851729038,false
BK0302,small_mf,individual,108,684,879,6752,0.12286689419795221,0.10130331753554503,false
QN1305,sfr_1_4,individual,5455,6533,6162,7438,0.8852645245050308,0.8783275073944609,false
SI0107,sfr_1_4,estate,1,2,5469,7431,0.00018284878405558602,0.00026914278024491994,false
BK1403,large_mf,unknown,24,1315,148,7888,0.16216216216216217,0.16670892494929007,false
BK1403,other_res,llc,4,6,20,31,0.2,0.1935483870967742,false
MN0203,condo_unit,corp,3,75,53,1009,0.05660377358490566,0.07433102081268583,false
MN0602,mixed_use_res,partnership,3,565,249,8098,0.012048192771084338,0.06977031365769326,false
QN1206,large_mf,unknown,3,146,28,1946,0.10714285714285714,0.0750256937307297,false
QN0601,mixed_use_res,individual,38,1088,91,3043,0.4175824175824176,0.3575418994413408,false
SI0102,mixed_use_res,corp,25,160,206,1428,0.12135922330097088,0.11204481792717087,false
BX1004,sfr_1_4,trust,1,2,84,142,0.011904761904761904,0.014084507042253521,false
BK1102,mixed_use_res,unknown,9,38,289,960,0.031141868512110725,0.03958333333333333,false
BK1101,small_mf,llc,183,1425,358,2692,0.5111731843575419,0.5293462109955424,false
BX1004,condo_unit,llc,1,0,2,180,0.5,0.0,false
QN0701,small_mf,individual,9,63,47,330,0.19148936170212766,0.19090909090909092,false
BK0103,small_mf,hdfc,2,24,100,764,0.02,0.031413612565445025,false
QN0904,other_res,corp,1,3,8,14,0.125,0.21428571428571427,false
BK0601,other_res,llc,20,22,43,47,0.46511627906976744,0.46808510638297873,false
BK0505,small_mf,llc,44,362,86,642,0.5116279069767442,0.5638629283489096,false
QN0805,large_mf,partnership,2,240,40,3719,0.05,0.06453347674105943,false
MN0202,small_mf,llc,52,444,86,715,0.6046511627906976,0.620979020979021,false
BK1704,large_mf,unknown,10,560,86,4138,0.11627906976744186,0.13533107781536974,false
BX1104,large_mf,individual,1,48,87,5806,0.011494252873563218,0.00826730967964175,false
SI0203,sfr_1_4,unknown,73,92,7874,9653,0.009271018542037084,0.009530715839635346,false
BX0502,coop_building,hdfc,9,310,15,511,0.6,0.6066536203522505,false
BX1203,small_mf,hdfc,4,40,167,1268,0.023952095808383235,0.031545741324921134,false
SI0104,condo_unit,unknown,3,177,7,428,0.42857142857142855,0.4135514018691589,false
MN0903,small_mf,unknown,27,294,260,2283,0.10384615384615385,0.1287779237844941,false
BX1202,large_mf,llc,7,1603,16,3229,0.4375,0.4964385258593992,false
MN0701,sfr_1_4,individual,42,73,103,191,0.4077669902912621,0.38219895287958117,false
BK0401,mixed_use_res,corp,110,601,744,6374,0.1478494623655914,0.09428930028239724,false
BX1001,sfr_1_4,individual,1005,2140,1174,2542,0.8560477001703578,0.8418568056648308,false
BK0202,other_res,individual,5,6,8,12,0.625,0.5,false
QN1403,mixed_use_res,unknown,1,2,69,494,0.014492753623188406,0.004048582995951417,false
BX0501,small_mf,hdfc,11,128,110,1201,0.1,0.10657785179017486,false
BX0801,sfr_1_4,corp,17,43,649,1222,0.026194144838212634,0.03518821603927987,false
MN1102,coop_building,coop_corp,18,1500,40,2034,0.45,0.7374631268436578,false
BK0802,sfr_1_4,llc,556,1511,3421,8038,0.1625255773165741,0.18798208509579498,false
QN1203,other_res,trust,1,1,15,14,0.06666666666666667,0.07142857142857142,false
BX0403,condo_unit,individual,1,74,1,74,1.0,1.0,false
BK1701,sfr_1_4,lender_reo,5,13,2436,4930,0.002052545155993432,0.002636916835699797,false
BK1803,condo_unit,unknown,2,55,27,933,0.07407407407407407,0.05894962486602358,false
MN0303,mixed_use_res,individual,113,2771,924,15272,0.12229437229437229,0.18144316396018859,false
BK0103,other_res,individual,19,39,28,50,0.6785714285714286,0.78,false
QN0201,large_mf,corp,5,1054,33,4573,0.15151515151515152,0.23048327137546468,false
MN0602,mixed_use_res,individual,38,3088,249,8098,0.15261044176706828,0.38132872314151645,false
QN0701,sfr_1_4,lender_reo,5,8,5016,8299,0.000996810207336523,0.0009639715628388962,false
QN1202,small_mf,llc,6,34,16,99,0.375,0.3434343434343434,false
BX1102,large_mf,llc,15,1124,24,1580,0.625,0.7113924050632912,false
QN1401,condo_unit,individual,6,133,10,140,0.6,0.95,false
BX0901,sfr_1_4,corp,61,181,2991,7957,0.02039451688398529,0.022747266557747895,false
BX0402,coop_building,hdfc,11,520,16,723,0.6875,0.719225449515906,false
BK0602,sfr_1_4,lender_reo,1,2,4272,9778,0.00023408239700374532,0.00020454080589077522,false
QN0302,mixed_use_res,llc,55,373,149,711,0.3691275167785235,0.5246132208157525,false
QN0103,mixed_use_res,trust,27,60,607,4409,0.044481054365733116,0.013608528010886823,false
SI0107,mixed_use_res,llc,30,56,78,143,0.38461538461538464,0.3916083916083916,false
QN0104,sfr_1_4,unknown,19,45,2750,6123,0.006909090909090909,0.007349338559529643,false
QN0704,mixed_use_res,partnership,3,269,323,2444,0.009287925696594427,0.11006546644844517,false
BK0703,mixed_use_res,individual,236,999,757,3357,0.31175693527080584,0.2975871313672922,false
SI0303,other_res,corp,1,4,5,5,,,true
QN1201,large_mf,individual,3,335,103,8070,0.02912621359223301,0.04151177199504337,false
BK1001,sfr_1_4,llc,370,810,7613,12530,0.04860107710495205,0.06464485235434957,false
BK0703,small_mf,corp,68,508,325,2490,0.20923076923076922,0.20401606425702812,false
QN0102,large_mf,unknown,1,128,41,3006,0.024390243902439025,0.04258150365934797,false
BK1201,condo_unit,unknown,6,82,45,300,0.13333333333333333,0.2733333333333333,false
SI0105,other_res,llc,5,6,18,11,0.2777777777777778,0.5454545454545454,false
BK0401,mixed_use_res,llc,398,4283,744,6374,0.5349462365591398,0.6719485409475996,false
BK0401,other_res,llc,3,4,8,9,,,true
QN0301,sfr_1_4,unknown,36,83,5591,11008,0.006438919692362726,0.0075399709302325585,false
BK0402,other_res,individual,2,2,7,16,0.2857142857142857,0.125,false
BX0102,other_res,individual,1,1,5,4,,,true
BX1103,large_mf,individual,1,23,3,105,0.3333333333333333,0.21904761904761905,false
QN1402,other_res,individual,12,5,25,14,0.48,0.35714285714285715,false
QN0707,small_mf,llc,50,412,84,702,0.5952380952380952,0.5868945868945868,false
BK1803,other_res,llc,6,7,35,35,0.17142857142857143,0.2,false
MN1201,small_mf,corp,13,144,119,1351,0.1092436974789916,0.10658771280532939,false
MN1201,small_mf,trust,1,6,119,1351,0.008403361344537815,0.0044411547002220575,false
QN0702,large_mf,llc,2,96,2,96,1.0,1.0,false
QN1201,condo_unit,individual,1,12,5,418,0.2,0.028708133971291867,false
BK1403,other_res,unknown,2,3,20,31,0.1,0.0967741935483871,false
QN0804,sfr_1_4,individual,2471,2778,3107,3509,0.7953009333762472,0.7916785408948418,false
BK0802,large_mf,individual,20,685,251,11258,0.0796812749003984,0.06084562089181027,false
SI0201,small_mf,trust,1,6,39,299,0.02564102564102564,0.020066889632107024,false
BK0902,small_mf,llc,158,1368,217,1867,0.728110599078341,0.7327262988752009,false
BK0801,condo_unit,unknown,16,259,110,1050,0.14545454545454545,0.24666666666666667,false
BK0602,other_res,corp,2,1,13,17,0.15384615384615385,0.058823529411764705,false
QN1202,mixed_use_res,individual,88,162,223,518,0.39461883408071746,0.3127413127413127,false
MN0101,other_res,llc,1,1,2,4,,,true
BK0101,other_res,llc,4,5,12,15,0.3333333333333333,0.3333333333333333,false
BX0102,sfr_1_4,corp,12,33,803,1674,0.014943960149439602,0.01971326164874552,false
QN0261,mixed_use_res,hdfc,1,185,1,185,1.0,1.0,false
BK1102,sfr_1_4,estate,1,2,3205,6908,0.00031201248049921997,0.00028951939779965256,false
BX1203,sfr_1_4,partnership,1,1,5840,10397,0.00017123287671232877,0.00009618159084351255,false
MN0702,other_res,unknown,1,1,17,14,0.058823529411764705,0.07142857142857142,false
QN1303,small_mf,individual,5,46,15,159,0.3333333333333333,0.2893081761006289,false
MN0302,small_mf,trust,1,11,69,709,0.014492753623188406,0.015514809590973202,false
BX1103,small_mf,individual,7,37,26,163,0.2692307692307692,0.22699386503067484,false
BX0403,sfr_1_4,estate,1,2,416,961,0.002403846153846154,0.002081165452653486,false
QN0303,sfr_1_4,hdfc,1,3,2261,5527,0.0004422821760283061,0.0005427899402931065,false
MN1201,sfr_1_4,llc,32,85,173,410,0.18497109826589594,0.2073170731707317,false
QN1303,mixed_use_res,individual,132,235,383,731,0.34464751958224543,0.32147742818057456,false
BX0802,large_mf,llc,41,2732,62,4114,0.6612903225806451,0.664073894020418,false
BK1302,mixed_use_res,trust,3,5,134,6731,0.022388059701492536,0.0007428316743425939,false
MN1201,other_res,llc,1,1,2,2,,,true
BX0701,small_mf,hdfc,2,21,94,1043,0.02127659574468085,0.020134228187919462,false
BK0702,large_mf,coop_corp,1,32,41,1406,0.024390243902439025,0.02275960170697013,false
BK1403,large_mf,llc,107,5605,148,7888,0.722972972972973,0.7105730223123732,false
QN0201,small_mf,corp,15,144,91,673,0.16483516483516483,0.2139673105497771,false
QN0602,sfr_1_4,unknown,44,54,6473,8241,0.006797466398887687,0.006552602839461231,false
MN0703,small_mf,hdfc,28,324,212,2422,0.1320754716981132,0.1337737407101569,false
QN1402,large_mf,llc,6,1600,10,2873,0.6,0.556909154194222,false
BX1001,sfr_1_4,unknown,7,18,1174,2542,0.00596252129471891,0.007081038552321007,false
BK0502,large_mf,unknown,9,506,44,2467,0.20454545454545456,0.20510741791649778,false
BK0103,small_mf,corp,10,92,100,764,0.1,0.12041884816753927,false
QN0904,sfr_1_4,llc,179,408,3262,6291,0.054874310239117104,0.06485455412494039,false
MN0702,large_mf,unknown,29,1778,145,8457,0.2,0.210240037838477,false
BK1202,mixed_use_res,llc,522,1898,1139,3863,0.45829675153643545,0.49132798343256534,false
MN0102,sfr_1_4,unknown,2,2,35,56,0.05714285714285714,0.03571428571428571,false
MN0603,other_res,llc,6,12,14,22,0.42857142857142855,0.5454545454545454,false
SI0107,other_res,llc,9,12,22,23,0.4090909090909091,0.5217391304347826,false
BX0702,small_mf,trust,2,16,92,925,0.021739130434782608,0.017297297297297298,false
BX0302,large_mf,partnership,5,275,45,2014,0.1111111111111111,0.1365441906653426,false
BK1204,small_mf,trust,2,18,40,309,0.05,0.05825242718446602,false
BX0401,other_res,llc,1,1,2,2,,,true
BK0104,sfr_1_4,individual,962,2151,1418,3346,0.6784203102961918,0.6428571428571429,false
BK0301,sfr_1_4,unknown,46,124,4576,11536,0.010052447552447552,0.010748959778085992,false
BK0203,large_mf,individual,2,156,28,2366,0.07142857142857142,0.06593406593406594,false
MN0802,mixed_use_res,unknown,114,4411,631,13257,0.18066561014263074,0.3327298785547258,false
BK1501,sfr_1_4,corp,31,70,5463,9796,0.005674537799743731,0.0071457737852184565,false
BK1201,sfr_1_4,trust,200,508,1602,4068,0.12484394506866417,0.1248770894788594,false
QN1403,large_mf,partnership,1,28,18,1355,0.05555555555555555,0.020664206642066422,false
QN1303,sfr_1_4,corp,99,152,10963,13419,0.009030374897382103,0.011327222594828228,false
QN0905,small_mf,individual,11,100,31,299,0.3548387096774194,0.33444816053511706,false
MN0902,coop_building,coop_corp,14,314,24,591,0.5833333333333334,0.5313028764805414,false
MN1202,other_res,llc,2,3,3,4,,,true
QN0901,large_mf,llc,35,2154,56,3355,0.625,0.642026825633383,false
MN0801,coop_building,coop_corp,129,19816,129,19816,1.0,1.0,false
QN0202,small_mf,trust,22,143,465,3266,0.047311827956989246,0.04378444580526638,false
QN0101,small_mf,trust,30,187,341,2624,0.08797653958944282,0.07126524390243902,false
QN0102,sfr_1_4,llc,115,293,763,1781,0.15072083879423329,0.16451431779898934,false
MN0202,sfr_1_4,individual,46,82,145,256,0.31724137931034485,0.3203125,false
BX1104,sfr_1_4,unknown,6,12,1171,2506,0.005123825789923143,0.004788507581803671,false
MN0901,small_mf,trust,1,8,38,429,0.02631578947368421,0.018648018648018648,false
QN0801,mixed_use_res,corp,5,4,63,423,0.07936507936507936,0.009456264775413711,false
QN1306,sfr_1_4,unknown,20,33,3879,5984,0.005155968032998196,0.0055147058823529415,false
QN1003,condo_unit,unknown,2,167,14,1123,0.14285714285714285,0.14870881567230632,false
BX0601,mixed_use_res,individual,8,415,56,2638,0.14285714285714285,0.1573161485974223,false
QN0903,other_res,llc,3,4,4,5,,,true
SI0391,sfr_1_4,unknown,1,1,17,26,0.058823529411764705,0.038461538461538464,false
QN0503,sfr_1_4,estate,1,2,5801,10368,0.00017238407171177384,0.00019290123456790122,false
MN0602,other_res,llc,2,5,5,11,0.4,0.45454545454545453,false
BK1601,mixed_use_res,llc,133,916,301,3474,0.4418604651162791,0.2636729994242948,false
MN1101,other_res,individual,1,2,3,7,,,true
BK1101,large_mf,coop_corp,1,23,143,5771,0.006993006993006993,0.003985444463697799,false
QN0905,sfr_1_4,corp,56,116,5505,9086,0.010172570390554041,0.012766894122826326,false
BK0502,small_mf,individual,43,282,172,1391,0.25,0.20273184759166069,false
QN0401,sfr_1_4,estate,3,8,5747,12724,0.0005220114842526536,0.0006287331027978623,false
MN1203,condo_unit,corp,1,89,3,101,0.3333333333333333,0.8811881188118812,false
MN0802,mixed_use_res,llc,290,4142,631,13257,0.4595879556259905,0.3124387116240477,false
BK1203,other_res,individual,5,8,13,20,0.38461538461538464,0.4,false
MN0301,condo_unit,individual,3,89,8,324,0.375,0.27469135802469136,false
BX0201,sfr_1_4,corp,11,31,398,989,0.02763819095477387,0.03134479271991911,false
MN1102,mixed_use_res,corp,102,729,491,7424,0.20773930753564154,0.09819504310344827,false
MN0401,coop_building,coop_corp,217,7990,223,8058,0.9730941704035875,0.9915611814345991,false
QN0302,mixed_use_res,trust,8,16,149,711,0.053691275167785234,0.02250351617440225,false
BX0502,large_mf,individual,5,185,245,12528,0.02040816326530612,0.014766922094508302,false
MN0201,mixed_use_res,partnership,19,324,780,10500,0.02435897435897436,0.030857142857142857,false
MN0402,small_mf,partnership,10,113,195,2085,0.05128205128205128,0.054196642685851316,false
BK0902,mixed_use_res,llc,222,3360,422,4554,0.5260663507109005,0.7378129117259552,false
QN1003,mixed_use_res,individual,21,35,54,75,0.3888888888888889,0.4666666666666667,false
BX0102,large_mf,hdfc,16,782,83,4088,0.1927710843373494,0.19129158512720157,false
BX0101,condo_unit,hdfc,2,247,3,247,0.6666666666666666,1.0,false
QN0203,large_mf,unknown,2,90,52,2906,0.038461538461538464,0.030970406056434963,false
SI0203,sfr_1_4,estate,2,4,7874,9653,0.000254000508001016,0.0004143789495493629,false
SI0101,large_mf,corp,6,648,20,1818,0.3,0.3564356435643564,false
BK0102,coop_building,hdfc,28,523,84,1274,0.3333333333333333,0.41051805337519626,false
BK0301,sfr_1_4,corp,101,283,4576,11536,0.02207167832167832,0.024531900138696255,false
QN1003,small_mf,corp,13,78,25,157,0.52,0.4968152866242038,false
BK1402,sfr_1_4,llc,111,211,2377,3642,0.04669751787968027,0.05793520043931905,false
QN0105,large_mf,partnership,1,100,32,1588,0.03125,0.06297229219143577,false
QN0502,mixed_use_res,partnership,2,4,924,3264,0.0021645021645021645,0.0012254901960784314,false
BK1302,other_res,partnership,1,2,12,15,0.08333333333333333,0.13333333333333333,false
BK1602,small_mf,individual,28,164,144,1213,0.19444444444444445,0.13520197856553998,false
BX0701,sfr_1_4,lender_reo,1,2,463,864,0.0021598272138228943,0.0023148148148148147,false
QN0401,large_mf,llc,77,5156,113,7704,0.6814159292035398,0.6692627206645898,false
BK1502,large_mf,partnership,1,105,79,4614,0.012658227848101266,0.022756827048114433,false
SI0305,sfr_1_4,lender_reo,1,2,4456,6227,0.0002244165170556553,0.0003211819495744339,false
QN1306,small_mf,corp,2,25,5,62,0.4,0.4032258064516129,false
MN0802,other_res,corp,5,5,22,33,0.22727272727272727,0.15151515151515152,false
BX0102,coop_building,coop_corp,2,65,6,140,0.3333333333333333,0.4642857142857143,false
BK0103,large_mf,llc,8,256,27,1458,0.2962962962962963,0.1755829903978052,false
BK1303,mixed_use_res,corp,27,158,276,2217,0.09782608695652174,0.07126747857465043,false
QN0501,mixed_use_res,corp,50,128,385,950,0.12987012987012986,0.13473684210526315,false
QN1307,condo_unit,individual,2,48,3,62,0.6666666666666666,0.7741935483870968,false
BX0801,small_mf,unknown,3,30,58,591,0.05172413793103448,0.050761421319796954,false
BX0503,sfr_1_4,partnership,1,1,195,405,0.005128205128205128,0.0024691358024691358,false
QN0904,sfr_1_4,individual,2891,5496,3262,6291,0.8862660944206009,0.8736289938006676,false
QN0705,coop_building,coop_corp,9,870,9,870,1.0,1.0,false
MN0302,large_mf,hdfc,5,469,47,2591,0.10638297872340426,0.1810111925897337,false
QN0402,sfr_1_4,estate,1,2,3555,8998,0.00028129395218002813,0.0002222716159146477,false
BK0602,condo_unit,unknown,67,713,356,2417,0.18820224719101122,0.29499379395945385,false
QN1102,other_res,llc,1,0,8,8,,,true
BK1301,sfr_1_4,unknown,5,10,2075,4379,0.0024096385542168677,0.0022836263987211693,false
QN0303,other_res,individual,10,15,16,25,0.625,0.6,false
MN0802,mixed_use_res,trust,9,39,631,13257,0.014263074484944533,0.0029418420457116997,false
BK1802,small_mf,llc,5,31,8,49,0.625,0.6326530612244898,false
MN0501,other_res,llc,15,27,32,56,0.46875,0.48214285714285715,false
BX0703,condo_unit,individual,2,24,3,104,0.6666666666666666,0.23076923076923078,false
QN0104,mixed_use_res,partnership,1,2,427,2559,0.00234192037470726,0.0007815552950371239,false
BK0901,coop_building,coop_corp,6,578,10,753,0.6,0.7675962815405046,false
BK1503,large_mf,unknown,4,345,40,3058,0.1,0.11281883584041857,false
BK0503,other_res,llc,5,5,17,18,0.29411764705882354,0.2777777777777778,false
QN0702,sfr_1_4,individual,5206,6762,6178,8190,0.842667529944966,0.8256410256410256,false
QN0903,large_mf,llc,2,90,4,172,0.5,0.5232558139534884,false
QN1304,mixed_use_res,corp,5,11,28,54,0.17857142857142858,0.2037037037037037,false
QN1103,sfr_1_4,corp,32,41,4985,5765,0.0064192577733199595,0.007111882046834345,false
MN0202,sfr_1_4,partnership,1,1,145,256,0.006896551724137931,0.00390625,false
MN1002,small_mf,partnership,30,385,477,5168,0.06289308176100629,0.0744969040247678,false
QN1202,sfr_1_4,unknown,25,38,6056,9549,0.004128137384412154,0.003979474290501623,false
SI0107,sfr_1_4,partnership,2,3,5469,7431,0.00036569756811117204,0.0004037141703673799,false
MN0201,large_mf,unknown,4,143,44,1600,0.09090909090909091,0.089375,false
QN0905,condo_unit,unknown,1,48,2,57,0.5,0.8421052631578947,false
QN1002,sfr_1_4,individual,3527,5595,3911,6278,0.901815392482741,0.8912073908888181,false
MN1001,large_mf,unknown,24,1098,138,5558,0.17391304347826086,0.19755307664627564,false
QN0901,sfr_1_4,partnership,1,2,1303,2065,0.0007674597083653108,0.0009685230024213075,false
QN1304,sfr_1_4,corp,44,48,5145,5729,0.008551992225461613,0.008378425554197941,false
MN0803,condo_unit,unknown,9,471,34,2202,0.2647058823529412,0.21389645776566757,false
QN0101,sfr_1_4,unknown,49,109,5703,11779,0.008591969139049622,0.009253756685626963,false
MN1001,mixed_use_res,hdfc,20,500,285,6308,0.07017543859649122,0.07926442612555486,false
QN0704,mixed_use_res,llc,134,1289,323,2444,0.4148606811145511,0.5274140752864157,false
SI0103,small_mf,trust,1,8,15,144,0.06666666666666667,0.05555555555555555,false
BK1702,sfr_1_4,estate,2,4,4620,7137,0.0004329004329004329,0.0005604595768530195,false
QN0401,sfr_1_4,lender_reo,1,4,5747,12724,0.00017400382808421786,0.00031436655139893113,false
BX0602,small_mf,llc,66,692,92,978,0.717391304347826,0.7075664621676891,false
MN0702,condo_unit,llc,7,247,70,1778,0.1,0.1389201349831271,false
MN0802,condo_unit,llc,6,87,44,786,0.13636363636363635,0.11068702290076336,false
QN0104,sfr_1_4,llc,304,802,2750,6123,0.11054545454545454,0.13098154499428385,false
QN1102,sfr_1_4,partnership,2,4,7981,10543,0.0002505951635133442,0.00037939865313478137,false
QN1301,mixed_use_res,corp,1,3,50,76,0.02,0.039473684210526314,false
BK0401,mixed_use_res,unknown,29,163,744,6374,0.038978494623655914,0.025572638845309068,false
QN8492,sfr_1_4,trust,4,4,9,9,,,true
MN0501,other_res,coop_corp,1,1,32,56,0.03125,0.017857142857142856,false
BK0103,small_mf,llc,54,401,100,764,0.54,0.524869109947644,false
QN0104,other_res,corp,1,2,10,14,0.1,0.14285714285714285,false
SI0106,other_res,corp,3,5,27,39,0.1111111111111111,0.1282051282051282,false
BK1801,sfr_1_4,llc,270,501,10386,15181,0.025996533795493933,0.033001778538963175,false
BK0401,sfr_1_4,lender_reo,5,14,1734,4088,0.0028835063437139563,0.003424657534246575,false
QN1403,sfr_1_4,corp,11,19,3974,5595,0.0027679919476597888,0.0033958891867739054,false
MN1101,small_mf,corp,29,283,169,1674,0.17159763313609466,0.16905615292712067,false
BK0502,mixed_use_res,individual,113,439,354,3198,0.3192090395480226,0.13727329580988118,false
QN1001,large_mf,llc,11,394,11,394,1.0,1.0,false
BK1801,small_mf,corp,1,12,21,214,0.047619047619047616,0.056074766355140186,false
SI0105,sfr_1_4,trust,706,930,8454,10801,0.08351076413532056,0.08610313859827794,false
QN0502,mixed_use_res,individual,264,834,924,3264,0.2857142857142857,0.2555147058823529,false
BK0301,condo_unit,llc,101,887,329,3014,0.3069908814589666,0.29429329794293296,false
MN0903,small_mf,individual,59,427,260,2283,0.22692307692307692,0.18703460359176521,false
BK0702,mixed_use_res,individual,181,586,668,3476,0.27095808383233533,0.16858457997698503,false
QN0102,mixed_use_res,individual,54,721,148,2896,0.36486486486486486,0.24896408839779005,false
SI0302,condo_unit,corp,2,188,19,849,0.10526315789473684,0.22143698468786807,false
BK1403,sfr_1_4,unknown,36,57,4771,6689,0.007545587927059317,0.008521453132007775,false
MN0801,large_mf,hdfc,2,74,197,11550,0.01015228426395939,0.006406926406926407,false
BK1703,mixed_use_res,hdfc,2,4,325,1514,0.006153846153846154,0.002642007926023778,false
QN1305,large_mf,corp,1,40,5,146,0.2,0.273972602739726,false
BX0802,mixed_use_res,corp,10,362,52,1686,0.19230769230769232,0.2147093712930012,false
BK0301,condo_unit,unknown,40,358,329,3014,0.12158054711246201,0.11877903118779032,false
QN0601,large_mf,unknown,4,280,31,2295,0.12903225806451613,0.12200435729847495,false
QN0903,mixed_use_res,individual,87,192,216,567,0.4027777777777778,0.3386243386243386,false
QN0502,other_res,corp,5,8,42,64,0.11904761904761904,0.125,false
BX1104,small_mf,individual,15,93,97,795,0.15463917525773196,0.1169811320754717,false
BX0401,sfr_1_4,corp,14,36,471,1186,0.029723991507430998,0.03035413153456998,false
SI0105,small_mf,individual,7,57,21,180,0.3333333333333333,0.31666666666666665,false
MN0401,large_mf,unknown,25,1058,155,12357,0.16129032258064516,0.08561948693048474,false
QN0103,small_mf,llc,467,3757,823,6403,0.5674362089914945,0.5867562080274871,false
BK1302,other_res,unknown,1,1,12,15,0.08333333333333333,0.06666666666666667,false
QN1206,sfr_1_4,unknown,24,32,3701,5046,0.006484733855714671,0.006341656757827983,false
QN0502,sfr_1_4,lender_reo,2,5,5194,12668,0.0003850596842510589,0.00039469529523208084,false
MN0201,other_res,llc,12,25,20,43,0.6,0.5813953488372093,false
QN1303,large_mf,corp,5,383,18,1065,0.2777777777777778,0.3596244131455399,false
QN0902,small_mf,unknown,2,12,57,422,0.03508771929824561,0.02843601895734597,false
QN1002,mixed_use_res,unknown,3,6,146,263,0.02054794520547945,0.022813688212927757,false
BK1203,large_mf,llc,50,2243,77,4029,0.6493506493506493,0.5567138247704145,false
SI0102,small_mf,unknown,5,35,41,363,0.12195121951219512,0.09641873278236915,false
MN0302,mixed_use_res,trust,7,44,483,8960,0.014492753623188406,0.004910714285714286,false
BX1101,sfr_1_4,corp,44,112,1470,3225,0.029931972789115645,0.03472868217054263,false
QN0601,sfr_1_4,corp,13,21,2236,3184,0.005813953488372093,0.006595477386934673,false
BK1203,coop_building,trust,1,75,42,3315,0.023809523809523808,0.02262443438914027,false
BK0102,mixed_use_res,estate,1,2,992,14214,0.0010080645161290322,0.0001407063458561981,false
BK0103,condo_unit,individual,199,1294,300,2535,0.6633333333333333,0.5104536489151874,false
BX0701,large_mf,unknown,20,978,214,9375,0.09345794392523364,0.10432,false
BK1402,condo_unit,llc,9,153,24,367,0.375,0.41689373297002724,false
SI0202,mixed_use_res,individual,49,82,109,194,0.44954128440366975,0.422680412371134,false
SI0107,large_mf,corp,4,766,10,1124,0.4,0.6814946619217082,false
MN0302,condo_unit,hdfc,1,232,15,657,0.06666666666666667,0.3531202435312024,false
BK1703,mixed_use_res,corp,33,146,325,1514,0.10153846153846154,0.0964332892998679,false
BK0802,small_mf,trust,28,210,1035,9165,0.02705314009661836,0.022913256955810146,false
MN0803,sfr_1_4,partnership,2,6,147,231,0.013605442176870748,0.025974025974025976,false
BK1701,large_mf,unknown,5,208,159,7728,0.031446540880503145,0.026915113871635612,false
BK0502,other_res,llc,13,14,30,34,0.43333333333333335,0.4117647058823529,false
BX1102,other_res,individual,7,2,12,9,,,true
QN0104,mixed_use_res,corp,49,370,427,2559,0.11475409836065574,0.1445877295818679,false
BK0204,coop_building,coop_corp,39,3326,45,3386,0.8666666666666667,0.9822799763733018,false
SI0391,sfr_1_4,llc,4,8,17,26,0.23529411764705882,0.3076923076923077,false
BK1703,large_mf,trust,1,42,47,1705,0.02127659574468085,0.02463343108504399,false
BK1401,coop_building,hdfc,2,43,41,2575,0.04878048780487805,0.016699029126213592,false
BX0403,mixed_use_res,partnership,3,69,104,4773,0.028846153846153848,0.014456316781898177,false
BK1102,condo_unit,llc,7,107,45,463,0.15555555555555556,0.23110151187904968,false
QN0903,mixed_use_res,corp,38,110,216,567,0.17592592592592593,0.19400352733686066,false
MN0802,sfr_1_4,partnership,7,7,825,1103,0.008484848484848486,0.006346328195829556,false
BK1501,sfr_1_4,individual,4061,7206,5463,9796,0.7433644517664287,0.7356063699469171,false
MN0303,sfr_1_4,llc,38,102,109,275,0.3486238532110092,0.3709090909090909,false
BK0202,other_res,llc,2,4,8,12,0.25,0.3333333333333333,false
BK0103,condo_unit,trust,4,12,300,2535,0.013333333333333334,0.004733727810650888,false
BX0702,mixed_use_res,corp,20,1313,154,5497,0.12987012987012986,0.23885755866836456,false
SI0204,small_mf,individual,1,6,7,60,0.14285714285714285,0.1,false
QN1301,sfr_1_4,trust,358,387,3946,4273,0.09072478459199189,0.0905686871050784,false
BK0203,condo_unit,corp,1,2,50,959,0.02,0.0020855057351407717,false
QN0101,sfr_1_4,trust,613,1277,5703,11779,0.10748728739260038,0.10841327786739112,false
MN0701,large_mf,llc,28,4135,56,5881,0.5,0.7031117156946097,false
BK0501,mixed_use_res,llc,157,1010,432,2854,0.36342592592592593,0.3538892782060266,false
BX1102,large_mf,partnership,1,27,24,1580,0.041666666666666664,0.01708860759493671,false
BX0101,small_mf,individual,6,57,123,1365,0.04878048780487805,0.041758241758241756,false
QN0202,sfr_1_4,corp,19,43,2187,4222,0.008687700045724738,0.010184746565608716,false
MN0604,large_mf,corp,4,252,47,3246,0.0851063829787234,0.07763401109057301,false
SI0203,mixed_use_res,llc,19,41,65,227,0.2923076923076923,0.18061674008810572,false
BK0201,sfr_1_4,individual,359,597,576,1008,0.6232638888888888,0.5922619047619048,false
BX0602,mixed_use_res,llc,54,1123,122,3083,0.4426229508196721,0.36425559519948103,false
QN0901,large_mf,corp,10,571,56,3355,0.17857142857142858,0.17019374068554396,false
MN0903,large_mf,corp,37,1561,249,9583,0.14859437751004015,0.16289262235208182,false
MN0203,small_mf,coop_corp,1,18,198,1937,0.005050505050505051,0.009292720702116675,false
SI0203,sfr_1_4,llc,240,339,7874,9653,0.03048006096012192,0.03511861597430851,false
QN0805,small_mf,llc,30,255,49,382,0.6122448979591837,0.6675392670157068,false
SI0201,small_mf,corp,5,29,39,299,0.1282051282051282,0.09698996655518395,false
BK0702,large_mf,trust,1,20,41,1406,0.024390243902439025,0.01422475106685633,false
BX0601,small_mf,unknown,1,9,51,583,0.0196078431372549,0.015437392795883362,false
MN0201,large_mf,partnership,2,80,44,1600,0.045454545454545456,0.05,false
BK1001,small_mf,partnership,2,12,392,2660,0.00510204081632653,0.004511278195488722,false
BK1502,other_res,individual,6,8,15,23,0.4,0.34782608695652173,false
QN0901,condo_unit,llc,1,19,9,264,0.1111111111111111,0.07196969696969698,false
BX0803,mixed_use_res,partnership,1,29,73,1984,0.0136986301369863,0.014616935483870967,false
BK0503,coop_building,hdfc,1,32,1,32,1.0,1.0,false
QN1305,mixed_use_res,individual,24,27,49,67,0.4897959183673469,0.40298507462686567,false
QN0504,small_mf,llc,22,179,36,288,0.6111111111111112,0.6215277777777778,false
BX0601,sfr_1_4,hdfc,1,2,247,583,0.004048582995951417,0.003430531732418525,false
BX0603,large_mf,unknown,12,515,144,5400,0.08333333333333333,0.09537037037037037,false
QN0904,large_mf,individual,1,24,3,91,0.3333333333333333,0.26373626373626374,false
BK0501,mixed_use_res,lender_reo,1,1,432,2854,0.0023148148148148147,0.000350385423966363,false
MN0102,sfr_1_4,trust,2,2,35,56,0.05714285714285714,0.03571428571428571,false
MN0903,condo_unit,unknown,9,387,35,693,0.2571428571428571,0.5584415584415584,false
BK1202,condo_unit,trust,7,18,613,2615,0.011419249592169658,0.006883365200764819,false
BX0201,coop_building,coop_corp,6,298,11,468,0.5454545454545454,0.6367521367521367,false
QN0705,small_mf,unknown,4,50,40,425,0.1,0.11764705882352941,false
QN1201,mixed_use_res,hdfc,2,141,531,6846,0.003766478342749529,0.020595968448729185,false
QN0905,mixed_use_res,corp,61,141,372,732,0.1639784946236559,0.19262295081967212,false
QN0707,condo_unit,llc,10,122,55,1974,0.18181818181818182,0.06180344478216818,false
BX1201,other_res,individual,2,0,10,16,0.2,0.0,false
QN0601,mixed_use_res,unknown,3,216,91,3043,0.03296703296703297,0.07098258297732501,false
BK0101,mixed_use_res,llc,413,7836,765,10849,0.5398692810457516,0.722278551018527,false
MN0201,sfr_1_4,trust,7,13,89,181,0.07865168539325842,0.0718232044198895,false
MN1201,small_mf,llc,59,664,119,1351,0.4957983193277311,0.4914877868245744,false
MN0703,small_mf,individual,19,205,212,2422,0.08962264150943396,0.08464079273327828,false
BK1201,small_mf,partnership,1,6,166,1202,0.006024096385542169,0.004991680532445923,false
QN1304,other_res,llc,2,3,3,4,,,true
BK0602,other_res,unknown,1,2,13,17,0.07692307692307693,0.11764705882352941,false
BK0504,sfr_1_4,hdfc,2,4,484,679,0.004132231404958678,0.005891016200294551,false
QN1301,sfr_1_4,lender_reo,1,1,3946,4273,0.00025342118601115053,0.0002340276152586005,false
QN0703,sfr_1_4,llc,132,264,2478,3709,0.053268765133171914,0.07117821515233216,false
BK0802,small_mf,individual,141,1039,1035,9165,0.13623188405797101,0.11336606655755592,false
BX0202,mixed_use_res,llc,56,1167,150,4942,0.37333333333333335,0.23613921489275597,false
BX1201,other_res,corp,5,12,10,16,0.5,0.75,false
SI0102,other_res,individual,3,5,10,17,0.3,0.29411764705882354,false
BX1103,small_mf,trust,1,5,26,163,0.038461538461538464,0.03067484662576687,false
BK0101,coop_building,coop_corp,10,131,19,202,0.5263157894736842,0.6485148514851485,false
MN0203,sfr_1_4,trust,74,131,603,1087,0.12271973466003316,0.12051517939282429,false
BK1502,other_res,corp,4,8,15,23,0.26666666666666666,0.34782608695652173,false
BK0302,condo_unit,unknown,10,67,136,1114,0.07352941176470588,0.06014362657091562,false
SI0101,condo_unit,llc,1,0,4,169,0.25,0.0,false
BX0301,other_res,corp,1,1,6,8,,,true
MN0102,condo_unit,llc,15,277,54,870,0.2777777777777778,0.31839080459770114,false
BX0202,mixed_use_res,partnership,5,233,150,4942,0.03333333333333333,0.047146904087414,false
QN1206,sfr_1_4,individual,3305,4440,3701,5046,0.893001891380708,0.8799048751486326,false
BX0501,mixed_use_res,hdfc,15,943,97,5793,0.15463917525773196,0.16278266873813224,false
BX0501,sfr_1_4,lender_reo,2,4,894,1910,0.0022371364653243847,0.0020942408376963353,false
BX0903,small_mf,llc,26,272,36,328,0.7222222222222222,0.8292682926829268,false
MN0302,large_mf,individual,2,56,47,2591,0.0425531914893617,0.021613276727132383,false
BK0702,other_res,llc,7,10,21,29,0.3333333333333333,0.3448275862068966,false
MN0701,coop_building,coop_corp,138,9868,139,9878,0.9928057553956835,0.998987649321725,false
BK0502,sfr_1_4,unknown,21,40,3977,7756,0.005280362081971335,0.005157297576070139,false
BX1001,small_mf,corp,11,81,72,564,0.1527777777777778,0.14361702127659576,false
BK0801,small_mf,unknown,8,85,205,1856,0.03902439024390244,0.045797413793103446,false
QN0101,large_mf,individual,19,888,80,3301,0.2375,0.269009391093608,false
BK1702,large_mf,llc,30,1379,42,4021,0.7142857142857143,0.34294951504600846,false
BX0901,small_mf,llc,92,779,153,1393,0.6013071895424836,0.5592246949030869,false
MN0702,other_res,llc,7,2,17,14,0.4117647058823529,0.14285714285714285,false
MN1203,sfr_1_4,trust,6,12,31,71,0.1935483870967742,0.16901408450704225,false
QN0601,small_mf,individual,2,10,12,126,0.16666666666666666,0.07936507936507936,false
BK0504,other_res,unknown,1,0,2,0,,,true
BX0301,condo_unit,unknown,1,23,7,287,0.14285714285714285,0.08013937282229965,false
MN0902,condo_unit,individual,6,110,8,148,0.75,0.7432432432432432,false
QN0804,large_mf,llc,18,2186,24,2479,0.75,0.881807180314643,false
BX1101,mixed_use_res,trust,6,12,152,1717,0.039473684210526314,0.006988934187536401,false
BK0602,condo_unit,llc,67,383,356,2417,0.18820224719101122,0.15846090194455936,false
BK1503,coop_building,coop_corp,45,6194,45,6194,1.0,1.0,false
BK1303,mixed_use_res,coop_corp,1,96,276,2217,0.0036231884057971015,0.04330175913396482,false
QN0201,mixed_use_res,hdfc,1,1132,256,22121,0.00390625,0.051173093440622035,false
MN0602,small_mf,hdfc,2,33,88,842,0.022727272727272728,0.039192399049881234,false
BK1704,small_mf,estate,1,6,129,995,0.007751937984496124,0.006030150753768844,false
MN0102,mixed_use_res,estate,1,7,424,8933,0.0023584905660377358,0.0007836113287809246,false
BX0703,small_mf,corp,6,44,56,459,0.10714285714285714,0.09586056644880174,false
BK0601,sfr_1_4,partnership,2,2,3993,9824,0.0005008765339343851,0.00020358306188925082,false
BK0802,condo_unit,hdfc,2,45,115,1199,0.017391304347826087,0.03753127606338615,false
MN0802,condo_unit,corp,4,86,44,786,0.09090909090909091,0.10941475826972011,false
BK0101,sfr_1_4,trust,118,286,2048,5108,0.0576171875,0.055990602975724356,false
SI0201,small_mf,unknown,1,5,39,299,0.02564102564102564,0.016722408026755852,false
BX0502,sfr_1_4,trust,6,13,378,811,0.015873015873015872,0.016029593094944512,false
BK1101,sfr_1_4,individual,7311,15838,9019,20034,0.8106220201796208,0.7905560547069981,false
QN0302,sfr_1_4,lender_reo,8,15,4274,7367,0.0018717828731867104,0.002036106963485815,false
MN0401,sfr_1_4,unknown,6,17,218,465,0.027522935779816515,0.03655913978494624,false
BX0401,small_mf,unknown,8,79,172,1746,0.046511627906976744,0.04524627720504009,false
BX1201,sfr_1_4,corp,111,261,5063,10321,0.021923760616235435,0.025288247262862124,false
BX1201,coop_building,coop_corp,11,1287,14,1632,0.7857142857142857,0.7886029411764706,false
BX0803,small_mf,llc,18,152,20,171,0.9,0.8888888888888888,false
QN0302,sfr_1_4,unknown,26,46,4274,7367,0.006083294337856809,0.0062440613546898335,false
QN0101,mixed_use_res,individual,104,617,403,2926,0.25806451612903225,0.21086807928913193,false
SI0203,small_mf,corp,1,6,10,86,0.1,0.06976744186046512,false
BX0101,sfr_1_4,trust,36,75,879,1805,0.040955631399317405,0.04155124653739612,false
QN0601,sfr_1_4,individual,1828,2550,2236,3184,0.817531305903399,0.8008793969849246,false
BK0102,sfr_1_4,hdfc,1,4,907,2446,0.0011025358324145535,0.001635322976287817,false
BK0702,small_mf,trust,15,91,549,3970,0.0273224043715847,0.02292191435768262,false
BX0101,mixed_use_res,coop_corp,1,4,325,9740,0.003076923076923077,0.0004106776180698152,false
QN0402,large_mf,hdfc,5,803,36,5034,0.1388888888888889,0.15951529598728645,false
QN0805,sfr_1_4,individual,2701,4327,3172,5173,0.8515132408575031,0.8364585346994007,false
SI0203,large_mf,hdfc,1,81,5,313,0.2,0.25878594249201275,false
QN0203,other_res,individual,9,10,21,25,0.42857142857142855,0.4,false
QN0904,small_mf,corp,4,22,36,249,0.1111111111111111,0.08835341365461848,false
BX0302,small_mf,individual,5,75,26,311,0.19230769230769232,0.24115755627009647,false
BX0403,small_mf,llc,57,618,67,731,0.8507462686567164,0.8454172366621067,false
MN0502,small_mf,corp,3,30,9,83,0.3333333333333333,0.3614457831325301,false
BK0901,large_mf,corp,18,681,175,9552,0.10285714285714286,0.07129396984924623,false
BK1701,small_mf,hdfc,1,19,311,2757,0.003215434083601286,0.006891548784911135,false
BX0502,small_mf,unknown,1,6,87,856,0.011494252873563218,0.007009345794392523,false
BX0503,large_mf,llc,102,3982,185,7546,0.5513513513513514,0.5276967930029155,false
BX1003,mixed_use_res,individual,35,162,152,1221,0.23026315789473684,0.13267813267813267,false
BK0202,coop_building,hdfc,2,7,30,1435,0.06666666666666667,0.004878048780487805,false
MN1203,sfr_1_4,individual,22,50,31,71,0.7096774193548387,0.704225352112676,false
BK1002,sfr_1_4,trust,578,1109,5750,10581,0.10052173913043479,0.10481050940364804,false
BK1701,mixed_use_res,corp,54,235,521,4648,0.1036468330134357,0.05055938037865749,false
BK0101,condo_unit,llc,57,808,154,1818,0.37012987012987014,0.4444444444444444,false
BK0703,mixed_use_res,unknown,22,153,757,3357,0.02906208718626156,0.045576407506702415,false
BX0802,mixed_use_res,individual,11,141,52,1686,0.21153846153846154,0.08362989323843416,false
QN0601,large_mf,corp,2,83,31,2295,0.06451612903225806,0.03616557734204793,false
QN0704,mixed_use_res,unknown,5,108,323,2444,0.015479876160990712,0.044189852700491,false
BK0203,mixed_use_res,corp,39,107,244,7868,0.1598360655737705,0.013599389933909507,false
QN1203,sfr_1_4,individual,7232,9832,7998,10970,0.9042260565141286,0.8962625341841386,false
BK0602,mixed_use_res,trust,36,92,813,6895,0.04428044280442804,0.013343002175489485,false
BX0302,large_mf,corp,8,422,45,2014,0.17777777777777778,0.20953326713008938,false
QN1306,sfr_1_4,corp,51,87,3879,5984,0.013147718484145398,0.014538770053475937,false
SI0106,large_mf,partnership,1,44,11,505,0.09090909090909091,0.08712871287128712,false
BX0901,small_mf,individual,27,196,153,1393,0.17647058823529413,0.1407035175879397,false
QN1304,mixed_use_res,trust,3,4,28,54,0.10714285714285714,0.07407407407407407,false
SI0107,small_mf,unknown,1,6,11,87,0.09090909090909091,0.06896551724137931,false
BK0204,sfr_1_4,corp,18,52,1345,3267,0.013382899628252789,0.01591674318947046,false
BX0101,sfr_1_4,hdfc,2,5,879,1805,0.0022753128555176336,0.002770083102493075,false
QN0201,other_res,llc,5,6,6,6,,,true
BX0101,large_mf,partnership,6,323,107,5956,0.056074766355140186,0.05423102753525856,false
QN0502,small_mf,partnership,4,36,1219,7794,0.003281378178835111,0.004618937644341801,false
QN1201,large_mf,llc,73,6107,103,8070,0.7087378640776699,0.7567534076827757,false
SI0301,small_mf,individual,1,12,7,92,0.14285714285714285,0.13043478260869565,false
QN0303,coop_building,coop_corp,2,310,3,313,0.6666666666666666,0.9904153354632588,false
BK0902,condo_unit,llc,27,229,57,600,0.47368421052631576,0.38166666666666665,false
SI0302,condo_unit,individual,15,500,19,849,0.7894736842105263,0.5889281507656066,false
QN1402,condo_unit,unknown,1,72,18,715,0.05555555555555555,0.1006993006993007,false
BX0802,condo_unit,unknown,1,1,3,34,0.3333333333333333,0.029411764705882353,false
MN0401,condo_unit,individual,37,837,62,1585,0.5967741935483871,0.5280757097791798,false
BK1401,condo_unit,unknown,2,52,13,390,0.15384615384615385,0.13333333333333333,false
QN0905,sfr_1_4,individual,4969,8090,5505,9086,0.9026339691189827,0.890380805635043,false
BX1001,small_mf,trust,1,6,72,564,0.013888888888888888,0.010638297872340425,false
BK0201,sfr_1_4,estate,1,2,576,1008,0.001736111111111111,0.001984126984126984,false
BK0504,sfr_1_4,individual,449,626,484,679,0.9276859504132231,0.9219440353460973,false
BX0902,other_res,individual,4,0,9,4,,,true
BK1301,sfr_1_4,partnership,1,3,2075,4379,0.00048192771084337347,0.0006850879196163508,false
QN8492,sfr_1_4,individual,4,4,9,9,,,true
BX1104,small_mf,unknown,3,19,97,795,0.030927835051546393,0.02389937106918239,false
QN0902,mixed_use_res,trust,18,33,414,975,0.043478260869565216,0.033846153846153845,false
BK0204,condo_unit,trust,1,3,117,1147,0.008547008547008548,0.0026155187445510027,false
QN1103,coop_building,coop_corp,22,2840,22,2840,1.0,1.0,false
BK0505,sfr_1_4,trust,122,264,3092,6414,0.03945666235446313,0.0411599625818522,false
MN0901,mixed_use_res,unknown,9,378,54,2008,0.16666666666666666,0.18824701195219123,false
BX0303,large_mf,individual,6,239,121,4954,0.049586776859504134,0.048243843358901896,false
BX0703,small_mf,unknown,2,15,56,459,0.03571428571428571,0.032679738562091505,false
BK0801,mixed_use_res,hdfc,1,13,317,3637,0.0031545741324921135,0.0035743744844652188,false
MN0301,mixed_use_res,llc,221,3920,633,10815,0.34913112164297,0.36245954692556637,false
QN0302,other_res,individual,2,3,2,3,,,true
MN0801,small_mf,hdfc,1,12,139,1777,0.007194244604316547,0.006752954417557681,false
QN1003,other_res,individual,9,1,16,3,,,true
MN0703,small_mf,partnership,1,10,212,2422,0.0047169811320754715,0.004128819157720892,false
BK1602,sfr_1_4,trust,173,320,3051,5813,0.05670272041953458,0.055049028040598656,false
BX1003,other_res,individual,6,0,15,11,0.4,0.0,false
BX1203,large_mf,corp,18,826,73,3392,0.2465753424657534,0.24351415094339623,false
BK1801,mixed_use_res,partnership,1,37,398,1017,0.002512562814070352,0.03638151425762045,false
MN1002,sfr_1_4,trust,53,134,747,1950,0.07095046854082998,0.06871794871794872,false
QN1402,sfr_1_4,unknown,21,40,3258,6007,0.006445672191528545,0.00665889795238888,false
QN0302,large_mf,hdfc,2,146,7,444,0.2857142857142857,0.32882882882882886,false
BK1702,small_mf,llc,83,734,87,782,0.9540229885057471,0.9386189258312021,false
BK1201,mixed_use_res,corp,84,398,452,2269,0.18584070796460178,0.1754076685764654,false
BX1002,condo_unit,individual,19,374,21,463,0.9047619047619048,0.8077753779697624,false
QN0705,sfr_1_4,unknown,15,32,4380,7098,0.003424657534246575,0.004508312200619893,false
SI0106,large_mf,trust,1,28,11,505,0.09090909090909091,0.055445544554455446,false
MN1203,small_mf,individual,4,42,24,227,0.16666666666666666,0.18502202643171806,false
BK0104,large_mf,corp,7,276,58,3261,0.1206896551724138,0.08463661453541858,false
BK0302,large_mf,partnership,3,158,89,5037,0.033707865168539325,0.03136787770498312,false
BK0102,large_mf,individual,11,352,178,8855,0.06179775280898876,0.03975155279503106,false
QN1104,sfr_1_4,llc,115,178,2981,3609,0.03857765850385777,0.04932114159046827,false
BX1202,small_mf,llc,23,167,31,231,0.7419354838709677,0.7229437229437229,false
SI0305,small_mf,llc,1,13,1,13,1.0,1.0,false
SI0302,large_mf,individual,2,43,6,150,0.3333333333333333,0.2866666666666667,false
QN0104,large_mf,partnership,4,91,85,2349,0.047058823529411764,0.038739889314601955,false
BX0303,sfr_1_4,trust,32,52,1045,2162,0.03062200956937799,0.024051803885291396,false
BK0103,condo_unit,llc,41,370,300,2535,0.13666666666666666,0.14595660749506903,false
BX0301,sfr_1_4,individual,512,1141,670,1550,0.764179104477612,0.7361290322580645,false
BK0103,mixed_use_res,partnership,1,372,387,4533,0.002583979328165375,0.08206485771012574,false
QN0101,small_mf,individual,106,718,341,2624,0.31085043988269795,0.2736280487804878,false
BK1302,large_mf,individual,1,150,24,2944,0.041666666666666664,0.050951086956521736,false
SI0305,mixed_use_res,corp,4,4,71,140,0.056338028169014086,0.02857142857142857,false
BX0603,small_mf,trust,1,8,198,1974,0.005050505050505051,0.004052684903748734,false
BX0402,mixed_use_res,trust,1,1,84,3079,0.011904761904761904,0.0003247807729782397,false
BK0401,other_res,individual,3,4,8,9,,,true
BK1303,small_mf,individual,25,156,75,579,0.3333333333333333,0.2694300518134715,false
QN0502,other_res,individual,20,28,42,64,0.47619047619047616,0.4375,false
SI0202,sfr_1_4,unknown,54,70,7616,9710,0.0070903361344537815,0.007209062821833162,false
MN1102,sfr_1_4,partnership,2,5,503,1558,0.003976143141153081,0.003209242618741977,false
BK0202,small_mf,corp,13,140,86,739,0.1511627906976744,0.18944519621109607,false
BK0402,small_mf,lender_reo,2,12,907,6125,0.002205071664829107,0.0019591836734693877,false
BK1704,sfr_1_4,lender_reo,7,19,2873,7336,0.0024364775495997215,0.002589967284623773,false
BK0601,sfr_1_4,lender_reo,1,3,3993,9824,0.00025043826696719256,0.0003053745928338762,false
BX0904,large_mf,llc,6,199,10,595,0.6,0.334453781512605,false
BK1303,small_mf,unknown,1,5,75,579,0.013333333333333334,0.008635578583765112,false
BX0301,condo_unit,individual,6,264,7,287,0.8571428571428571,0.9198606271777003,false
QN0705,sfr_1_4,corp,49,91,4380,7098,0.011187214611872146,0.01282051282051282,false
QN0702,other_res,trust,1,1,10,6,,,true
BK0703,sfr_1_4,trust,197,443,2774,6516,0.07101658255227108,0.0679864947820749,false
QN1303,sfr_1_4,trust,588,715,10963,13419,0.053634953935966435,0.053282658916461736,false
MN0802,sfr_1_4,llc,349,465,825,1103,0.42303030303030303,0.4215775158658205,false
BK0802,other_res,llc,2,2,8,11,0.25,0.18181818181818182,false
MN0602,sfr_1_4,lender_reo,1,2,105,193,0.009523809523809525,0.010362694300518135,false
BK0103,mixed_use_res,unknown,21,197,387,4533,0.05426356589147287,0.04345907787337304,false
QN1104,coop_building,coop_corp,27,5469,27,5469,1.0,1.0,false
BX0202,large_mf,partnership,9,754,140,6046,0.06428571428571428,0.12471055243135958,false
BX1101,mixed_use_res,individual,25,75,152,1717,0.16447368421052633,0.043680838672102505,false
QN1307,mixed_use_res,llc,18,22,67,81,0.26865671641791045,0.2716049382716049,false
BX0401,small_mf,partnership,6,59,172,1746,0.03488372093023256,0.03379152348224513,false
QN0602,coop_building,hdfc,1,244,169,18985,0.005917159763313609,0.012852251777719252,false
BX0301,other_res,individual,3,5,6,8,,,true
BX1203,sfr_1_4,individual,5145,8955,5840,10397,0.8809931506849316,0.8613061460036548,false
BK1403,mixed_use_res,unknown,23,120,328,2214,0.0701219512195122,0.05420054200542006,false
MN0801,sfr_1_4,unknown,6,12,177,259,0.03389830508474576,0.04633204633204633,false
BX0603,small_mf,individual,8,60,198,1974,0.04040404040404041,0.030395136778115502,false
BX0602,large_mf,partnership,7,399,135,6149,0.05185185185185185,0.0648885997723207,false
BK1802,condo_unit,individual,6,267,12,645,0.5,0.413953488372093,false
MN0101,sfr_1_4,individual,2,4,6,10,0.3333333333333333,0.4,false
MN0902,small_mf,partnership,2,16,54,629,0.037037037037037035,0.025437201907790145,false
SI0305,other_res,llc,6,9,18,19,0.3333333333333333,0.47368421052631576,false
BX1102,sfr_1_4,trust,207,368,3378,6060,0.06127886323268206,0.06072607260726073,false
MN0901,small_mf,llc,20,234,38,429,0.5263157894736842,0.5454545454545454,false
QN0202,large_mf,llc,89,5502,126,7314,0.7063492063492064,0.7522559474979491,false
BK0204,small_mf,hdfc,5,53,221,1796,0.02262443438914027,0.02951002227171492,false
QN0501,sfr_1_4,individual,6624,11534,7575,13525,0.8744554455445545,0.8527911275415897,false
SI0107,condo_unit,unknown,4,273,23,1195,0.17391304347826086,0.22845188284518828,false
QN0105,sfr_1_4,corp,18,42,815,1846,0.022085889570552148,0.02275189599133261,false
BK1103,mixed_use_res,individual,156,625,498,2751,0.3132530120481928,0.22719011268629588,false
MN0701,small_mf,estate,1,10,254,2436,0.003937007874015748,0.004105090311986864,false
MN0703,large_mf,individual,7,324,141,7096,0.04964539007092199,0.04565952649379933,false
BX1104,mixed_use_res,corp,17,934,95,1961,0.17894736842105263,0.47628760836308004,false
BK1001,mixed_use_res,corp,186,1649,1319,6499,0.14101592115238817,0.2537313432835821,false
QN0801,sfr_1_4,individual,2615,3134,3359,4159,0.7785055075915451,0.7535465256071171,false
BK0201,coop_building,hdfc,2,422,202,5556,0.009900990099009901,0.07595392368610511,false
MN0301,small_mf,individual,3,36,47,520,0.06382978723404255,0.06923076923076923,false
BK0204,sfr_1_4,hdfc,1,3,1345,3267,0.0007434944237918215,0.0009182736455463728,false
QN0105,small_mf,unknown,5,51,86,609,0.05813953488372093,0.08374384236453201,false
SI0103,sfr_1_4,corp,42,70,4412,5499,0.009519492293744334,0.012729587197672304,false
BK1204,other_res,llc,3,5,16,26,0.1875,0.19230769230769232,false
BX0902,small_mf,llc,32,236,43,321,0.7441860465116279,0.735202492211838,false
QN0704,large_mf,individual,4,200,52,3406,0.07692307692307693,0.058719906048150326,false
BK0501,sfr_1_4,trust,165,325,4212,8445,0.03917378917378917,0.03848431024274719,false
QN0302,mixed_use_res,corp,28,140,149,711,0.18791946308724833,0.19690576652601968,false
MN0702,mixed_use_res,llc,197,8053,396,19466,0.49747474747474746,0.41369567450940103,false
BK0702,mixed_use_res,llc,325,1973,668,3476,0.4865269461077844,0.5676064441887226,false
BK1801,large_mf,corp,3,92,32,1952,0.09375,0.0471311475409836,false
QN1003,sfr_1_4,partnership,3,4,5062,6854,0.0005926511260371395,0.0005836008170411438,false
BX0102,sfr_1_4,llc,85,224,803,1674,0.10585305105853052,0.13381123058542413,false
BX0501,mixed_use_res,trust,1,0,97,5793,0.010309278350515464,0.0,false
BK0702,sfr_1_4,unknown,17,37,3240,7420,0.005246913580246914,0.004986522911051213,false
SI0302,mixed_use_res,llc,59,98,123,196,0.4796747967479675,0.5,false
QN1002,sfr_1_4,unknown,21,31,3911,6278,0.005369470723600102,0.004937878305192736,false
QN0502,coop_building,coop_corp,2,12,2,12,1.0,1.0,false
BX1202,sfr_1_4,individual,5444,9451,6181,10976,0.8807636304805048,0.8610604956268222,false
BX1002,sfr_1_4,individual,6256,9888,7355,12021,0.8505778382053025,0.8225605190915897,false
BX1201,sfr_1_4,llc,473,1212,5063,10321,0.09342287181512937,0.1174304815424862,false
BK1701,mixed_use_res,unknown,14,371,521,4648,0.026871401151631478,0.07981927710843373,false
QN0707,sfr_1_4,individual,623,1400,818,1889,0.7616136919315404,0.741132874536792,false
QN0503,sfr_1_4,corp,32,79,5801,10368,0.005516290294776763,0.007619598765432099,false
BK0501,small_mf,trust,3,16,101,703,0.0297029702970297,0.02275960170697013,false
BK1401,small_mf,individual,21,213,159,1903,0.1320754716981132,0.11192853389385181,false
BK0104,small_mf,individual,182,1182,804,5674,0.2263681592039801,0.20831864645752554,false
BK0802,condo_unit,individual,55,684,115,1199,0.4782608695652174,0.5704753961634695,false
QN1202,small_mf,corp,1,5,16,99,0.0625,0.050505050505050504,false
QN1203,small_mf,individual,3,17,6,44,0.5,0.38636363636363635,false
QN1203,small_mf,llc,2,22,6,44,0.3333333333333333,0.5,false
QN0803,small_mf,corp,2,13,10,61,0.2,0.21311475409836064,false
BX0502,other_res,corp,4,11,6,13,0.6666666666666666,0.8461538461538461,false
QN0103,mixed_use_res,estate,1,3,607,4409,0.0016474464579901153,0.0006804264005443411,false
BX1101,sfr_1_4,individual,1202,2540,1470,3225,0.817687074829932,0.7875968992248062,false
SI0202,mixed_use_res,unknown,1,2,109,194,0.009174311926605505,0.010309278350515464,false
SI0304,mixed_use_res,trust,6,6,76,108,0.07894736842105263,0.05555555555555555,false
BK0602,other_res,llc,3,5,13,17,0.23076923076923078,0.29411764705882354,false
QN0301,sfr_1_4,estate,2,4,5591,11008,0.0003577177606868181,0.0003633720930232558,false
BK0801,small_mf,corp,15,117,205,1856,0.07317073170731707,0.06303879310344827,false
MN0801,mixed_use_res,individual,43,3023,480,24363,0.08958333333333333,0.12408159914624636,false
MN0702,condo_unit,individual,35,526,70,1778,0.5,0.2958380202474691,false
QN0602,small_mf,unknown,4,44,51,379,0.0784313725490196,0.11609498680738786,false
SI0102,sfr_1_4,corp,38,68,2375,3437,0.016,0.019784695955775384,false
QN0706,mixed_use_res,llc,18,51,53,144,0.33962264150943394,0.3541666666666667,false
MN0101,mixed_use_res,partnership,3,851,206,21016,0.014563106796116505,0.040492957746478875,false
QN1401,large_mf,unknown,6,1149,70,8678,0.08571428571428572,0.13240377967273564,false
BX1103,other_res,llc,1,2,3,4,,,true
BX0801,mixed_use_res,individual,6,10,44,1805,0.13636363636363635,0.00554016620498615,false
QN1303,mixed_use_res,unknown,10,53,383,731,0.02610966057441253,0.07250341997264022,false
QN0801,mixed_use_res,individual,36,91,63,423,0.5714285714285714,0.21513002364066194,false
BK1001,sfr_1_4,corp,65,126,7613,12530,0.008538027058978064,0.01005586592178771,false
MN0303,small_mf,trust,4,38,362,3808,0.011049723756906077,0.009978991596638655,false
BX0801,sfr_1_4,llc,62,129,649,1222,0.09553158705701079,0.10556464811783961,false
QN1202,other_res,individual,10,6,15,13,0.6666666666666666,0.46153846153846156,false
BK0501,large_mf,trust,1,21,23,907,0.043478260869565216,0.023153252480705624,false
BX0904,sfr_1_4,trust,7,15,200,456,0.035,0.03289473684210526,false
BK0204,mixed_use_res,trust,4,271,235,2733,0.01702127659574468,0.0991584339553604,false
QN1301,other_res,individual,2,2,2,2,,,true
BK0201,large_mf,llc,26,1256,31,1607,0.8387096774193549,0.7815805849408837,false
BX0403,small_mf,individual,3,18,67,731,0.04477611940298507,0.024623803009575923,false
MN0303,large_mf,llc,158,4848,256,8965,0.6171875,0.5407696597880647,false
BX1002,small_mf,llc,28,189,54,363,0.5185185185185185,0.5206611570247934,false
MN0203,large_mf,individual,7,210,134,4855,0.05223880597014925,0.04325437693099897,false
MN0702,small_mf,unknown,81,795,819,7622,0.0989010989010989,0.10430333245867227,false
MN1202,small_mf,trust,1,9,58,710,0.017241379310344827,0.01267605633802817,false
QN1401,sfr_1_4,estate,3,4,4906,8222,0.0006114961271911944,0.00048649963512527365,false
BX0901,mixed_use_res,partnership,1,67,140,2879,0.007142857142857143,0.02327196943383119,false
MN0203,mixed_use_res,partnership,12,195,602,9155,0.019933554817275746,0.0212998361551065,false
BX0603,mixed_use_res,hdfc,7,439,268,4093,0.026119402985074626,0.10725629122892744,false
BK1802,condo_unit,corp,4,151,12,645,0.3333333333333333,0.23410852713178296,false
QN0703,condo_unit,unknown,1,142,6,1967,0.16666666666666666,0.07219115404168785,false
QN1102,sfr_1_4,trust,861,1120,7981,10543,0.10788121789249468,0.10623162287773878,false
QN0501,large_mf,unknown,1,37,4,171,0.25,0.21637426900584794,false
SI0302,condo_unit,unknown,2,161,19,849,0.10526315789473684,0.1896348645465253,false
MN0802,small_mf,unknown,21,229,199,2018,0.10552763819095477,0.11347869177403369,false
MN0202,condo_unit,llc,4,27,25,357,0.16,0.07563025210084033,false
MN0703,mixed_use_res,partnership,2,74,168,5863,0.011904761904761904,0.012621524816646768,false
QN0803,mixed_use_res,corp,3,43,32,106,0.09375,0.4056603773584906,false
BK1204,large_mf,individual,2,79,36,1781,0.05555555555555555,0.04435710275126333,false
QN1202,condo_unit,individual,1,2,4,74,0.25,0.02702702702702703,false
SI0204,small_mf,llc,4,42,7,60,0.5714285714285714,0.7,false
BK0601,large_mf,unknown,4,256,33,1789,0.12121212121212122,0.14309670206819453,false
BK0504,large_mf,corp,5,9637,11,10400,0.45454545454545453,0.9266346153846153,false
MN0501,large_mf,lender_reo,1,108,15,2107,0.06666666666666667,0.051257712387280496,false
BK0203,large_mf,unknown,1,32,28,2366,0.03571428571428571,0.013524936601859678,false
QN0701,condo_unit,llc,1,0,16,744,0.0625,0.0,false
BX0602,mixed_use_res,hdfc,19,871,122,3083,0.1557377049180328,0.28251702886798574,false
BK1202,condo_unit,corp,7,46,613,2615,0.011419249592169658,0.017590822179732315,false
BK1302,large_mf,unknown,1,122,24,2944,0.041666666666666664,0.041440217391304345,false
BK0302,mixed_use_res,hdfc,11,131,692,4891,0.015895953757225433,0.026783888775301575,false
BK1601,other_res,llc,3,2,6,3,,,true
BK1602,mixed_use_res,hdfc,17,2140,312,4348,0.05448717948717949,0.4921803127874885,false
QN0801,sfr_1_4,unknown,23,29,3359,4159,0.006847275974992557,0.006972830007213273,false
BK0204,small_mf,individual,56,404,221,1796,0.25339366515837103,0.22494432071269488,false
BK1201,small_mf,corp,23,193,166,1202,0.13855421686746988,0.1605657237936772,false
BK1101,large_mf,llc,87,3361,143,5771,0.6083916083916084,0.5823947322821001,false
BX0802,sfr_1_4,trust,31,49,538,926,0.05762081784386617,0.052915766738660906,false
BK1204,small_mf,corp,2,11,40,309,0.05,0.03559870550161812,false
MN0402,mixed_use_res,hdfc,3,183,494,23228,0.006072874493927126,0.007878422593421733,false
MN1001,large_mf,corp,14,715,138,5558,0.10144927536231885,0.12864339690536164,false
BK0902,small_mf,trust,2,12,217,1867,0.009216589861751152,0.006427423674343867,false
BK1702,coop_building,coop_corp,1,190,1,190,1.0,1.0,false
BK0101,mixed_use_res,individual,231,1828,765,10849,0.30196078431372547,0.16849479214674162,false
QN0402,mixed_use_res,corp,50,683,382,2350,0.13089005235602094,0.2906382978723404,false
MN0502,coop_building,coop_corp,40,3117,40,3117,1.0,1.0,false
MN0202,sfr_1_4,unknown,4,5,145,256,0.027586206896551724,0.01953125,false
QN0805,mixed_use_res,individual,54,280,131,1288,0.4122137404580153,0.21739130434782608,false
BK1101,coop_building,hdfc,1,16,25,1295,0.04,0.012355212355212355,false
MN0602,small_mf,unknown,4,39,88,842,0.045454545454545456,0.04631828978622328,false
QN0901,mixed_use_res,lender_reo,1,32,92,1778,0.010869565217391304,0.01799775028121485,false
QN0101,sfr_1_4,estate,2,6,5703,11779,0.0003506926179203928,0.0005093811019611172,false
SI0304,mixed_use_res,corp,3,4,76,108,0.039473684210526314,0.037037037037037035,false
BK1204,sfr_1_4,individual,3218,5462,4426,7768,0.7270673294170809,0.7031410916580845,false
QN0805,large_mf,llc,15,1000,40,3719,0.375,0.26888948642108096,false
BX0701,mixed_use_res,unknown,4,131,93,2393,0.043010752688172046,0.0547430004178855,false
QN0303,sfr_1_4,trust,111,266,2261,5527,0.04909332153914197,0.04812737470598878,false
BK1203,small_mf,individual,28,203,84,688,0.3333333333333333,0.29505813953488375,false
BK0204,small_mf,trust,10,68,221,1796,0.04524886877828054,0.0378619153674833,false
BK0701,sfr_1_4,corp,26,72,2634,5057,0.009870918754745633,0.014237690330235317,false
MN0702,mixed_use_res,trust,2,15,396,19466,0.005050505050505051,0.000770574334737491,false
BK1501,other_res,corp,4,4,20,15,0.2,0.26666666666666666,false
BX1203,mixed_use_res,individual,47,100,174,2321,0.27011494252873564,0.043084877208099955,false
BK0601,coop_building,coop_corp,128,959,131,990,0.9770992366412213,0.9686868686868687,false
SI0102,small_mf,individual,11,91,41,363,0.2682926829268293,0.25068870523415976,false
MN1102,small_mf,llc,121,1177,257,2543,0.4708171206225681,0.4628391663389697,false
MN0203,mixed_use_res,lender_reo,4,99,602,9155,0.006644518272425249,0.010813762971054068,false
QN0601,other_res,individual,4,5,5,6,,,true
SI0305,condo_unit,individual,2,70,3,114,0.6666666666666666,0.6140350877192983,false
MN0604,mixed_use_res,unknown,81,4076,372,16437,0.21774193548387097,0.24797712477946096,false
SI0106,sfr_1_4,unknown,18,28,3777,5507,0.004765687053216839,0.005084437988015254,false
MN0702,other_res,hdfc,1,0,17,14,0.058823529411764705,0.0,false
MN1001,condo_unit,corp,2,57,99,2060,0.020202020202020204,0.02766990291262136,false
BK1302,sfr_1_4,lender_reo,4,8,1996,3048,0.002004008016032064,0.0026246719160104987,false
BX0403,sfr_1_4,corp,9,22,416,961,0.021634615384615384,0.022892819979188347,false
SI0103,mixed_use_res,trust,4,5,116,322,0.034482758620689655,0.015527950310559006,false
BK1401,sfr_1_4,trust,151,258,1401,2295,0.10778015703069237,0.11241830065359477,false
BK0302,mixed_use_res,trust,16,50,692,4891,0.023121387283236993,0.010222858311183807,false
BK1402,mixed_use_res,individual,116,315,380,1924,0.30526315789473685,0.16372141372141372,false
QN1203,sfr_1_4,unknown,59,79,7998,10970,0.007376844211052763,0.0072014585232452145,false
QN1204,sfr_1_4,unknown,20,29,3597,5424,0.005560189046427579,0.005346607669616519,false
BK0104,small_mf,unknown,29,218,804,5674,0.036069651741293535,0.03842086711314769,false
QN0402,other_res,llc,9,14,43,78,0.20930232558139536,0.1794871794871795,false
BX0904,sfr_1_4,llc,22,54,200,456,0.11,0.11842105263157894,false
QN0202,large_mf,trust,1,20,126,7314,0.007936507936507936,0.0027344818156959257,false
MN0803,large_mf,trust,1,20,292,10156,0.003424657534246575,0.0019692792437967705,false
BK0602,mixed_use_res,partnership,2,4,813,6895,0.0024600246002460025,0.000580130529369108,false
BK0302,mixed_use_res,corp,84,1173,692,4891,0.12138728323699421,0.2398282559803721,false
MN1102,small_mf,corp,42,396,257,2543,0.16342412451361868,0.15572158867479355,false
QN0402,sfr_1_4,coop_corp,1,2,3555,8998,0.00028129395218002813,0.0002222716159146477,false
BX1001,large_mf,llc,12,538,22,1009,0.5454545454545454,0.533201189296333,false
BX1003,small_mf,llc,38,278,85,585,0.4470588235294118,0.4752136752136752,false
BX0903,mixed_use_res,corp,22,375,95,1835,0.23157894736842105,0.20435967302452315,false
BK0801,mixed_use_res,llc,152,2220,317,3637,0.4794952681388013,0.6103931811932912,false
QN0902,sfr_1_4,trust,197,336,4021,7106,0.04899278786371549,0.047283985364480724,false
BK1301,mixed_use_res,individual,28,101,57,161,0.49122807017543857,0.6273291925465838,false
BK1703,large_mf,partnership,1,31,47,1705,0.02127659574468085,0.01818181818181818,false
MN0301,condo_unit,llc,1,7,8,324,0.125,0.021604938271604937,false
BK0702,other_res,corp,8,11,21,29,0.38095238095238093,0.3793103448275862,false
BX0402,coop_building,coop_corp,5,203,16,723,0.3125,0.28077455048409405,false
BK1201,condo_unit,llc,9,30,45,300,0.2,0.1,false
BX0901,coop_building,hdfc,7,982,13,1498,0.5384615384615384,0.6555407209612817,false
QN1401,mixed_use_res,partnership,1,154,88,2938,0.011363636363636364,0.05241660993873383,false
BK1102,sfr_1_4,corp,43,112,3205,6908,0.01341653666146646,0.016213086276780544,false
MN0801,large_mf,partnership,3,150,197,11550,0.015228426395939087,0.012987012987012988,false
BK0702,sfr_1_4,lender_reo,1,2,3240,7420,0.00030864197530864197,0.00026954177897574127,false
BK1701,other_res,corp,1,2,2,2,,,true
QN1101,sfr_1_4,estate,1,2,8026,10569,0.000124595066035385,0.0001892326615573848,false
QN0801,large_mf,corp,2,107,22,2101,0.09090909090909091,0.050928129462160875,false
MN0101,condo_unit,individual,5,372,16,1054,0.3125,0.35294117647058826,false
BX0803,mixed_use_res,corp,3,54,73,1984,0.0410958904109589,0.02721774193548387,false
BX0101,sfr_1_4,unknown,11,23,879,1805,0.012514220705346985,0.012742382271468145,false
MN1101,mixed_use_res,llc,161,3295,315,9889,0.5111111111111111,0.3331985033876024,false
BX1003,large_mf,hdfc,1,44,47,2420,0.02127659574468085,0.01818181818181818,false
BX1004,other_res,individual,2,4,3,4,,,true
BK0201,small_mf,unknown,10,88,212,1875,0.04716981132075472,0.046933333333333334,false
BK0802,mixed_use_res,unknown,19,216,731,4435,0.025991792065663474,0.04870349492671928,false
BK1302,sfr_1_4,unknown,14,31,1996,3048,0.0070140280561122245,0.010170603674540682,false
BK0401,small_mf,trust,35,207,1548,10157,0.02260981912144703,0.020380033474451116,false
QN0901,sfr_1_4,unknown,4,8,1303,2065,0.0030698388334612432,0.00387409200968523,false
BX0703,small_mf,partnership,1,8,56,459,0.017857142857142856,0.017429193899782137,false
QN0504,other_res,trust,1,2,20,26,0.05,0.07692307692307693,false
MN0101,large_mf,individual,1,293,33,10742,0.030303030303030304,0.027276112455781047,false
SI0103,other_res,trust,2,2,21,20,0.09523809523809523,0.1,false
SI0204,sfr_1_4,estate,1,2,7889,11068,0.00012675877804537965,0.00018070112034694616,false
BX1104,small_mf,hdfc,2,16,97,795,0.020618556701030927,0.02012578616352201,false
QN0707,other_res,individual,1,2,15,27,0.06666666666666667,0.07407407407407407,false
BK0601,sfr_1_4,trust,388,973,3993,9824,0.09717004758327072,0.09904315960912052,false
MN1102,large_mf,unknown,24,1366,128,7687,0.1875,0.1777026148042149,false
BK0203,sfr_1_4,unknown,16,46,1236,3154,0.012944983818770227,0.014584654407102092,false
QN1403,small_mf,corp,8,67,65,489,0.12307692307692308,0.13701431492842536,false
BK1704,sfr_1_4,individual,2348,5860,2873,7336,0.8172641837800209,0.7988004362050164,false
QN1204,mixed_use_res,individual,16,24,28,49,0.5714285714285714,0.4897959183673469,false
SI0301,mixed_use_res,llc,5,13,23,42,0.21739130434782608,0.30952380952380953,false
SI0106,other_res,individual,11,13,27,39,0.4074074074074074,0.3333333333333333,false
BX0403,mixed_use_res,corp,13,440,104,4773,0.125,0.09218520846427823,false
BK1701,small_mf,coop_corp,1,6,311,2757,0.003215434083601286,0.002176278563656148,false
BK1401,large_mf,partnership,2,117,357,17441,0.0056022408963585435,0.006708330944326587,false
SI0103,condo_unit,unknown,3,148,9,508,0.3333333333333333,0.29133858267716534,false
QN1205,other_res,individual,6,6,11,14,0.5454545454545454,0.42857142857142855,false
QN0704,small_mf,individual,12,104,56,567,0.21428571428571427,0.18342151675485008,false
MN0302,condo_unit,llc,7,162,15,657,0.4666666666666667,0.2465753424657534,false
MN0801,large_mf,individual,14,1206,197,11550,0.07106598984771574,0.10441558441558442,false
BK1103,large_mf,llc,41,1992,68,3438,0.6029411764705882,0.5794066317626527,false
SI0203,other_res,individual,8,5,11,8,,,true
QN0101,other_res,llc,3,6,15,22,0.2,0.2727272727272727,false
BK0505,small_mf,corp,9,73,86,642,0.10465116279069768,0.11370716510903427,false
QN0707,condo_unit,individual,31,1423,55,1974,0.5636363636363636,0.720871327254306,false
BK1701,large_mf,individual,2,199,159,7728,0.012578616352201259,0.025750517598343684,false
QN1401,sfr_1_4,llc,624,1341,4906,8222,0.12719119445576846,0.163099002675748,false
MN0702,small_mf,corp,94,920,819,7622,0.11477411477411477,0.120703227499344,false
QN0402,small_mf,trust,10,50,303,1945,0.033003300330033,0.02570694087403599,false
SI0102,mixed_use_res,trust,5,15,206,1428,0.024271844660194174,0.01050420168067227,false
MN0201,mixed_use_res,llc,339,4263,780,10500,0.4346153846153846,0.406,false
BX0101,large_mf,llc,41,2400,107,5956,0.38317757009345793,0.40295500335795836,false
BK1602,large_mf,individual,6,275,89,4779,0.06741573033707865,0.05754341912534003,false
BX0602,condo_unit,unknown,1,16,2,38,0.5,0.42105263157894735,false
BX0603,large_mf,partnership,3,189,144,5400,0.020833333333333332,0.035,false
SI0101,large_mf,unknown,3,432,20,1818,0.15,0.2376237623762376,false
BK1702,mixed_use_res,corp,11,29,126,720,0.0873015873015873,0.04027777777777778,false
QN0801,other_res,llc,1,2,6,7,,,true
QN0303,mixed_use_res,llc,189,967,369,1688,0.5121951219512195,0.5728672985781991,false
BK1001,condo_unit,llc,6,46,52,782,0.11538461538461539,0.058823529411764705,false
BX0903,coop_building,coop_corp,2,757,3,896,0.6666666666666666,0.8448660714285714,false
QN0805,large_mf,hdfc,2,328,40,3719,0.05,0.08819575154611455,false
BX2891,sfr_1_4,individual,1,1,1,1,,,true
BX0402,mixed_use_res,llc,41,1567,84,3079,0.4880952380952381,0.5089314712569016,false
BK0505,large_mf,corp,3,219,25,1255,0.12,0.1745019920318725,false
QN1206,small_mf,llc,2,17,5,34,0.4,0.5,false
BK1103,mixed_use_res,corp,76,236,498,2751,0.15261044176706828,0.08578698655034533,false
MN0501,mixed_use_res,corp,53,300,370,13543,0.14324324324324325,0.02215166506682419,false
MN1001,small_mf,estate,1,5,404,3791,0.0024752475247524753,0.0013189132155104195,false
BX1201,coop_building,hdfc,2,76,14,1632,0.14285714285714285,0.04656862745098039,false
BX0802,small_mf,trust,1,5,14,134,0.07142857142857142,0.03731343283582089,false
QN0803,coop_building,coop_corp,3,325,3,325,1.0,1.0,false
MN0902,large_mf,unknown,27,928,102,3435,0.2647058823529412,0.27016011644832605,false
BX0803,coop_building,coop_corp,103,11711,103,11711,1.0,1.0,false
BX0801,mixed_use_res,corp,5,202,44,1805,0.11363636363636363,0.11191135734072022,false
SI0105,mixed_use_res,llc,57,120,137,236,0.41605839416058393,0.5084745762711864,false
BX0501,small_mf,corp,6,51,110,1201,0.05454545454545454,0.042464612822647796,false
QN1001,sfr_1_4,corp,155,268,13198,19671,0.011744203667222307,0.013624116720044736,false
QN1206,sfr_1_4,llc,106,204,3701,5046,0.0286409078627398,0.04042806183115339,false
BX0901,large_mf,individual,3,157,138,8290,0.021739130434782608,0.01893848009650181,false
QN0202,condo_unit,individual,6,208,13,458,0.46153846153846156,0.45414847161572053,false
BX0702,condo_unit,individual,1,18,3,284,0.3333333333333333,0.06338028169014084,false
QN0504,condo_unit,unknown,2,48,10,165,0.2,0.2909090909090909,false
QN0203,sfr_1_4,individual,3277,6604,3914,8071,0.8372508942258559,0.8182381365382233,false
BK0302,sfr_1_4,estate,2,6,6616,15509,0.0003022974607013301,0.0003868721387581404,false
MN0903,mixed_use_res,trust,2,59,187,4431,0.0106951871657754,0.01331527871812232,false
QN0701,sfr_1_4,partnership,1,1,5016,8299,0.00019936204146730463,0.00012049644535486203,false
BX0301,large_mf,partnership,11,433,110,4679,0.1,0.09254114126950203,false
MN0701,mixed_use_res,corp,23,1446,220,24731,0.10454545454545454,0.058469127815292544,false
BK1303,condo_unit,unknown,1,116,45,1208,0.022222222222222223,0.09602649006622517,false
MN0802,large_mf,individual,7,304,60,2345,0.11666666666666667,0.129637526652452,false
MN1102,sfr_1_4,unknown,4,14,503,1558,0.007952286282306162,0.008985879332477536,false
SI0201,mixed_use_res,individual,52,100,152,275,0.34210526315789475,0.36363636363636365,false
MN0604,mixed_use_res,partnership,6,450,372,16437,0.016129032258064516,0.027377258623836467,false
BK1502,condo_unit,llc,7,149,29,426,0.2413793103448276,0.34976525821596244,false
BX0602,other_res,individual,2,1,3,2,,,true
BX0501,mixed_use_res,corp,18,2809,97,5793,0.18556701030927836,0.48489556361125496,false
BX0603,sfr_1_4,trust,14,35,658,1597,0.02127659574468085,0.021916092673763307,false
MN1201,large_mf,hdfc,19,787,339,12836,0.05604719764011799,0.061311935182299784,false
MN0901,small_mf,unknown,5,64,38,429,0.13157894736842105,0.14918414918414918,false
MN0402,other_res,llc,2,4,6,10,0.3333333333333333,0.4,false
BK1203,sfr_1_4,lender_reo,1,1,2350,4853,0.000425531914893617,0.000206058108386565,false
QN0705,small_mf,individual,9,80,40,425,0.225,0.18823529411764706,false
BX1102,sfr_1_4,corp,37,78,3378,6060,0.010953226761397277,0.01287128712871287,false
BK0401,sfr_1_4,partnership,2,8,1734,4088,0.0011534025374855825,0.0019569471624266144,false
QN0402,small_mf,corp,34,234,303,1945,0.11221122112211221,0.12030848329048843,false
BX0702,sfr_1_4,corp,13,28,535,1073,0.024299065420560748,0.0260950605778192,false
BK0301,large_mf,partnership,15,710,117,5286,0.1282051282051282,0.1343170639424896,false
MN0501,mixed_use_res,partnership,3,94,370,13543,0.008108108108108109,0.0069408550542715795,false
MN0501,coop_building,coop_corp,90,3601,90,3601,1.0,1.0,false
BX0901,other_res,llc,1,2,4,7,,,true
SI0201,sfr_1_4,trust,539,698,7417,9674,0.07267089119590131,0.07215216043001861,false
SI0104,sfr_1_4,unknown,64,76,7165,9522,0.008932309839497558,0.007981516488132745,false
BK1401,small_mf,unknown,4,56,159,1903,0.025157232704402517,0.029427220178665267,false
QN0202,mixed_use_res,unknown,7,141,247,2945,0.02834008097165992,0.04787775891341256,false
QN0905,small_mf,hdfc,1,10,31,299,0.03225806451612903,0.033444816053511704,false
QN0801,small_mf,individual,1,5,3,31,0.3333333333333333,0.16129032258064516,false
BX0201,small_mf,hdfc,6,65,39,310,0.15384615384615385,0.20967741935483872,false
QN0101,other_res,corp,2,3,15,22,0.13333333333333333,0.13636363636363635,false
BK1704,large_mf,individual,4,197,86,4138,0.046511627906976744,0.04760753987433543,false
BK0402,sfr_1_4,corp,91,236,4406,10316,0.0206536541080345,0.022877084141139977,false
MN0702,sfr_1_4,trust,56,112,489,941,0.11451942740286299,0.11902231668437832,false
SI0101,sfr_1_4,individual,1763,2687,2208,3594,0.7984601449275363,0.7476349471341124,false
BK0502,sfr_1_4,lender_reo,13,25,3977,7756,0.003268795574553684,0.003223310985043837,false
QN1203,sfr_1_4,llc,249,385,7998,10970,0.03113278319579895,0.03509571558796718,false
QN0104,small_mf,unknown,17,126,590,3907,0.0288135593220339,0.032249808036856925,false
BX0602,mixed_use_res,unknown,6,214,122,3083,0.04918032786885246,0.06941290950373014,false
BK0302,sfr_1_4,llc,990,2624,6616,15509,0.1496372430471584,0.16919208201689342,false
SI0101,mixed_use_res,corp,14,145,129,726,0.10852713178294573,0.19972451790633608,false
QN0401,large_mf,partnership,3,316,113,7704,0.02654867256637168,0.04101765316718588,false
BK0302,large_mf,corp,4,663,89,5037,0.0449438202247191,0.13162596783799882,false
MN0501,mixed_use_res,llc,175,6167,370,13543,0.47297297297297297,0.45536439489034924,false
BK0801,other_res,llc,2,3,9,15,0.2222222222222222,0.2,false
MN0603,mixed_use_res,corp,69,1602,394,22291,0.1751269035532995,0.07186756987124848,false
QN0704,sfr_1_4,llc,250,507,6823,9873,0.03664077385314378,0.05135217259191735,false
BX0202,condo_unit,hdfc,3,198,9,889,0.3333333333333333,0.22272215973003376,false
MN0702,condo_unit,corp,4,41,70,1778,0.05714285714285714,0.023059617547806523,false
BX1102,other_res,unknown,1,0,12,9,,,true
BK0902,other_res,llc,1,0,6,1,,,true
QN0803,mixed_use_res,unknown,2,27,32,106,0.0625,0.25471698113207547,false
BX0703,sfr_1_4,corp,12,32,467,988,0.02569593147751606,0.032388663967611336,false
BK1403,sfr_1_4,trust,780,1135,4771,6689,0.16348773841961853,0.16968156675138288,false
BK0402,large_mf,llc,43,2443,73,3982,0.589041095890411,0.6135107985936715,false
BK0505,sfr_1_4,individual,2684,5481,3092,6414,0.8680465717981889,0.8545369504209541,false
QN1401,mixed_use_res,llc,27,1454,88,2938,0.3068181818181818,0.4948944860449285,false
BX0302,sfr_1_4,individual,108,228,127,274,0.8503937007874016,0.8321167883211679,false
SI0104,small_mf,corp,7,50,47,346,0.14893617021276595,0.14450867052023122,false
QN0301,small_mf,corp,22,241,122,1029,0.18032786885245902,0.23420796890184645,false
BX1003,other_res,llc,4,7,15,11,0.26666666666666666,0.6363636363636364,false
BK1503,condo_unit,unknown,2,21,99,1365,0.020202020202020204,0.015384615384615385,false
BK0601,sfr_1_4,llc,759,2096,3993,9824,0.19008264462809918,0.21335504885993486,false
SI0103,sfr_1_4,individual,3941,4797,4412,5499,0.89324569356301,0.8723404255319149,false
BK1803,large_mf,unknown,1,40,7,386,0.14285714285714285,0.10362694300518134,false
MN0502,other_res,individual,4,8,7,17,0.5714285714285714,0.47058823529411764,false
BK0503,large_mf,llc,14,3494,34,4633,0.4117647058823529,0.7541549751780704,false
QN0803,sfr_1_4,individual,2939,3526,3552,4319,0.8274211711711712,0.8163926834915489,false
MN0702,large_mf,trust,2,53,145,8457,0.013793103448275862,0.006266997753340428,false
MN1202,sfr_1_4,llc,10,21,48,109,0.20833333333333334,0.1926605504587156,false
BX0603,coop_building,hdfc,6,82,13,244,0.46153846153846156,0.3360655737704918,false
QN0202,sfr_1_4,trust,185,355,2187,4222,0.08459076360310928,0.08408337280909521,false
BK0601,sfr_1_4,coop_corp,2,5,3993,9824,0.0005008765339343851,0.000508957654723127,false
BX0202,coop_building,coop_corp,18,382,32,682,0.5625,0.5601173020527859,false
MN1002,sfr_1_4,corp,26,76,747,1950,0.03480589022757698,0.038974358974358976,false
BX0201,coop_building,hdfc,5,170,11,468,0.45454545454545453,0.36324786324786323,false
BX1203,coop_building,coop_corp,10,872,10,872,1.0,1.0,false
SI0102,small_mf,hdfc,1,17,41,363,0.024390243902439025,0.046831955922865015,false
BK0203,mixed_use_res,llc,135,5336,244,7868,0.5532786885245902,0.6781901372648703,false
BX0803,other_res,llc,1,2,12,5,,,true
BK1702,sfr_1_4,llc,116,221,4620,7137,0.025108225108225107,0.030965391621129327,false
QN0301,other_res,llc,1,1,5,6,,,true
QN1003,sfr_1_4,trust,425,576,5062,6854,0.0839589095219281,0.08403851765392471,false
BK1102,small_mf,trust,6,37,82,706,0.07317073170731707,0.05240793201133145,false
BX1203,small_mf,unknown,6,67,167,1268,0.03592814371257485,0.0528391167192429,false
BK0901,mixed_use_res,unknown,17,514,352,4798,0.048295454545454544,0.10712796998749478,false
BX0602,mixed_use_res,individual,25,112,122,3083,0.20491803278688525,0.036328251702886796,false
BX0201,mixed_use_res,individual,16,836,60,2195,0.26666666666666666,0.38086560364464694,false
BX0303,sfr_1_4,unknown,6,8,1045,2162,0.005741626794258373,0.0037002775208140612,false
SI0302,coop_building,coop_corp,3,204,3,204,1.0,1.0,false
QN0602,small_mf,llc,24,175,51,379,0.47058823529411764,0.46174142480211083,false
QN1202,small_mf,unknown,2,12,16,99,0.125,0.12121212121212122,false
MN0702,other_res,trust,1,2,17,14,0.058823529411764705,0.14285714285714285,false
BK0102,coop_building,coop_corp,56,751,84,1274,0.6666666666666666,0.5894819466248038,false
QN0504,large_mf,llc,4,981,5,1013,0.8,0.9684106614017769,false
QN0707,small_mf,unknown,1,12,84,702,0.011904761904761904,0.017094017094017096,false
BK0103,condo_unit,unknown,47,645,300,2535,0.15666666666666668,0.25443786982248523,false
BK1402,small_mf,unknown,6,88,84,870,0.07142857142857142,0.10114942528735632,false
QN0902,small_mf,trust,4,23,57,422,0.07017543859649122,0.054502369668246446,false
MN1002,large_mf,corp,14,601,204,11714,0.06862745098039216,0.051306129417790676,false
QN0103,large_mf,individual,17,579,238,9510,0.07142857142857142,0.06088328075709779,false
QN0707,mixed_use_res,partnership,3,89,528,12834,0.005681818181818182,0.00693470469066542,false
QN1403,mixed_use_res,llc,31,417,69,494,0.4492753623188406,0.8441295546558705,false
BK1301,large_mf,llc,10,906,25,2427,0.4,0.37330037082818296,false
BK0701,large_mf,llc,18,1137,26,1738,0.6923076923076923,0.6542002301495973,false
QN1203,large_mf,partnership,2,210,6,927,0.3333333333333333,0.22653721682847897,false
BX0701,condo_unit,llc,1,10,3,291,0.3333333333333333,0.03436426116838488,false
MN1001,large_mf,individual,6,280,138,5558,0.043478260869565216,0.05037783375314862,false
QN0702,mixed_use_res,corp,8,15,105,204,0.0761904761904762,0.07352941176470588,false
BK1801,sfr_1_4,lender_reo,22,33,10386,15181,0.0021182360870402464,0.002173769843883802,false
BX0403,small_mf,hdfc,1,19,67,731,0.014925373134328358,0.025991792065663474,false
QN0901,other_res,unknown,1,1,6,12,0.16666666666666666,0.08333333333333333,false
QN0802,condo_unit,corp,2,236,7,563,0.2857142857142857,0.4191829484902309,false
BK0801,mixed_use_res,individual,86,721,317,3637,0.27129337539432175,0.19824030794610942,false
BK1801,mixed_use_res,individual,107,166,398,1017,0.26884422110552764,0.16322517207472959,false
BX0501,sfr_1_4,llc,88,217,894,1910,0.09843400447427293,0.11361256544502618,false
MN0803,mixed_use_res,llc,242,10458,441,20090,0.5487528344671202,0.5205574912891986,false
MN0802,small_mf,coop_corp,1,5,199,2018,0.005025125628140704,0.002477700693756194,false
BK0401,large_mf,llc,30,1492,50,2761,0.6,0.5403839188699746,false
QN1403,sfr_1_4,individual,3423,4787,3974,5595,0.8613487669854051,0.8555853440571939,false
QN0402,small_mf,unknown,3,20,303,1945,0.009900990099009901,0.010282776349614395,false
QN0705,sfr_1_4,individual,3630,5791,4380,7098,0.8287671232876712,0.8158636235559312,false
BX0601,sfr_1_4,unknown,1,3,247,583,0.004048582995951417,0.005145797598627788,false
SI0301,sfr_1_4,partnership,1,1,5757,6951,0.00017370158068438424,0.00014386419220256078,false
BK1401,small_mf,hdfc,6,86,159,1903,0.03773584905660377,0.04519180241723594,false
MN0803,mixed_use_res,hdfc,2,30,441,20090,0.0045351473922902496,0.0014932802389248383,false
BK1103,condo_unit,unknown,3,80,56,586,0.05357142857142857,0.13651877133105803,false
MN0803,small_mf,unknown,27,370,265,3352,0.1018867924528302,0.110381861575179,false
MN0201,small_mf,corp,14,140,66,634,0.21212121212121213,0.22082018927444794,false
MN1102,sfr_1_4,corp,24,85,503,1558,0.04771371769383698,0.05455712451861361,false
SI0204,condo_unit,llc,2,243,53,3922,0.03773584905660377,0.06195818459969404,false
SI0301,other_res,llc,3,5,13,14,0.23076923076923078,0.35714285714285715,false
MN0701,mixed_use_res,unknown,50,7803,220,24731,0.22727272727272727,0.3155149407626056,false
QN0802,other_res,corp,2,2,3,2,,,true
MN0702,mixed_use_res,partnership,5,384,396,19466,0.012626262626262626,0.01972670296927977,false
MN0703,mixed_use_res,unknown,25,1168,168,5863,0.1488095238095238,0.19921541872761386,false
QN1003,sfr_1_4,individual,4367,5843,5062,6854,0.8627024891347294,0.8524948934928509,false
BX0602,sfr_1_4,partnership,1,3,996,2199,0.001004016064257028,0.001364256480218281,false
BX0402,large_mf,llc,52,2981,131,7482,0.3969465648854962,0.3984228815824646,false
BK0505,mixed_use_res,individual,97,245,223,1971,0.4349775784753363,0.12430238457635717,false
BX0603,coop_building,coop_corp,7,162,13,244,0.5384615384615384,0.6639344262295082,false
QN0504,sfr_1_4,unknown,45,70,7306,11336,0.006159321105940323,0.0061750176429075515,false
BK0802,coop_building,coop_corp,40,860,63,1192,0.6349206349206349,0.7214765100671141,false
BK0901,small_mf,corp,11,130,141,1603,0.07801418439716312,0.08109794135995009,false
QN0905,large_mf,hdfc,1,59,18,885,0.05555555555555555,0.06666666666666667,false
QN1205,large_mf,unknown,4,234,12,528,0.3333333333333333,0.4431818181818182,false
SI0103,other_res,individual,16,15,21,20,0.7619047619047619,0.75,false
QN1103,sfr_1_4,llc,159,235,4985,5765,0.03189568706118355,0.040763226366001735,false
BK0601,small_mf,partnership,1,8,475,3778,0.002105263157894737,0.0021175224986765486,false
BK1401,mixed_use_res,partnership,1,24,493,4345,0.002028397565922921,0.005523590333716916,false
MN1002,small_mf,lender_reo,1,11,477,5168,0.0020964360587002098,0.0021284829721362228,false
MN0703,other_res,unknown,1,1,1,1,,,true
QN0203,sfr_1_4,trust,301,645,3914,8071,0.0769034236075626,0.07991574773881799,false
QN0601,sfr_1_4,llc,126,224,2236,3184,0.05635062611806798,0.07035175879396985,false
BX0502,other_res,individual,1,1,6,13,0.16666666666666666,0.07692307692307693,false
QN0902,small_mf,llc,23,194,57,422,0.40350877192982454,0.4597156398104265,false
MN0803,large_mf,corp,32,1543,292,10156,0.1095890410958904,0.15192989365892084,false
BK0902,large_mf,individual,2,51,123,7699,0.016260162601626018,0.00662423691388492,false
BK0501,large_mf,llc,16,577,23,907,0.6956521739130435,0.6361631753031973,false
QN1102,condo_unit,individual,4,68,4,68,1.0,1.0,false
MN0701,sfr_1_4,trust,9,19,103,191,0.08737864077669903,0.09947643979057591,false
BK0202,coop_building,coop_corp,28,1428,30,1435,0.9333333333333333,0.9951219512195122,false
MN0402,small_mf,unknown,26,281,195,2085,0.13333333333333333,0.13477218225419665,false
BK1602,small_mf,unknown,3,44,144,1213,0.020833333333333332,0.036273701566364384,false
QN1201,other_res,llc,4,6,12,19,0.3333333333333333,0.3157894736842105,false
BX0202,large_mf,individual,1,28,140,6046,0.007142857142857143,0.004631161098246774,false
QN0802,sfr_1_4,corp,36,60,4227,5652,0.008516678495386799,0.010615711252653927,false
BX1161,sfr_1_4,individual,4,8,5,10,0.8,0.8,false
MN0901,other_res,individual,1,2,3,3,,,true
BK0302,large_mf,individual,6,227,89,5037,0.06741573033707865,0.04506650784196942,false
BX1002,small_mf,corp,7,46,54,363,0.12962962962962962,0.12672176308539945,false
BX0603,sfr_1_4,individual,387,894,658,1597,0.5881458966565349,0.5597996242955542,false
QN0104,small_mf,llc,285,1933,590,3907,0.4830508474576271,0.4947530074225749,false
BK1001,mixed_use_res,llc,594,2899,1319,6499,0.45034116755117515,0.44606862594245267,false
MN1203,coop_building,hdfc,2,41,34,2033,0.058823529411764705,0.02016724053123463,false
MN1002,sfr_1_4,individual,506,1264,747,1950,0.677376171352075,0.6482051282051282,false
QN0902,other_res,corp,2,3,9,15,0.2222222222222222,0.2,false
BK1203,other_res,unknown,2,2,13,20,0.15384615384615385,0.1,false
QN1305,mixed_use_res,corp,6,10,49,67,0.12244897959183673,0.14925373134328357,false
BX1001,coop_building,coop_corp,1,31,1,31,1.0,1.0,false
BX1102,mixed_use_res,trust,6,11,115,786,0.05217391304347826,0.013994910941475827,false
QN0503,sfr_1_4,individual,5103,8897,5801,10368,0.8796759179451819,0.8581211419753086,false
QN1204,mixed_use_res,unknown,1,4,28,49,0.03571428571428571,0.08163265306122448,false
QN0804,mixed_use_res,llc,25,670,57,981,0.43859649122807015,0.6829765545361876,false
MN0602,sfr_1_4,individual,47,82,105,193,0.44761904761904764,0.42487046632124353,false
BK1302,sfr_1_4,trust,174,267,1996,3048,0.0871743486973948,0.08759842519685039,false
QN0602,sfr_1_4,estate,2,3,6473,8241,0.0003089757454039858,0.00036403349108117945,false
MN0901,mixed_use_res,coop_corp,1,46,54,2008,0.018518518518518517,0.022908366533864542,false
BK0202,large_mf,llc,31,1745,35,2435,0.8857142857142857,0.7166324435318275,false
BK1002,large_mf,individual,2,107,20,700,0.1,0.15285714285714286,false
MN1101,other_res,corp,1,3,3,7,,,true
QN1204,other_res,llc,1,0,11,6,,,true
BX0902,condo_unit,individual,3,440,7,928,0.42857142857142855,0.47413793103448276,false
BX0503,large_mf,hdfc,21,837,185,7546,0.11351351351351352,0.11091969255234561,false
BX1203,sfr_1_4,estate,1,1,5840,10397,0.00017123287671232877,0.00009618159084351255,false
QN1401,large_mf,partnership,6,411,70,8678,0.08571428571428572,0.04736114312053469,false
MN0603,large_mf,trust,2,75,114,7234,0.017543859649122806,0.010367708045341444,false
BK1703,large_mf,unknown,2,80,47,1705,0.0425531914893617,0.0469208211143695,false
BK0602,sfr_1_4,individual,3047,6721,4272,9778,0.713249063670412,0.68735937819595,false
BX0601,mixed_use_res,unknown,3,325,56,2638,0.05357142857142857,0.12319939347990902,false
BK0501,sfr_1_4,estate,2,5,4212,8445,0.0004748338081671415,0.0005920663114268798,false
BK1203,condo_unit,llc,5,81,29,267,0.1724137931034483,0.30337078651685395,false
BX0901,condo_unit,unknown,1,66,1,66,1.0,1.0,false
QN0203,condo_unit,llc,1,76,18,380,0.05555555555555555,0.2,false
BK0104,mixed_use_res,partnership,4,15,805,6332,0.004968944099378882,0.002368919772583702,false
BK1601,sfr_1_4,lender_reo,14,32,2589,6286,0.005407493240633449,0.005090677696468342,false
QN0706,condo_unit,llc,1,7,2,21,0.5,0.3333333333333333,false
MN0903,mixed_use_res,hdfc,15,187,187,4431,0.08021390374331551,0.042202663055743626,false
QN1402,sfr_1_4,lender_reo,6,12,3258,6007,0.001841620626151013,0.001997669385716664,false
QN0103,sfr_1_4,trust,227,540,2242,5281,0.10124888492417485,0.10225336110585116,false
BX0703,other_res,unknown,2,4,6,15,0.3333333333333333,0.26666666666666666,false
BK0702,mixed_use_res,corp,117,552,668,3476,0.1751497005988024,0.15880322209436135,false
BK1803,other_res,partnership,1,1,35,35,0.02857142857142857,0.02857142857142857,false
MN0602,large_mf,corp,8,247,71,2895,0.11267605633802817,0.08531951640759931,false
BX0302,coop_building,hdfc,2,49,3,61,0.6666666666666666,0.8032786885245902,false
BX0801,sfr_1_4,trust,35,60,649,1222,0.053929121725731895,0.049099836333878884,false
SI0106,large_mf,llc,6,280,11,505,0.5454545454545454,0.5544554455445545,false
BK0601,condo_unit,unknown,27,291,285,2572,0.09473684210526316,0.11314152410575427,false
QN1307,sfr_1_4,corp,45,76,5091,7642,0.00883912787271656,0.009945040565297042,false
BX0102,small_mf,hdfc,15,165,105,1035,0.14285714285714285,0.15942028985507245,false
MN0303,small_mf,llc,196,2053,362,3808,0.5414364640883977,0.5391281512605042,false
SI0104,small_mf,llc,26,198,47,346,0.5531914893617021,0.5722543352601156,false
BK0204,large_mf,llc,38,1549,54,2481,0.7037037037037037,0.6243450221684804,false
MN1002,coop_building,hdfc,16,414,43,2919,0.37209302325581395,0.14182939362795477,false
BK1401,mixed_use_res,llc,270,2987,493,4345,0.5476673427991886,0.6874568469505178,false
BK1801,small_mf,trust,1,6,21,214,0.047619047619047616,0.028037383177570093,false
QN0602,other_res,individual,2,3,5,6,,,true
SI0203,sfr_1_4,partnership,5,5,7874,9653,0.00063500127000254,0.0005179736869367036,false
QN0902,coop_building,coop_corp,2,127,2,127,1.0,1.0,false
MN0402,small_mf,individual,10,94,195,2085,0.05128205128205128,0.04508393285371703,false
MN0303,mixed_use_res,hdfc,17,338,924,15272,0.0183982683982684,0.022132006286013618,false
MN0201,condo_unit,individual,6,39,16,208,0.375,0.1875,false
BK1203,mixed_use_res,llc,105,424,238,1224,0.4411764705882353,0.3464052287581699,false
QN0203,condo_unit,unknown,3,102,18,380,0.16666666666666666,0.26842105263157895,false
SI0105,mixed_use_res,individual,57,82,137,236,0.41605839416058393,0.3474576271186441,false
QN0401,other_res,unknown,1,1,29,40,0.034482758620689655,0.025,false
BX1202,large_mf,corp,2,75,16,3229,0.125,0.02322700526478786,false
QN0201,condo_unit,unknown,2,182,51,1606,0.0392156862745098,0.1133250311332503,false
QN1203,sfr_1_4,trust,297,424,7998,10970,0.037134283570892726,0.038650865998176846,false
QN0105,sfr_1_4,trust,65,145,815,1846,0.07975460122699386,0.07854821235102925,false
MN0501,small_mf,corp,12,109,54,526,0.2222222222222222,0.20722433460076045,false
QN0707,large_mf,corp,11,713,74,5915,0.14864864864864866,0.12054099746407439,false
QN0104,mixed_use_res,trust,18,45,427,2559,0.04215456674473068,0.017584994138335287,false
BK1704,small_mf,corp,11,98,129,995,0.08527131782945736,0.09849246231155778,false
BX0702,small_mf,individual,9,73,92,925,0.09782608695652174,0.07891891891891892,false
QN1103,other_res,llc,3,3,10,7,,,true
BK0302,other_res,corp,3,7,14,20,0.21428571428571427,0.35,false
BK1201,other_res,individual,3,3,7,9,,,true
BX0201,sfr_1_4,coop_corp,1,2,398,989,0.002512562814070352,0.0020222446916076846,false
BX0502,small_mf,hdfc,4,35,87,856,0.04597701149425287,0.04088785046728972,false
QN1204,coop_building,coop_corp,1,5860,1,5860,1.0,1.0,false
MN0201,mixed_use_res,corp,173,2255,780,10500,0.22179487179487178,0.21476190476190476,false
QN0101,large_mf,corp,9,290,80,3301,0.1125,0.08785216601029991,false
BX1201,large_mf,llc,69,3224,105,5270,0.6571428571428571,0.611764705882353,false
QN0702,sfr_1_4,llc,258,434,6178,8190,0.04176108773065717,0.05299145299145299,false
QN0402,sfr_1_4,partnership,1,3,3555,8998,0.00028129395218002813,0.00033340742387197157,false
BX0201,mixed_use_res,llc,23,644,60,2195,0.38333333333333336,0.2933940774487471,false
BX0603,small_mf,unknown,7,69,198,1974,0.03535353535353535,0.034954407294832825,false
BK1602,mixed_use_res,individual,83,423,312,4348,0.266025641025641,0.09728610855565778,false
QN0503,mixed_use_res,llc,173,372,356,798,0.4859550561797753,0.46616541353383456,false
SI0102,small_mf,corp,7,76,41,363,0.17073170731707318,0.209366391184573,false
BX0403,large_mf,partnership,6,533,209,12011,0.028708133971291867,0.04437598867704604,false
MN0902,small_mf,llc,29,324,54,629,0.5370370370370371,0.5151033386327504,false
MN1202,sfr_1_4,partnership,1,4,48,109,0.020833333333333332,0.03669724770642202,false
QN1303,mixed_use_res,llc,142,253,383,731,0.370757180156658,0.34610123119015046,false
BX0903,small_mf,individual,6,32,36,328,0.16666666666666666,0.0975609756097561,false
MN0501,small_mf,individual,3,20,54,526,0.05555555555555555,0.03802281368821293,false
BK1001,sfr_1_4,trust,759,1281,7613,12530,0.09969788519637462,0.10223463687150838,false
BX0303,sfr_1_4,llc,121,302,1045,2162,0.11578947368421053,0.1396854764107308,false
BK1704,small_mf,llc,68,540,129,995,0.5271317829457365,0.542713567839196,false
MN0203,mixed_use_res,unknown,72,1644,602,9155,0.11960132890365449,0.17957400327689788,false
BX0501,small_mf,coop_corp,1,5,110,1201,0.00909090909090909,0.004163197335553705,false
QN1303,small_mf,corp,3,20,15,159,0.2,0.12578616352201258,false
BK1402,small_mf,corp,5,52,84,870,0.05952380952380952,0.059770114942528735,false
BX1001,sfr_1_4,llc,76,192,1174,2542,0.06473594548551959,0.07553107789142408,false
MN0603,condo_unit,llc,3,110,21,1065,0.14285714285714285,0.10328638497652583,false
QN0702,sfr_1_4,corp,24,39,6178,8190,0.0038847523470378763,0.004761904761904762,false
BX1101,sfr_1_4,llc,169,462,1470,3225,0.11496598639455782,0.14325581395348838,false
MN0802,condo_unit,individual,28,479,44,786,0.6363636363636364,0.6094147582697201,false
QN0904,mixed_use_res,individual,83,184,224,603,0.3705357142857143,0.30514096185737977,false
BK1702,large_mf,hdfc,8,2530,42,4021,0.19047619047619047,0.6291967172345188,false
MN0203,small_mf,partnership,2,19,198,1937,0.010101010101010102,0.00980898296334538,false
MN0604,mixed_use_res,individual,55,4454,372,16437,0.1478494623655914,0.2709740220234836,false
BX0303,small_mf,corp,11,139,94,989,0.11702127659574468,0.14054600606673406,false
BX1002,condo_unit,llc,1,45,21,463,0.047619047619047616,0.09719222462203024,false
MN0802,small_mf,llc,103,1061,199,2018,0.5175879396984925,0.5257680872150644,false
QN0303,mixed_use_res,unknown,9,43,369,1688,0.024390243902439025,0.0254739336492891,false
BK0503,large_mf,unknown,2,68,34,4633,0.058823529411764705,0.014677314914742067,false
BK0505,other_res,lender_reo,1,1,29,24,0.034482758620689655,0.041666666666666664,false
BX0801,sfr_1_4,individual,532,983,649,1222,0.8197226502311248,0.8044189852700491,false
BK1204,condo_unit,unknown,6,89,53,532,0.11320754716981132,0.16729323308270677,false
SI0101,sfr_1_4,llc,290,646,2208,3594,0.13134057971014493,0.17974401780745689,false
BK1803,sfr_1_4,lender_reo,34,64,11663,21999,0.002915201920603618,0.0029092231465066595,false
BK0103,mixed_use_res,llc,159,1624,387,4533,0.4108527131782946,0.35826163688506507,false
MN0902,sfr_1_4,corp,1,1,17,42,0.058823529411764705,0.023809523809523808,false
BX0603,large_mf,corp,30,1363,144,5400,0.20833333333333334,0.2524074074074074,false
QN0707,coop_building,coop_corp,50,5770,51,5861,0.9803921568627451,0.9844736393106979,false
BK1303,small_mf,corp,2,13,75,579,0.02666666666666667,0.022452504317789293,false
BX0702,sfr_1_4,trust,15,27,535,1073,0.028037383177570093,0.02516309412861137,false
QN0301,mixed_use_res,individual,112,394,333,3273,0.33633633633633636,0.12037885731744577,false
BK1601,condo_unit,unknown,6,39,26,293,0.23076923076923078,0.13310580204778158,false
MN0603,small_mf,unknown,7,81,108,1011,0.06481481481481481,0.08011869436201781,false
BX1103,mixed_use_res,trust,2,4,62,132,0.03225806451612903,0.030303030303030304,false
BK0602,large_mf,llc,32,1250,42,1677,0.7619047619047619,0.7453786523553966,false
SI0302,other_res,llc,2,3,12,9,,,true
BK0202,large_mf,partnership,1,117,35,2435,0.02857142857142857,0.04804928131416838,false
SI0301,small_mf,corp,1,8,7,92,0.14285714285714285,0.08695652173913043,false
BX0603,sfr_1_4,unknown,10,31,658,1597,0.015197568389057751,0.019411396368190358,false
BK0503,large_mf,hdfc,11,739,34,4633,0.3235294117647059,0.15950787826462334,false
BX0602,small_mf,hdfc,13,160,92,978,0.14130434782608695,0.16359918200409,false
QN0704,sfr_1_4,unknown,31,38,6823,9873,0.004543455957789828,0.003848880785981971,false
BX0702,mixed_use_res,unknown,9,511,154,5497,0.05844155844155844,0.09295979625250136,false
BX0101,small_mf,llc,70,717,123,1365,0.5691056910569106,0.5252747252747253,false
BK1703,small_mf,trust,9,56,217,1732,0.041474654377880185,0.03233256351039261,false
QN0101,mixed_use_res,corp,38,220,403,2926,0.09429280397022333,0.07518796992481203,false
QN0502,condo_unit,unknown,1,1,27,291,0.037037037037037035,0.003436426116838488,false
BX0901,mixed_use_res,unknown,7,459,140,2879,0.05,0.15943035776311218,false
MN0902,small_mf,hdfc,7,100,54,629,0.12962962962962962,0.1589825119236884,false
BX0902,sfr_1_4,unknown,9,18,2398,4584,0.0037531276063386154,0.003926701570680628,false
BK0701,small_mf,individual,33,225,164,1190,0.20121951219512196,0.18907563025210083,false
MN0203,sfr_1_4,llc,281,494,603,1087,0.4660033167495854,0.45446182152713893,false
BK0202,small_mf,llc,60,506,86,739,0.6976744186046512,0.6847090663058186,false
BK0402,large_mf,hdfc,8,442,73,3982,0.1095890410958904,0.11099949773982923,false
QN0401,small_mf,unknown,5,47,242,1981,0.02066115702479339,0.023725391216557295,false
BK0203,sfr_1_4,individual,852,2098,1236,3154,0.6893203883495146,0.6651870640456563,false
BX0603,sfr_1_4,lender_reo,1,2,658,1597,0.001519756838905775,0.0012523481527864746,false
BX0901,mixed_use_res,hdfc,5,155,140,2879,0.03571428571428571,0.053838138242445294,false
MN0802,mixed_use_res,partnership,8,127,631,13257,0.012678288431061807,0.009579844610394508,false
BK1401,mixed_use_res,unknown,25,283,493,4345,0.05070993914807302,0.06513233601841197,false
BX0901,mixed_use_res,individual,36,141,140,2879,0.2571428571428571,0.048975338659256684,false
QN0702,condo_unit,individual,7,240,7,240,1.0,1.0,false
BK1101,mixed_use_res,unknown,38,352,1031,4072,0.03685741998060136,0.08644400785854617,false
MN0101,coop_building,coop_corp,13,3481,13,3481,1.0,1.0,false
BX1103,small_mf,corp,3,16,26,163,0.11538461538461539,0.09815950920245399,false
BX0602,sfr_1_4,unknown,9,22,996,2199,0.009036144578313253,0.010004547521600727,false
BK0503,sfr_1_4,corp,99,270,4379,9160,0.022607901347339577,0.02947598253275109,false
BK0504,large_mf,unknown,1,65,11,10400,0.09090909090909091,0.00625,false
QN0704,small_mf,llc,32,327,56,567,0.5714285714285714,0.5767195767195767,false
QN1402,other_res,trust,2,1,25,14,0.08,0.07142857142857142,false
BK0503,sfr_1_4,partnership,5,15,4379,9160,0.0011418131993605847,0.0016375545851528383,false
BK0801,large_mf,llc,38,1447,45,1767,0.8444444444444444,0.8189020939445387,false
BK1701,sfr_1_4,trust,159,323,2436,4930,0.06527093596059114,0.06551724137931035,false
BK0502,large_mf,hdfc,13,943,44,2467,0.29545454545454547,0.38224564248074583,false
BX0102,mixed_use_res,partnership,5,196,221,6180,0.02262443438914027,0.03171521035598705,false
MN0702,other_res,corp,2,3,17,14,0.11764705882352941,0.21428571428571427,false
MN0903,mixed_use_res,individual,19,518,187,4431,0.10160427807486631,0.11690363349131122,false
BX1001,sfr_1_4,trust,54,118,1174,2542,0.04599659284497445,0.046420141620771044,false
BK0402,sfr_1_4,lender_reo,2,4,4406,10316,0.00045392646391284613,0.00038774718883288094,false
QN0804,other_res,trust,2,0,4,0,,,true
MN0703,condo_unit,llc,3,61,35,3270,0.08571428571428572,0.018654434250764525,false
BX0501,large_mf,unknown,32,1864,197,10732,0.16243654822335024,0.17368617219530377,false
BX0603,large_mf,individual,4,214,144,5400,0.027777777777777776,0.03962962962962963,false
BK1503,mixed_use_res,corp,22,54,289,1686,0.07612456747404844,0.03202846975088968,false
BK1204,sfr_1_4,unknown,37,63,4426,7768,0.008359692724807953,0.008110195674562308,false
BX1003,sfr_1_4,trust,369,612,4287,7062,0.086074177746676,0.08666100254885302,false
MN0801,condo_unit,unknown,2,304,15,1540,0.13333333333333333,0.1974025974025974,false
MN0603,mixed_use_res,trust,9,70,394,22291,0.02284263959390863,0.0031402808308285857,false
BK1203,sfr_1_4,trust,247,503,2350,4853,0.1051063829787234,0.1036472285184422,false
BX0803,condo_unit,llc,1,46,15,664,0.06666666666666667,0.06927710843373494,false
BX0201,mixed_use_res,unknown,6,298,60,2195,0.1,0.1357630979498861,false
SI0202,other_res,individual,18,18,22,23,0.8181818181818182,0.782608695652174,false
QN0401,large_mf,trust,1,24,113,7704,0.008849557522123894,0.003115264797507788,false
SI0202,sfr_1_4,individual,6626,8303,7616,9710,0.8700105042016807,0.8550978372811534,false
QN0707,mixed_use_res,corp,95,865,528,12834,0.17992424242424243,0.06739909615084931,false
SI0107,sfr_1_4,unknown,24,37,5469,7431,0.004388370817334065,0.004979141434531019,false
BK0802,mixed_use_res,llc,407,2576,731,4435,0.5567715458276333,0.5808342728297633,false
BK0501,small_mf,corp,16,105,101,703,0.15841584158415842,0.14935988620199148,false
QN1201,mixed_use_res,llc,241,3853,531,6846,0.4538606403013183,0.5628104002337131,false
BX1104,large_mf,unknown,6,679,87,5806,0.06896551724137931,0.11694798484326559,false
MN0401,mixed_use_res,partnership,11,385,513,19808,0.021442495126705652,0.01943659127625202,false
BK1503,other_res,unknown,1,0,30,7,,,true
QN0502,large_mf,llc,25,986,34,1278,0.7352941176470589,0.7715179968701096,false
MN1101,condo_unit,unknown,6,117,19,466,0.3157894736842105,0.2510729613733906,false
MN1101,sfr_1_4,hdfc,1,4,55,144,0.01818181818181818,0.027777777777777776,false
BX1103,mixed_use_res,corp,7,20,62,132,0.11290322580645161,0.15151515151515152,false
BK1002,mixed_use_res,unknown,15,59,536,1965,0.027985074626865673,0.030025445292620866,false
BK0202,mixed_use_res,llc,302,12347,542,19129,0.5571955719557196,0.6454597731193475,false
BK1301,coop_building,coop_corp,17,2198,17,2198,1.0,1.0,false
QN0302,sfr_1_4,partnership,1,1,4274,7367,0.0002339728591483388,0.00013574046423238766,false
BX0702,small_mf,corp,12,120,92,925,0.13043478260869565,0.12972972972972974,false
BK0801,large_mf,hdfc,1,58,45,1767,0.022222222222222223,0.032823995472552346,false
BX0503,mixed_use_res,unknown,11,270,80,2432,0.1375,0.11101973684210527,false
BK0301,mixed_use_res,llc,461,4568,796,6890,0.5791457286432161,0.6629898403483309,false
MN0102,other_res,corp,3,7,11,22,0.2727272727272727,0.3181818181818182,false
BK1102,condo_unit,individual,37,347,45,463,0.8222222222222222,0.7494600431965442,false
BK1002,large_mf,unknown,1,25,20,700,0.05,0.03571428571428571,false
SI0201,mixed_use_res,unknown,1,2,152,275,0.006578947368421052,0.007272727272727273,false
MN0203,condo_unit,unknown,14,263,53,1009,0.2641509433962264,0.2606541129831516,false
QN0301,other_res,corp,1,1,5,6,,,true
BK0901,mixed_use_res,partnership,4,103,352,4798,0.011363636363636364,0.021467278032513547,false
SI0104,small_mf,individual,12,87,47,346,0.2553191489361702,0.2514450867052023,false
MN0502,large_mf,individual,2,325,10,2556,0.2,0.12715179968701096,false
MN0902,large_mf,hdfc,11,541,102,3435,0.10784313725490197,0.15749636098981076,false
BK0203,large_mf,corp,3,258,28,2366,0.10714285714285714,0.10904480135249366,false
MN0703,small_mf,corp,24,263,212,2422,0.11320754716981132,0.10858794384805945,false
MN0701,coop_building,trust,1,10,139,9878,0.007194244604316547,0.0010123506782749544,false
QN0503,mixed_use_res,corp,33,76,356,798,0.09269662921348315,0.09523809523809523,false
QN0504,sfr_1_4,corp,33,65,7306,11336,0.0045168354776895705,0.005733944954128441,false
QN0904,sfr_1_4,partnership,1,2,3262,6291,0.00030656039239730225,0.00031791448100460976,false
BK0901,mixed_use_res,corp,31,159,352,4798,0.08806818181818182,0.03313880783659858,false
BX1003,sfr_1_4,llc,262,572,4287,7062,0.06111499883368323,0.08099688473520249,false
QN1304,mixed_use_res,individual,11,19,28,54,0.39285714285714285,0.35185185185185186,false
MN1201,small_mf,partnership,2,31,119,1351,0.01680672268907563,0.0229459659511473,false
BX1003,sfr_1_4,unknown,36,72,4287,7062,0.008397480755773267,0.010195412064570943,false
MN1102,large_mf,hdfc,33,3023,128,7687,0.2578125,0.3932613503317289,false
MN0502,mixed_use_res,individual,44,3999,318,15266,0.13836477987421383,0.26195467050962923,false
MN0302,small_mf,hdfc,10,110,69,709,0.14492753623188406,0.15514809590973203,false
QN0705,condo_unit,corp,1,40,10,223,0.1,0.17937219730941703,false
BK0505,large_mf,hdfc,7,439,25,1255,0.28,0.349800796812749,false
BX1103,mixed_use_res,individual,28,40,62,132,0.45161290322580644,0.30303030303030304,false
BK0505,small_mf,individual,28,172,86,642,0.32558139534883723,0.26791277258566976,false
MN1101,mixed_use_res,unknown,35,1145,315,9889,0.1111111111111111,0.1157852158964506,false
BK1601,mixed_use_res,corp,35,365,301,3474,0.11627906976744186,0.10506620610247554,false
BK1002,small_mf,individual,51,338,160,1106,0.31875,0.30560578661844484,false
BX0503,mixed_use_res,individual,4,31,80,2432,0.05,0.01274671052631579,false
BK0503,mixed_use_res,corp,29,52,252,2760,0.11507936507936507,0.01884057971014493,false
MN0301,condo_unit,unknown,3,198,8,324,0.375,0.6111111111111112,false
QN1103,condo_unit,llc,1,0,13,726,0.07692307692307693,0.0,false
BK0402,small_mf,hdfc,33,234,907,6125,0.03638368246968027,0.03820408163265306,false
QN0303,small_mf,hdfc,1,9,156,1153,0.00641025641025641,0.007805724197745013,false
QN1003,other_res,corp,1,0,16,3,,,true
QN0104,small_mf,corp,44,311,590,3907,0.07457627118644068,0.07960071666240082,false
BK0501,other_res,corp,1,1,39,45,0.02564102564102564,0.022222222222222223,false
BK0601,mixed_use_res,hdfc,5,31,920,12490,0.005434782608695652,0.002481985588470777,false
SI0203,large_mf,llc,1,28,5,313,0.2,0.08945686900958466,false
BX1203,mixed_use_res,trust,4,9,174,2321,0.022988505747126436,0.003877638948728996,false
MN1002,mixed_use_res,corp,57,899,415,10214,0.13734939759036144,0.08801644801253182,false
BX0403,sfr_1_4,lender_reo,1,2,416,961,0.002403846153846154,0.002081165452653486,false
QN0503,large_mf,corp,3,72,9,379,0.3333333333333333,0.18997361477572558,false
BK1601,small_mf,unknown,11,105,375,3002,0.029333333333333333,0.03497668221185876,false
MN1201,small_mf,individual,13,119,119,1351,0.1092436974789916,0.08808290155440414,false
QN0902,mixed_use_res,individual,157,333,414,975,0.37922705314009664,0.3415384615384615,false
BK1501,small_mf,trust,4,34,81,640,0.04938271604938271,0.053125,false
BX0403,sfr_1_4,llc,70,177,416,961,0.16826923076923078,0.1841831425598335,false
QN0203,small_mf,partnership,1,16,234,1858,0.004273504273504274,0.008611410118406888,false
BX0802,mixed_use_res,hdfc,1,90,52,1686,0.019230769230769232,0.05338078291814947,false
BK0702,large_mf,corp,10,390,41,1406,0.24390243902439024,0.2773826458036984,false
BK1602,mixed_use_res,partnership,2,385,312,4348,0.00641025641025641,0.08854645814167433,false
BX0401,large_mf,corp,48,2301,201,11485,0.23880597014925373,0.20034828036569438,false
QN0203,large_mf,trust,1,40,52,2906,0.019230769230769232,0.013764624913971095,false
MN0803,coop_building,coop_corp,206,13737,206,13737,1.0,1.0,false
MN0303,other_res,partnership,1,1,15,32,0.06666666666666667,0.03125,false
QN1206,mixed_use_res,llc,66,117,203,386,0.3251231527093596,0.30310880829015546,false
BX0702,sfr_1_4,individual,400,781,535,1073,0.7476635514018691,0.727865796831314,false
MN0901,small_mf,corp,2,20,38,429,0.05263157894736842,0.046620046620046623,false
BK0902,large_mf,unknown,10,681,123,7699,0.08130081300813008,0.0884530458501104,false
MN0603,small_mf,llc,76,724,108,1011,0.7037037037037037,0.7161226508407518,false
QN1201,sfr_1_4,individual,2937,5051,3451,6074,0.8510576644450883,0.8315772143562726,false
QN1202,mixed_use_res,llc,73,176,223,518,0.3273542600896861,0.33976833976833976,false
MN1202,mixed_use_res,individual,12,462,227,9502,0.05286343612334802,0.04862134287518417,false
MN0703,mixed_use_res,corp,32,1098,168,5863,0.19047619047619047,0.1872761384956507,false
QN1102,large_mf,individual,1,22,12,676,0.08333333333333333,0.03254437869822485,false
BK0102,large_mf,corp,18,635,178,8855,0.10112359550561797,0.07171089779785432,false
QN0504,large_mf,corp,1,32,5,1013,0.2,0.0315893385982231,false
BX0601,small_mf,partnership,1,11,51,583,0.0196078431372549,0.018867924528301886,false
SI0107,sfr_1_4,corp,43,70,5469,7431,0.0078624977143902,0.009419997308572197,false
QN0105,coop_building,coop_corp,2,1090,2,1090,1.0,1.0,false
BK0101,sfr_1_4,estate,1,3,2048,5108,0.00048828125,0.0005873140172278779,false
BK0701,condo_unit,unknown,4,35,70,902,0.05714285714285714,0.038802660753880266,false
BK1602,mixed_use_res,corp,46,281,312,4348,0.14743589743589744,0.06462741490340386,false
SI0106,sfr_1_4,trust,170,245,3777,5507,0.045009266613714585,0.04448883239513347,false
QN0101,small_mf,unknown,10,117,341,2624,0.02932551319648094,0.04458841463414634,false
BK1301,sfr_1_4,trust,241,535,2075,4379,0.116144578313253,0.12217401233158255,false
QN0706,sfr_1_4,partnership,2,3,4099,6580,0.00048792388387411563,0.0004559270516717325,false
BX0202,mixed_use_res,unknown,12,625,150,4942,0.08,0.1264670174018616,false
BK1601,mixed_use_res,unknown,8,1553,301,3474,0.026578073089700997,0.44703511801957396,false
BX1003,small_mf,corp,15,105,85,585,0.17647058823529413,0.1794871794871795,false
MN0603,large_mf,partnership,4,81,114,7234,0.03508771929824561,0.011197124688968758,false
BK0201,small_mf,llc,130,1186,212,1875,0.6132075471698113,0.6325333333333333,false
BX0202,sfr_1_4,hdfc,2,6,855,1956,0.0023391812865497076,0.003067484662576687,false
BK0505,sfr_1_4,estate,1,2,3092,6414,0.0003234152652005175,0.0003118178983473651,false
QN1303,sfr_1_4,estate,3,4,10963,13419,0.00027364772416309404,0.00029808480512705867,false
BX0903,mixed_use_res,hdfc,2,317,95,1835,0.021052631578947368,0.17275204359673024,false
BK0103,sfr_1_4,individual,440,1207,926,2641,0.47516198704103674,0.4570238546005301,false
BK0505,sfr_1_4,llc,186,442,3092,6414,0.06015523932729625,0.0689117555347677,false
QN1206,small_mf,corp,1,7,5,34,0.2,0.20588235294117646,false
BK1601,condo_unit,individual,14,198,26,293,0.5384615384615384,0.6757679180887372,false
BX1003,sfr_1_4,lender_reo,3,3,4287,7062,0.0006997900629811056,0.0004248088360237893,false
SI0101,coop_building,coop_corp,6,515,6,515,1.0,1.0,false
BK0801,mixed_use_res,unknown,8,57,317,3637,0.025236593059936908,0.01567225735496288,false
QN1304,large_mf,corp,2,58,2,58,1.0,1.0,false
QN0703,sfr_1_4,trust,284,438,2478,3709,0.11460855528652139,0.11809112968455109,false
BX1201,mixed_use_res,llc,115,1540,234,2257,0.49145299145299143,0.6823216659282233,false
BX0202,condo_unit,llc,1,376,9,889,0.1111111111111111,0.4229471316085489,false
QN1305,mixed_use_res,llc,16,25,49,67,0.32653061224489793,0.373134328358209,false
BK1501,large_mf,unknown,8,436,59,3620,0.13559322033898305,0.12044198895027625,false
QN1302,sfr_1_4,coop_corp,1,2,5418,6860,0.00018456995201181247,0.0002915451895043732,false
BX0801,large_mf,partnership,4,276,128,7084,0.03125,0.03896103896103896,false
BX0202,sfr_1_4,llc,117,337,855,1956,0.1368421052631579,0.17229038854805726,false
BX0904,large_mf,corp,1,22,10,595,0.1,0.03697478991596639,false
QN0804,large_mf,individual,3,71,24,2479,0.125,0.02864058087938685,false
BK1403,condo_unit,unknown,1,3,22,338,0.045454545454545456,0.008875739644970414,false
BX0502,mixed_use_res,hdfc,16,871,132,5832,0.12121212121212122,0.14934842249657065,false
BK0102,small_mf,hdfc,11,94,460,3497,0.02391304347826087,0.02688018301401201,false
BK0502,sfr_1_4,hdfc,40,97,3977,7756,0.010057832537088257,0.012506446621970087,false
QN0707,other_res,corp,2,3,15,27,0.13333333333333333,0.1111111111111111,false
BK1503,condo_unit,llc,12,349,99,1365,0.12121212121212122,0.25567765567765566,false
QN1205,sfr_1_4,corp,129,202,11252,14249,0.011464628510487025,0.014176433433925188,false
QN0101,sfr_1_4,partnership,6,16,5703,11779,0.0010520778537611783,0.001358349605229646,false
MN1101,mixed_use_res,hdfc,8,1780,315,9889,0.025396825396825397,0.17999797755081404,false
QN0501,other_res,llc,7,12,46,62,0.15217391304347827,0.1935483870967742,false
SI0305,other_res,unknown,1,1,18,19,0.05555555555555555,0.05263157894736842,false
BX0803,sfr_1_4,trust,180,242,2203,3066,0.0817067635043123,0.07893020221787345,false
QN0706,small_mf,individual,4,20,17,120,0.23529411764705882,0.16666666666666666,false
MN0203,mixed_use_res,trust,16,39,602,9155,0.026578073089700997,0.0042599672310213,false
BX0902,condo_unit,unknown,4,488,7,928,0.5714285714285714,0.5258620689655172,false
MN0903,small_mf,partnership,3,45,260,2283,0.011538461538461539,0.01971090670170828,false
BK0104,large_mf,individual,5,106,58,3261,0.08620689655172414,0.032505366452008584,false
MN0203,other_res,corp,1,2,11,20,0.09090909090909091,0.1,false
MN0202,coop_building,coop_corp,145,7084,145,7084,1.0,1.0,false
QN0802,large_mf,llc,1,112,10,694,0.1,0.16138328530259366,false
BX1104,mixed_use_res,individual,18,77,95,1961,0.18947368421052632,0.03926568077511474,false
QN0303,sfr_1_4,unknown,14,32,2261,5527,0.006191950464396285,0.00578975936312647,false
QN0203,sfr_1_4,lender_reo,2,2,3914,8071,0.000510986203372509,0.00024780076818238137,false
MN0702,sfr_1_4,unknown,9,23,489,941,0.018404907975460124,0.024442082890541977,false
MN0603,mixed_use_res,individual,48,2908,394,22291,0.1218274111675127,0.13045623794356467,false
BK1102,small_mf,corp,17,136,82,706,0.2073170731707317,0.19263456090651557,false
BK1001,other_res,trust,2,1,21,24,0.09523809523809523,0.041666666666666664,false
BK1101,large_mf,individual,14,495,143,5771,0.0979020979020979,0.08577369606653959,false
BK0102,small_mf,individual,84,577,460,3497,0.1826086956521739,0.16499857020303116,false
SI0202,mixed_use_res,corp,8,15,109,194,0.07339449541284404,0.07731958762886598,false
BK0802,other_res,corp,2,4,8,11,0.25,0.36363636363636365,false
BK1502,condo_unit,individual,21,255,29,426,0.7241379310344828,0.5985915492957746,false
MN0201,mixed_use_res,trust,5,65,780,10500,0.00641025641025641,0.006190476190476191,false
BK1601,mixed_use_res,individual,97,379,301,3474,0.3222591362126246,0.10909614277489925,false
BX1102,other_res,llc,1,2,12,9,,,true
QN1101,sfr_1_4,partnership,3,4,8026,10569,0.000373785198106155,0.0003784653231147696,false
BK1602,large_mf,llc,32,1321,89,4779,0.3595505617977528,0.2764176605984516,false
BK0202,large_mf,corp,1,32,35,2435,0.02857142857142857,0.013141683778234086,false
QN0105,sfr_1_4,unknown,3,6,815,1846,0.0036809815950920245,0.0032502708559046588,false
MN0402,large_mf,individual,6,482,193,9703,0.031088082901554404,0.049675358136658763,false
MN0401,large_mf,corp,15,524,155,12357,0.0967741935483871,0.04240511450999433,false
QN0602,large_mf,individual,4,501,81,8320,0.04938271604938271,0.060216346153846155,false
SI0101,small_mf,trust,2,13,54,467,0.037037037037037035,0.027837259100642397,false
BK0102,large_mf,hdfc,31,958,178,8855,0.17415730337078653,0.10818746470920385,false
BK1704,mixed_use_res,hdfc,1,4,225,1516,0.0044444444444444444,0.002638522427440633,false
BK0401,small_mf,llc,934,6260,1548,10157,0.603359173126615,0.6163237176331594,false
BX0703,mixed_use_res,hdfc,5,363,107,3703,0.04672897196261682,0.09802862543883338,false
QN0801,mixed_use_res,llc,17,322,63,423,0.2698412698412698,0.7612293144208038,false
BK0901,small_mf,trust,6,52,141,1603,0.0425531914893617,0.032439176543980035,false
BX0501,sfr_1_4,unknown,10,20,894,1910,0.011185682326621925,0.010471204188481676,false
BX1102,sfr_1_4,unknown,34,62,3378,6060,0.010065127294256957,0.01023102310231023,false
QN0202,large_mf,partnership,2,136,126,7314,0.015873015873015872,0.018594476346732294,false
QN0301,sfr_1_4,partnership,1,1,5591,11008,0.00017885888034340904,0.00009084302325581395,false
SI0103,other_res,llc,3,3,21,20,0.14285714285714285,0.15,false
BK1202,small_mf,unknown,4,36,211,1567,0.018957345971563982,0.02297383535417996,false
BK1803,sfr_1_4,hdfc,1,1,11663,21999,0.00008574123295892996,0.000045456611664166555,false
BK0103,large_mf,partnership,1,372,27,1458,0.037037037037037035,0.2551440329218107,false
MN1102,condo_unit,unknown,4,63,30,658,0.13333333333333333,0.09574468085106383,false
QN0802,sfr_1_4,trust,407,508,4227,5652,0.09628578187840076,0.08987968860580325,false
BK1102,large_mf,corp,3,124,21,2367,0.14285714285714285,0.05238698774820448,false
QN0103,sfr_1_4,corp,34,89,2242,5281,0.015165031222123104,0.016852868774853248,false
QN1205,small_mf,llc,6,51,9,73,0.6666666666666666,0.6986301369863014,false
QN0701,large_mf,llc,2,60,2,60,1.0,1.0,false
BK0302,large_mf,unknown,13,952,89,5037,0.14606741573033707,0.18900138971610086,false
SI0304,other_res,individual,16,4,27,6,,,true
QN0702,mixed_use_res,partnership,1,2,105,204,0.009523809523809525,0.00980392156862745,false
MN0502,condo_unit,unknown,2,285,8,639,0.25,0.4460093896713615,false
BX1001,sfr_1_4,corp,30,71,1174,2542,0.02555366269165247,0.02793076317859953,false
QN0502,sfr_1_4,unknown,33,76,5194,12668,0.006353484790142472,0.005999368487527629,false
BX0603,sfr_1_4,corp,18,46,658,1597,0.02735562310030395,0.028804007514088917,false
QN0104,large_mf,individual,8,193,85,2349,0.09411764705882353,0.08216262239250745,false
SI0302,sfr_1_4,corp,64,104,15372,19253,0.004163413999479573,0.0054017555705604325,false
BX1104,large_mf,trust,2,73,87,5806,0.022988505747126436,0.012573200137788494,false
QN0301,sfr_1_4,llc,308,752,5591,11008,0.05508853514576999,0.06831395348837209,false
MN0602,other_res,coop_corp,1,1,5,11,0.2,0.09090909090909091,false
QN0704,large_mf,unknown,6,453,52,3406,0.11538461538461539,0.1330005871990605,false
BK1802,mixed_use_res,corp,19,23,218,400,0.0871559633027523,0.0575,false
BK0201,mixed_use_res,partnership,1,106,194,3653,0.005154639175257732,0.029017246099096634,false
BK0402,sfr_1_4,estate,1,3,4406,10316,0.00022696323195642307,0.0002908103916246607,false
MN0402,condo_unit,partnership,1,0,29,1594,0.034482758620689655,0.0,false
QN1001,mixed_use_res,individual,271,497,667,1325,0.4062968515742129,0.3750943396226415,false
QN1203,coop_building,coop_corp,1,215,1,215,1.0,1.0,false
QN0805,sfr_1_4,trust,242,377,3172,5173,0.07629255989911728,0.07287840711386043,false
QN0501,sfr_1_4,unknown,28,53,7575,13525,0.0036963696369636963,0.003918669131238448,false
SI0204,small_mf,unknown,1,6,7,60,0.14285714285714285,0.1,false
BX0802,sfr_1_4,unknown,6,13,538,926,0.011152416356877323,0.014038876889848811,false
BX0301,small_mf,individual,5,35,106,1126,0.04716981132075472,0.03108348134991119,false
QN0201,sfr_1_4,corp,10,26,245,547,0.04081632653061224,0.04753199268738574,false
QN0701,sfr_1_4,llc,266,530,5016,8299,0.05303030303030303,0.06386311603807687,false
QN0401,mixed_use_res,llc,199,3267,514,6458,0.38715953307393,0.5058841746670796,false
SI0106,sfr_1_4,partnership,4,7,3777,5507,0.0010590415673815197,0.0012711094970038134,false
BX0403,coop_building,hdfc,3,120,6,223,0.5,0.5381165919282511,false
BX1104,other_res,llc,1,2,2,2,,,true
MN0803,sfr_1_4,trust,15,21,147,231,0.10204081632653061,0.09090909090909091,false
QN1002,small_mf,individual,4,24,58,365,0.06896551724137931,0.06575342465753424,false
QN1302,sfr_1_4,corp,31,46,5418,6860,0.005721668512366187,0.006705539358600583,false
SI0203,sfr_1_4,trust,806,1002,7874,9653,0.10236220472440945,0.10380192686211541,false
SI0302,large_mf,corp,1,27,6,150,0.16666666666666666,0.18,false
QN0105,small_mf,individual,14,91,86,609,0.16279069767441862,0.14942528735632185,false
BK0801,small_mf,llc,127,1214,205,1856,0.6195121951219512,0.6540948275862069,false
BK0502,sfr_1_4,corp,87,196,3977,7756,0.02187578576816696,0.02527075812274368,false
BK0102,condo_unit,llc,42,437,192,3282,0.21875,0.13315051797684338,false
QN1403,other_res,llc,3,4,27,26,0.1111111111111111,0.15384615384615385,false
QN0503,mixed_use_res,lender_reo,1,2,356,798,0.0028089887640449437,0.002506265664160401,false
BK0503,small_mf,lender_reo,1,6,247,1795,0.004048582995951417,0.003342618384401114,false
QN1304,sfr_1_4,estate,1,1,5145,5729,0.00019436345966958212,0.00017455053237912376,false
SI0302,large_mf,llc,3,80,6,150,0.5,0.5333333333333333,false
BK0204,sfr_1_4,lender_reo,1,3,1345,3267,0.0007434944237918215,0.0009182736455463728,false
QN0701,sfr_1_4,estate,1,2,5016,8299,0.00019936204146730463,0.00024099289070972406,false
MN0903,condo_unit,llc,2,22,35,693,0.05714285714285714,0.031746031746031744,false
QN1307,sfr_1_4,individual,4524,6727,5091,7642,0.8886269888037713,0.8802669458257001,false
BX0301,mixed_use_res,individual,26,719,173,5359,0.15028901734104047,0.134166822168315,false
QN1303,condo_unit,individual,1,0,1,0,,,true
QN0707,condo_unit,partnership,1,263,55,1974,0.01818181818181818,0.13323201621073963,false
SI0303,small_mf,corp,1,5,1,5,,,true
QN1101,sfr_1_4,lender_reo,1,1,8026,10569,0.000124595066035385,0.0000946163307786924,false
SI0303,mixed_use_res,corp,2,4,17,23,0.11764705882352941,0.17391304347826086,false
BK0501,sfr_1_4,hdfc,1,2,4212,8445,0.00023741690408357076,0.00023682652457075192,false
BK1303,large_mf,hdfc,1,154,80,4830,0.0125,0.03188405797101449,false
MN1101,mixed_use_res,partnership,6,57,315,9889,0.01904761904761905,0.005763980179997978,false
QN1104,mixed_use_res,corp,1,1,32,34,0.03125,0.029411764705882353,false
BX0801,coop_building,coop_corp,25,3010,25,3010,1.0,1.0,false
QN0706,other_res,llc,1,1,1,1,,,true
QN0904,mixed_use_res,llc,100,277,224,603,0.44642857142857145,0.4593698175787728,false
MN0801,mixed_use_res,partnership,12,704,480,24363,0.025,0.02889627714156713,false
MN0702,sfr_1_4,individual,258,478,489,941,0.5276073619631901,0.5079702444208289,false
BK1101,small_mf,trust,24,158,358,2692,0.0670391061452514,0.058692421991084695,false
BK0702,sfr_1_4,individual,2575,5782,3240,7420,0.7947530864197531,0.779245283018868,false
MN1002,large_mf,unknown,36,1481,204,11714,0.17647058823529413,0.12642991292470548,false
BK1302,mixed_use_res,individual,42,1422,134,6731,0.31343283582089554,0.21126132818303373,false
BX0701,mixed_use_res,llc,60,1692,93,2393,0.6451612903225806,0.7070622649394066,false
MN0702,sfr_1_4,corp,5,13,489,941,0.010224948875255624,0.01381509032943677,false
SI0305,mixed_use_res,individual,20,28,71,140,0.28169014084507044,0.2,false
MN0802,mixed_use_res,individual,95,2355,631,13257,0.15055467511885895,0.17764200045259107,false
BK0302,other_res,trust,1,0,14,20,0.07142857142857142,0.0,false
BK0601,condo_unit,llc,84,486,285,2572,0.29473684210526313,0.18895800933125972,false
BK1704,small_mf,individual,40,240,129,995,0.31007751937984496,0.24120603015075376,false
BK1102,small_mf,individual,22,129,82,706,0.2682926829268293,0.18271954674220964,false
MN0401,large_mf,llc,97,8436,155,12357,0.6258064516129033,0.682689973294489,false
BK0402,sfr_1_4,unknown,31,76,4406,10316,0.007035860190649115,0.007367196587824738,false
BX0903,sfr_1_4,unknown,19,44,3200,6216,0.0059375,0.007078507078507079,false
MN1001,sfr_1_4,partnership,9,23,649,1708,0.01386748844375963,0.013466042154566744,false
BX0403,large_mf,corp,29,1789,209,12011,0.13875598086124402,0.14894679876779618,false
QN0704,mixed_use_res,corp,48,242,323,2444,0.14860681114551083,0.09901800327332243,false
BK1201,sfr_1_4,corp,54,138,1602,4068,0.033707865168539325,0.03392330383480826,false
BX0303,mixed_use_res,partnership,2,123,123,4574,0.016260162601626018,0.02689112374289462,false
QN0102,other_res,llc,1,1,10,16,0.1,0.0625,false
QN0104,coop_building,coop_corp,8,1362,8,1362,1.0,1.0,false
MN1201,mixed_use_res,llc,180,5623,283,10139,0.6360424028268551,0.5545911825623828,false
BK1502,small_mf,unknown,1,12,40,346,0.025,0.03468208092485549,false
QN1201,other_res,unknown,3,5,12,19,0.25,0.2631578947368421,false
BK1701,sfr_1_4,partnership,1,2,2436,4930,0.00041050903119868636,0.00040567951318458417,false
QN1003,small_mf,llc,10,67,25,157,0.4,0.4267515923566879,false
BX0502,coop_building,coop_corp,6,201,15,511,0.4,0.3933463796477495,false
QN0503,other_res,corp,6,7,17,23,0.35294117647058826,0.30434782608695654,false
BK0501,small_mf,unknown,1,6,101,703,0.009900990099009901,0.008534850640113799,false
QN0502,sfr_1_4,llc,607,1843,5194,12668,0.11686561417019638,0.145484685822545,false
BK1501,mixed_use_res,corp,80,292,592,1820,0.13513513513513514,0.16043956043956045,false
QN0701,other_res,corp,1,1,21,20,0.047619047619047616,0.05,false
MN1002,mixed_use_res,individual,47,1624,415,10214,0.11325301204819277,0.15899745447425104,false
MN0302,condo_unit,individual,6,239,15,657,0.4,0.3637747336377473,false
BK1103,mixed_use_res,unknown,20,197,498,2751,0.040160642570281124,0.07161032351872046,false
BK0401,large_mf,individual,2,107,50,2761,0.04,0.038754074610648316,false
SI0304,mixed_use_res,unknown,2,2,76,108,0.02631578947368421,0.018518518518518517,false
BX1202,sfr_1_4,partnership,1,1,6181,10976,0.00016178611875101117,0.00009110787172011662,false
QN0703,sfr_1_4,unknown,18,37,2478,3709,0.007263922518159807,0.009975734699379887,false
MN1201,large_mf,partnership,7,354,339,12836,0.02064896755162242,0.02757868494858211,false
BX0403,mixed_use_res,unknown,15,920,104,4773,0.14423076923076922,0.19275089042530902,false
BK1103,mixed_use_res,llc,215,1604,498,2751,0.43172690763052207,0.5830607051981098,false
QN0102,coop_building,coop_corp,2,83,2,83,1.0,1.0,false
QN0502,condo_unit,individual,16,241,27,291,0.5925925925925926,0.8281786941580757,false
MN1101,other_res,llc,1,2,3,7,,,true
BK0301,small_mf,hdfc,68,654,775,6301,0.08774193548387096,0.10379304872242501,false
QN0901,other_res,llc,1,1,6,12,0.16666666666666666,0.08333333333333333,false
QN0704,mixed_use_res,trust,19,26,323,2444,0.058823529411764705,0.010638297872340425,false
QN0705,mixed_use_res,unknown,6,48,196,1122,0.030612244897959183,0.0427807486631016,false
MN0102,coop_building,coop_corp,82,954,82,954,1.0,1.0,false
QN1402,large_mf,hdfc,1,32,10,2873,0.1,0.011138183083884442,false
BK0204,mixed_use_res,coop_corp,1,22,235,2733,0.00425531914893617,0.00804976216611782,false
BK1204,sfr_1_4,llc,528,1056,4426,7768,0.1192950745594216,0.13594232749742532,false
QN0802,mixed_use_res,corp,11,18,77,699,0.14285714285714285,0.02575107296137339,false
BX1101,other_res,individual,2,0,2,0,,,true
QN1205,sfr_1_4,estate,2,2,11252,14249,0.00017774617845716317,0.0001403607270685662,false
BK1803,sfr_1_4,partnership,1,1,11663,21999,0.00008574123295892996,0.000045456611664166555,false
BX0202,sfr_1_4,trust,32,65,855,1956,0.03742690058479532,0.033231083844580775,false
QN0707,small_mf,individual,14,98,84,702,0.16666666666666666,0.1396011396011396,false
SI0105,other_res,individual,13,5,18,11,0.7222222222222222,0.45454545454545453,false
BK1101,other_res,llc,2,2,15,19,0.13333333333333333,0.10526315789473684,false
SI0202,other_res,unknown,1,1,22,23,0.045454545454545456,0.043478260869565216,false
BX1201,mixed_use_res,corp,33,226,234,2257,0.14102564102564102,0.10013291980505096,false
BK0602,condo_unit,individual,215,1252,356,2417,0.6039325842696629,0.5179975175837815,false
MN0203,large_mf,llc,89,3369,134,4855,0.664179104477612,0.6939237899073121,false
BX1104,condo_unit,unknown,1,122,3,250,0.3333333333333333,0.488,false
QN1402,mixed_use_res,trust,1,10,46,1205,0.021739130434782608,0.008298755186721992,false
BK1302,mixed_use_res,hdfc,6,1989,134,6731,0.04477611940298507,0.29549844005348386,false
BK0202,condo_unit,individual,46,589,74,939,0.6216216216216216,0.6272630457933972,false
BK0201,coop_building,coop_corp,200,5134,202,5556,0.9900990099009901,0.9240460763138949,false
QN0103,small_mf,unknown,23,232,823,6403,0.027946537059538274,0.03623301577385601,false
BX1202,condo_unit,individual,3,75,4,75,0.75,1.0,false
QN0201,mixed_use_res,unknown,12,1959,256,22121,0.046875,0.0885583834365535,false
BK0104,large_mf,hdfc,8,561,58,3261,0.13793103448275862,0.17203311867525298,false
BK0102,small_mf,partnership,1,15,460,3497,0.002173913043478261,0.0042893909064912784,false
BK1001,large_mf,trust,4,140,171,7768,0.023391812865497075,0.018022657054582905,false
BK1101,mixed_use_res,estate,1,2,1031,4072,0.0009699321047526673,0.0004911591355599214,false
BX1003,large_mf,individual,2,57,47,2420,0.0425531914893617,0.023553719008264463,false
BK1002,mixed_use_res,partnership,3,39,536,1965,0.005597014925373134,0.01984732824427481,false
QN0706,sfr_1_4,unknown,13,18,4099,6580,0.0031715052451817514,0.002735562310030395,false
BK1602,small_mf,llc,75,650,144,1213,0.5208333333333334,0.5358615004122012,false
QN0803,condo_unit,individual,3,21,3,21,1.0,1.0,false
QN0504,coop_building,coop_corp,1,76,1,76,1.0,1.0,false
BK1704,other_res,llc,1,2,4,6,,,true
BK1402,large_mf,corp,16,804,130,6612,0.12307692307692308,0.12159709618874773,false
QN0502,mixed_use_res,llc,481,1874,924,3264,0.5205627705627706,0.5741421568627451,false
SI0101,small_mf,corp,11,130,54,467,0.2037037037037037,0.278372591006424,false
BK1803,large_mf,corp,2,91,7,386,0.2857142857142857,0.23575129533678757,false
SI0204,mixed_use_res,trust,6,8,72,198,0.08333333333333333,0.04040404040404041,false
BK1501,large_mf,partnership,1,24,59,3620,0.01694915254237288,0.0066298342541436465,false
QN0303,mixed_use_res,corp,41,184,369,1688,0.1111111111111111,0.10900473933649289,false
BX0902,small_mf,individual,7,48,43,321,0.16279069767441862,0.14953271028037382,false
QN1402,mixed_use_res,llc,18,345,46,1205,0.391304347826087,0.2863070539419087,false
MN1201,coop_building,hdfc,27,704,71,3036,0.38028169014084506,0.2318840579710145,false
BK0602,sfr_1_4,unknown,64,157,4272,9778,0.0149812734082397,0.016056453262425854,false
BK1001,sfr_1_4,lender_reo,3,4,7613,12530,0.0003940627873374491,0.0003192338387869114,false
BK0505,other_res,individual,18,14,29,24,0.6206896551724138,0.5833333333333334,false
BK1703,sfr_1_4,hdfc,1,1,4821,9008,0.00020742584526031943,0.00011101243339253997,false
QN0707,condo_unit,unknown,13,166,55,1974,0.23636363636363636,0.08409321175278622,false
BK1704,sfr_1_4,unknown,38,100,2873,7336,0.013226592412112773,0.013631406761177753,false
QN1202,other_res,llc,2,3,15,13,0.13333333333333333,0.23076923076923078,false
BK0301,small_mf,unknown,37,316,775,6301,0.04774193548387097,0.05015076971909221,false
BK1202,other_res,individual,55,81,88,132,0.625,0.6136363636363636,false
QN1205,large_mf,llc,8,294,12,528,0.6666666666666666,0.5568181818181818,false
BK0402,condo_unit,corp,3,21,87,866,0.034482758620689655,0.02424942263279446,false
SI0303,sfr_1_4,individual,7377,8948,8145,9998,0.9057090239410681,0.8949789957991598,false
BX0803,sfr_1_4,llc,171,338,2203,3066,0.07762142532909669,0.11024135681669928,false
MN1202,sfr_1_4,individual,31,68,48,109,0.6458333333333334,0.6238532110091743,false
BX0201,mixed_use_res,partnership,3,125,60,2195,0.05,0.05694760820045558,false
QN0202,small_mf,partnership,1,6,465,3266,0.002150537634408602,0.001837109614206981,false
MN1202,large_mf,partnership,6,234,316,13645,0.0189873417721519,0.01714913887871015,false
BX0903,coop_building,hdfc,1,139,3,896,0.3333333333333333,0.15513392857142858,false
QN0105,other_res,unknown,1,2,15,29,0.06666666666666667,0.06896551724137931,false
QN1101,large_mf,corp,3,120,16,626,0.1875,0.19169329073482427,false
QN0904,small_mf,unknown,1,18,36,249,0.027777777777777776,0.07228915662650602,false
BX0801,condo_unit,individual,3,31,3,31,1.0,1.0,false
SI0301,other_res,trust,1,1,13,14,0.07692307692307693,0.07142857142857142,false
BK0601,small_mf,llc,282,2292,475,3778,0.5936842105263158,0.6066701958708312,false
MN0401,other_res,llc,7,10,12,21,0.5833333333333334,0.47619047619047616,false
MN0903,sfr_1_4,unknown,10,32,587,1355,0.017035775127768313,0.023616236162361623,false
BX0601,mixed_use_res,hdfc,7,473,56,2638,0.125,0.17930250189537528,false
SI0201,small_mf,individual,8,53,39,299,0.20512820512820512,0.17725752508361203,false
QN0504,small_mf,individual,11,78,36,288,0.3055555555555556,0.2708333333333333,false
BK0402,mixed_use_res,corp,45,170,456,2173,0.09868421052631579,0.07823285780027611,false
BX0303,sfr_1_4,lender_reo,3,6,1045,2162,0.0028708133971291866,0.0027752081406105457,false
QN0705,other_res,individual,3,5,7,8,,,true
BK1401,mixed_use_res,individual,107,288,493,4345,0.21703853955375255,0.06628308400460299,false
BX0403,large_mf,hdfc,49,2766,209,12011,0.23444976076555024,0.23028890183998002,false
BK1204,large_mf,unknown,8,456,36,1781,0.2222222222222222,0.25603593486805165,false
BK0501,small_mf,partnership,4,44,101,703,0.039603960396039604,0.06258890469416785,false
BX1003,small_mf,individual,22,130,85,585,0.25882352941176473,0.2222222222222222,false
BX0703,coop_building,coop_corp,7,406,8,449,0.875,0.9042316258351893,false
MN1001,small_mf,corp,44,388,404,3791,0.10891089108910891,0.10234766552360855,false
BX0902,mixed_use_res,llc,14,42,36,1350,0.3888888888888889,0.03111111111111111,false
QN1402,small_mf,individual,9,64,25,209,0.36,0.3062200956937799,false
BX0503,small_mf,hdfc,10,125,36,427,0.2777777777777778,0.2927400468384075,false
MN0201,sfr_1_4,individual,31,62,89,181,0.34831460674157305,0.3425414364640884,false
BK0201,other_res,corp,2,3,11,8,,,true
BK1204,mixed_use_res,unknown,10,47,271,1189,0.03690036900369004,0.03952901597981497,false
BK1101,condo_unit,corp,1,6,87,785,0.011494252873563218,0.007643312101910828,false
BK0201,other_res,trust,1,0,11,8,,,true
BX0603,mixed_use_res,lender_reo,1,12,268,4093,0.0037313432835820895,0.0029318348399706815,false
MN0701,large_mf,individual,4,270,56,5881,0.07142857142857142,0.0459105594286686,false
QN0502,large_mf,individual,3,67,34,1278,0.08823529411764706,0.05242566510172144,false
QN0704,sfr_1_4,estate,1,1,6823,9873,0.0001465630954125751,0.00010128633647320976,false
QN0501,small_mf,trust,1,5,47,291,0.02127659574468085,0.01718213058419244,false
QN0803,sfr_1_4,llc,172,266,3552,4319,0.04842342342342342,0.06158833063209076,false
BK0802,sfr_1_4,lender_reo,5,11,3421,8038,0.0014615609470914938,0.001368499626772829,false
MN0102,condo_unit,individual,31,533,54,870,0.5740740740740741,0.6126436781609196,false
BK1803,sfr_1_4,unknown,78,147,11663,21999,0.006687816170796536,0.0066821219146324835,false
QN0903,mixed_use_res,unknown,6,12,216,567,0.027777777777777776,0.021164021164021163,false
QN1103,sfr_1_4,individual,4193,4801,4985,5765,0.841123370110331,0.8327840416305291,false
BK0301,other_res,corp,3,8,15,23,0.2,0.34782608695652173,false
BX0701,large_mf,llc,138,6173,214,9375,0.6448598130841121,0.6584533333333333,false
BX0101,small_mf,trust,2,20,123,1365,0.016260162601626018,0.014652014652014652,false
BK0901,large_mf,llc,122,5803,175,9552,0.6971428571428572,0.6075167504187605,false
MN0802,large_mf,partnership,4,118,60,2345,0.06666666666666667,0.05031982942430704,false
BX1203,sfr_1_4,hdfc,9,25,5840,10397,0.0015410958904109589,0.0024045397710878136,false
BK0302,mixed_use_res,partnership,12,205,692,4891,0.017341040462427744,0.04191371907585361,false
BK0502,mixed_use_res,llc,160,1882,354,3198,0.4519774011299435,0.5884928080050031,false
MN0201,other_res,corp,4,9,20,43,0.2,0.20930232558139536,false
MN1101,condo_unit,llc,2,52,19,466,0.10526315789473684,0.11158798283261803,false
BK1201,other_res,trust,1,2,7,9,,,true
BX0301,small_mf,hdfc,21,264,106,1126,0.19811320754716982,0.2344582593250444,false
BK0204,sfr_1_4,partnership,6,21,1345,3267,0.0044609665427509295,0.006427915518824609,false
QN1003,mixed_use_res,trust,4,5,54,75,0.07407407407407407,0.06666666666666667,false
QN0705,large_mf,corp,3,372,25,1414,0.12,0.26308345120226306,false
QN0302,large_mf,corp,1,106,7,444,0.14285714285714285,0.23873873873873874,false
BK0601,sfr_1_4,corp,69,205,3993,9824,0.01728024042073629,0.020867263843648207,false
BX0401,large_mf,individual,2,155,201,11485,0.009950248756218905,0.013495864170657379,false
BK0702,small_mf,llc,300,2209,549,3970,0.546448087431694,0.5564231738035265,false
BK1002,mixed_use_res,llc,237,983,536,1965,0.44216417910447764,0.5002544529262086,false
BK1002,small_mf,trust,8,46,160,1106,0.05,0.04159132007233273,false
QN0601,sfr_1_4,unknown,16,22,2236,3184,0.007155635062611807,0.006909547738693468,false
BX1201,sfr_1_4,trust,150,305,5063,10321,0.02962670353545329,0.029551400058133902,false
BK0703,mixed_use_res,llc,303,1409,757,3357,0.4002642007926024,0.41971998808459937,false
QN1101,mixed_use_res,unknown,5,8,130,250,0.038461538461538464,0.032,false
BX0502,mixed_use_res,trust,1,1,132,5832,0.007575757575757576,0.00017146776406035664,false
QN0303,mixed_use_res,trust,10,27,369,1688,0.02710027100271003,0.015995260663507108,false
BK0204,sfr_1_4,individual,975,2290,1345,3267,0.724907063197026,0.7009488827670646,false
BK0801,large_mf,corp,2,55,45,1767,0.044444444444444446,0.0311262026032824,false
QN1202,large_mf,hdfc,4,497,7,730,0.5714285714285714,0.6808219178082192,false
QN0901,mixed_use_res,coop_corp,2,417,92,1778,0.021739130434782608,0.23453318335208098,false
BK1203,mixed_use_res,individual,64,163,238,1224,0.2689075630252101,0.13316993464052287,false
BK0501,small_mf,individual,33,209,101,703,0.32673267326732675,0.2972972972972973,false
MN0701,mixed_use_res,coop_corp,1,561,220,24731,0.004545454545454545,0.02268408070842263,false
BK1501,mixed_use_res,trust,27,51,592,1820,0.04560810810810811,0.028021978021978023,false
BK1503,sfr_1_4,estate,1,2,8148,12884,0.00012272950417280314,0.0001552312946289972,false
BX1102,large_mf,unknown,1,29,24,1580,0.041666666666666664,0.018354430379746836,false
BK1101,sfr_1_4,trust,1040,2371,9019,20034,0.11531211886018405,0.11834880702805231,false
BK1202,small_mf,llc,130,1020,211,1567,0.6161137440758294,0.6509253350350989,false
QN0707,mixed_use_res,trust,25,71,528,12834,0.04734848484848485,0.005532180146485897,false
MN0202,mixed_use_res,partnership,6,335,386,8046,0.015544041450777202,0.04163559532687049,false
SI0106,sfr_1_4,individual,3199,4514,3777,5507,0.8469684935133704,0.8196840384964591,false
BX0901,mixed_use_res,corp,29,927,140,2879,0.20714285714285716,0.32198680097255994,false
MN0102,mixed_use_res,individual,137,2866,424,8933,0.3231132075471698,0.3208328668980186,false
BK1501,mixed_use_res,unknown,17,30,592,1820,0.028716216216216218,0.016483516483516484,false
BX1203,sfr_1_4,corp,67,144,5840,10397,0.011472602739726027,0.013850149081465807,false
BK0504,mixed_use_res,unknown,2,635,18,3277,0.1111111111111111,0.19377479401891975,false
QN1102,large_mf,trust,1,32,12,676,0.08333333333333333,0.047337278106508875,false
BK0302,sfr_1_4,lender_reo,17,40,6616,15509,0.002569528415961306,0.002579147591720936,false
BK0202,large_mf,unknown,1,50,35,2435,0.02857142857142857,0.02053388090349076,false
BK1701,sfr_1_4,estate,1,2,2436,4930,0.00041050903119868636,0.00040567951318458417,false
BX0401,large_mf,unknown,13,586,201,11485,0.06467661691542288,0.05102307357422725,false
QN1303,mixed_use_res,trust,17,33,383,731,0.044386422976501305,0.04514363885088919,false
BK0501,sfr_1_4,unknown,24,53,4212,8445,0.005698005698005698,0.006275902901124926,false
BK0702,mixed_use_res,hdfc,1,50,668,3476,0.0014970059880239522,0.014384349827387802,false
BX1104,small_mf,llc,66,557,97,795,0.6804123711340206,0.70062893081761,false
BK0203,mixed_use_res,individual,51,2159,244,7868,0.20901639344262296,0.2744026436197255,false
MN1001,coop_building,coop_corp,40,1234,71,2129,0.5633802816901409,0.5796148426491311,false
QN1001,sfr_1_4,llc,432,794,13198,19671,0.032732232156387334,0.040363987595953436,false
QN0703,large_mf,corp,1,152,4,575,0.25,0.2643478260869565,false
BK0505,sfr_1_4,lender_reo,8,19,3092,6414,0.00258732212160414,0.0029622700342999686,false
BX0902,mixed_use_res,corp,10,1117,36,1350,0.2777777777777778,0.8274074074074074,false
QN0303,other_res,trust,2,2,16,25,0.125,0.08,false
QN0302,small_mf,unknown,2,12,27,167,0.07407407407407407,0.0718562874251497,false
QN0703,sfr_1_4,individual,2020,2926,2478,3709,0.8151735270379338,0.7888918846050148,false
QN1206,small_mf,individual,2,10,5,34,0.4,0.29411764705882354,false
QN0803,mixed_use_res,trust,3,5,32,106,0.09375,0.04716981132075472,false
BK1502,mixed_use_res,corp,29,47,325,1674,0.08923076923076922,0.028076463560334528,false
BX0202,large_mf,llc,43,1652,140,6046,0.30714285714285716,0.2732385047965597,false
BK1501,large_mf,individual,5,365,59,3620,0.0847457627118644,0.10082872928176796,false
MN0801,sfr_1_4,individual,85,121,177,259,0.480225988700565,0.4671814671814672,false
BK1102,coop_building,coop_corp,12,638,12,638,1.0,1.0,false
BK0601,other_res,individual,14,16,43,47,0.32558139534883723,0.3404255319148936,false
MN1001,condo_unit,llc,10,172,99,2060,0.10101010101010101,0.08349514563106795,false
BK0701,mixed_use_res,trust,5,13,214,1684,0.02336448598130841,0.007719714964370546,false
MN0302,small_mf,corp,8,67,69,709,0.11594202898550725,0.09449929478138223,false
QN0801,other_res,individual,2,2,6,7,,,true
QN1403,sfr_1_4,llc,148,257,3974,5595,0.03724207347760443,0.045933869526362824,false
QN1401,sfr_1_4,partnership,1,2,4906,8222,0.00020383204239706482,0.00024324981756263683,false
BX1102,small_mf,individual,15,95,63,421,0.23809523809523808,0.22565320665083136,false
MN0502,large_mf,unknown,1,652,10,2556,0.1,0.25508607198748046,false
BK0503,small_mf,hdfc,37,360,247,1795,0.14979757085020243,0.20055710306406685,false
QN0301,small_mf,trust,3,17,122,1029,0.02459016393442623,0.01652089407191448,false
QN1003,sfr_1_4,unknown,41,57,5062,6854,0.00809956538917424,0.0083163116428363,false
BK0102,large_mf,unknown,18,621,178,8855,0.10112359550561797,0.07012987012987013,false
BK0101,mixed_use_res,unknown,19,140,765,10849,0.02483660130718954,0.012904415153470366,false
BK1103,sfr_1_4,individual,4702,9931,5677,12177,0.8282543596970231,0.8155539131148887,false
MN0102,small_mf,individual,2,13,30,238,0.06666666666666667,0.0546218487394958,false
MN0702,large_mf,corp,22,978,145,8457,0.15172413793103448,0.11564384533522526,false
MN0801,small_mf,unknown,14,194,139,1777,0.10071942446043165,0.10917276308384918,false
QN1403,mixed_use_res,individual,22,48,69,494,0.3188405797101449,0.09716599190283401,false
BX0101,mixed_use_res,trust,1,3,325,9740,0.003076923076923077,0.0003080082135523614,false
QN0801,condo_unit,unknown,1,90,5,938,0.2,0.09594882729211088,false
MN0803,small_mf,hdfc,2,30,265,3352,0.007547169811320755,0.008949880668257757,false
MN0303,other_res,llc,4,11,15,32,0.26666666666666666,0.34375,false
BK1101,other_res,trust,1,2,15,19,0.06666666666666667,0.10526315789473684,false
BX0402,large_mf,hdfc,26,1752,131,7482,0.1984732824427481,0.23416198877305533,false
MN0801,sfr_1_4,estate,1,1,177,259,0.005649717514124294,0.003861003861003861,false
BK1202,sfr_1_4,partnership,8,19,5735,12755,0.0013949433304272015,0.001489611916895335,false
MN0401,sfr_1_4,individual,114,235,218,465,0.5229357798165137,0.5053763440860215,false
BK0501,sfr_1_4,lender_reo,15,29,4212,8445,0.0035612535612535613,0.003433984606275903,false
MN0302,sfr_1_4,llc,4,13,13,37,0.3076923076923077,0.35135135135135137,false
SI0106,mixed_use_res,individual,83,139,214,515,0.3878504672897196,0.26990291262135924,false
MN1101,mixed_use_res,trust,1,3,315,9889,0.0031746031746031746,0.0003033673778946304,false
BK0801,sfr_1_4,coop_corp,1,4,897,2190,0.0011148272017837235,0.0018264840182648401,false
QN0801,mixed_use_res,trust,3,4,63,423,0.047619047619047616,0.009456264775413711,false
BK1204,mixed_use_res,corp,30,172,271,1189,0.11070110701107011,0.14465937762825903,false
BK0703,mixed_use_res,corp,161,705,757,3357,0.21268163804491413,0.21000893655049152,false
BK1202,small_mf,individual,49,312,211,1567,0.23222748815165878,0.19910657306955967,false
MN0802,sfr_1_4,unknown,23,32,825,1103,0.027878787878787878,0.02901178603807797,false
BK1601,mixed_use_res,trust,13,30,301,3474,0.04318936877076412,0.008635578583765112,false
BK0701,sfr_1_4,llc,221,534,2634,5057,0.08390280941533788,0.1055962032825786,false
QN0502,small_mf,corp,58,360,1219,7794,0.0475799835931091,0.046189376443418015,false
MN1203,mixed_use_res,corp,15,1311,92,5883,0.16304347826086957,0.2228454869964304,false
QN0704,small_mf,unknown,5,72,56,567,0.08928571428571429,0.12698412698412698,false
QN1402,sfr_1_4,individual,2685,4792,3258,6007,0.8241252302025782,0.7977359746961877,false
QN0504,mixed_use_res,llc,66,321,148,662,0.44594594594594594,0.48489425981873113,false
MN0301,mixed_use_res,unknown,55,699,633,10815,0.08688783570300158,0.06463245492371705,false
QN1104,sfr_1_4,unknown,17,19,2981,3609,0.0057027843005702785,0.005264616237184816,false
BK0702,small_mf,individual,122,803,549,3970,0.2222222222222222,0.20226700251889168,false
BK1503,other_res,trust,3,1,30,7,,,true
BX0703,other_res,individual,2,6,6,15,0.3333333333333333,0.4,false
MN0603,sfr_1_4,unknown,6,14,140,293,0.04285714285714286,0.04778156996587031,false
BX0403,large_mf,individual,8,356,209,12011,0.03827751196172249,0.029639497127633002,false
BK1501,condo_unit,unknown,2,18,41,389,0.04878048780487805,0.04627249357326478,false
MN1202,small_mf,corp,10,133,58,710,0.1724137931034483,0.18732394366197183,false
MN0803,large_mf,individual,20,1021,292,10156,0.0684931506849315,0.10053170539582512,false
QN0401,sfr_1_4,llc,388,1016,5747,12724,0.06751348529667653,0.07984910405532851,false
BX0502,mixed_use_res,corp,18,946,132,5832,0.13636363636363635,0.1622085048010974,false
SI0107,sfr_1_4,llc,304,532,5469,7431,0.05558603035289816,0.0715919795451487,false
MN0901,condo_unit,llc,2,183,3,239,0.6666666666666666,0.7656903765690377,false
SI0201,other_res,individual,14,13,22,28,0.6363636363636364,0.4642857142857143,false
BK0601,sfr_1_4,hdfc,4,14,3993,9824,0.0010017530678687703,0.0014250814332247557,false
BK1301,other_res,individual,4,3,6,3,,,true
BX0701,sfr_1_4,corp,10,18,463,864,0.02159827213822894,0.020833333333333332,false
QN0701,sfr_1_4,individual,4321,7080,5016,8299,0.8614433811802232,0.8531148331124232,false
BK1201,small_mf,llc,69,507,166,1202,0.41566265060240964,0.42179700499168055,false
BX0601,large_mf,partnership,2,180,73,4020,0.0273972602739726,0.04477611940298507,false
QN0804,sfr_1_4,lender_reo,1,1,3107,3509,0.000321853878339234,0.00028498147620404675,false
BX0502,sfr_1_4,corp,12,31,378,811,0.031746031746031744,0.03822441430332922,false
BX0802,mixed_use_res,unknown,3,88,52,1686,0.057692307692307696,0.05219454329774614,false
QN0803,other_res,individual,2,3,4,6,,,true
BX0702,other_res,individual,1,1,1,1,,,true
QN0402,sfr_1_4,llc,355,992,3555,8998,0.09985935302390998,0.11024672149366525,false
BK0702,mixed_use_res,unknown,24,253,668,3476,0.03592814371257485,0.07278481012658228,false
BK1402,mixed_use_res,unknown,13,72,380,1924,0.034210526315789476,0.037422037422037424,false
QN1301,sfr_1_4,llc,133,180,3946,4273,0.03370501773948302,0.04212497074654809,false
QN1102,large_mf,llc,4,124,12,676,0.3333333333333333,0.1834319526627219,false
BK0901,sfr_1_4,llc,198,446,2061,3827,0.09606986899563319,0.11654037104781813,false
BX1201,sfr_1_4,lender_reo,12,20,5063,10321,0.002370136282836263,0.0019377967251235344,false
QN1401,mixed_use_res,hdfc,3,353,88,2938,0.03409090909090909,0.12014976174268209,false
BX1104,other_res,individual,1,0,2,2,,,true
BK1204,large_mf,llc,23,1084,36,1781,0.6388888888888888,0.6086468276249298,false
BK0104,other_res,trust,1,1,16,18,0.0625,0.05555555555555555,false
BK0103,large_mf,individual,2,98,27,1458,0.07407407407407407,0.06721536351165981,false
BK0602,mixed_use_res,corp,108,659,813,6895,0.13284132841328414,0.09557650471356055,false
BX0701,sfr_1_4,unknown,3,3,463,864,0.0064794816414686825,0.003472222222222222,false
BK1001,small_mf,llc,192,1390,392,2660,0.4897959183673469,0.5225563909774437,false
QN1201,large_mf,hdfc,2,133,103,8070,0.019417475728155338,0.016480793060718712,false
QN0802,mixed_use_res,trust,2,4,77,699,0.025974025974025976,0.005722460658082976,false
SI0303,sfr_1_4,corp,29,46,8145,9998,0.0035604665438919584,0.004600920184036807,false
BK0204,small_mf,partnership,4,35,221,1796,0.01809954751131222,0.019487750556792874,false
QN0601,condo_unit,individual,9,458,13,830,0.6923076923076923,0.5518072289156627,false
BK1704,sfr_1_4,trust,229,552,2873,7336,0.07970762269404803,0.0752453653217012,false
QN0302,sfr_1_4,llc,241,516,4274,7367,0.05638745905474965,0.07004207954391203,false
QN0101,other_res,trust,1,2,15,22,0.06666666666666667,0.09090909090909091,false
BK0505,mixed_use_res,unknown,8,596,223,1971,0.03587443946188341,0.3023845763571791,false
BK0505,sfr_1_4,hdfc,2,7,3092,6414,0.000646830530401035,0.001091362644215778,false
QN0705,other_res,corp,1,1,7,8,,,true
BK0101,mixed_use_res,corp,67,549,765,10849,0.08758169934640522,0.050603742280394506,false
QN0802,sfr_1_4,llc,203,333,4227,5652,0.048024603737875565,0.0589171974522293,false
QN0302,small_mf,corp,4,25,27,167,0.14814814814814814,0.1497005988023952,false
QN0303,large_mf,hdfc,1,30,18,859,0.05555555555555555,0.034924330616996506,false
MN0901,sfr_1_4,individual,6,13,10,23,0.6,0.5652173913043478,false
QN0904,other_res,llc,2,3,8,14,0.25,0.21428571428571427,false
BX1003,sfr_1_4,corp,62,120,4287,7062,0.014462327968276184,0.016992353440951572,false
MN0903,small_mf,llc,122,1074,260,2283,0.46923076923076923,0.4704336399474376,false
BX1002,mixed_use_res,unknown,2,5,129,525,0.015503875968992248,0.009523809523809525,false
SI0107,other_res,individual,7,6,22,23,0.3181818181818182,0.2608695652173913,false
QN1206,mixed_use_res,corp,28,53,203,386,0.13793103448275862,0.13730569948186527,false
BX0401,mixed_use_res,unknown,15,1490,146,8646,0.10273972602739725,0.17233402729585937,false
MN0301,large_mf,hdfc,4,358,29,1037,0.13793103448275862,0.3452266152362584,false
QN0102,large_mf,corp,7,596,41,3006,0.17073170731707318,0.19827012641383898,false
QN1306,sfr_1_4,partnership,1,1,3879,5984,0.0002577984016499098,0.00016711229946524063,false
MN0903,large_mf,individual,3,209,249,9583,0.012048192771084338,0.021809454241886673,false
QN1307,other_res,llc,1,0,5,4,,,true
BK1202,large_mf,corp,15,610,93,3968,0.16129032258064516,0.1537298387096774,false
QN0902,mixed_use_res,llc,194,470,414,975,0.46859903381642515,0.48205128205128206,false
BX0303,large_mf,unknown,19,957,121,4954,0.15702479338842976,0.19317723052079128,false
BK0401,mixed_use_res,individual,166,1030,744,6374,0.22311827956989247,0.16159397552557264,false
QN0602,large_mf,partnership,6,624,81,8320,0.07407407407407407,0.075,false
BK0601,condo_unit,corp,2,28,285,2572,0.007017543859649123,0.01088646967340591,false
MN1002,sfr_1_4,lender_reo,1,4,747,1950,0.0013386880856760374,0.0020512820512820513,false
BK1601,large_mf,llc,20,640,46,2019,0.43478260869565216,0.316988608221892,false
BX1103,sfr_1_4,lender_reo,11,16,4865,7773,0.0022610483042137717,0.002058407307345941,false
MN1101,small_mf,partnership,10,106,169,1674,0.05917159763313609,0.06332138590203107,false
BX0202,condo_unit,corp,1,8,9,889,0.1111111111111111,0.008998875140607425,false
BX0701,coop_building,hdfc,7,230,13,1715,0.5384615384615384,0.13411078717201166,false
QN1203,sfr_1_4,partnership,5,11,7998,10970,0.000625156289072268,0.0010027347310847766,false
BK0201,large_mf,unknown,2,40,31,1607,0.06451612903225806,0.024891101431238332,false
BX0602,other_res,corp,1,1,3,2,,,true
BX0501,small_mf,llc,79,909,110,1201,0.7181818181818181,0.7568692756036636,false
BK0502,other_res,corp,2,4,30,34,0.06666666666666667,0.11764705882352941,false
BK1704,other_res,corp,1,2,4,6,,,true
MN1001,other_res,individual,1,1,1,1,,,true
MN0301,other_res,unknown,1,2,9,17,0.1111111111111111,0.11764705882352941,false
QN0502,large_mf,unknown,4,173,34,1278,0.11764705882352941,0.13536776212832552,false
QN1201,sfr_1_4,unknown,26,52,3451,6074,0.007534048101999421,0.008561080013170892,false
BX0901,sfr_1_4,llc,317,994,2991,7957,0.10598462052825142,0.12492145280884756,false
QN0501,coop_building,coop_corp,2,450,2,450,1.0,1.0,false
QN0104,mixed_use_res,individual,100,357,427,2559,0.234192037470726,0.1395076201641266,false
QN1003,sfr_1_4,lender_reo,4,5,5062,6854,0.0007902015013828526,0.0007295010213014298,false
BX1003,other_res,unknown,2,0,15,11,0.13333333333333333,0.0,false
BX0602,large_mf,hdfc,36,1699,135,6149,0.26666666666666666,0.27630509025857863,false
BK1303,large_mf,individual,1,84,80,4830,0.0125,0.017391304347826087,false
QN0402,other_res,corp,3,6,43,78,0.06976744186046512,0.07692307692307693,false
BK0203,small_mf,corp,19,143,171,1367,0.1111111111111111,0.10460863204096561,false
MN1202,large_mf,llc,208,8907,316,13645,0.6582278481012658,0.652766581165262,false
BK0902,mixed_use_res,corp,37,156,422,4554,0.08767772511848342,0.034255599472990776,false
BX0402,small_mf,unknown,3,30,57,589,0.05263157894736842,0.050933786078098474,false
BK0401,sfr_1_4,corp,39,109,1734,4088,0.02249134948096886,0.02666340508806262,false
BK0203,sfr_1_4,partnership,1,3,1236,3154,0.0008090614886731392,0.0009511731135066582,false
SI0101,condo_unit,individual,3,169,4,169,0.75,1.0,false
SI0106,condo_unit,individual,2,88,4,140,0.5,0.6285714285714286,false
MN0801,mixed_use_res,unknown,92,7374,480,24363,0.19166666666666668,0.3026720847186307,false
BX1103,mixed_use_res,llc,24,66,62,132,0.3870967741935484,0.5,false
QN1401,mixed_use_res,corp,14,535,88,2938,0.1590909090909091,0.18209666439754935,false
BX1201,condo_unit,llc,2,48,3,56,0.6666666666666666,0.8571428571428571,false
BK0602,coop_building,hdfc,25,121,429,4665,0.05827505827505827,0.025937834941050376,false
QN0201,other_res,unknown,1,0,6,6,,,true
BX0703,mixed_use_res,individual,11,83,107,3703,0.102803738317757,0.022414258709154738,false
BX0601,condo_unit,individual,1,12,4,439,0.25,0.02733485193621868,false
BX1102,small_mf,trust,7,37,63,421,0.1111111111111111,0.08788598574821853,false
BX0503,large_mf,partnership,2,166,185,7546,0.010810810810810811,0.021998409753511795,false
BK1503,large_mf,llc,28,2246,40,3058,0.7,0.7344669718770438,false
BK1803,small_mf,individual,2,14,8,65,0.25,0.2153846153846154,false
MN1202,mixed_use_res,unknown,36,1738,227,9502,0.15859030837004406,0.1829088612923595,false
QN0103,mixed_use_res,llc,337,2535,607,4409,0.5551894563426688,0.5749603084599683,false
BX0901,small_mf,unknown,7,74,153,1393,0.0457516339869281,0.05312275664034458,false
BK1503,sfr_1_4,individual,6706,10418,8148,12884,0.8230240549828178,0.8085998137224465,false
BK1704,small_mf,hdfc,2,12,129,995,0.015503875968992248,0.012060301507537688,false
BK0301,small_mf,trust,15,96,775,6301,0.01935483870967742,0.015235676876686241,false
BK0802,small_mf,lender_reo,1,6,1035,9165,0.000966183574879227,0.0006546644844517185,false
MN0303,large_mf,partnership,8,399,256,8965,0.03125,0.044506413831567206,false
BK0102,mixed_use_res,trust,33,94,992,14214,0.03326612903225806,0.006613198255241311,false
SI0301,condo_unit,individual,1,30,2,49,0.5,0.6122448979591837,false
QN0802,mixed_use_res,llc,32,430,77,699,0.4155844155844156,0.6151645207439199,false
BK0701,sfr_1_4,partnership,2,6,2634,5057,0.0007593014426727411,0.0011864741941862765,false
QN0102,mixed_use_res,trust,3,9,148,2896,0.02027027027027027,0.003107734806629834,false
SI0105,sfr_1_4,partnership,2,4,8454,10801,0.0002365744026496333,0.0003703360799925933,false
QN0302,coop_building,coop_corp,1,42,1,42,1.0,1.0,false
QN0501,other_res,corp,1,2,46,62,0.021739130434782608,0.03225806451612903,false
BK0602,small_mf,llc,327,2819,551,4630,0.5934664246823956,0.6088552915766738,false
BK0302,sfr_1_4,partnership,11,38,6616,15509,0.0016626360338573155,0.0024501902121348896,false
QN0103,condo_unit,individual,22,347,49,925,0.4489795918367347,0.37513513513513513,false
BK1801,large_mf,individual,2,125,32,1952,0.0625,0.06403688524590163,false
MN0701,condo_unit,llc,3,69,14,794,0.21428571428571427,0.08690176322418136,false
BX0603,other_res,individual,2,4,5,10,0.4,0.4,false
QN0105,large_mf,llc,20,1123,32,1588,0.625,0.7071788413098237,false
QN0104,large_mf,llc,52,1488,85,2349,0.611764705882353,0.6334610472541508,false
QN1205,mixed_use_res,corp,30,51,266,527,0.11278195488721804,0.0967741935483871,false
BK1802,other_res,llc,2,4,4,4,,,true
QN1102,small_mf,individual,6,42,24,207,0.25,0.2028985507246377,false
BK1402,sfr_1_4,trust,296,458,2377,3642,0.12452671434581405,0.1257550796265788,false
MN0701,small_mf,trust,7,54,254,2436,0.027559055118110236,0.022167487684729065,false
BK1401,small_mf,llc,115,1371,159,1903,0.7232704402515723,0.72044140830268,false
BK1002,coop_building,coop_corp,5,238,5,238,1.0,1.0,false
BK1201,sfr_1_4,llc,204,534,1602,4068,0.12734082397003746,0.13126843657817108,false
BX0202,mixed_use_res,corp,29,622,150,4942,0.19333333333333333,0.12585997571833266,false
BX0701,small_mf,corp,21,220,94,1043,0.22340425531914893,0.2109300095877277,false
SI0304,condo_unit,individual,4,10,5,10,0.8,1.0,false
SI0305,mixed_use_res,partnership,1,2,71,140,0.014084507042253521,0.014285714285714285,false
QN0103,condo_unit,llc,19,297,49,925,0.3877551020408163,0.3210810810810811,false
QN0902,condo_unit,individual,1,87,1,87,1.0,1.0,false
MN0902,mixed_use_res,llc,31,1361,62,1947,0.5,0.6990241397021058,false
QN0102,large_mf,partnership,1,60,41,3006,0.024390243902439025,0.01996007984031936,false
BX0602,sfr_1_4,llc,161,394,996,2199,0.16164658634538154,0.17917235106866758,false
BK1302,condo_unit,individual,7,31,10,207,0.7,0.1497584541062802,false
BK0401,sfr_1_4,individual,1242,2797,1734,4088,0.7162629757785467,0.6841976516634051,false
BK0104,condo_unit,hdfc,1,0,179,1607,0.00558659217877095,0.0,false
QN1302,large_mf,llc,1,48,2,99,0.5,0.48484848484848486,false
BK0901,small_mf,llc,86,984,141,1603,0.6099290780141844,0.6138490330630069,false
BX0303,coop_building,hdfc,4,178,6,288,0.6666666666666666,0.6180555555555556,false
BK1002,condo_unit,unknown,3,26,41,522,0.07317073170731707,0.04980842911877394,false
QN0103,other_res,llc,8,15,17,31,0.47058823529411764,0.4838709677419355,false
BK0802,small_mf,hdfc,60,511,1035,9165,0.057971014492753624,0.05575559192580469,false
BK0103,condo_unit,corp,8,201,300,2535,0.02666666666666667,0.07928994082840236,false
MN0402,large_mf,unknown,40,1471,193,9703,0.20725388601036268,0.15160259713490673,false
BX0602,sfr_1_4,corp,23,55,996,2199,0.023092369477911646,0.02501136880400182,false
BX0101,mixed_use_res,partnership,5,210,325,9740,0.015384615384615385,0.021560574948665298,false
MN0603,small_mf,corp,16,132,108,1011,0.14814814814814814,0.13056379821958458,false
MN0802,other_res,unknown,2,3,22,33,0.09090909090909091,0.09090909090909091,false
BK0302,other_res,individual,6,9,14,20,0.42857142857142855,0.45,false
BX0402,sfr_1_4,corp,7,15,328,802,0.021341463414634148,0.018703241895261846,false
BK0601,mixed_use_res,individual,260,1589,920,12490,0.2826086956521739,0.12722177742193755,false
BK0503,mixed_use_res,hdfc,8,390,252,2760,0.031746031746031744,0.14130434782608695,false
BK1701,condo_unit,individual,4,145,13,274,0.3076923076923077,0.5291970802919708,false
BK1502,sfr_1_4,unknown,27,41,5130,7306,0.005263157894736842,0.005611825896523406,false
BX0601,large_mf,hdfc,19,1049,73,4020,0.2602739726027397,0.2609452736318408,false
MN0303,sfr_1_4,corp,5,18,109,275,0.045871559633027525,0.06545454545454546,false
BK0101,other_res,individual,5,7,12,15,0.4166666666666667,0.4666666666666667,false
MN0901,large_mf,individual,11,777,37,2810,0.2972972972972973,0.2765124555160142,false
MN1002,condo_unit,corp,1,38,78,1134,0.01282051282051282,0.03350970017636684,false
BK1503,mixed_use_res,unknown,17,190,289,1686,0.058823529411764705,0.11269276393831554,false
QN0101,other_res,individual,8,9,15,22,0.5333333333333333,0.4090909090909091,false
BX1202,sfr_1_4,trust,241,419,6181,10976,0.03899045461899369,0.03817419825072886,false
BX0501,mixed_use_res,partnership,6,257,97,5793,0.061855670103092786,0.04436388745037114,false
SI0104,large_mf,partnership,3,256,23,2203,0.13043478260869565,0.11620517476168861,false
BX0802,condo_unit,llc,1,0,3,34,0.3333333333333333,0.0,false
SI0101,sfr_1_4,trust,88,140,2208,3594,0.03985507246376811,0.038953811908736785,false
MN0702,small_mf,individual,114,941,819,7622,0.1391941391941392,0.12345840986617686,false
QN0201,condo_unit,corp,4,18,51,1606,0.0784313725490196,0.0112079701120797,false
BK1801,sfr_1_4,corp,97,165,10386,15181,0.00933949547467745,0.01086884921941901,false
QN0707,mixed_use_res,unknown,34,2301,528,12834,0.06439393939393939,0.17928938756428237,false
MN0901,sfr_1_4,trust,2,4,10,23,0.2,0.17391304347826086,false
MN1201,mixed_use_res,hdfc,13,1320,283,10139,0.045936395759717315,0.13019035407831148,false
QN1101,mixed_use_res,trust,9,13,130,250,0.06923076923076923,0.052,false
BK1401,large_mf,unknown,49,2447,357,17441,0.13725490196078433,0.14030158821168512,false
MN0301,mixed_use_res,hdfc,3,538,633,10815,0.004739336492890996,0.049745723532131296,false
BK1502,large_mf,unknown,6,273,79,4614,0.0759493670886076,0.05916775032509753,false
MN0303,coop_building,hdfc,49,854,199,5803,0.24623115577889448,0.1471652593486128,false
SI0301,sfr_1_4,unknown,44,59,5757,6951,0.007642869550112906,0.008487987339951087,false
QN1401,other_res,individual,17,20,21,24,0.8095238095238095,0.8333333333333334,false
QN1305,small_mf,llc,1,7,2,13,0.5,0.5384615384615384,false
QN1101,sfr_1_4,trust,791,1056,8026,10569,0.09855469723398953,0.09991484530229917,false
MN1102,other_res,corp,1,1,7,12,0.14285714285714285,0.08333333333333333,false
BX0402,large_mf,individual,6,264,131,7482,0.04580152671755725,0.03528468323977546,false
BK0901,mixed_use_res,hdfc,1,11,352,4798,0.002840909090909091,0.0022926219258024177,false
BK1061,sfr_1_4,unknown,1,1,10,21,0.1,0.047619047619047616,false
BK1403,sfr_1_4,individual,3601,4875,4771,6689,0.7547683923705722,0.7288084915532964,false
BX1102,other_res,corp,2,4,12,9,,,true
BX0101,sfr_1_4,partnership,6,22,879,1805,0.006825938566552901,0.01218836565096953,false
BK0102,sfr_1_4,individual,514,1308,907,2446,0.5667034178610805,0.5347506132461161,false
BK0703,sfr_1_4,individual,2213,5165,2774,6516,0.7977649603460707,0.7926642111724984,false
BX0403,mixed_use_res,individual,8,83,104,4773,0.07692307692307693,0.017389482505761576,false
BX0201,large_mf,hdfc,12,571,48,2131,0.25,0.2679493195682778,false
BK0104,large_mf,llc,30,1932,58,3261,0.5172413793103449,0.5924563017479301,false
QN1203,other_res,individual,9,8,15,14,0.6,0.5714285714285714,false
MN0201,other_res,individual,2,4,20,43,0.1,0.09302325581395349,false
SI0101,small_mf,llc,26,232,54,467,0.48148148148148145,0.49678800856531047,false
BK1103,other_res,llc,3,4,3,4,,,true
QN0201,large_mf,llc,27,3439,33,4573,0.8181818181818182,0.7520227421823749,false
BX0802,large_mf,hdfc,1,44,62,4114,0.016129032258064516,0.0106951871657754,false
BK1601,small_mf,corp,30,224,375,3002,0.08,0.07461692205196535,false
QN0402,large_mf,corp,3,487,36,5034,0.08333333333333333,0.09674215335717123,false
QN0303,coop_building,hdfc,1,3,3,313,0.3333333333333333,0.009584664536741214,false
QN1401,condo_unit,unknown,3,3,10,140,0.3,0.02142857142857143,false
BK1103,sfr_1_4,trust,612,1326,5677,12177,0.10780341729786859,0.10889381621088938,false
SI0105,sfr_1_4,individual,7410,9350,8454,10801,0.8765081618168914,0.8656605869826868,false
QN1206,sfr_1_4,corp,43,75,3701,5046,0.011618481491488787,0.014863258026159334,false
QN0203,other_res,corp,5,7,21,25,0.23809523809523808,0.28,false
BK0301,condo_unit,individual,187,1761,329,3014,0.5683890577507599,0.5842733908427339,false
BK1701,mixed_use_res,lender_reo,1,2,521,4648,0.0019193857965451055,0.0004302925989672978,false
QN0401,other_res,individual,12,15,29,40,0.41379310344827586,0.375,false
BX0401,sfr_1_4,trust,11,25,471,1186,0.02335456475583864,0.021079258010118045,false
BX0603,large_mf,trust,1,24,144,5400,0.006944444444444444,0.0044444444444444444,false
SI0201,large_mf,hdfc,2,450,14,1056,0.14285714285714285,0.42613636363636365,false
BK0103,other_res,unknown,1,2,28,50,0.03571428571428571,0.04,false
MN0602,small_mf,corp,10,105,88,842,0.11363636363636363,0.12470308788598575,false
MN0101,mixed_use_res,trust,2,4,206,21016,0.009708737864077669,0.00019033117624666921,false
SI0202,sfr_1_4,corp,66,108,7616,9710,0.008665966386554622,0.011122554067971163,false
SI0204,other_res,unknown,2,2,15,14,0.13333333333333333,0.14285714285714285,false
QN0707,mixed_use_res,individual,170,4295,528,12834,0.32196969696969696,0.33465793984728065,false
QN1401,large_mf,hdfc,12,1031,70,8678,0.17142857142857143,0.1188061765383729,false
QN0705,mixed_use_res,corp,24,185,196,1122,0.12244897959183673,0.16488413547237077,false
SI0106,small_mf,corp,1,14,23,185,0.043478260869565216,0.07567567567567568,false
QN0902,sfr_1_4,corp,64,135,4021,7106,0.015916438696841582,0.018998029833943147,false
QN0504,condo_unit,corp,1,12,10,165,0.1,0.07272727272727272,false
MN0703,sfr_1_4,trust,12,20,94,172,0.1276595744680851,0.11627906976744186,false
MN1002,large_mf,hdfc,50,4045,204,11714,0.24509803921568626,0.34531330032439816,false
MN0401,small_mf,trust,1,5,223,2449,0.004484304932735426,0.002041649652919559,false
MN0902,sfr_1_4,individual,12,30,17,42,0.7058823529411765,0.7142857142857143,false
BK1401,large_mf,corp,33,1732,357,17441,0.09243697478991597,0.09930623244080042,false
BX1201,sfr_1_4,unknown,23,50,5063,10321,0.0045427612087695045,0.004844491812808836,false
MN0303,other_res,corp,6,12,15,32,0.4,0.375,false
MN0702,large_mf,llc,80,5007,145,8457,0.5517241379310345,0.5920539198297269,false
BX0803,condo_unit,individual,12,525,15,664,0.8,0.7906626506024096,false
BK1702,other_res,individual,5,3,5,3,,,true
BX0101,other_res,individual,3,0,11,14,0.2727272727272727,0.0,false
BK0202,sfr_1_4,trust,87,173,788,1675,0.11040609137055837,0.10328358208955224,false
SI0303,condo_unit,unknown,3,163,18,1049,0.16666666666666666,0.1553860819828408,false
BK1101,small_mf,unknown,3,18,358,2692,0.008379888268156424,0.006686478454680535,false
BX0403,large_mf,unknown,21,1439,209,12011,0.10047846889952153,0.11980684372658397,false
QN0905,mixed_use_res,individual,137,262,372,732,0.3682795698924731,0.35792349726775957,false
BK1602,large_mf,hdfc,15,608,89,4779,0.16853932584269662,0.12722326846620632,false
BK1701,sfr_1_4,hdfc,2,8,2436,4930,0.0008210180623973727,0.0016227180527383367,false
QN0302,small_mf,trust,3,17,27,167,0.1111111111111111,0.10179640718562874,false
BK1201,condo_unit,individual,29,180,45,300,0.6444444444444445,0.6,false
BX0102,sfr_1_4,lender_reo,1,2,803,1674,0.0012453300124533001,0.0011947431302270011,false
QN0705,large_mf,individual,2,87,25,1414,0.08,0.06152758132956153,false
BX0502,condo_unit,individual,1,2,2,5,,,true
BX0901,sfr_1_4,lender_reo,2,4,2991,7957,0.0006686726847208291,0.0005027020233756441,false
BX0602,small_mf,individual,4,37,92,978,0.043478260869565216,0.03783231083844581,false
BK0801,mixed_use_res,coop_corp,1,14,317,3637,0.0031545741324921135,0.00384932636788562,false
MN0803,mixed_use_res,trust,3,36,441,20090,0.006802721088435374,0.001791936286709806,false
BK1001,sfr_1_4,unknown,42,71,7613,12530,0.0055168790227242874,0.005666400638467677,false
QN0707,large_mf,unknown,4,477,74,5915,0.05405405405405406,0.08064243448858834,false
QN0705,small_mf,corp,1,16,40,425,0.025,0.03764705882352941,false
BX1001,mixed_use_res,corp,16,125,109,1212,0.14678899082568808,0.10313531353135313,false
QN1102,mixed_use_res,individual,50,142,153,485,0.32679738562091504,0.2927835051546392,false
QN0103,mixed_use_res,corp,71,407,607,4409,0.11696869851729819,0.09231118167384894,false
BK1501,mixed_use_res,llc,342,1109,592,1820,0.5777027027027027,0.6093406593406593,false
QN0803,large_mf,llc,7,3295,7,3295,1.0,1.0,false
BX1104,small_mf,trust,4,31,97,795,0.041237113402061855,0.0389937106918239,false
BK1302,small_mf,llc,39,282,82,571,0.47560975609756095,0.4938704028021016,false
BK1002,mixed_use_res,corp,91,355,536,1965,0.16977611940298507,0.1806615776081425,false
BX0503,condo_unit,corp,1,94,1,94,1.0,1.0,false
BX0202,mixed_use_res,hdfc,26,1592,150,4942,0.17333333333333334,0.32213678672602186,false
QN0201,small_mf,unknown,3,22,91,673,0.03296703296703297,0.03268945022288262,false
QN0904,other_res,trust,1,3,8,14,0.125,0.21428571428571427,false
BX1103,small_mf,llc,13,91,26,163,0.5,0.558282208588957,false
QN0201,mixed_use_res,trust,7,14,256,22121,0.02734375,0.0006328827810677636,false
QN1402,condo_unit,llc,1,11,18,715,0.05555555555555555,0.015384615384615385,false
MN0702,sfr_1_4,coop_corp,2,5,489,941,0.00408997955010225,0.005313496280552604,false
MN1203,mixed_use_res,llc,57,3465,92,5883,0.6195652173913043,0.588985211626721,false
SI0106,large_mf,individual,2,110,11,505,0.18181818181818182,0.21782178217821782,false
BX0501,large_mf,hdfc,36,2150,197,10732,0.18274111675126903,0.20033544539694373,false
QN0601,coop_building,coop_corp,30,4646,30,4646,1.0,1.0,false
BK0901,mixed_use_res,estate,2,2,352,4798,0.005681818181818182,0.00041684035014589413,false
SI0204,other_res,corp,4,1,15,14,0.26666666666666666,0.07142857142857142,false
BK1803,other_res,trust,3,2,35,35,0.08571428571428572,0.05714285714285714,false
BK0702,other_res,partnership,1,1,21,29,0.047619047619047616,0.034482758620689655,false
BK0402,coop_building,hdfc,10,145,16,217,0.625,0.6682027649769585,false
BK0203,condo_unit,unknown,3,66,50,959,0.06,0.06882168925964546,false
QN1201,sfr_1_4,corp,88,187,3451,6074,0.025499855114459576,0.030786960816595325,false
BX1002,sfr_1_4,unknown,80,123,7355,12021,0.010876954452753228,0.010232093835787373,false
BK0801,small_mf,hdfc,13,129,205,1856,0.06341463414634146,0.06950431034482758,false
QN0102,other_res,individual,1,2,10,16,0.1,0.125,false
QN0105,sfr_1_4,individual,605,1358,815,1846,0.7423312883435583,0.7356446370530878,false
BK1103,small_mf,llc,69,544,153,1084,0.45098039215686275,0.5018450184501845,false
MN0703,sfr_1_4,llc,16,34,94,172,0.1702127659574468,0.19767441860465115,false
SI0101,mixed_use_res,trust,6,16,129,726,0.046511627906976744,0.02203856749311295,false
MN0604,sfr_1_4,trust,11,16,128,212,0.0859375,0.07547169811320754,false
QN1307,sfr_1_4,unknown,35,51,5091,7642,0.006874877234335101,0.006673645642501963,false
BK0503,small_mf,individual,63,383,247,1795,0.2550607287449393,0.21337047353760447,false
MN0302,small_mf,individual,5,48,69,709,0.07246376811594203,0.06770098730606489,false
BK0401,mixed_use_res,partnership,7,91,744,6374,0.009408602150537635,0.014276749294006902,false
BK1601,condo_unit,llc,5,46,26,293,0.19230769230769232,0.15699658703071673,false
BK1802,other_res,individual,2,0,4,4,,,true
QN1201,other_res,individual,2,2,12,19,0.16666666666666666,0.10526315789473684,false
BK1802,large_mf,hdfc,4,96,5,194,0.8,0.4948453608247423,false
BK1701,mixed_use_res,trust,17,44,521,4648,0.03262955854126679,0.00946643717728055,false
QN0201,small_mf,llc,55,376,91,673,0.6043956043956044,0.5586924219910847,false
MN0603,mixed_use_res,llc,217,11491,394,22291,0.550761421319797,0.5154995289578754,false
SI0303,condo_unit,individual,15,886,18,1049,0.8333333333333334,0.8446139180171592,false
QN0201,sfr_1_4,llc,90,202,245,547,0.3673469387755102,0.3692870201096892,false
BX0401,mixed_use_res,partnership,3,372,146,8646,0.02054794520547945,0.04302567661346287,false
BK1403,coop_building,coop_corp,28,2197,28,2197,1.0,1.0,false
BK1202,large_mf,llc,60,2597,93,3968,0.6451612903225806,0.6544858870967742,false
BK1303,mixed_use_res,llc,140,843,276,2217,0.5072463768115942,0.38024357239512857,false
QN1204,mixed_use_res,llc,9,19,28,49,0.32142857142857145,0.3877551020408163,false
SI0302,mixed_use_res,trust,6,6,123,196,0.04878048780487805,0.030612244897959183,false
BK1401,small_mf,trust,1,16,159,1903,0.006289308176100629,0.008407777193904361,false
QN1102,large_mf,corp,5,462,12,676,0.4166666666666667,0.6834319526627219,false
MN0203,coop_building,coop_corp,172,5730,178,5960,0.9662921348314607,0.9614093959731543,false
QN0402,other_res,individual,29,54,43,78,0.6744186046511628,0.6923076923076923,false
BK0101,sfr_1_4,individual,1558,3768,2048,5108,0.7607421875,0.7376664056382146,false
BK0401,large_mf,unknown,4,253,50,2761,0.08,0.09163346613545817,false
QN1307,mixed_use_res,trust,4,4,67,81,0.05970149253731343,0.04938271604938271,false
SI0103,mixed_use_res,individual,32,152,116,322,0.27586206896551724,0.4720496894409938,false
BX0401,mixed_use_res,hdfc,16,1006,146,8646,0.1095890410958904,0.11635438352995604,false
BX0903,large_mf,individual,1,79,30,2471,0.03333333333333333,0.03197086199919061,false
MN0201,small_mf,llc,41,406,66,634,0.6212121212121212,0.6403785488958991,false
MN1202,mixed_use_res,hdfc,4,329,227,9502,0.01762114537444934,0.034624289623237214,false
QN1302,sfr_1_4,llc,153,272,5418,6860,0.02823920265780731,0.03965014577259475,false
QN0401,mixed_use_res,unknown,16,492,514,6458,0.0311284046692607,0.07618457726850418,false
BK0101,large_mf,llc,26,1031,37,1440,0.7027027027027027,0.7159722222222222,false
BK1601,other_res,individual,3,1,6,3,,,true
QN0102,small_mf,trust,3,27,145,1127,0.020689655172413793,0.023957409050576754,false
BK1301,other_res,llc,2,0,6,3,,,true
BX0802,small_mf,individual,2,19,14,134,0.14285714285714285,0.1417910447761194,false
QN0203,sfr_1_4,llc,269,669,3914,8071,0.06872764435360246,0.08288935695700657,false
QN0702,coop_building,coop_corp,44,1939,44,1939,1.0,1.0,false
MN1202,other_res,individual,1,1,3,4,,,true
MN0801,sfr_1_4,corp,6,10,177,259,0.03389830508474576,0.03861003861003861,false
MN0701,sfr_1_4,unknown,1,2,103,191,0.009708737864077669,0.010471204188481676,false
MN1201,sfr_1_4,individual,101,222,173,410,0.5838150289017341,0.5414634146341464,false
BX0904,small_mf,corp,5,44,16,130,0.3125,0.3384615384615385,false
QN1101,small_mf,llc,16,161,25,245,0.64,0.6571428571428571,false
BK1801,coop_building,coop_corp,12,2085,12,2085,1.0,1.0,false
BK0203,small_mf,hdfc,3,25,171,1367,0.017543859649122806,0.018288222384784197,false
MN1102,small_mf,partnership,19,210,257,2543,0.07392996108949416,0.08257963035784506,false
BK1701,condo_unit,llc,8,108,13,274,0.6153846153846154,0.39416058394160586,false
QN0805,condo_unit,individual,4,105,6,142,0.6666666666666666,0.7394366197183099,false
BK0301,condo_unit,corp,1,8,329,3014,0.00303951367781155,0.0026542800265428003,false
QN0301,sfr_1_4,individual,4753,9201,5591,11008,0.8501162582722233,0.8358466569767442,false
BX0601,sfr_1_4,lender_reo,1,2,247,583,0.004048582995951417,0.003430531732418525,false
QN1202,other_res,corp,2,2,15,13,0.13333333333333333,0.15384615384615385,false
QN0804,mixed_use_res,corp,6,69,57,981,0.10526315789473684,0.07033639143730887,false
MN1002,small_mf,individual,72,643,477,5168,0.1509433962264151,0.12441950464396284,false
QN0301,mixed_use_res,llc,140,2170,333,3273,0.42042042042042044,0.6630003055300947,false
SI0203,sfr_1_4,corp,20,26,7874,9653,0.00254000508001016,0.002693463172070859,false
BK0502,sfr_1_4,partnership,5,14,3977,7756,0.001257229067136032,0.0018050541516245488,false
QN0706,small_mf,corp,4,41,17,120,0.23529411764705882,0.3416666666666667,false
MN0801,mixed_use_res,hdfc,1,11,480,24363,0.0020833333333333333,0.0004515043303369864,false
QN0804,sfr_1_4,trust,348,377,3107,3509,0.11200514966205342,0.10743801652892562,false
MN0701,mixed_use_res,partnership,3,64,220,24731,0.013636363636363636,0.002587845214508107,false
MN0604,sfr_1_4,unknown,5,7,128,212,0.0390625,0.0330188679245283,false
QN0802,small_mf,individual,4,24,17,123,0.23529411764705882,0.1951219512195122,false
MN0101,condo_unit,llc,4,98,16,1054,0.25,0.09297912713472485,false
BK1502,small_mf,individual,11,85,40,346,0.275,0.24566473988439305,false
BX1104,sfr_1_4,lender_reo,1,2,1171,2506,0.0008539709649871904,0.0007980845969672786,false
QN0402,condo_unit,llc,2,27,29,396,0.06896551724137931,0.06818181818181818,false
BK1802,sfr_1_4,corp,55,96,10567,15121,0.0052048831267152455,0.006348786455922227,false
SI0305,condo_unit,unknown,1,44,3,114,0.3333333333333333,0.38596491228070173,false
QN0103,sfr_1_4,unknown,34,85,2242,5281,0.015165031222123104,0.01609543647036546,false
MN0604,small_mf,individual,7,62,72,722,0.09722222222222222,0.08587257617728532,false
QN1102,other_res,corp,2,2,8,8,,,true
QN1001,sfr_1_4,lender_reo,32,46,13198,19671,0.0024246097893620244,0.0023384677952315593,false
MN0803,sfr_1_4,llc,37,65,147,231,0.25170068027210885,0.2813852813852814,false
QN0402,mixed_use_res,unknown,14,125,382,2350,0.03664921465968586,0.05319148936170213,false
MN0401,small_mf,partnership,1,16,223,2449,0.004484304932735426,0.006533278889342589,false
MN1002,other_res,unknown,1,1,3,8,,,true
QN1003,mixed_use_res,corp,3,6,54,75,0.05555555555555555,0.08,false
BX0902,mixed_use_res,hdfc,2,173,36,1350,0.05555555555555555,0.12814814814814815,false
QN1301,sfr_1_4,corp,25,32,3946,4273,0.0063355296502787635,0.007488883688275216,false
QN0101,large_mf,llc,39,1482,80,3301,0.4875,0.4489548621629809,false
BX1101,sfr_1_4,lender_reo,2,5,1470,3225,0.0013605442176870747,0.0015503875968992248,false
MN0203,large_mf,hdfc,1,48,134,4855,0.007462686567164179,0.009886714727085478,false
SI0204,mixed_use_res,individual,33,136,72,198,0.4583333333333333,0.6868686868686869,false
MN1203,other_res,corp,1,2,2,3,,,true
BK1204,condo_unit,individual,32,193,53,532,0.6037735849056604,0.36278195488721804,false
BK1204,small_mf,llc,25,218,40,309,0.625,0.7055016181229773,false
MN1002,large_mf,llc,70,3985,204,11714,0.3431372549019608,0.3401912241761994,false
BK1703,mixed_use_res,llc,146,918,325,1514,0.4492307692307692,0.6063408190224571,false
BK1001,small_mf,unknown,7,60,392,2660,0.017857142857142856,0.022556390977443608,false
SI0101,large_mf,hdfc,2,227,20,1818,0.1,0.12486248624862487,false
MN1001,small_mf,llc,189,1867,404,3791,0.46782178217821785,0.4924821946715906,false
BK1103,large_mf,individual,1,32,68,3438,0.014705882352941176,0.009307737056428156,false
MN0803,small_mf,llc,164,2072,265,3352,0.6188679245283019,0.6181384248210023,false
QN1003,sfr_1_4,corp,40,60,5062,6854,0.007902015013828527,0.008754012255617158,false
BK0401,large_mf,hdfc,7,354,50,2761,0.14,0.1282144150670047,false
QN0203,large_mf,individual,3,121,52,2906,0.057692307692307696,0.04163799036476256,false
BK0802,other_res,individual,4,5,8,11,0.5,0.45454545454545453,false
SI0103,large_mf,individual,1,37,11,2071,0.09090909090909091,0.017865765330758086,false
BK0101,condo_unit,corp,1,8,154,1818,0.006493506493506494,0.0044004400440044,false
SI0304,other_res,unknown,1,1,27,6,,,true
BX1161,mixed_use_res,unknown,1,183,3,189,0.3333333333333333,0.9682539682539683,false
QN0301,other_res,individual,2,1,5,6,,,true
BK0602,small_mf,individual,100,758,551,4630,0.18148820326678766,0.16371490280777537,false
MN0903,mixed_use_res,unknown,28,745,187,4431,0.1497326203208556,0.1681336041525615,false
QN0102,sfr_1_4,unknown,4,9,763,1781,0.005242463958060288,0.0050533408197641775,false
BK0401,condo_unit,unknown,5,63,52,500,0.09615384615384616,0.126,false
BK0401,condo_unit,individual,21,221,52,500,0.40384615384615385,0.442,false
SI0391,mixed_use_res,individual,1,1,1,1,,,true
QN1001,mixed_use_res,partnership,2,3,667,1325,0.0029985007496251873,0.0022641509433962265,false
BK0101,sfr_1_4,llc,340,962,2048,5108,0.166015625,0.18833202819107284,false
BX0603,mixed_use_res,corp,57,976,268,4093,0.2126865671641791,0.23845590031761543,false
QN0804,small_mf,llc,4,28,6,52,0.6666666666666666,0.5384615384615384,false
BX1161,small_mf,hdfc,1,18,1,18,1.0,1.0,false
QN0201,sfr_1_4,trust,22,50,245,547,0.08979591836734693,0.09140767824497258,false
MN1201,large_mf,corp,49,1806,339,12836,0.14454277286135694,0.14069803677157994,false
MN0903,sfr_1_4,partnership,2,8,587,1355,0.0034071550255536627,0.005904059040590406,false
BK0402,sfr_1_4,hdfc,13,43,4406,10316,0.0029505220154334997,0.004168282279953471,false
BK1501,condo_unit,llc,5,55,41,389,0.12195121951219512,0.14138817480719795,false
MN0302,large_mf,corp,5,154,47,2591,0.10638297872340426,0.05943651099961405,false
BK0902,mixed_use_res,partnership,10,193,422,4554,0.023696682464454975,0.04238032498902064,false
SI0103,mixed_use_res,llc,65,117,116,322,0.5603448275862069,0.36335403726708076,false
SI0105,small_mf,unknown,1,8,21,180,0.047619047619047616,0.044444444444444446,false
BX0101,small_mf,corp,14,170,123,1365,0.11382113821138211,0.12454212454212454,false
QN0804,large_mf,corp,3,222,24,2479,0.125,0.08955223880597014,false
QN0502,other_res,trust,1,1,42,64,0.023809523809523808,0.015625,false
BX0703,large_mf,corp,45,1843,215,9963,0.20930232558139536,0.18498444243701695,false
MN0203,small_mf,llc,126,1215,198,1937,0.6363636363636364,0.6272586473928756,false
BX0201,small_mf,individual,4,31,39,310,0.10256410256410256,0.1,false
QN0105,other_res,coop_corp,1,1,15,29,0.06666666666666667,0.034482758620689655,false
BX0503,sfr_1_4,unknown,6,12,195,405,0.03076923076923077,0.02962962962962963,false
BK0104,coop_building,coop_corp,14,2796,22,2902,0.6363636363636364,0.9634734665747761,false
MN0302,sfr_1_4,individual,2,3,13,37,0.15384615384615385,0.08108108108108109,false
BX0401,large_mf,llc,111,7023,201,11485,0.5522388059701493,0.6114932520679147,false
MN1001,small_mf,individual,78,592,404,3791,0.19306930693069307,0.15615932471643365,false
BK0102,small_mf,coop_corp,1,6,460,3497,0.002173913043478261,0.0017157563625965113,false
BX1104,condo_unit,individual,1,6,3,250,0.3333333333333333,0.024,false
MN1202,condo_unit,llc,1,0,7,249,0.14285714285714285,0.0,false
SI0202,small_mf,corp,1,8,18,164,0.05555555555555555,0.04878048780487805,false
QN1301,mixed_use_res,unknown,1,3,50,76,0.02,0.039473684210526314,false
BK0103,large_mf,hdfc,2,98,27,1458,0.07407407407407407,0.06721536351165981,false
QN0601,mixed_use_res,partnership,4,208,91,3043,0.04395604395604396,0.06835359842260927,false
QN0804,sfr_1_4,corp,55,70,3107,3509,0.017701963308657868,0.019948703334283273,false
BX0402,sfr_1_4,trust,4,10,328,802,0.012195121951219513,0.012468827930174564,false
QN1402,other_res,llc,8,5,25,14,0.32,0.35714285714285715,false
QN0904,condo_unit,individual,1,12,1,12,1.0,1.0,false
MN1101,sfr_1_4,individual,23,52,55,144,0.41818181818181815,0.3611111111111111,false
MN0701,other_res,corp,1,1,3,2,,,true
BX0302,sfr_1_4,unknown,3,9,127,274,0.023622047244094488,0.032846715328467155,false
QN1305,small_mf,individual,1,6,2,13,0.5,0.46153846153846156,false
QN0203,mixed_use_res,llc,109,1386,255,2385,0.42745098039215684,0.5811320754716981,false
BX1003,large_mf,corp,12,641,47,2420,0.2553191489361702,0.26487603305785123,false
BK0104,other_res,llc,5,8,16,18,0.3125,0.4444444444444444,false
BK0702,large_mf,unknown,4,116,41,1406,0.0975609756097561,0.08250355618776671,false
BK0201,sfr_1_4,unknown,4,5,576,1008,0.006944444444444444,0.00496031746031746,false
QN0902,other_res,llc,2,6,9,15,0.2222222222222222,0.4,false
BK0101,other_res,unknown,1,1,12,15,0.08333333333333333,0.06666666666666667,false
BK1202,sfr_1_4,llc,842,2011,5735,12755,0.14681778552746294,0.15766366130929046,false
BX0401,mixed_use_res,corp,27,1421,146,8646,0.18493150684931506,0.164353458246588,false
QN0905,sfr_1_4,partnership,1,2,5505,9086,0.00018165304268846503,0.00022011886418666079,false
MN0603,condo_unit,corp,1,2,21,1065,0.047619047619047616,0.0018779342723004694,false
BK0504,small_mf,unknown,50,400,50,400,1.0,1.0,false
QN0203,mixed_use_res,unknown,8,83,255,2385,0.03137254901960784,0.03480083857442348,false
BK1103,small_mf,individual,58,341,153,1084,0.3790849673202614,0.3145756457564576,false
MN0202,condo_unit,unknown,6,46,25,357,0.24,0.12885154061624648,false
QN1002,small_mf,llc,50,308,58,365,0.8620689655172413,0.8438356164383561,false
QN1302,mixed_use_res,corp,5,7,65,108,0.07692307692307693,0.06481481481481481,false
QN0903,sfr_1_4,trust,122,208,3220,5556,0.037888198757763975,0.037437005039596835,false
BK1002,large_mf,corp,5,185,20,700,0.25,0.2642857142857143,false
QN0402,mixed_use_res,trust,18,38,382,2350,0.04712041884816754,0.016170212765957447,false
BX0803,mixed_use_res,unknown,4,913,73,1984,0.0547945205479452,0.46018145161290325,false
BX0101,mixed_use_res,unknown,25,593,325,9740,0.07692307692307693,0.060882956878850106,false
QN0905,large_mf,corp,4,208,18,885,0.2222222222222222,0.23502824858757063,false
QN1202,condo_unit,corp,2,60,4,74,0.5,0.8108108108108109,false
MN0603,sfr_1_4,llc,53,125,140,293,0.37857142857142856,0.42662116040955633,false
QN0801,other_res,unknown,3,3,6,7,,,true
MN0502,small_mf,llc,5,48,9,83,0.5555555555555556,0.5783132530120482,false
BX1102,sfr_1_4,partnership,1,3,3378,6060,0.0002960331557134399,0.0004950495049504951,false
BK0901,mixed_use_res,llc,179,3376,352,4798,0.5085227272727273,0.7036265110462693,false
QN0901,small_mf,corp,4,51,20,251,0.2,0.20318725099601595,false
BX1104,large_mf,corp,20,1751,87,5806,0.22988505747126436,0.301584567688598,false
BX0502,small_mf,individual,8,54,87,856,0.09195402298850575,0.0630841121495327,false
BK1703,condo_unit,individual,1,18,1,18,1.0,1.0,false
BX0803,sfr_1_4,lender_reo,1,3,2203,3066,0.00045392646391284613,0.0009784735812133072,false
BK1803,coop_building,coop_corp,2,150,2,150,1.0,1.0,false
BK1302,large_mf,llc,10,1304,24,2944,0.4166666666666667,0.4429347826086957,false
QN0702,other_res,llc,1,1,10,6,,,true
BK0703,small_mf,unknown,4,26,325,2490,0.012307692307692308,0.010441767068273093,false
MN0603,mixed_use_res,hdfc,1,204,394,22291,0.0025380710659898475,0.009151675564129021,false
MN1203,mixed_use_res,hdfc,1,1,92,5883,0.010869565217391304,0.00016998130205677376,false
BK0201,condo_unit,unknown,5,50,43,409,0.11627906976744186,0.12224938875305623,false
BK0204,condo_unit,llc,25,237,117,1147,0.21367521367521367,0.2066259808195292,false
BK1302,sfr_1_4,individual,1648,2374,1996,3048,0.8256513026052105,0.7788713910761155,false
MN0602,other_res,individual,1,1,5,11,0.2,0.09090909090909091,false
BX0402,sfr_1_4,hdfc,2,6,328,802,0.006097560975609756,0.007481296758104738,false
BK0601,large_mf,partnership,2,220,33,1789,0.06060606060606061,0.12297372833985466,false
BK1103,sfr_1_4,partnership,4,11,5677,12177,0.0007045974986788797,0.0009033423667570009,false
BK0302,small_mf,llc,544,4228,879,6752,0.6188850967007964,0.6261848341232228,false
QN1401,coop_building,hdfc,1,43,5,401,0.2,0.10723192019950124,false
MN0303,small_mf,partnership,6,74,362,3808,0.016574585635359115,0.019432773109243698,false
BX0202,coop_building,hdfc,14,300,32,682,0.4375,0.4398826979472141,false
QN1403,condo_unit,unknown,4,26,16,286,0.25,0.09090909090909091,false
BK0402,small_mf,partnership,28,180,907,6125,0.030871003307607496,0.029387755102040815,false
MN0303,mixed_use_res,partnership,24,375,924,15272,0.025974025974025976,0.024554740701938187,false
MN0402,large_mf,llc,106,5834,193,9703,0.5492227979274611,0.6012573430897661,false
BX0302,mixed_use_res,corp,2,371,43,1793,0.046511627906976744,0.20691578360290017,false
QN0701,small_mf,trust,2,12,47,330,0.0425531914893617,0.03636363636363636,false
BX0201,sfr_1_4,individual,298,721,398,989,0.7487437185929648,0.7290192113245703,false
QN0901,large_mf,hdfc,1,103,56,3355,0.017857142857142856,0.030700447093889718,false
BX0502,sfr_1_4,hdfc,2,5,378,811,0.005291005291005291,0.006165228113440197,false
SI0202,other_res,corp,2,3,22,23,0.09090909090909091,0.13043478260869565,false
BK0402,mixed_use_res,llc,232,1191,456,2173,0.5087719298245614,0.5480901978831109,false
QN0601,mixed_use_res,llc,36,1336,91,3043,0.3956043956043956,0.43904042063752874,false
BK1702,sfr_1_4,trust,366,559,4620,7137,0.07922077922077922,0.07832422586520947,false
BX1001,small_mf,individual,12,70,72,564,0.16666666666666666,0.12411347517730496,false
SI0203,other_res,corp,3,3,11,8,,,true
QN1003,small_mf,individual,2,12,25,157,0.08,0.07643312101910828,false
QN1301,large_mf,individual,1,72,4,400,0.25,0.18,false
BK0204,mixed_use_res,partnership,2,14,235,2733,0.00851063829787234,0.005122575923893158,false
QN0502,large_mf,corp,2,52,34,1278,0.058823529411764705,0.0406885758998435,false
QN0501,mixed_use_res,partnership,3,6,385,950,0.007792207792207792,0.00631578947368421,false
BX1104,large_mf,partnership,2,156,87,5806,0.022988505747126436,0.02686875645883569,false
BK0101,small_mf,individual,439,2888,1050,7287,0.4180952380952381,0.39632221764786607,false
BK1203,coop_building,coop_corp,41,3240,42,3315,0.9761904761904762,0.9773755656108597,false
BX0703,sfr_1_4,unknown,4,9,467,988,0.008565310492505354,0.009109311740890687,false
BK0802,condo_unit,llc,43,324,115,1199,0.3739130434782609,0.2702251876563803,false
QN1103,mixed_use_res,corp,16,27,82,244,0.1951219512195122,0.11065573770491803,false
BK0301,mixed_use_res,corp,58,412,796,6890,0.0728643216080402,0.059796806966618286,false
BK1102,sfr_1_4,llc,141,368,3205,6908,0.043993759750390014,0.05327156919513607,false
MN1202,coop_building,coop_corp,61,5681,64,5790,0.953125,0.9811744386873921,false
BX0603,condo_unit,llc,1,40,1,40,1.0,1.0,false
BK0302,condo_unit,hdfc,2,3,136,1114,0.014705882352941176,0.0026929982046678637,false
BX1001,other_res,llc,4,6,5,8,,,true
BX1004,sfr_1_4,individual,73,122,84,142,0.8690476190476191,0.8591549295774648,false
BK0703,condo_unit,unknown,6,100,21,244,0.2857142857142857,0.4098360655737705,false
QN0303,large_mf,llc,15,672,18,859,0.8333333333333334,0.7823050058207218,false
QN1001,other_res,individual,8,11,24,33,0.3333333333333333,0.3333333333333333,false
BX0602,large_mf,corp,14,749,135,6149,0.1037037037037037,0.12180842413400553,false
QN0501,small_mf,corp,5,34,47,291,0.10638297872340426,0.11683848797250859,false
BK0203,other_res,corp,1,0,8,5,,,true
BK1303,small_mf,trust,2,24,75,579,0.02666666666666667,0.04145077720207254,false
QN0303,mixed_use_res,individual,120,467,369,1688,0.3252032520325203,0.27665876777251186,false
BK0902,other_res,individual,4,1,6,1,,,true
SI0102,large_mf,unknown,5,221,10,660,0.5,0.33484848484848484,false
SI0104,large_mf,llc,11,805,23,2203,0.4782608695652174,0.3654108034498411,false
BX0503,coop_building,coop_corp,2,95,6,193,0.3333333333333333,0.49222797927461137,false
QN1003,sfr_1_4,llc,182,309,5062,6854,0.035954168312919796,0.04508316311642836,false
QN0902,large_mf,corp,6,192,29,1162,0.20689655172413793,0.16523235800344235,false
BX0301,small_mf,llc,59,581,106,1126,0.5566037735849056,0.5159857904085258,false
MN0703,mixed_use_res,hdfc,12,482,168,5863,0.07142857142857142,0.08221047245437489,false
QN1305,sfr_1_4,corp,65,101,6162,7438,0.010548523206751054,0.013578919064264587,false
BX0803,large_mf,individual,9,911,56,4971,0.16071428571428573,0.18326292496479582,false
BX0803,large_mf,corp,4,320,56,4971,0.07142857142857142,0.06437336552001609,false
BK1802,large_mf,llc,1,98,5,194,0.2,0.5051546391752577,false
BK0401,mixed_use_res,estate,1,4,744,6374,0.0013440860215053765,0.0006275494195167869,false
BK1501,other_res,llc,7,7,20,15,0.35,0.4666666666666667,false
QN1101,small_mf,trust,1,5,25,245,0.04,0.02040816326530612,false
QN0504,other_res,individual,10,11,20,26,0.5,0.4230769230769231,false
MN0701,sfr_1_4,partnership,2,2,103,191,0.019417475728155338,0.010471204188481676,false
MN0202,large_mf,corp,3,87,42,1795,0.07142857142857142,0.048467966573816156,false
BK0102,condo_unit,individual,125,2456,192,3282,0.6510416666666666,0.7483241925655089,false
QN0905,other_res,individual,1,0,5,7,,,true
BX0904,large_mf,individual,1,92,10,595,0.1,0.1546218487394958,false
BK0301,other_res,llc,5,3,15,23,0.3333333333333333,0.13043478260869565,false
BK0602,other_res,individual,6,9,13,17,0.46153846153846156,0.5294117647058824,false
BK0801,large_mf,unknown,4,207,45,1767,0.08888888888888889,0.11714770797962648,false
BX0501,large_mf,llc,93,4662,197,10732,0.4720812182741117,0.434401789042117,false
QN0302,sfr_1_4,trust,205,370,4274,7367,0.04796443612540945,0.05022397176598344,false
MN1101,condo_unit,individual,9,134,19,466,0.47368421052631576,0.2875536480686695,false
MN0803,small_mf,individual,16,178,265,3352,0.06037735849056604,0.053102625298329355,false
QN0802,mixed_use_res,individual,30,246,77,699,0.38961038961038963,0.351931330472103,false
BK0101,coop_building,hdfc,9,71,19,202,0.47368421052631576,0.35148514851485146,false
BK1801,mixed_use_res,corp,66,166,398,1017,0.1658291457286432,0.16322517207472959,false
SI0201,sfr_1_4,lender_reo,2,3,7417,9674,0.00026965080221113657,0.0003101095720487906,false
MN0201,mixed_use_res,coop_corp,3,10,780,10500,0.0038461538461538464,0.0009523809523809524,false
BK0203,other_res,llc,2,2,8,5,,,true
BX0202,sfr_1_4,corp,24,69,855,1956,0.028070175438596492,0.0352760736196319,false
BK0802,mixed_use_res,partnership,14,393,731,4435,0.019151846785225718,0.08861330326944758,false
BX0802,small_mf,llc,11,110,14,134,0.7857142857142857,0.8208955223880597,false
BX0602,mixed_use_res,corp,17,761,122,3083,0.13934426229508196,0.24683749594550763,false
BK1601,sfr_1_4,individual,1890,4436,2589,6286,0.7300115874855156,0.7056951956729239,false
BX1101,mixed_use_res,unknown,6,158,152,1717,0.039473684210526314,0.09202096680256261,false
BK0201,large_mf,corp,2,72,31,1607,0.06451612903225806,0.044803982576229,false
BK0502,small_mf,unknown,3,38,172,1391,0.01744186046511628,0.027318475916606758,false
BX0101,other_res,llc,4,7,11,14,0.36363636363636365,0.5,false
MN0401,sfr_1_4,trust,20,41,218,465,0.09174311926605505,0.08817204301075268,false
BX0102,sfr_1_4,individual,669,1337,803,1674,0.8331257783312578,0.7986857825567503,false
MN0402,mixed_use_res,partnership,8,338,494,23228,0.016194331983805668,0.014551403478560359,false
QN1002,mixed_use_res,partnership,1,2,146,263,0.00684931506849315,0.0076045627376425855,false
MN1201,sfr_1_4,trust,13,29,173,410,0.07514450867052024,0.07073170731707316,false
BX0601,sfr_1_4,individual,207,487,247,583,0.8380566801619433,0.8353344768439108,false
MN0703,mixed_use_res,individual,27,1334,168,5863,0.16071428571428573,0.22752856899198362,false
BX0603,sfr_1_4,llc,224,577,658,1597,0.3404255319148936,0.36130244207889795,false
MN0401,sfr_1_4,corp,4,13,218,465,0.01834862385321101,0.02795698924731183,false
BK1704,mixed_use_res,individual,88,272,225,1516,0.39111111111111113,0.17941952506596306,false
BK0503,small_mf,trust,7,41,247,1795,0.02834008097165992,0.022841225626740947,false
QN0901,large_mf,unknown,5,249,56,3355,0.08928571428571429,0.07421758569299552,false
BK0602,mixed_use_res,lender_reo,1,6,813,6895,0.0012300123001230013,0.0008701957940536621,false
QN1201,large_mf,corp,16,849,103,8070,0.1553398058252427,0.10520446096654275,false
BX0801,small_mf,individual,4,20,58,591,0.06896551724137931,0.0338409475465313,false
BK1402,small_mf,trust,4,24,84,870,0.047619047619047616,0.027586206896551724,false
QN1102,sfr_1_4,individual,6682,8629,7981,10543,0.8372384412980829,0.8184577444750071,false
BK1402,sfr_1_4,lender_reo,2,4,2377,3642,0.0008413967185527977,0.001098297638660077,false
BX0301,other_res,llc,1,2,6,8,,,true
BX0402,small_mf,hdfc,6,90,57,589,0.10526315789473684,0.15280135823429541,false
BK0103,large_mf,trust,2,101,27,1458,0.07407407407407407,0.06927297668038408,false
MN1102,condo_unit,individual,21,290,30,658,0.7,0.44072948328267475,false
MN0202,sfr_1_4,trust,11,20,145,256,0.07586206896551724,0.078125,false
BK0801,coop_building,hdfc,2,13,90,2075,0.022222222222222223,0.006265060240963855,false
BX0302,small_mf,corp,4,37,26,311,0.15384615384615385,0.1189710610932476,false
QN0303,condo_unit,llc,3,53,30,492,0.1,0.10772357723577236,false
BK1501,condo_unit,corp,1,14,41,389,0.024390243902439025,0.03598971722365039,false
QN0701,sfr_1_4,trust,347,541,5016,8299,0.0691786283891547,0.06518857693698035,false
BK1701,large_mf,corp,11,395,159,7728,0.06918238993710692,0.05111283643892339,false
BK0202,mixed_use_res,unknown,36,1792,542,19129,0.06642066420664207,0.09367975325422134,false
MN1002,small_mf,hdfc,73,987,477,5168,0.1530398322851153,0.19098297213622292,false
BK0702,sfr_1_4,hdfc,3,9,3240,7420,0.000925925925925926,0.0012129380053908356,false
QN1002,small_mf,corp,4,33,58,365,0.06896551724137931,0.09041095890410959,false
SI0105,sfr_1_4,corp,41,65,8454,10801,0.004849775254317483,0.006017961299879641,false
BK0202,mixed_use_res,trust,14,30,542,19129,0.025830258302583026,0.0015682994406398662,false
BK0204,other_res,individual,2,3,7,11,0.2857142857142857,0.2727272727272727,false
BX0102,other_res,unknown,1,1,5,4,,,true
MN0402,small_mf,corp,26,267,195,2085,0.13333333333333333,0.12805755395683452,false
BX1101,coop_building,coop_corp,20,1875,20,1875,1.0,1.0,false
MN1201,small_mf,hdfc,10,122,119,1351,0.08403361344537816,0.09030347890451518,false
BX0202,small_mf,llc,68,724,112,1180,0.6071428571428571,0.6135593220338983,false
BX0603,mixed_use_res,individual,41,460,268,4093,0.15298507462686567,0.11238700219887612,false
QN0707,mixed_use_res,llc,200,5144,528,12834,0.3787878787878788,0.40081034751441486,false
MN1102,mixed_use_res,partnership,17,367,491,7424,0.034623217922606926,0.04943426724137931,false
QN0203,other_res,unknown,1,2,21,25,0.047619047619047616,0.08,false
SI0104,mixed_use_res,corp,19,33,163,393,0.1165644171779141,0.08396946564885496,false
QN0104,large_mf,unknown,7,185,85,2349,0.08235294117647059,0.07875691783737761,false
QN0501,small_mf,llc,25,157,47,291,0.5319148936170213,0.5395189003436426,false
QN0902,sfr_1_4,partnership,2,5,4021,7106,0.0004973887092762995,0.0007036307345904869,false
QN0707,coop_building,lender_reo,1,91,51,5861,0.0196078431372549,0.015526360689302167,false
BK0203,coop_building,coop_corp,36,1253,37,1411,0.972972972972973,0.8880226789510985,false
BX0702,small_mf,hdfc,2,28,92,925,0.021739130434782608,0.03027027027027027,false
BK0503,sfr_1_4,individual,3621,7251,4379,9160,0.8269011189769354,0.7915938864628821,false
SI0305,mixed_use_res,llc,44,105,71,140,0.6197183098591549,0.75,false
QN0201,small_mf,individual,14,109,91,673,0.15384615384615385,0.16196136701337296,false
MN1102,small_mf,lender_reo,1,11,257,2543,0.0038910505836575876,0.004325599685410932,false
BK1503,sfr_1_4,lender_reo,4,8,8148,12884,0.0004909180166912126,0.0006209251785159888,false
MN0201,sfr_1_4,llc,44,81,89,181,0.4943820224719101,0.44751381215469616,false
BK0203,small_mf,individual,36,240,171,1367,0.21052631578947367,0.1755669348939283,false
BX0101,sfr_1_4,corp,20,39,879,1805,0.022753128555176336,0.021606648199445983,false
BX0702,large_mf,partnership,5,326,310,14209,0.016129032258064516,0.022943205010908577,false
BK1301,mixed_use_res,trust,3,9,57,161,0.05263157894736842,0.055900621118012424,false
SI0103,mixed_use_res,corp,15,48,116,322,0.12931034482758622,0.14906832298136646,false
MN0903,large_mf,hdfc,26,1034,249,9583,0.10441767068273092,0.10789940519670249,false
BK0801,condo_unit,llc,27,249,110,1050,0.24545454545454545,0.23714285714285716,false
BK1204,sfr_1_4,trust,604,1088,4426,7768,0.13646633529145955,0.1400617919670443,false
MN1101,small_mf,individual,17,132,169,1674,0.10059171597633136,0.07885304659498207,false
BK0503,small_mf,corp,16,114,247,1795,0.06477732793522267,0.06350974930362117,false
QN0803,mixed_use_res,individual,15,16,32,106,0.46875,0.1509433962264151,false
QN0501,small_mf,individual,16,95,47,291,0.3404255319148936,0.32646048109965636,false
BK0502,small_mf,corp,18,154,172,1391,0.10465116279069768,0.11071171818835371,false
BX1003,small_mf,unknown,3,27,85,585,0.03529411764705882,0.046153846153846156,false
SI0301,small_mf,llc,5,72,7,92,0.7142857142857143,0.782608695652174,false
MN0302,mixed_use_res,llc,215,3898,483,8960,0.4451345755693582,0.43504464285714284,false
BX0101,mixed_use_res,corp,55,836,325,9740,0.16923076923076924,0.08583162217659138,false
BK0301,small_mf,individual,116,772,775,6301,0.14967741935483872,0.12252023488335186,false
BK0204,mixed_use_res,individual,68,714,235,2733,0.28936170212765955,0.26125137211855104,false
BX0102,sfr_1_4,trust,25,44,803,1674,0.031133250311332503,0.026284348864994027,false
MN0801,small_mf,corp,18,234,139,1777,0.12949640287769784,0.13168261114237478,false
QN1102,mixed_use_res,corp,15,37,153,485,0.09803921568627451,0.07628865979381444,false
BK0602,mixed_use_res,coop_corp,1,7,813,6895,0.0012300123001230013,0.0010152284263959391,false
SI0304,small_mf,llc,1,7,2,18,0.5,0.3888888888888889,false
MN0701,condo_unit,individual,7,429,14,794,0.5,0.5403022670025189,false
MN0803,sfr_1_4,unknown,2,3,147,231,0.013605442176870748,0.012987012987012988,false
BX0703,large_mf,unknown,19,831,215,9963,0.08837209302325581,0.08340861186389642,false
MN0603,large_mf,unknown,30,1378,114,7234,0.2631578947368421,0.1904893558197401,false
QN1202,mixed_use_res,trust,6,14,223,518,0.026905829596412557,0.02702702702702703,false
BK0802,large_mf,unknown,29,1523,251,11258,0.11553784860557768,0.13528157754485698,false
BK1101,mixed_use_res,individual,322,998,1031,4072,0.3123181377303589,0.2450884086444008,false
QN1303,large_mf,llc,11,560,18,1065,0.6111111111111112,0.5258215962441315,false
MN0203,sfr_1_4,partnership,2,4,603,1087,0.003316749585406302,0.0036798528058877645,false
MN0603,coop_building,coop_corp,102,10316,102,10316,1.0,1.0,false
BK0602,sfr_1_4,trust,559,1278,4272,9778,0.13085205992509363,0.13070157496420537,false
SI0107,other_res,corp,4,4,22,23,0.18181818181818182,0.17391304347826086,false
BK1801,mixed_use_res,llc,195,574,398,1017,0.4899497487437186,0.5644051130776795,false
BK1602,small_mf,corp,9,99,144,1213,0.0625,0.08161582852431987,false
QN1203,large_mf,hdfc,1,318,6,927,0.16666666666666666,0.343042071197411,false
BX0802,coop_building,coop_corp,7,799,8,1117,0.875,0.7153088630259624,false
QN1205,mixed_use_res,llc,90,165,266,527,0.3383458646616541,0.31309297912713474,false
BK1701,mixed_use_res,individual,144,364,521,4648,0.2763915547024952,0.0783132530120482,false
BX0201,mixed_use_res,hdfc,5,165,60,2195,0.08333333333333333,0.07517084282460136,false
MN0902,small_mf,individual,4,50,54,629,0.07407407407407407,0.0794912559618442,false
BX1001,large_mf,unknown,3,126,22,1009,0.13636363636363635,0.12487611496531219,false
QN1401,small_mf,hdfc,2,28,49,387,0.04081632653061224,0.07235142118863049,false
SI0102,sfr_1_4,llc,229,466,2375,3437,0.09642105263157895,0.13558335757928425,false
QN0103,sfr_1_4,individual,1598,3647,2242,5281,0.7127564674397859,0.6905889036167393,false
BK1601,small_mf,llc,217,1733,375,3002,0.5786666666666667,0.5772818121252499,false
MN0402,large_mf,corp,30,1199,193,9703,0.15544041450777202,0.12357002988766361,false
QN0701,mixed_use_res,corp,22,51,166,556,0.13253012048192772,0.09172661870503597,false
BX1203,sfr_1_4,unknown,29,48,5840,10397,0.004965753424657535,0.004616716360488602,false
SI0204,mixed_use_res,corp,2,4,72,198,0.027777777777777776,0.020202020202020204,false
SI0104,condo_unit,individual,3,104,7,428,0.42857142857142855,0.24299065420560748,false
BK1703,sfr_1_4,lender_reo,15,30,4821,9008,0.0031113876789047915,0.0033303730017761987,false
QN1306,sfr_1_4,estate,1,2,3879,5984,0.0002577984016499098,0.00033422459893048126,false
QN0202,mixed_use_res,llc,129,2066,247,2945,0.5222672064777328,0.701528013582343,false
MN0702,large_mf,individual,6,285,145,8457,0.041379310344827586,0.033699893579283435,false
BK1202,mixed_use_res,corp,117,503,1139,3863,0.10272168568920105,0.13020968159461557,false
BK0601,small_mf,unknown,23,196,475,3778,0.04842105263157895,0.05187930121757544,false
BK0701,large_mf,unknown,4,404,26,1738,0.15384615384615385,0.23245109321058688,false
BX1202,other_res,corp,4,7,11,9,,,true
BX0302,mixed_use_res,trust,1,34,43,1793,0.023255813953488372,0.018962632459564976,false
SI0204,sfr_1_4,partnership,1,2,7889,11068,0.00012675877804537965,0.00018070112034694616,false
BK1203,mixed_use_res,trust,19,30,238,1224,0.07983193277310924,0.024509803921568627,false
BX1002,small_mf,individual,14,97,54,363,0.25925925925925924,0.26721763085399447,false
MN0801,mixed_use_res,trust,1,12,480,24363,0.0020833333333333333,0.0004925501785494397,false
BX0503,mixed_use_res,hdfc,3,153,80,2432,0.0375,0.06291118421052631,false
BX0401,sfr_1_4,llc,85,238,471,1186,0.18046709129511676,0.20067453625632378,false
BK0302,condo_unit,llc,70,457,136,1114,0.5147058823529411,0.4102333931777379,false
QN0201,mixed_use_res,llc,160,14968,256,22121,0.625,0.6766421047873061,false
MN1002,condo_unit,unknown,4,124,78,1134,0.05128205128205128,0.10934744268077601,false
BK1203,other_res,llc,1,2,13,20,0.07692307692307693,0.1,false
QN1303,large_mf,unknown,2,122,18,1065,0.1111111111111111,0.11455399061032864,false
BX0902,sfr_1_4,individual,2088,3954,2398,4584,0.8707256046705588,0.862565445026178,false
MN0402,sfr_1_4,llc,20,58,51,131,0.39215686274509803,0.44274809160305345,false
MN0803,large_mf,unknown,38,1529,292,10156,0.13013698630136986,0.1505513981882631,false
BX0702,large_mf,llc,205,8998,310,14209,0.6612903225806451,0.6332606094728693,false
BK1803,sfr_1_4,corp,85,165,11663,21999,0.007288004801509046,0.0075003409245874815,false
QN1204,other_res,individual,6,2,11,6,,,true
QN1303,coop_building,coop_corp,3,64,3,64,1.0,1.0,false
BX1004,mixed_use_res,individual,1,1,1,1,,,true
BK0901,mixed_use_res,trust,23,31,352,4798,0.06534090909090909,0.006461025427261359,false
BK1301,small_mf,llc,19,148,33,286,0.5757575757575758,0.5174825174825175,false
BK1601,mixed_use_res,hdfc,13,220,301,3474,0.04318936877076412,0.06332757628094415,false
BX0503,coop_building,hdfc,4,98,6,193,0.6666666666666666,0.5077720207253886,false
BX0902,large_mf,corp,2,199,20,2223,0.1,0.08951866846603689,false
BK0602,sfr_1_4,llc,537,1445,4272,9778,0.12570224719101122,0.1477807322560851,false
QN0702,sfr_1_4,lender_reo,2,2,6178,8190,0.0003237293622531564,0.0002442002442002442,false
BK0503,mixed_use_res,partnership,4,34,252,2760,0.015873015873015872,0.012318840579710146,false
BK1401,mixed_use_res,hdfc,4,461,493,4345,0.008113590263691683,0.10609896432681243,false
MN1203,mixed_use_res,individual,4,271,92,5883,0.043478260869565216,0.046064932857385686,false
BK1101,large_mf,unknown,13,686,143,5771,0.09090909090909091,0.1188702131346387,false
BK0104,small_mf,partnership,7,58,804,5674,0.008706467661691543,0.010222065562213606,false
BX1101,large_mf,llc,52,3670,65,4534,0.8,0.8094397882664314,false
BK0203,small_mf,llc,92,773,171,1367,0.5380116959064327,0.5654718361375274,false
QN1402,small_mf,unknown,1,12,25,209,0.04,0.05741626794258373,false
MN0801,mixed_use_res,llc,259,6998,480,24363,0.5395833333333333,0.28723884579074827,false
QN0707,sfr_1_4,llc,89,229,818,1889,0.10880195599022005,0.1212281630492324,false
BK0702,small_mf,hdfc,9,82,549,3970,0.01639344262295082,0.02065491183879093,false
QN0602,large_mf,hdfc,1,430,81,8320,0.012345679012345678,0.051682692307692304,false
BK1401,sfr_1_4,llc,87,166,1401,2295,0.06209850107066381,0.07233115468409586,false
BK0101,large_mf,individual,4,192,37,1440,0.10810810810810811,0.13333333333333333,false
QN0904,small_mf,individual,10,59,36,249,0.2777777777777778,0.23694779116465864,false
BK0802,mixed_use_res,corp,67,289,731,4435,0.09165526675786594,0.06516347237880496,false
BK0301,mixed_use_res,individual,195,1245,796,6890,0.2449748743718593,0.1806966618287373,false
BX1201,small_mf,trust,2,26,304,2584,0.006578947368421052,0.010061919504643963,false
BK1303,other_res,corp,1,1,3,5,,,true
MN0703,small_mf,llc,91,1028,212,2422,0.42924528301886794,0.4244426094137077,false
BK1301,sfr_1_4,llc,145,339,2075,4379,0.06987951807228916,0.07741493491664764,false
BK1002,small_mf,llc,72,508,160,1106,0.45,0.4593128390596745,false
QN0101,condo_unit,individual,16,1042,21,1107,0.7619047619047619,0.941282746160795,false
QN0504,mixed_use_res,unknown,4,43,148,662,0.02702702702702703,0.0649546827794562,false
BK0503,large_mf,trust,1,36,34,4633,0.029411764705882353,0.007770343190157565,false
BK0501,large_mf,corp,1,54,23,907,0.043478260869565216,0.05953693495038589,false
MN0202,sfr_1_4,corp,4,6,145,256,0.027586206896551724,0.0234375,false
QN0202,sfr_1_4,estate,2,5,2187,4222,0.0009144947416552355,0.0011842728564661299,false
BX1103,other_res,corp,1,1,3,4,,,true
QN1402,other_res,corp,3,3,25,14,0.12,0.21428571428571427,false
SI0304,sfr_1_4,partnership,1,2,11143,15492,0.00008974243919949744,0.00012909888974954814,false
BK0502,other_res,unknown,2,3,30,34,0.06666666666666667,0.08823529411764706,false
BK1203,condo_unit,individual,23,172,29,267,0.7931034482758621,0.6441947565543071,false
QN0105,small_mf,corp,8,53,86,609,0.09302325581395349,0.08702791461412152,false
BX0702,coop_building,coop_corp,22,1611,24,1681,0.9166666666666666,0.9583581201665675,false
MN0901,mixed_use_res,corp,7,206,54,2008,0.12962962962962962,0.10258964143426295,false
BX0503,sfr_1_4,individual,144,291,195,405,0.7384615384615385,0.7185185185185186,false
QN0401,mixed_use_res,trust,21,40,514,6458,0.04085603112840467,0.006193868070610096,false
BK1301,mixed_use_res,llc,22,45,57,161,0.38596491228070173,0.2795031055900621,false
QN0502,sfr_1_4,corp,43,130,5194,12668,0.008278783211397767,0.010262077676034102,false
BK1002,sfr_1_4,corp,64,160,5750,10581,0.011130434782608696,0.01512144409791135,false
MN0203,large_mf,partnership,4,214,134,4855,0.029850746268656716,0.04407826982492276,false
QN1201,sfr_1_4,hdfc,3,5,3451,6074,0.0008693132425383947,0.0008231807704972012,false
QN0701,other_res,trust,2,4,21,20,0.09523809523809523,0.2,false
BK0505,other_res,trust,2,1,29,24,0.06896551724137931,0.041666666666666664,false
BX0202,large_mf,unknown,19,824,140,6046,0.1357142857142857,0.13628845517697652,false
MN0301,sfr_1_4,corp,1,4,13,36,0.07692307692307693,0.1111111111111111,false
MN0604,coop_building,coop_corp,129,11888,129,11888,1.0,1.0,false
QN0102,condo_unit,individual,9,659,45,1067,0.2,0.6176194939081537,false
SI0103,small_mf,individual,2,11,15,144,0.13333333333333333,0.0763888888888889,false
BK1202,large_mf,individual,6,227,93,3968,0.06451612903225806,0.05720766129032258,false
QN0102,large_mf,llc,32,2222,41,3006,0.7804878048780488,0.7391882900864937,false
MN0703,coop_building,coop_corp,124,5379,136,5580,0.9117647058823529,0.9639784946236559,false
BX1102,sfr_1_4,individual,2882,5027,3378,6060,0.8531675547661338,0.8295379537953795,false
MN0401,large_mf,individual,9,1338,155,12357,0.05806451612903226,0.10827870842437484,false
BX1101,small_mf,corp,4,44,52,387,0.07692307692307693,0.11369509043927649,false
BK1302,sfr_1_4,corp,34,78,1996,3048,0.017034068136272545,0.025590551181102362,false
SI0202,coop_building,coop_corp,1,8,1,8,,,true
BK1001,small_mf,corp,28,197,392,2660,0.07142857142857142,0.07406015037593985,false
BK1702,sfr_1_4,lender_reo,9,13,4620,7137,0.001948051948051948,0.0018214936247723133,false
QN0101,mixed_use_res,llc,226,1878,403,2926,0.5607940446650124,0.6418318523581682,false
BK0104,mixed_use_res,corp,118,690,805,6332,0.14658385093167703,0.10897030953885029,false
QN1104,other_res,individual,3,3,4,4,,,true
SI0305,sfr_1_4,llc,174,281,4456,6227,0.03904847396768402,0.045126063915207966,false
BK0602,sfr_1_4,corp,56,152,4272,9778,0.013108614232209739,0.015545101247698916,false
BK1002,sfr_1_4,unknown,39,77,5750,10581,0.006782608695652174,0.007277194972119838,false
MN0901,small_mf,hdfc,1,14,38,429,0.02631578947368421,0.03263403263403263,false
QN0503,sfr_1_4,unknown,28,57,5801,10368,0.004826754007929667,0.005497685185185185,false
BK0102,condo_unit,corp,7,99,192,3282,0.036458333333333336,0.03016453382084095,false
BK1801,large_mf,unknown,1,78,32,1952,0.03125,0.039959016393442626,false
BX1001,small_mf,llc,43,363,72,564,0.5972222222222222,0.6436170212765957,false
QN1003,coop_building,coop_corp,20,2484,20,2484,1.0,1.0,false
BX0102,mixed_use_res,corp,44,1847,221,6180,0.19909502262443438,0.2988673139158576,false
BK1702,sfr_1_4,individual,4052,6216,4620,7137,0.8770562770562771,0.8709541824295922,false
BK1501,mixed_use_res,lender_reo,1,0,592,1820,0.0016891891891891893,0.0,false
MN1102,sfr_1_4,trust,39,111,503,1558,0.0775347912524851,0.07124518613607189,false
QN0104,other_res,llc,6,9,10,14,0.6,0.6428571428571429,false
MN0303,sfr_1_4,individual,50,110,109,275,0.45871559633027525,0.4,false
SI0106,small_mf,trust,1,9,23,185,0.043478260869565216,0.04864864864864865,false
BK0301,mixed_use_res,partnership,5,89,796,6890,0.00628140703517588,0.012917271407837445,false
MN1101,large_mf,partnership,12,357,94,4059,0.1276595744680851,0.08795269770879527,false
QN0704,coop_building,coop_corp,43,4346,43,4346,1.0,1.0,false
MN0903,small_mf,hdfc,17,190,260,2283,0.06538461538461539,0.08322382829610162,false
QN1203,mixed_use_res,individual,77,133,182,337,0.4230769230769231,0.39465875370919884,false
BK1704,mixed_use_res,estate,1,2,225,1516,0.0044444444444444444,0.0013192612137203166,false
QN1401,other_res,llc,4,4,21,24,0.19047619047619047,0.16666666666666666,false
QN0701,mixed_use_res,trust,6,12,166,556,0.03614457831325301,0.02158273381294964,false
BK1301,small_mf,individual,5,25,33,286,0.15151515151515152,0.08741258741258741,false
BX0303,sfr_1_4,corp,18,48,1045,2162,0.01722488038277512,0.022201665124884366,false
QN0602,mixed_use_res,unknown,23,1080,301,7098,0.07641196013289037,0.1521555367709214,false
BX1201,large_mf,individual,1,26,105,5270,0.009523809523809525,0.004933586337760911,false
SI0106,mixed_use_res,hdfc,1,36,214,515,0.004672897196261682,0.06990291262135923,false
BX0101,condo_unit,llc,1,0,3,247,0.3333333333333333,0.0,false
BK0505,coop_building,coop_corp,2,12,2,12,1.0,1.0,false
QN0503,condo_unit,individual,4,105,4,105,1.0,1.0,false
BX0602,sfr_1_4,hdfc,2,4,996,2199,0.002008032128514056,0.0018190086402910413,false
QN0706,small_mf,llc,8,53,17,120,0.47058823529411764,0.44166666666666665,false
BK1503,sfr_1_4,partnership,1,1,8148,12884,0.00012272950417280314,0.0000776156473144986,false
QN0901,sfr_1_4,corp,19,49,1303,2065,0.014581734458940905,0.023728813559322035,false
SI0202,sfr_1_4,llc,288,483,7616,9710,0.037815126050420166,0.04974253347064882,false
BK1401,sfr_1_4,individual,1126,1808,1401,2295,0.8037116345467523,0.7877995642701525,false
BK1301,sfr_1_4,individual,1665,3453,2075,4379,0.8024096385542169,0.7885361954784197,false
QN1202,sfr_1_4,partnership,2,2,6056,9549,0.00033025099075297226,0.00020944601528955913,false
BK1403,mixed_use_res,trust,20,171,328,2214,0.06097560975609756,0.07723577235772358,false
SI0302,small_mf,individual,2,16,8,56,0.25,0.2857142857142857,false
QN0103,small_mf,partnership,5,40,823,6403,0.006075334143377886,0.006247071685147587,false
MN1002,sfr_1_4,hdfc,10,34,747,1950,0.013386880856760375,0.017435897435897435,false
QN0801,sfr_1_4,trust,445,550,3359,4159,0.13247990473355165,0.13224332772301034,false
BX0702,condo_unit,hdfc,2,266,3,284,0.6666666666666666,0.9366197183098591,false
BK1202,mixed_use_res,partnership,1,2,1139,3863,0.000877963125548727,0.0005177323323841574,false
BK1302,other_res,corp,2,2,12,15,0.16666666666666666,0.13333333333333333,false
BK0202,mixed_use_res,hdfc,3,139,542,19129,0.005535055350553505,0.007266454074964714,false
BK0901,sfr_1_4,individual,1479,2674,2061,3827,0.7176128093158661,0.6987196237261563,false
BK0504,sfr_1_4,trust,31,45,484,679,0.0640495867768595,0.0662739322533137,false
QN0504,small_mf,corp,2,22,36,288,0.05555555555555555,0.0763888888888889,false
BX0503,large_mf,corp,41,1690,185,7546,0.22162162162162163,0.22395971375563212,false
QN0303,large_mf,corp,1,25,18,859,0.05555555555555555,0.02910360884749709,false
BK1001,sfr_1_4,estate,2,2,7613,12530,0.0002627085248916327,0.0001596169193934557,false
BK1503,large_mf,individual,4,222,40,3058,0.1,0.07259646827992151,false
BK0202,sfr_1_4,unknown,6,14,788,1675,0.007614213197969543,0.00835820895522388,false
QN0904,sfr_1_4,unknown,12,24,3262,6291,0.003678724708767627,0.003814973772055317,false
MN0803,other_res,corp,1,1,1,1,,,true
BK1703,large_mf,llc,38,1365,47,1705,0.8085106382978723,0.8005865102639296,false
BK0202,mixed_use_res,partnership,4,917,542,19129,0.007380073800738007,0.04793768623555857,false
QN1202,sfr_1_4,estate,1,2,6056,9549,0.00016512549537648613,0.00020944601528955913,false
MN0202,mixed_use_res,unknown,53,1604,386,8046,0.13730569948186527,0.19935371613223962,false
QN1301,coop_building,coop_corp,22,4932,22,4932,1.0,1.0,false
BK1203,sfr_1_4,individual,1888,3828,2350,4853,0.8034042553191489,0.7887904389037709,false
QN1101,mixed_use_res,individual,47,78,130,250,0.36153846153846153,0.312,false
BK0301,sfr_1_4,llc,929,2601,4576,11536,0.20301573426573427,0.22546809986130376,false
BK0204,mixed_use_res,llc,113,1122,235,2733,0.4808510638297872,0.4105378704720088,false
SI0106,mixed_use_res,llc,104,251,214,515,0.48598130841121495,0.487378640776699,false
MN0302,other_res,llc,2,5,6,12,0.3333333333333333,0.4166666666666667,false
SI0103,sfr_1_4,llc,170,300,4412,5499,0.0385312783318223,0.05455537370430987,false
BK0703,coop_building,hdfc,1,17,26,644,0.038461538461538464,0.026397515527950312,false
BK0402,large_mf,corp,3,203,73,3982,0.0410958904109589,0.050979407332998494,false
QN1204,large_mf,hdfc,4,272,10,892,0.4,0.30493273542600896,false
QN1201,sfr_1_4,trust,179,314,3451,6074,0.05186902347145755,0.051695752387224236,false
QN0902,large_mf,individual,2,44,29,1162,0.06896551724137931,0.0378657487091222,false
BK1502,sfr_1_4,corp,28,57,5130,7306,0.005458089668615985,0.007801806734191076,false
BK0204,other_res,llc,4,5,7,11,0.5714285714285714,0.45454545454545453,false
MN0402,large_mf,partnership,6,308,193,9703,0.031088082901554404,0.031742759971142946,false
MN0102,mixed_use_res,unknown,63,1749,424,8933,0.14858490566037735,0.19579088771969103,false
BK0802,large_mf,corp,23,1199,251,11258,0.09163346613545817,0.10650204299165038,false
BX1203,small_mf,llc,82,645,167,1268,0.49101796407185627,0.5086750788643533,false
BX1003,large_mf,llc,28,1286,47,2420,0.5957446808510638,0.531404958677686,false
BX1002,small_mf,unknown,2,13,54,363,0.037037037037037035,0.03581267217630854,false
QN0103,other_res,individual,2,1,17,31,0.11764705882352941,0.03225806451612903,false
SI0303,sfr_1_4,unknown,68,92,8145,9998,0.008348680171884592,0.009201840368073614,false
BK1402,mixed_use_res,llc,199,1380,380,1924,0.5236842105263158,0.7172557172557172,false
QN1206,large_mf,corp,3,222,28,1946,0.10714285714285714,0.11408016443987667,false
QN0303,other_res,corp,1,2,16,25,0.0625,0.08,false
BK1401,mixed_use_res,trust,19,56,493,4345,0.038539553752535496,0.012888377445339471,false
BK1401,other_res,llc,6,8,8,13,0.75,0.6153846153846154,false
BK1101,condo_unit,individual,73,577,87,785,0.8390804597701149,0.7350318471337579,false
BK0601,mixed_use_res,trust,38,98,920,12490,0.041304347826086954,0.007846277021617293,false
SI0302,mixed_use_res,corp,15,20,123,196,0.12195121951219512,0.10204081632653061,false
BK0703,mixed_use_res,partnership,1,2,757,3357,0.001321003963011889,0.0005957700327673518,false
BX0301,sfr_1_4,partnership,1,3,670,1550,0.0014925373134328358,0.001935483870967742,false
MN0801,small_mf,llc,94,1193,139,1777,0.6762589928057554,0.6713562183455262,false
BK0703,small_mf,hdfc,1,8,325,2490,0.003076923076923077,0.00321285140562249,false
QN0904,mixed_use_res,trust,7,18,224,603,0.03125,0.029850746268656716,false
QN1302,sfr_1_4,individual,4799,5983,5418,6860,0.8857511997046881,0.8721574344023324,false
QN0102,other_res,trust,2,3,10,16,0.2,0.1875,false
BK1001,condo_unit,individual,39,536,52,782,0.75,0.6854219948849105,false
MN1001,sfr_1_4,lender_reo,1,1,649,1708,0.0015408320493066256,0.000585480093676815,false
MN0702,mixed_use_res,individual,55,3494,396,19466,0.1388888888888889,0.17949244837151956,false
SI0202,small_mf,unknown,1,16,18,164,0.05555555555555555,0.0975609756097561,false
QN0103,other_res,corp,3,6,17,31,0.17647058823529413,0.1935483870967742,false
QN0902,sfr_1_4,individual,3541,6162,4021,7106,0.8806267097736882,0.867154517309316,false
BK1203,small_mf,corp,9,70,84,688,0.10714285714285714,0.10174418604651163,false
BX0101,small_mf,unknown,14,177,123,1365,0.11382113821138211,0.12967032967032968,false
BK0902,large_mf,corp,14,1207,123,7699,0.11382113821138211,0.15677360696194312,false
QN1103,other_res,trust,2,0,10,7,,,true
BK0902,sfr_1_4,trust,276,472,2728,4928,0.10117302052785923,0.09577922077922078,false
QN1202,condo_unit,unknown,1,12,4,74,0.25,0.16216216216216217,false
BK0104,large_mf,partnership,2,110,58,3261,0.034482758620689655,0.033731984053971174,false
BK0102,small_mf,llc,278,2129,460,3497,0.6043478260869565,0.6088075493279954,false
BX0301,small_mf,partnership,10,132,106,1126,0.09433962264150944,0.1172291296625222,false
BK0104,other_res,unknown,2,3,16,18,0.125,0.16666666666666666,false
BK0102,small_mf,trust,12,83,460,3497,0.02608695652173913,0.023734629682585072,false
BX0402,condo_unit,llc,1,28,2,28,0.5,1.0,false
BK0801,sfr_1_4,corp,17,52,897,2190,0.0189520624303233,0.023744292237442923,false
BK0201,sfr_1_4,trust,67,138,576,1008,0.11631944444444445,0.13690476190476192,false
MN1102,mixed_use_res,llc,214,3030,491,7424,0.43584521384928715,0.40813577586206895,false
QN0902,large_mf,unknown,5,246,29,1162,0.1724137931034483,0.2117039586919105,false
BK0802,mixed_use_res,trust,21,71,731,4435,0.028727770177838577,0.01600901916572717,false
BK0302,small_mf,lender_reo,1,6,879,6752,0.0011376564277588168,0.0008886255924170616,false
QN0903,large_mf,unknown,1,46,4,172,0.25,0.26744186046511625,false
BK1502,sfr_1_4,llc,196,321,5130,7306,0.03820662768031189,0.043936490555707634,false
SI0201,mixed_use_res,corp,27,56,152,275,0.17763157894736842,0.20363636363636364,false
BX1201,other_res,llc,3,4,10,16,0.3,0.25,false
BK0101,large_mf,corp,4,127,37,1440,0.10810810810810811,0.08819444444444445,false
QN1202,small_mf,hdfc,2,19,16,99,0.125,0.1919191919191919,false
QN0303,small_mf,llc,92,704,156,1153,0.5897435897435898,0.6105810928013877,false
MN1201,small_mf,unknown,21,265,119,1351,0.17647058823529413,0.19615099925980756,false
BK0801,small_mf,partnership,3,25,205,1856,0.014634146341463415,0.013469827586206896,false
QN1306,sfr_1_4,llc,138,227,3879,5984,0.03557617942768755,0.037934491978609625,false
MN0303,coop_building,coop_corp,150,4949,199,5803,0.7537688442211056,0.8528347406513872,false
MN0401,condo_unit,unknown,12,336,62,1585,0.1935483870967742,0.21198738170347003,false
QN1206,large_mf,llc,22,1578,28,1946,0.7857142857142857,0.8108941418293937,false
QN0401,sfr_1_4,partnership,3,11,5747,12724,0.0005220114842526536,0.0008645080163470607,false
BX1002,sfr_1_4,lender_reo,6,12,7355,12021,0.0008157715839564922,0.0009982530571499876,false
BK1201,small_mf,trust,11,66,166,1202,0.06626506024096386,0.05490848585690516,false
BK0503,small_mf,partnership,10,66,247,1795,0.04048582995951417,0.03676880222841226,false
MN0602,coop_building,hdfc,2,18,84,6080,0.023809523809523808,0.0029605263157894738,false
MN0203,small_mf,individual,22,168,198,1937,0.1111111111111111,0.0867320598864223,false
QN0102,sfr_1_4,trust,49,113,763,1781,0.06422018348623854,0.06344750140370578,false
QN0705,small_mf,trust,2,12,40,425,0.05,0.02823529411764706,false
BK1503,mixed_use_res,individual,117,657,289,1686,0.40484429065743943,0.3896797153024911,false
MN0901,coop_building,hdfc,3,91,47,3327,0.06382978723404255,0.027351968740607153,false
QN0302,sfr_1_4,corp,72,143,4274,7367,0.016846045858680395,0.01941088638523144,false
BX0202,condo_unit,unknown,1,268,9,889,0.1111111111111111,0.3014623172103487,false
QN1202,sfr_1_4,individual,5418,8416,6056,9549,0.8946499339498019,0.8813488323384647,false
SI0105,small_mf,corp,1,8,21,180,0.047619047619047616,0.044444444444444446,false
BK1001,large_mf,partnership,4,255,171,7768,0.023391812865497075,0.032826982492276,false
QN0503,small_mf,llc,74,489,194,1232,0.38144329896907214,0.3969155844155844,false
SI0106,sfr_1_4,lender_reo,6,6,3777,5507,0.0015885623510722795,0.0010895224260032686,false
QN0402,sfr_1_4,individual,2882,7178,3555,8998,0.810689170182841,0.7977328295176705,false
MN0202,mixed_use_res,corp,44,1084,386,8046,0.11398963730569948,0.13472532935620185,false
BK1202,condo_unit,llc,106,575,613,2615,0.1729200652528548,0.2198852772466539,false
BK0101,small_mf,llc,489,3508,1050,7287,0.4657142857142857,0.48140524221215863,false
QN1204,sfr_1_4,individual,3173,4753,3597,5424,0.8821239922157353,0.8762905604719764,false
MN0502,large_mf,llc,7,1579,10,2556,0.7,0.6177621283255086,false
BK0802,large_mf,partnership,13,768,251,11258,0.05179282868525897,0.06821815597797122,false
BX0802,sfr_1_4,corp,13,23,538,926,0.024163568773234202,0.024838012958963283,false
QN0707,sfr_1_4,corp,20,47,818,1889,0.02444987775061125,0.024880889359449446,false
QN0101,large_mf,trust,1,20,80,3301,0.0125,0.006058770069675856,false
MN0803,small_mf,corp,44,558,265,3352,0.1660377358490566,0.16646778042959426,false
BK1001,large_mf,unknown,13,653,171,7768,0.07602339181286549,0.08406282183316169,false
SI0301,mixed_use_res,unknown,1,2,23,42,0.043478260869565216,0.047619047619047616,false
BX0201,sfr_1_4,lender_reo,1,2,398,989,0.002512562814070352,0.0020222446916076846,false
BK1503,small_mf,trust,3,18,48,336,0.0625,0.05357142857142857,false
MN0703,large_mf,unknown,25,1256,141,7096,0.1773049645390071,0.17700112739571588,false
QN0104,sfr_1_4,corp,39,107,2750,6123,0.014181818181818183,0.017475093908214927,false
MN0901,small_mf,individual,9,89,38,429,0.23684210526315788,0.20745920745920746,false
QN0602,small_mf,corp,9,71,51,379,0.17647058823529413,0.18733509234828497,false
MN0801,small_mf,partnership,1,15,139,1777,0.007194244604316547,0.008441193021947102,false
BK0301,sfr_1_4,estate,2,4,4576,11536,0.00043706293706293706,0.00034674063800277393,false
BX1103,large_mf,llc,1,52,3,105,0.3333333333333333,0.49523809523809526,false
MN0401,sfr_1_4,llc,72,153,218,465,0.3302752293577982,0.32903225806451614,false
BX1104,sfr_1_4,hdfc,1,3,1171,2506,0.0008539709649871904,0.0011971268954509178,false
BK1402,other_res,corp,1,1,5,7,,,true
BK1301,mixed_use_res,corp,4,6,57,161,0.07017543859649122,0.037267080745341616,false
QN1003,condo_unit,corp,1,163,14,1123,0.07142857142857142,0.14514692787177205,false
BX0902,other_res,corp,1,2,9,4,,,true
BX1004,sfr_1_4,llc,10,18,84,142,0.11904761904761904,0.1267605633802817,false
BK1803,large_mf,llc,3,215,7,386,0.42857142857142855,0.5569948186528497,false
QN0902,mixed_use_res,corp,39,82,414,975,0.09420289855072464,0.0841025641025641,false
QN0503,small_mf,corp,19,125,194,1232,0.0979381443298969,0.10146103896103896,false
QN0103,large_mf,partnership,1,54,238,9510,0.004201680672268907,0.0056782334384858045,false
QN1402,condo_unit,individual,16,632,18,715,0.8888888888888888,0.8839160839160839,false
BX1101,mixed_use_res,llc,79,1081,152,1717,0.5197368421052632,0.6295864880605707,false
QN1302,coop_building,coop_corp,9,1474,9,1474,1.0,1.0,false
SI0102,other_res,corp,2,3,10,17,0.2,0.17647058823529413,false
MN0401,small_mf,individual,25,227,223,2449,0.11210762331838565,0.09269089424254798,false
QN1402,mixed_use_res,corp,6,10,46,1205,0.13043478260869565,0.008298755186721992,false
BK1203,sfr_1_4,llc,167,417,2350,4853,0.07106382978723404,0.08592623119719761,false
MN0203,small_mf,trust,7,61,198,1937,0.03535353535353535,0.03149199793495096,false
MN1002,mixed_use_res,partnership,29,737,415,10214,0.06987951807228916,0.07215586449970629,false
MN0201,large_mf,individual,7,276,44,1600,0.1590909090909091,0.1725,false
BK0602,small_mf,coop_corp,2,13,551,4630,0.003629764065335753,0.0028077753779697625,false
BK0101,condo_unit,individual,74,803,154,1818,0.4805194805194805,0.4416941694169417,false
SI0203,sfr_1_4,lender_reo,1,1,7874,9653,0.000127000254000508,0.00010359473738734072,false
QN0504,other_res,corp,4,7,20,26,0.2,0.2692307692307692,false
QN1001,small_mf,corp,1,19,32,240,0.03125,0.07916666666666666,false
SI0107,mixed_use_res,corp,10,23,78,143,0.1282051282051282,0.16083916083916083,false
MN0502,condo_unit,partnership,2,0,8,639,0.25,0.0,false
BK1403,sfr_1_4,llc,324,564,4771,6689,0.06791029134353385,0.08431753625355061,false
QN0401,condo_unit,llc,4,127,55,1265,0.07272727272727272,0.10039525691699605,false
QN1001,sfr_1_4,partnership,2,3,13198,19671,0.00015153811183512653,0.00015250876925423213,false
MN1002,sfr_1_4,partnership,3,12,747,1950,0.004016064257028112,0.006153846153846154,false
MN0702,large_mf,partnership,4,193,145,8457,0.027586206896551724,0.022821331441409482,false
QN0601,small_mf,llc,10,116,12,126,0.8333333333333334,0.9206349206349206,false
SI0201,mixed_use_res,llc,67,109,152,275,0.4407894736842105,0.39636363636363636,false
QN1205,mixed_use_res,trust,5,9,266,527,0.018796992481203006,0.017077798861480076,false
QN1202,coop_building,coop_corp,2,116,2,116,1.0,1.0,false
BX1101,sfr_1_4,trust,46,91,1470,3225,0.031292517006802724,0.028217054263565893,false
BK0505,condo_unit,corp,2,160,2,160,1.0,1.0,false
BX0303,small_mf,unknown,3,24,94,989,0.031914893617021274,0.024266936299292215,false
BK1302,sfr_1_4,partnership,1,1,1996,3048,0.000501002004008016,0.00032808398950131233,false
QN1402,mixed_use_res,individual,14,33,46,1205,0.30434782608695654,0.027385892116182572,false
QN1401,sfr_1_4,unknown,34,44,4906,8222,0.006930289441500204,0.00535149598637801,false
BX0503,mixed_use_res,corp,15,361,80,2432,0.1875,0.1484375,false
QN1302,mixed_use_res,individual,26,39,65,108,0.4,0.3611111111111111,false
SI0101,sfr_1_4,hdfc,1,2,2208,3594,0.0004528985507246377,0.0005564830272676684,false
BX0202,other_res,corp,1,1,1,1,,,true
BK0401,condo_unit,corp,1,18,52,500,0.019230769230769232,0.036,false
BX0503,mixed_use_res,llc,46,1613,80,2432,0.575,0.6632401315789473,false
BK1302,mixed_use_res,llc,62,1487,134,6731,0.4626865671641791,0.22091813994948745,false
SI0201,other_res,trust,1,1,22,28,0.045454545454545456,0.03571428571428571,false
BK1002,small_mf,corp,23,178,160,1106,0.14375,0.1609403254972875,false
QN0302,mixed_use_res,unknown,6,87,149,711,0.040268456375838924,0.12236286919831224,false
MN0101,other_res,individual,1,3,2,4,,,true
BK0602,sfr_1_4,coop_corp,4,11,4272,9778,0.0009363295880149813,0.0011249744323992637,false
MN0903,sfr_1_4,corp,15,38,587,1355,0.02555366269165247,0.028044280442804426,false
BX0904,sfr_1_4,corp,6,12,200,456,0.03,0.02631578947368421,false
QN1306,small_mf,individual,1,5,5,62,0.2,0.08064516129032258,false
BX0401,small_mf,corp,11,104,172,1746,0.06395348837209303,0.05956471935853379,false
BK1201,large_mf,individual,8,279,59,2210,0.13559322033898305,0.1262443438914027,false
BK1202,condo_unit,hdfc,1,36,613,2615,0.0016313213703099511,0.013766730401529637,false
BK1403,small_mf,unknown,4,24,47,396,0.0851063829787234,0.06060606060606061,false
BK1701,other_res,individual,1,0,2,2,,,true
BK0101,sfr_1_4,partnership,1,3,2048,5108,0.00048828125,0.0005873140172278779,false
SI0103,sfr_1_4,lender_reo,2,3,4412,5499,0.00045330915684496827,0.0005455537370430987,false
SI0201,large_mf,individual,3,152,14,1056,0.21428571428571427,0.14393939393939395,false
BK0402,large_mf,partnership,2,83,73,3982,0.0273972602739726,0.02084379708689101,false
BX0602,small_mf,unknown,3,23,92,978,0.03260869565217391,0.023517382413087935,false
MN0301,small_mf,llc,22,246,47,520,0.46808510638297873,0.47307692307692306,false
BK0902,large_mf,hdfc,3,206,123,7699,0.024390243902439025,0.02675672165216262,false
BK0505,sfr_1_4,corp,74,166,3092,6414,0.023932729624838292,0.025880885562831305,false
BK0102,sfr_1_4,corp,32,92,907,2446,0.03528114663726571,0.03761242845461979,false
SI0103,large_mf,hdfc,6,1520,11,2071,0.5454545454545454,0.7339449541284404,false
QN0104,sfr_1_4,individual,2113,4534,2750,6123,0.7683636363636364,0.7404866895312755,false
MN1201,large_mf,llc,217,8203,339,12836,0.640117994100295,0.6390620130881894,false
MN0701,large_mf,corp,10,803,56,5881,0.17857142857142858,0.1365414045230403,false
BX0202,sfr_1_4,partnership,3,9,855,1956,0.0035087719298245615,0.004601226993865031,false
QN0701,mixed_use_res,llc,85,346,166,556,0.5120481927710844,0.6223021582733813,false
QN0703,mixed_use_res,llc,11,31,25,55,0.44,0.5636363636363636,false
BX0901,coop_building,coop_corp,6,516,13,1498,0.46153846153846156,0.3444592790387183,false
MN0301,large_mf,unknown,3,68,29,1037,0.10344827586206896,0.06557377049180328,false
BX0403,mixed_use_res,trust,1,2,104,4773,0.009615384615384616,0.0004190236748376283,false
SI0101,large_mf,llc,9,511,20,1818,0.45,0.2810781078107811,false
QN1002,other_res,individual,12,3,13,7,,,true
BK0204,large_mf,unknown,6,237,54,2481,0.1111111111111111,0.09552599758162031,false
BX0401,sfr_1_4,individual,359,884,471,1186,0.7622080679405521,0.7453625632377741,false
BK1601,large_mf,individual,2,180,46,2019,0.043478260869565216,0.08915304606240713,false
BK0204,small_mf,llc,122,1010,221,1796,0.5520361990950227,0.5623608017817372,false
BK0401,sfr_1_4,hdfc,8,28,1734,4088,0.00461361014994233,0.00684931506849315,false
BK0901,mixed_use_res,individual,95,602,352,4798,0.26988636363636365,0.12546894539391412,false
BX0102,large_mf,llc,31,1152,83,4088,0.37349397590361444,0.28180039138943247,false
MN1002,condo_unit,individual,59,852,78,1134,0.7564102564102564,0.7513227513227513,false
MN0803,large_mf,hdfc,2,51,292,10156,0.00684931506849315,0.005021662071681764,false
QN1205,coop_building,coop_corp,1,80,1,80,1.0,1.0,false
BK1602,mixed_use_res,unknown,21,303,312,4348,0.0673076923076923,0.06968721251149954,false
BK1802,mixed_use_res,trust,11,15,218,400,0.05045871559633028,0.0375,false
SI0203,mixed_use_res,corp,3,107,65,227,0.046153846153846156,0.4713656387665198,false
QN0704,sfr_1_4,partnership,5,9,6823,9873,0.0007328154770628756,0.0009115770282588879,false
BK0802,sfr_1_4,trust,214,485,3421,8038,0.06255480853551593,0.06033839263498383,false
QN0104,small_mf,partnership,1,8,590,3907,0.001694915254237288,0.002047606859482979,false
BK0601,large_mf,hdfc,3,154,33,1789,0.09090909090909091,0.08608160983789827,false
BK0302,other_res,unknown,2,2,14,20,0.14285714285714285,0.1,false
BK0302,mixed_use_res,unknown,27,206,692,4891,0.03901734104046243,0.04211817624207728,false
MN1101,sfr_1_4,llc,20,56,55,144,0.36363636363636365,0.3888888888888889,false
BK0502,mixed_use_res,hdfc,7,352,354,3198,0.01977401129943503,0.11006879299562226,false
BX0601,mixed_use_res,llc,26,642,56,2638,0.4642857142857143,0.24336618650492797,false
SI0304,sfr_1_4,lender_reo,3,4,11143,15492,0.00026922731759849235,0.0002581977794990963,false
QN0802,large_mf,corp,1,180,10,694,0.1,0.25936599423631124,false
MN0701,sfr_1_4,llc,44,80,103,191,0.42718446601941745,0.418848167539267,false
BX0102,condo_unit,individual,6,306,7,571,0.8571428571428571,0.5359019264448336,false
MN0602,large_mf,unknown,11,463,71,2895,0.15492957746478872,0.1599309153713299,false
QN0102,other_res,corp,4,6,10,16,0.4,0.375,false
BK0502,small_mf,lender_reo,1,6,172,1391,0.005813953488372093,0.004313443565780014,false
BK1502,small_mf,trust,4,32,40,346,0.1,0.09248554913294797,false
BK0402,mixed_use_res,partnership,10,193,456,2173,0.021929824561403508,0.08881730326737229,false
BK0505,mixed_use_res,corp,23,92,223,1971,0.1031390134529148,0.04667681380010147,false
BK0204,coop_building,hdfc,6,60,45,3386,0.13333333333333333,0.01772002362669817,false
MN0901,sfr_1_4,llc,2,6,10,23,0.2,0.2608695652173913,false
BX0501,mixed_use_res,individual,12,73,97,5793,0.12371134020618557,0.012601415501467287,false
BX0601,sfr_1_4,trust,8,17,247,583,0.032388663967611336,0.029159519725557463,false
QN0401,small_mf,corp,36,369,242,1981,0.1487603305785124,0.18626956082786472,false
BK1801,sfr_1_4,partnership,2,3,10386,15181,0.00019256691700365877,0.00019761544035307293,false
BK0802,large_mf,llc,144,6016,251,11258,0.5737051792828686,0.5343755551607745,false
QN0503,large_mf,individual,4,203,9,379,0.4444444444444444,0.5356200527704486,false
MN0101,sfr_1_4,trust,1,3,6,10,0.16666666666666666,0.3,false
BX0903,other_res,individual,5,1,9,5,,,true
BK1303,large_mf,corp,7,589,80,4830,0.0875,0.12194616977225672,false
BK1602,small_mf,partnership,1,12,144,1213,0.006944444444444444,0.00989282769991756,false
BX0301,small_mf,trust,1,6,106,1126,0.009433962264150943,0.0053285968028419185,false
BX0901,other_res,individual,2,4,4,7,,,true
BK0104,sfr_1_4,llc,292,777,1418,3346,0.2059238363892807,0.23221757322175732,false
MN1201,mixed_use_res,partnership,5,119,283,10139,0.0176678445229682,0.011736857678272018,false
QN1304,sfr_1_4,unknown,41,44,5145,5729,0.007968901846452867,0.007680223424681445,false
BK0601,condo_unit,trust,1,2,285,2572,0.0035087719298245615,0.0007776049766718507,false
QN0101,sfr_1_4,individual,4398,8785,5703,11779,0.7711730668069438,0.7458188301214025,false
BX1101,small_mf,unknown,1,8,52,387,0.019230769230769232,0.020671834625323,false
QN0102,mixed_use_res,llc,73,1933,148,2896,0.49324324324324326,0.6674723756906077,false
MN0402,other_res,corp,2,2,6,10,0.3333333333333333,0.2,false
SI0106,sfr_1_4,llc,343,639,3777,5507,0.09081281440296532,0.1160341383693481,false
BK1502,sfr_1_4,lender_reo,2,4,5130,7306,0.0003898635477582846,0.0005474952094169176,false
MN1101,mixed_use_res,individual,51,1981,315,9889,0.1619047619047619,0.20032359186975426,false
MN0302,other_res,corp,2,3,6,12,0.3333333333333333,0.25,false
QN0401,small_mf,partnership,4,68,242,1981,0.01652892561983471,0.034326097930338216,false
QN0704,condo_unit,llc,2,0,22,591,0.09090909090909091,0.0,false
BX0102,small_mf,corp,10,93,105,1035,0.09523809523809523,0.08985507246376812,false
BK0602,large_mf,hdfc,1,154,42,1677,0.023809523809523808,0.09183064997018485,false
BK0101,mixed_use_res,hdfc,1,373,765,10849,0.00130718954248366,0.03438104894460319,false
MN0102,mixed_use_res,corp,43,566,424,8933,0.10141509433962265,0.06336057315571476,false
SI0303,mixed_use_res,individual,11,14,17,23,0.6470588235294118,0.6086956521739131,false
QN0502,small_mf,trust,41,250,1219,7794,0.033634126333059886,0.03207595586348473,false
QN1401,coop_building,coop_corp,4,358,5,401,0.8,0.8927680798004988,false
MN0602,large_mf,llc,44,1660,71,2895,0.6197183098591549,0.5734024179620034,false
QN0201,condo_unit,llc,21,439,51,1606,0.4117647058823529,0.27334993773349936,false
BK1503,sfr_1_4,unknown,40,61,8148,12884,0.004909180166912126,0.004734554486184415,false
MN0303,large_mf,individual,17,664,256,8965,0.06640625,0.07406581148912438,false
SI0104,sfr_1_4,lender_reo,8,11,7165,9522,0.0011165387299371947,0.0011552194917034237,false
BK0204,small_mf,corp,16,154,221,1796,0.07239819004524888,0.08574610244988864,false
BX1203,small_mf,corp,21,176,167,1268,0.12574850299401197,0.138801261829653,false
MN0703,small_mf,trust,3,26,212,2422,0.014150943396226415,0.010734929810074319,false
MN1203,mixed_use_res,partnership,1,60,92,5883,0.010869565217391304,0.010198878123406425,false
BK0802,large_mf,hdfc,22,1067,251,11258,0.08764940239043825,0.09477704743293658,false
MN1102,mixed_use_res,hdfc,28,1020,491,7424,0.05702647657841141,0.13739224137931033,false
BK0801,sfr_1_4,llc,138,395,897,2190,0.15384615384615385,0.18036529680365296,false
MN0502,condo_unit,individual,3,337,8,639,0.375,0.5273865414710485,false
MN0501,other_res,unknown,4,10,32,56,0.125,0.17857142857142858,false
BK0505,mixed_use_res,llc,82,335,223,1971,0.36771300448430494,0.16996448503297817,false
BX0903,large_mf,llc,20,1884,30,2471,0.6666666666666666,0.7624443545123432,false
BK0203,sfr_1_4,trust,137,355,1236,3154,0.11084142394822007,0.11255548509828789,false
QN1101,condo_unit,individual,12,280,13,296,0.9230769230769231,0.9459459459459459,false
QN1303,sfr_1_4,unknown,55,65,10963,13419,0.005016874942990058,0.004843878083314703,false
BK1103,small_mf,corp,18,149,153,1084,0.11764705882352941,0.13745387453874539,false
BK1002,mixed_use_res,individual,158,442,536,1965,0.2947761194029851,0.22493638676844785,false
BK1501,small_mf,corp,9,109,81,640,0.1111111111111111,0.1703125,false
BK1103,condo_unit,individual,46,403,56,586,0.8214285714285714,0.6877133105802048,false
BK1703,sfr_1_4,corp,66,134,4821,9008,0.013690105787181083,0.014875666074600355,false
SI0102,other_res,llc,5,9,10,17,0.5,0.5294117647058824,false
QN1204,large_mf,corp,2,244,10,892,0.2,0.273542600896861,false
BK0902,mixed_use_res,unknown,15,378,422,4554,0.035545023696682464,0.08300395256916997,false
QN1403,small_mf,llc,24,190,65,489,0.36923076923076925,0.3885480572597137,false
BK0901,sfr_1_4,trust,337,604,2061,3827,0.16351285783600195,0.1578259733472694,false
QN1204,mixed_use_res,trust,1,1,28,49,0.03571428571428571,0.02040816326530612,false
MN0201,large_mf,corp,11,337,44,1600,0.25,0.210625,false
SI0304,sfr_1_4,llc,312,505,11143,15492,0.027999641030243202,0.03259746966176091,false
BK0801,small_mf,trust,5,34,205,1856,0.024390243902439025,0.018318965517241378,false
QN1103,sfr_1_4,trust,566,649,4985,5765,0.1135406218655968,0.11257588898525585,false
QN0704,sfr_1_4,trust,754,1091,6823,9873,0.11050857394108164,0.11050339309227185,false
BK0703,small_mf,individual,104,673,325,2490,0.32,0.27028112449799196,false
QN0905,small_mf,unknown,1,12,31,299,0.03225806451612903,0.04013377926421405,false
MN0302,small_mf,llc,38,417,69,709,0.5507246376811594,0.5881523272214386,false
BX0502,large_mf,corp,45,2482,245,12528,0.1836734693877551,0.1981162196679438,false
BX1102,small_mf,unknown,2,11,63,421,0.031746031746031744,0.026128266033254157,false
BX0301,large_mf,corp,15,750,110,4679,0.13636363636363635,0.16029066039752085,false
MN0602,mixed_use_res,corp,47,566,249,8098,0.18875502008032127,0.06989380093850334,false
BK1703,other_res,trust,2,2,13,13,0.15384615384615385,0.15384615384615385,false
SI0202,mixed_use_res,trust,8,10,109,194,0.07339449541284404,0.05154639175257732,false
MN0203,mixed_use_res,coop_corp,5,213,602,9155,0.008305647840531562,0.02326597487711633,false
BX0302,large_mf,individual,7,278,45,2014,0.15555555555555556,0.13803376365441908,false
BX0101,other_res,corp,3,3,11,14,0.2727272727272727,0.21428571428571427,false
SI0106,condo_unit,unknown,1,46,4,140,0.25,0.32857142857142857,false
QN0905,sfr_1_4,lender_reo,8,12,5505,9086,0.0014532243415077202,0.0013207131851199648,false
SI0202,condo_unit,llc,1,2,16,591,0.0625,0.00338409475465313,false
MN0202,small_mf,unknown,9,67,86,715,0.10465116279069768,0.0937062937062937,false
MN0604,mixed_use_res,hdfc,1,8,372,16437,0.002688172043010753,0.00048670681997931497,false
QN1204,sfr_1_4,llc,141,238,3597,5424,0.03919933277731443,0.04387905604719764,false
BK1704,small_mf,trust,1,9,129,995,0.007751937984496124,0.009045226130653266,false
BK0701,coop_building,hdfc,1,8,44,1503,0.022727272727272728,0.0053226879574184965,false
MN1001,small_mf,lender_reo,1,9,404,3791,0.0024752475247524753,0.002374043787918755,false
MN0302,small_mf,unknown,7,56,69,709,0.10144927536231885,0.07898448519040903,false
BK1001,other_res,corp,3,3,21,24,0.14285714285714285,0.125,false
QN1306,sfr_1_4,lender_reo,12,18,3879,5984,0.0030935808197989174,0.0030080213903743314,false
QN1201,sfr_1_4,llc,214,455,3451,6074,0.06201101130107215,0.0749094501152453,false
BK0703,small_mf,llc,142,1227,325,2490,0.4369230769230769,0.4927710843373494,false
QN0103,sfr_1_4,partnership,1,2,2242,5281,0.00044603033006244426,0.0003787161522438932,false
BX1102,mixed_use_res,unknown,1,2,115,786,0.008695652173913044,0.002544529262086514,false
BK1802,coop_building,coop_corp,7,446,7,446,1.0,1.0,false
SI0102,coop_building,coop_corp,1,7,1,7,,,true
MN1202,coop_building,hdfc,3,109,64,5790,0.046875,0.018825561312607944,false
BK0602,sfr_1_4,partnership,3,8,4272,9778,0.0007022471910112359,0.0008181632235631009,false
BX0901,small_mf,hdfc,10,166,153,1393,0.06535947712418301,0.1191672648959081,false
MN0703,large_mf,trust,1,97,141,7096,0.0070921985815602835,0.01366967305524239,false
BX0503,sfr_1_4,llc,31,77,195,405,0.15897435897435896,0.19012345679012346,false
BK0201,mixed_use_res,corp,26,286,194,3653,0.13402061855670103,0.07829181494661921,false
MN0201,other_res,unknown,2,5,20,43,0.1,0.11627906976744186,false
QN0704,other_res,individual,8,1,15,7,,,true
BK0701,mixed_use_res,llc,119,801,214,1684,0.5560747663551402,0.47565320665083133,false
MN0301,sfr_1_4,trust,2,7,13,36,0.15384615384615385,0.19444444444444445,false
QN0502,sfr_1_4,trust,329,774,5194,12668,0.06334231805929919,0.061098831701926114,false
QN1403,small_mf,individual,30,215,65,489,0.46153846153846156,0.4396728016359918,false
BX1002,sfr_1_4,llc,440,972,7355,12021,0.05982324949014276,0.08085849762914898,false
QN0203,coop_building,coop_corp,17,2981,17,2981,1.0,1.0,false
BK0802,condo_unit,unknown,13,138,115,1199,0.11304347826086956,0.11509591326105087,false
BK0301,sfr_1_4,hdfc,32,117,4576,11536,0.006993006993006993,0.010142163661581138,false
QN0701,sfr_1_4,unknown,27,46,5016,8299,0.005382775119617225,0.005542836486323654,false
BK0503,condo_unit,individual,1,12,3,95,0.3333333333333333,0.12631578947368421,false
MN0701,mixed_use_res,individual,41,7456,220,24731,0.18636363636363637,0.3014839674901945,false
QN0804,mixed_use_res,trust,4,113,57,981,0.07017543859649122,0.11518858307849134,false
BK0402,sfr_1_4,trust,199,461,4406,10316,0.04516568315932819,0.044687863512989534,false
BX0601,condo_unit,hdfc,2,264,4,439,0.5,0.6013667425968109,false
MN0303,condo_unit,unknown,9,155,46,556,0.1956521739130435,0.2787769784172662,false
BK1601,sfr_1_4,partnership,2,4,2589,6286,0.000772499034376207,0.0006363347120585428,false
BX0403,sfr_1_4,unknown,3,8,416,961,0.007211538461538462,0.008324661810613945,false
MN1002,sfr_1_4,unknown,10,24,747,1950,0.013386880856760375,0.012307692307692308,false
BK0103,small_mf,unknown,1,11,100,764,0.01,0.014397905759162303,false
BX0101,mixed_use_res,hdfc,28,1171,325,9740,0.08615384615384615,0.1202258726899384,false
SI0102,large_mf,hdfc,2,172,10,660,0.2,0.2606060606060606,false
BX0402,large_mf,partnership,5,350,131,7482,0.03816793893129771,0.04677893611333868,false
BX0401,small_mf,individual,13,86,172,1746,0.0755813953488372,0.049255441008018326,false
MN0901,large_mf,trust,2,116,37,2810,0.05405405405405406,0.04128113879003559,false
QN0802,sfr_1_4,unknown,16,23,4227,5652,0.003785190442394133,0.004069355980184005,false
QN1201,other_res,corp,3,6,12,19,0.25,0.3157894736842105,false
QN0303,small_mf,trust,1,6,156,1153,0.00641025641025641,0.005203816131830009,false
BX0603,small_mf,partnership,5,52,198,1974,0.025252525252525252,0.02634245187436677,false
QN1206,other_res,individual,6,6,7,8,,,true
QN1403,coop_building,coop_corp,15,4107,15,4107,1.0,1.0,false
BK0401,large_mf,partnership,3,182,50,2761,0.06,0.0659181455994205,false
MN0802,small_mf,corp,38,402,199,2018,0.19095477386934673,0.199207135777998,false
MN1101,large_mf,llc,47,1878,94,4059,0.5,0.4626755358462675,false
BK0501,mixed_use_res,unknown,14,433,432,2854,0.032407407407407406,0.15171688857743518,false
SI0201,condo_unit,individual,11,374,13,544,0.8461538461538461,0.6875,false
SI0106,small_mf,llc,15,130,23,185,0.6521739130434783,0.7027027027027027,false
QN0703,mixed_use_res,individual,9,14,25,55,0.36,0.2545454545454545,false
BX0902,sfr_1_4,trust,102,197,2398,4584,0.042535446205170975,0.042975567190226875,false
QN0905,other_res,llc,1,1,5,7,,,true
BK0901,large_mf,individual,6,200,175,9552,0.03428571428571429,0.020938023450586266,false
MN0901,other_res,corp,1,1,3,3,,,true
BK0402,small_mf,corp,65,414,907,6125,0.07166482910694598,0.06759183673469388,false
BX1002,sfr_1_4,partnership,5,12,7355,12021,0.0006798096532970768,0.0009982530571499876,false
QN1403,small_mf,trust,3,17,65,489,0.046153846153846156,0.034764826175869123,false
QN0706,condo_unit,individual,1,14,2,21,0.5,0.6666666666666666,false
BK0503,condo_unit,unknown,1,56,3,95,0.3333333333333333,0.5894736842105263,false
QN0801,coop_building,coop_corp,43,5751,43,5751,1.0,1.0,false
BX0102,mixed_use_res,llc,113,1455,221,6180,0.5113122171945701,0.2354368932038835,false
BX1201,large_mf,hdfc,11,880,105,5270,0.10476190476190476,0.16698292220113853,false
MN0201,large_mf,llc,20,764,44,1600,0.45454545454545453,0.4775,false
QN0901,condo_unit,unknown,3,161,9,264,0.3333333333333333,0.6098484848484849,false
BK1402,condo_unit,individual,14,208,24,367,0.5833333333333334,0.5667574931880109,false
BX0701,large_mf,corp,29,1138,214,9375,0.13551401869158877,0.12138666666666667,false
BK0801,mixed_use_res,partnership,4,293,317,3637,0.012618296529968454,0.08056090184217762,false
MN0502,mixed_use_res,unknown,50,3530,318,15266,0.15723270440251572,0.2312328049259793,false
BK1801,small_mf,lender_reo,1,10,21,214,0.047619047619047616,0.04672897196261682,false
MN1101,sfr_1_4,unknown,2,8,55,144,0.03636363636363636,0.05555555555555555,false
MN0203,other_res,individual,6,11,11,20,0.5454545454545454,0.55,false
BK1401,sfr_1_4,corp,21,39,1401,2295,0.014989293361884369,0.01699346405228758,false
MN1001,mixed_use_res,corp,27,475,285,6308,0.09473684210526316,0.07530120481927711,false
BK1803,small_mf,unknown,1,7,8,65,0.125,0.1076923076923077,false
MN0703,large_mf,partnership,5,297,141,7096,0.03546099290780142,0.04185456595264938,false
QN0105,large_mf,unknown,2,44,32,1588,0.0625,0.027707808564231738,false
BK1303,sfr_1_4,lender_reo,3,5,1121,2472,0.0026761819803746653,0.0020226537216828477,false
MN0202,other_res,corp,3,6,10,23,0.3,0.2608695652173913,false
SI0301,mixed_use_res,individual,14,16,23,42,0.6086956521739131,0.38095238095238093,false
QN0805,small_mf,unknown,1,6,49,382,0.02040816326530612,0.015706806282722512,false
QN0801,large_mf,llc,19,1952,22,2101,0.8636363636363636,0.9290813898143742,false
MN0701,small_mf,partnership,7,76,254,2436,0.027559055118110236,0.031198686371100164,false
QN0902,large_mf,hdfc,1,117,29,1162,0.034482758620689655,0.10068846815834767,false
MN0202,other_res,individual,4,13,10,23,0.4,0.5652173913043478,false
BX0801,large_mf,individual,7,585,128,7084,0.0546875,0.08258046301524562,false
BX1161,mixed_use_res,individual,1,4,3,189,0.3333333333333333,0.021164021164021163,false
BK0503,other_res,trust,2,2,17,18,0.11764705882352941,0.1111111111111111,false
BX1201,sfr_1_4,partnership,1,3,5063,10321,0.00019751135690302193,0.0002906695087685302,false
BX0903,mixed_use_res,unknown,6,157,95,1835,0.06315789473684211,0.08555858310626703,false
BK1204,mixed_use_res,individual,71,160,271,1189,0.26199261992619927,0.1345668629100084,false
BK1403,small_mf,corp,4,46,47,396,0.0851063829787234,0.11616161616161616,false
QN0202,condo_unit,unknown,5,232,13,458,0.38461538461538464,0.5065502183406113,false
QN0103,large_mf,llc,143,5564,238,9510,0.6008403361344538,0.585068349106204,false
QN0803,sfr_1_4,corp,22,31,3552,4319,0.006193693693693694,0.00717758740449178,false
QN0701,mixed_use_res,individual,47,130,166,556,0.28313253012048195,0.23381294964028776,false
BK1302,small_mf,corp,7,57,82,571,0.08536585365853659,0.09982486865148861,false
MN0702,other_res,individual,5,6,17,14,0.29411764705882354,0.42857142857142855,false
QN0904,other_res,unknown,1,1,8,14,0.125,0.07142857142857142,false
QN1202,sfr_1_4,corp,125,234,6056,9549,0.020640686922060766,0.024505183788878417,false
MN0803,large_mf,llc,189,5778,292,10156,0.6472602739726028,0.568924773532887,false
BK1102,other_res,llc,2,2,3,4,,,true
MN0202,mixed_use_res,individual,73,1583,386,8046,0.18911917098445596,0.19674372358936118,false
BX0703,condo_unit,unknown,1,80,3,104,0.3333333333333333,0.7692307692307693,false
QN1203,mixed_use_res,unknown,3,5,182,337,0.016483516483516484,0.01483679525222552,false
BK0502,large_mf,corp,2,144,44,2467,0.045454545454545456,0.05837049047426023,false
BK0101,small_mf,trust,40,255,1050,7287,0.0380952380952381,0.03499382461918485,false
BK0301,sfr_1_4,trust,248,590,4576,11536,0.05419580419580419,0.05114424410540915,false
BX1002,mixed_use_res,trust,3,12,129,525,0.023255813953488372,0.022857142857142857,false
BK1402,coop_building,coop_corp,33,2563,37,2665,0.8918918918918919,0.9617260787992495,false
QN1302,mixed_use_res,trust,8,12,65,108,0.12307692307692308,0.1111111111111111,false
BX0301,sfr_1_4,unknown,4,9,670,1550,0.005970149253731343,0.005806451612903226,false
QN0501,sfr_1_4,lender_reo,2,3,7575,13525,0.000264026402640264,0.00022181146025878004,false
BK1101,other_res,individual,8,10,15,19,0.5333333333333333,0.5263157894736842,false
MN0802,sfr_1_4,individual,339,445,825,1103,0.4109090909090909,0.40344514959202177,false
QN0102,condo_unit,unknown,27,96,45,1067,0.6,0.08997188378631678,false
QN0103,other_res,unknown,3,7,17,31,0.17647058823529413,0.22580645161290322,false
BK1102,mixed_use_res,corp,51,194,289,960,0.17647058823529413,0.20208333333333334,false
BK1403,small_mf,trust,2,11,47,396,0.0425531914893617,0.027777777777777776,false
MN0702,mixed_use_res,corp,52,2577,396,19466,0.13131313131313133,0.13238467070790094,false
MN1002,mixed_use_res,trust,2,8,415,10214,0.004819277108433735,0.0007832386919913843,false
BX0102,small_mf,unknown,3,31,105,1035,0.02857142857142857,0.02995169082125604,false
QN1401,sfr_1_4,trust,283,427,4906,8222,0.05768446799836934,0.05193383604962296,false
MN0604,sfr_1_4,corp,6,11,128,212,0.046875,0.05188679245283019,false
QN0706,large_mf,corp,1,36,2,62,0.5,0.5806451612903226,false
BX0901,large_mf,llc,80,4227,138,8290,0.5797101449275363,0.509891435464415,false
SI0301,other_res,corp,2,2,13,14,0.15384615384615385,0.14285714285714285,false
QN0502,sfr_1_4,individual,4180,9840,5194,12668,0.8047747400847132,0.7767603410167351,false
MN1202,small_mf,individual,6,60,58,710,0.10344827586206896,0.08450704225352113,false
MN0501,small_mf,coop_corp,2,20,54,526,0.037037037037037035,0.03802281368821293,false
MN0702,small_mf,trust,22,163,819,7622,0.026862026862026864,0.021385463133035947,false
BX1002,coop_building,coop_corp,27,1284,27,1284,1.0,1.0,false
QN1403,condo_unit,llc,1,26,16,286,0.0625,0.09090909090909091,false
QN0804,sfr_1_4,llc,210,257,3107,3509,0.06758931445123914,0.07324023938444,false
MN1001,condo_unit,individual,76,1367,99,2060,0.7676767676767676,0.6635922330097087,false
QN0705,small_mf,llc,24,267,40,425,0.6,0.6282352941176471,false
QN1002,mixed_use_res,trust,5,9,146,263,0.03424657534246575,0.034220532319391636,false
MN0302,mixed_use_res,partnership,2,29,483,8960,0.004140786749482402,0.003236607142857143,false
MN0102,small_mf,unknown,2,20,30,238,0.06666666666666667,0.08403361344537816,false
BK1501,large_mf,hdfc,2,73,59,3620,0.03389830508474576,0.02016574585635359,false
BK1303,large_mf,partnership,3,210,80,4830,0.0375,0.043478260869565216,false
BK0802,sfr_1_4,corp,57,142,3421,8038,0.01666179479684303,0.01766608609106743,false
BK1203,small_mf,trust,2,12,84,688,0.023809523809523808,0.01744186046511628,false
BK1203,other_res,corp,5,8,13,20,0.38461538461538464,0.4,false
QN1203,mixed_use_res,trust,7,10,182,337,0.038461538461538464,0.02967359050445104,false
BK0402,small_mf,individual,131,814,907,6125,0.1444321940463065,0.13289795918367348,false
QN0402,condo_unit,individual,22,298,29,396,0.7586206896551724,0.7525252525252525,false
BX0402,large_mf,unknown,27,1292,131,7482,0.20610687022900764,0.1726811013098102,false
BX0403,sfr_1_4,hdfc,1,3,416,961,0.002403846153846154,0.003121748178980229,false
BK0503,large_mf,partnership,2,72,34,4633,0.058823529411764705,0.01554068638031513,false
QN0402,small_mf,individual,90,510,303,1945,0.297029702970297,0.2622107969151671,false
BK1704,sfr_1_4,corp,36,122,2873,7336,0.012530455969369997,0.01663031624863686,false
BX1202,large_mf,hdfc,7,1551,16,3229,0.4375,0.48033446887581294,false
MN0903,mixed_use_res,partnership,8,74,187,4431,0.0427807486631016,0.016700519070187318,false
MN0802,small_mf,trust,4,39,199,2018,0.020100502512562814,0.019326065411298315,false
MN0302,large_mf,unknown,8,561,47,2591,0.1702127659574468,0.21651871864145117,false
BX0901,large_mf,trust,1,28,138,8290,0.007246376811594203,0.0033775633293124246,false
BK0901,large_mf,unknown,22,2360,175,9552,0.12571428571428572,0.24706867671691793,false
MN0603,mixed_use_res,partnership,4,386,394,22291,0.01015228426395939,0.01731640572428334,false
BX0302,large_mf,unknown,4,179,45,2014,0.08888888888888889,0.08887785501489573,false
SI0305,mixed_use_res,unknown,1,0,71,140,0.014084507042253521,0.0,false
BX0501,small_mf,partnership,3,24,110,1201,0.02727272727272727,0.019983347210657785,false
SI0203,small_mf,llc,9,80,10,86,0.9,0.9302325581395349,false
MN0501,small_mf,llc,32,325,54,526,0.5925925925925926,0.6178707224334601,false
BK1302,large_mf,corp,6,768,24,2944,0.25,0.2608695652173913,false
MN0701,large_mf,unknown,12,540,56,5881,0.21428571428571427,0.0918211188573372,false
BX1101,small_mf,trust,1,6,52,387,0.019230769230769232,0.015503875968992248,false
QN0704,sfr_1_4,individual,5744,8164,6823,9873,0.8418584200498315,0.8269016509672845,false
BX0401,sfr_1_4,estate,1,2,471,1186,0.0021231422505307855,0.0016863406408094434,false
BX1002,mixed_use_res,llc,65,235,129,525,0.5038759689922481,0.44761904761904764,false
MN0102,mixed_use_res,coop_corp,2,69,424,8933,0.0047169811320754715,0.007724168812269115,false
MN0303,sfr_1_4,unknown,3,10,109,275,0.027522935779816515,0.03636363636363636,false
QN1002,sfr_1_4,partnership,4,9,3911,6278,0.0010227563283047815,0.0014335775724753105,false
BK1601,small_mf,individual,44,272,375,3002,0.11733333333333333,0.09060626249167222,false
QN0101,sfr_1_4,llc,586,1472,5703,11779,0.10275293705067508,0.12496816368112743,false
MN1102,sfr_1_4,llc,105,354,503,1558,0.20874751491053678,0.22721437740693196,false
QN0904,sfr_1_4,trust,135,274,3262,6291,0.041385652973635806,0.04355428389763154,false
MN0402,small_mf,trust,2,12,195,2085,0.010256410256410256,0.0057553956834532375,false
BK0801,sfr_1_4,lender_reo,1,3,897,2190,0.0011148272017837235,0.0013698630136986301,false
BK0103,sfr_1_4,llc,212,634,926,2641,0.22894168466522677,0.2400605831124574,false
BK0503,mixed_use_res,unknown,15,1356,252,2760,0.05952380952380952,0.49130434782608695,false
BX1202,other_res,llc,3,1,11,9,,,true
QN0501,mixed_use_res,llc,176,435,385,950,0.45714285714285713,0.45789473684210524,false
BK1402,other_res,individual,3,3,5,7,,,true
QN0104,other_res,individual,3,3,10,14,0.3,0.21428571428571427,false
BK0201,other_res,individual,7,5,11,8,,,true
QN1203,large_mf,llc,3,399,6,927,0.5,0.43042071197411,false
MN0101,small_mf,unknown,3,24,10,95,0.3,0.25263157894736843,false
BK0401,large_mf,corp,4,373,50,2761,0.08,0.13509597971749365,false
QN1306,sfr_1_4,trust,200,307,3879,5984,0.051559680329981955,0.051303475935828874,false
BK0501,mixed_use_res,individual,176,383,432,2854,0.4074074074074074,0.13419761737911703,false
BX0801,large_mf,unknown,17,973,128,7084,0.1328125,0.1373517786561265,false
BX0202,small_mf,hdfc,13,140,112,1180,0.11607142857142858,0.11864406779661017,false
BK0902,small_mf,unknown,2,24,217,1867,0.009216589861751152,0.012854847348687734,false
BX1103,mixed_use_res,unknown,1,2,62,132,0.016129032258064516,0.015151515151515152,false
MN0602,sfr_1_4,llc,37,71,105,193,0.3523809523809524,0.36787564766839376,false
BK1001,mixed_use_res,individual,415,1204,1319,6499,0.3146322971948446,0.18525927065702416,false
MN0603,other_res,individual,6,8,14,22,0.42857142857142855,0.36363636363636365,false
BX0302,small_mf,unknown,3,39,26,311,0.11538461538461539,0.12540192926045016,false
BK0301,small_mf,partnership,16,153,775,6301,0.02064516129032258,0.024281860022218694,false
BK1501,mixed_use_res,partnership,1,2,592,1820,0.0016891891891891893,0.001098901098901099,false
QN0401,condo_unit,individual,41,709,55,1265,0.7454545454545455,0.5604743083003952,false
BX0403,large_mf,llc,96,5128,209,12011,0.45933014354066987,0.4269419698609608,false
BX0801,small_mf,llc,45,480,58,591,0.7758620689655172,0.8121827411167513,false
BK0503,other_res,individual,7,7,17,18,0.4117647058823529,0.3888888888888889,false
QN1303,mixed_use_res,corp,82,157,383,731,0.21409921671018275,0.21477428180574556,false
BX0202,small_mf,partnership,2,23,112,1180,0.017857142857142856,0.019491525423728815,false
MN0703,mixed_use_res,trust,1,15,168,5863,0.005952380952380952,0.002558417192563534,false
BX0902,small_mf,corp,3,30,43,321,0.06976744186046512,0.09345794392523364,false
QN0102,mixed_use_res,unknown,7,132,148,2896,0.0472972972972973,0.04558011049723757,false
QN0101,condo_unit,llc,5,65,21,1107,0.23809523809523808,0.05871725383920506,false
QN0102,small_mf,partnership,1,16,145,1127,0.006896551724137931,0.01419698314108252,false
BK1201,sfr_1_4,partnership,2,7,1602,4068,0.0012484394506866417,0.001720747295968535,false
BK0101,sfr_1_4,hdfc,1,4,2048,5108,0.00048828125,0.0007830853563038371,false
QN1403,other_res,corp,2,2,27,26,0.07407407407407407,0.07692307692307693,false
MN0602,mixed_use_res,llc,122,2824,249,8098,0.4899598393574297,0.34872808100765623,false
MN0701,sfr_1_4,corp,5,15,103,191,0.04854368932038835,0.07853403141361257,false
MN0202,small_mf,corp,10,86,86,715,0.11627906976744186,0.12027972027972028,false
BX0904,condo_unit,corp,1,128,3,7363,0.3333333333333333,0.017384218389243516,false
BK0103,sfr_1_4,corp,31,92,926,2641,0.03347732181425486,0.03483528966300644,false
QN0905,sfr_1_4,llc,179,387,5505,9086,0.03251589464123524,0.042593000220118866,false
BK0301,mixed_use_res,trust,25,70,796,6890,0.031407035175879394,0.010159651669085631,false
SI0103,large_mf,llc,2,145,11,2071,0.18181818181818182,0.0700144857556736,false
BK1701,small_mf,individual,39,270,311,2757,0.12540192926045016,0.09793253536452666,false
QN1201,mixed_use_res,unknown,38,452,531,6846,0.07156308851224105,0.06602395559450774,false
BK1704,sfr_1_4,hdfc,1,4,2873,7336,0.0003480682213713888,0.0005452562704471102,false
QN1103,other_res,individual,5,4,10,7,,,true
BX0201,small_mf,corp,2,12,39,310,0.05128205128205128,0.03870967741935484,false
MN0701,large_mf,trust,1,20,56,5881,0.017857142857142856,0.0034007821799013774,false
MN0202,other_res,llc,3,4,10,23,0.3,0.17391304347826086,false
BK0701,sfr_1_4,individual,2106,3913,2634,5057,0.7995444191343963,0.7737789203084833,false
BK1802,sfr_1_4,trust,1003,1491,10567,15121,0.09491814138355258,0.09860458964354209,false
QN1002,sfr_1_4,corp,48,100,3911,6278,0.012273075939657376,0.01592863969417012,false
BK1401,small_mf,corp,12,161,159,1903,0.07547169811320754,0.08460325801366264,false
MN0703,small_mf,coop_corp,1,8,212,2422,0.0047169811320754715,0.0033030553261767133,false
QN0402,large_mf,unknown,3,333,36,5034,0.08333333333333333,0.06615017878426699,false
BK0503,small_mf,llc,105,732,247,1795,0.4251012145748988,0.4077994428969359,false
MN1201,mixed_use_res,corp,39,1449,283,10139,0.13780918727915195,0.14291350231778283,false
BK1101,sfr_1_4,llc,473,1289,9019,20034,0.052444838673910636,0.06434062094439454,false
QN1206,mixed_use_res,individual,90,178,203,386,0.4433497536945813,0.46113989637305697,false
BK1402,mixed_use_res,corp,27,62,380,1924,0.07105263157894737,0.032224532224532226,false
QN1303,sfr_1_4,lender_reo,18,21,10963,13419,0.0016418863449785643,0.001564945226917058,false
SI0301,sfr_1_4,trust,585,719,5757,6951,0.10161542470036478,0.1034383541936412,false
SI0107,large_mf,llc,4,202,10,1124,0.4,0.1797153024911032,false
QN0401,large_mf,unknown,7,454,113,7704,0.061946902654867256,0.05893042575285566,false
BK1001,mixed_use_res,partnership,6,141,1319,6499,0.004548900682335102,0.021695645483920604,false
BX0602,sfr_1_4,individual,781,1681,996,2199,0.7841365461847389,0.7644383810823101,false
BK0901,other_res,individual,5,5,7,8,,,true
BX0303,other_res,corp,1,1,1,1,,,true
BK0501,coop_building,coop_corp,1,88,1,88,1.0,1.0,false
BK0201,small_mf,partnership,2,26,212,1875,0.009433962264150943,0.013866666666666666,false
QN1403,large_mf,corp,5,136,18,1355,0.2777777777777778,0.1003690036900369,false
MN0202,small_mf,trust,2,12,86,715,0.023255813953488372,0.016783216783216783,false
MN0802,other_res,individual,13,23,22,33,0.5909090909090909,0.696969696969697,false
QN1102,sfr_1_4,corp,61,108,7981,10543,0.007643152487156998,0.010243763634639098,false
BX1203,large_mf,hdfc,4,252,73,3392,0.0547945205479452,0.07429245283018868,false
QN1305,large_mf,individual,3,86,5,146,0.6,0.589041095890411,false
BX0703,large_mf,llc,137,6439,215,9963,0.6372093023255814,0.6462912777275921,false
MN0604,large_mf,llc,32,2173,47,3246,0.6808510638297872,0.6694393099199014,false
MN1202,large_mf,hdfc,4,261,316,13645,0.012658227848101266,0.019127885672407474,false
MN0502,mixed_use_res,llc,153,6374,318,15266,0.4811320754716981,0.4175291497445303,false
QN1201,small_mf,llc,44,467,86,802,0.5116279069767442,0.5822942643391521,false
BK0301,sfr_1_4,lender_reo,7,18,4576,11536,0.0015297202797202797,0.0015603328710124826,false
BK1503,condo_unit,individual,82,845,99,1365,0.8282828282828283,0.6190476190476191,false
SI0203,condo_unit,unknown,1,18,7,105,0.14285714285714285,0.17142857142857143,false
BK0402,condo_unit,llc,59,660,87,866,0.6781609195402298,0.7621247113163973,false
SI0102,large_mf,llc,1,84,10,660,0.1,0.12727272727272726,false
BK1203,sfr_1_4,corp,34,79,2350,4853,0.01446808510638298,0.016278590562538636,false
MN0102,mixed_use_res,partnership,8,484,424,8933,0.018867924528301886,0.05418112616142393,false
QN1101,mixed_use_res,llc,57,116,130,250,0.43846153846153846,0.464,false
BK0504,condo_unit,estate,1,114,5,129,0.2,0.8837209302325582,false
BK0201,sfr_1_4,coop_corp,2,6,576,1008,0.003472222222222222,0.005952380952380952,false
BK1503,small_mf,individual,10,66,48,336,0.20833333333333334,0.19642857142857142,false
MN0302,mixed_use_res,corp,131,1891,483,8960,0.2712215320910973,0.21104910714285716,false
BX0803,large_mf,partnership,1,55,56,4971,0.017857142857142856,0.011064172198752767,false
QN0805,large_mf,individual,3,363,40,3719,0.075,0.09760688357085238,false
QN1403,other_res,individual,17,15,27,26,0.6296296296296297,0.5769230769230769,false
QN1202,other_res,unknown,1,2,15,13,0.06666666666666667,0.15384615384615385,false
BX0102,large_mf,unknown,13,720,83,4088,0.1566265060240964,0.1761252446183953,false
MN1201,sfr_1_4,partnership,3,12,173,410,0.017341040462427744,0.02926829268292683,false
BK1204,sfr_1_4,corp,36,94,4426,7768,0.008133755083596927,0.012100926879505664,false
QN1104,sfr_1_4,partnership,2,4,2981,3609,0.0006709158000670916,0.0011083402604599613,false
BX0902,small_mf,unknown,1,7,43,321,0.023255813953488372,0.021806853582554516,false
MN1203,sfr_1_4,llc,1,4,31,71,0.03225806451612903,0.056338028169014086,false
BK0502,large_mf,llc,16,719,44,2467,0.36363636363636365,0.2914471017430077,false
MN0901,large_mf,llc,15,1415,37,2810,0.40540540540540543,0.50355871886121,false
MN1002,mixed_use_res,hdfc,66,2244,415,10214,0.15903614457831325,0.21969845310358332,false
MN0703,large_mf,llc,72,3701,141,7096,0.5106382978723404,0.5215614430665163,false
BX0303,sfr_1_4,hdfc,2,4,1045,2162,0.0019138755980861245,0.0018501387604070306,false
MN0202,large_mf,unknown,10,327,42,1795,0.23809523809523808,0.18217270194986074,false
BX0501,sfr_1_4,hdfc,5,16,894,1910,0.005592841163310962,0.008376963350785341,false
QN0902,large_mf,llc,15,563,29,1162,0.5172413793103449,0.4845094664371773,false
BX1102,sfr_1_4,lender_reo,1,2,3378,6060,0.0002960331557134399,0.00033003300330033004,false
BX0701,coop_building,coop_corp,6,1485,13,1715,0.46153846153846156,0.8658892128279884,false
BK0204,sfr_1_4,llc,227,620,1345,3267,0.1687732342007435,0.18977655341291705,false
BK0505,large_mf,individual,5,133,25,1255,0.2,0.10597609561752988,false
BK0702,small_mf,lender_reo,1,6,549,3970,0.0018214936247723133,0.0015113350125944584,false
BX1003,large_mf,unknown,3,107,47,2420,0.06382978723404255,0.04421487603305785,false
BX0701,mixed_use_res,individual,8,161,93,2393,0.08602150537634409,0.06727956539908066,false
MN1201,condo_unit,unknown,5,334,9,375,0.5555555555555556,0.8906666666666667,false
QN1305,sfr_1_4,lender_reo,18,24,6162,7438,0.0029211295034079843,0.0032266738370529714,false
BX0402,mixed_use_res,hdfc,8,676,84,3079,0.09523809523809523,0.21955180253329004,false
BX1203,sfr_1_4,llc,310,716,5840,10397,0.053082191780821915,0.06886601904395499,false
MN1201,condo_unit,individual,3,37,9,375,0.3333333333333333,0.09866666666666667,false
BK0801,other_res,individual,5,9,9,15,0.5555555555555556,0.6,false
BX0303,large_mf,partnership,9,302,121,4954,0.0743801652892562,0.060960839725474364,false
MN1001,sfr_1_4,llc,110,316,649,1708,0.1694915254237288,0.18501170960187355,false
MN0102,sfr_1_4,individual,10,11,35,56,0.2857142857142857,0.19642857142857142,false
BX1104,coop_building,coop_corp,9,1141,9,1141,1.0,1.0,false
MN0602,mixed_use_res,unknown,37,1043,249,8098,0.14859437751004015,0.12879723388490985,false
MN0402,other_res,individual,2,4,6,10,0.3333333333333333,0.4,false
BX1103,sfr_1_4,hdfc,3,8,4865,7773,0.0006166495375128469,0.0010292036536729706,false
QN1102,small_mf,trust,2,10,24,207,0.08333333333333333,0.04830917874396135,false
BX0401,mixed_use_res,llc,76,4027,146,8646,0.5205479452054794,0.465764515382836,false
BX0301,mixed_use_res,llc,76,1592,173,5359,0.4393063583815029,0.29707034894569884,false
QN0301,small_mf,individual,32,179,122,1029,0.26229508196721313,0.17395529640427598,false
QN1204,condo_unit,individual,1,20,1,20,1.0,1.0,false
SI0201,sfr_1_4,hdfc,1,2,7417,9674,0.00013482540110556829,0.0002067397146991937,false
BK0103,coop_building,hdfc,5,56,12,145,0.4166666666666667,0.38620689655172413,false
MN1102,condo_unit,llc,4,108,30,658,0.13333333333333333,0.1641337386018237,false
BX0803,condo_unit,corp,1,15,15,664,0.06666666666666667,0.022590361445783132,false
BK1103,sfr_1_4,lender_reo,1,3,5677,12177,0.00017614937466971993,0.0002463661000246366,false
BK1702,mixed_use_res,individual,47,76,126,720,0.373015873015873,0.10555555555555556,false
QN0202,mixed_use_res,trust,10,20,247,2945,0.04048582995951417,0.006791171477079796,false
BK1001,coop_building,coop_corp,118,7039,118,7039,1.0,1.0,false
QN0602,mixed_use_res,individual,73,1738,301,7098,0.2425249169435216,0.24485770639616794,false
QN0302,large_mf,llc,3,114,7,444,0.42857142857142855,0.25675675675675674,false
SI0104,other_res,unknown,1,1,7,8,,,true
QN0401,other_res,trust,2,3,29,40,0.06896551724137931,0.075,false
QN0702,small_mf,unknown,1,6,15,83,0.06666666666666667,0.07228915662650602,false
QN0803,sfr_1_4,partnership,1,1,3552,4319,0.00028153153153153153,0.00023153507756425097,false
MN1201,other_res,corp,1,1,2,2,,,true
BX0801,mixed_use_res,unknown,3,86,44,1805,0.06818181818181818,0.04764542936288089,false
MN0301,other_res,individual,5,10,9,17,0.5555555555555556,0.5882352941176471,false
BX0901,large_mf,unknown,10,681,138,8290,0.07246376811594203,0.0821471652593486,false
BK0102,sfr_1_4,trust,58,162,907,2446,0.0639470782800441,0.06623058053965658,false
SI0102,mixed_use_res,llc,98,227,206,1428,0.47572815533980584,0.15896358543417366,false
BK1102,other_res,trust,1,2,3,4,,,true
BK1702,small_mf,unknown,1,16,87,782,0.011494252873563218,0.020460358056265986,false
MN0501,condo_unit,individual,8,714,14,1171,0.5714285714285714,0.609735269000854,false
MN0501,other_res,individual,2,3,32,56,0.0625,0.05357142857142857,false
BK0505,other_res,llc,3,2,29,24,0.10344827586206896,0.08333333333333333,false
BX0602,large_mf,unknown,11,567,135,6149,0.08148148148148149,0.09221011546592942,false
BX0904,mixed_use_res,individual,15,35,44,5482,0.3409090909090909,0.0063845311929952575,false
BX0902,mixed_use_res,individual,10,18,36,1350,0.2777777777777778,0.013333333333333334,false
QN0302,large_mf,unknown,1,78,7,444,0.14285714285714285,0.17567567567567569,false
BX0503,other_res,llc,1,1,3,3,,,true
BK0504,other_res,corp,1,0,2,0,,,true
BK0503,small_mf,coop_corp,1,6,247,1795,0.004048582995951417,0.003342618384401114,false
QN0905,mixed_use_res,llc,147,283,372,732,0.3951612903225806,0.3866120218579235,false
BX0301,mixed_use_res,corp,25,719,173,5359,0.14450867052023122,0.134166822168315,false
BX0102,small_mf,partnership,6,66,105,1035,0.05714285714285714,0.06376811594202898,false
BK0102,sfr_1_4,llc,283,828,907,2446,0.31201764057331866,0.3385118560915781,false
BX1202,coop_building,coop_corp,1,208,1,208,1.0,1.0,false
BK1602,mixed_use_res,trust,4,9,312,4348,0.01282051282051282,0.0020699172033118675,false
